<?xml version="1.0" encoding="UTF-8" standalone="no"?><gpx xmlns="http://www.topografix.com/GPX/1/1" xmlns:gpxtpx="http://www.garmin.com/xmlschemas/TrackPointExtension/v1" xmlns:xsi="http://www.w3.org/2001/XMLSchema-instance" creator="Suunto app" version="1.1" xsi:schemaLocation="http://www.topografix.com/GPX/1/1 http://www.topografix.com/GPX/1/1/gpx.xsd http://www.garmin.com/xmlschemas/TrackPointExtension/v1 http://www.garmin.com/xmlschemas/TrackPointExtensionv1.xsd"><metadata><name>suuntoapp-Running-2026-07-09T17-27-50Z</name><desc/><author><name>Anton</name></author></metadata><trk><name>suuntoapp-Running-2026-07-09T17-27-50Z</name><trkseg><trkpt lat="56.026457" lon="37.855427"><ele>172.2</ele><time>2026-07-09T17:27:52Z</time><extensions><gpxtpx:TrackPointExtension><gpxtpx:hr>96</gpxtpx:hr></gpxtpx:TrackPointExtension></extensions></trkpt><trkpt lat="56.026472" lon="37.855437"><ele>172.2</ele><time>2026-07-09T17:27:58Z</time><extensions><gpxtpx:TrackPointExtension><gpxtpx:hr>95</gpxtpx:hr></gpxtpx:TrackPointExtension></extensions></trkpt><trkpt lat="56.026497" lon="37.855442"><ele>172.2</ele><time>2026-07-09T17:28:00Z</time><extensions><gpxtpx:TrackPointExtension><gpxtpx:hr>95</gpxtpx:hr></gpxtpx:TrackPointExtension></extensions></trkpt><trkpt lat="56.02652" lon="37.855447"><ele>172.2</ele><time>2026-07-09T17:28:01Z</time><extensions><gpxtpx:TrackPointExtension><gpxtpx:hr>95</gpxtpx:hr></gpxtpx:TrackPointExtension></extensions></trkpt><trkpt lat="56.026545" lon="37.855447"><ele>172.2</ele><time>2026-07-09T17:28:02Z</time><extensions><gpxtpx:TrackPointExtension><gpxtpx:hr>96</gpxtpx:hr></gpxtpx:TrackPointExtension></extensions></trkpt><trkpt lat="56.02658" lon="37.85545"><ele>172.2</ele><time>2026-07-09T17:28:03Z</time><extensions><gpxtpx:TrackPointExtension><gpxtpx:hr>96</gpxtpx:hr></gpxtpx:TrackPointExtension></extensions></trkpt><trkpt lat="56.026612" lon="37.855452"><ele>172.2</ele><time>2026-07-09T17:28:04Z</time><extensions><gpxtpx:TrackPointExtension><gpxtpx:hr>103</gpxtpx:hr></gpxtpx:TrackPointExtension></extensions></trkpt><trkpt lat="56.026648" lon="37.85545"><ele>172.2</ele><time>2026-07-09T17:28:05Z</time><extensions><gpxtpx:TrackPointExtension><gpxtpx:hr>103</gpxtpx:hr></gpxtpx:TrackPointExtension></extensions></trkpt><trkpt lat="56.02668" lon="37.855457"><ele>172.2</ele><time>2026-07-09T17:28:06Z</time><extensions><gpxtpx:TrackPointExtension><gpxtpx:hr>105</gpxtpx:hr></gpxtpx:TrackPointExtension></extensions></trkpt><trkpt lat="56.026702" lon="37.855467"><ele>172.2</ele><time>2026-07-09T17:28:07Z</time><extensions><gpxtpx:TrackPointExtension><gpxtpx:hr>105</gpxtpx:hr></gpxtpx:TrackPointExtension></extensions></trkpt><trkpt lat="56.026725" lon="37.855477"><ele>172.2</ele><time>2026-07-09T17:28:08Z</time><extensions><gpxtpx:TrackPointExtension><gpxtpx:hr>107</gpxtpx:hr></gpxtpx:TrackPointExtension></extensions></trkpt><trkpt lat="56.026752" lon="37.855482"><ele>172.2</ele><time>2026-07-09T17:28:09Z</time><extensions><gpxtpx:TrackPointExtension><gpxtpx:hr>107</gpxtpx:hr></gpxtpx:TrackPointExtension></extensions></trkpt><trkpt lat="56.026777" lon="37.855487"><ele>172.2</ele><time>2026-07-09T17:28:10Z</time><extensions><gpxtpx:TrackPointExtension><gpxtpx:hr>110</gpxtpx:hr></gpxtpx:TrackPointExtension></extensions></trkpt><trkpt lat="56.026802" lon="37.855492"><ele>172.2</ele><time>2026-07-09T17:28:11Z</time><extensions><gpxtpx:TrackPointExtension><gpxtpx:hr>110</gpxtpx:hr></gpxtpx:TrackPointExtension></extensions></trkpt><trkpt lat="56.02683" lon="37.855497"><ele>172.2</ele><time>2026-07-09T17:28:12Z</time><extensions><gpxtpx:TrackPointExtension><gpxtpx:hr>112</gpxtpx:hr></gpxtpx:TrackPointExtension></extensions></trkpt><trkpt lat="56.026857" lon="37.855497"><ele>172.4</ele><time>2026-07-09T17:28:13Z</time><extensions><gpxtpx:TrackPointExtension><gpxtpx:hr>112</gpxtpx:hr></gpxtpx:TrackPointExtension></extensions></trkpt><trkpt lat="56.02688" lon="37.855497"><ele>172.4</ele><time>2026-07-09T17:28:14Z</time><extensions><gpxtpx:TrackPointExtension><gpxtpx:hr>113</gpxtpx:hr></gpxtpx:TrackPointExtension></extensions></trkpt><trkpt lat="56.026907" lon="37.855502"><ele>172.6</ele><time>2026-07-09T17:28:15Z</time><extensions><gpxtpx:TrackPointExtension><gpxtpx:hr>113</gpxtpx:hr></gpxtpx:TrackPointExtension></extensions></trkpt><trkpt lat="56.02693" lon="37.855497"><ele>172.4</ele><time>2026-07-09T17:28:16Z</time><extensions><gpxtpx:TrackPointExtension><gpxtpx:hr>114</gpxtpx:hr></gpxtpx:TrackPointExtension></extensions></trkpt><trkpt lat="56.026952" lon="37.855497"><ele>172.4</ele><time>2026-07-09T17:28:17Z</time><extensions><gpxtpx:TrackPointExtension><gpxtpx:hr>114</gpxtpx:hr></gpxtpx:TrackPointExtension></extensions></trkpt><trkpt lat="56.026977" lon="37.855495"><ele>172.4</ele><time>2026-07-09T17:28:18Z</time><extensions><gpxtpx:TrackPointExtension><gpxtpx:hr>115</gpxtpx:hr></gpxtpx:TrackPointExtension></extensions></trkpt><trkpt lat="56.027" lon="37.855497"><ele>172.4</ele><time>2026-07-09T17:28:19Z</time><extensions><gpxtpx:TrackPointExtension><gpxtpx:hr>115</gpxtpx:hr></gpxtpx:TrackPointExtension></extensions></trkpt><trkpt lat="56.027025" lon="37.855507"><ele>172.4</ele><time>2026-07-09T17:28:20Z</time><extensions><gpxtpx:TrackPointExtension><gpxtpx:hr>117</gpxtpx:hr></gpxtpx:TrackPointExtension></extensions></trkpt><trkpt lat="56.027057" lon="37.85551"><ele>172.4</ele><time>2026-07-09T17:28:21Z</time><extensions><gpxtpx:TrackPointExtension><gpxtpx:hr>117</gpxtpx:hr></gpxtpx:TrackPointExtension></extensions></trkpt><trkpt lat="56.027082" lon="37.855517"><ele>172.6</ele><time>2026-07-09T17:28:22Z</time><extensions><gpxtpx:TrackPointExtension><gpxtpx:hr>118</gpxtpx:hr></gpxtpx:TrackPointExtension></extensions></trkpt><trkpt lat="56.027115" lon="37.855527"><ele>172.6</ele><time>2026-07-09T17:28:23Z</time><extensions><gpxtpx:TrackPointExtension><gpxtpx:hr>118</gpxtpx:hr></gpxtpx:TrackPointExtension></extensions></trkpt><trkpt lat="56.027147" lon="37.855532"><ele>172.6</ele><time>2026-07-09T17:28:24Z</time><extensions><gpxtpx:TrackPointExtension><gpxtpx:hr>119</gpxtpx:hr></gpxtpx:TrackPointExtension></extensions></trkpt><trkpt lat="56.027172" lon="37.85554"><ele>172.6</ele><time>2026-07-09T17:28:25Z</time><extensions><gpxtpx:TrackPointExtension><gpxtpx:hr>119</gpxtpx:hr></gpxtpx:TrackPointExtension></extensions></trkpt><trkpt lat="56.027197" lon="37.855557"><ele>172.6</ele><time>2026-07-09T17:28:26Z</time><extensions><gpxtpx:TrackPointExtension><gpxtpx:hr>118</gpxtpx:hr></gpxtpx:TrackPointExtension></extensions></trkpt><trkpt lat="56.02723" lon="37.855565"><ele>172.6</ele><time>2026-07-09T17:28:27Z</time><extensions><gpxtpx:TrackPointExtension><gpxtpx:hr>118</gpxtpx:hr></gpxtpx:TrackPointExtension></extensions></trkpt><trkpt lat="56.027253" lon="37.855577"><ele>172.6</ele><time>2026-07-09T17:28:28Z</time><extensions><gpxtpx:TrackPointExtension><gpxtpx:hr>119</gpxtpx:hr></gpxtpx:TrackPointExtension></extensions></trkpt><trkpt lat="56.027277" lon="37.85558"><ele>172.6</ele><time>2026-07-09T17:28:29Z</time><extensions><gpxtpx:TrackPointExtension><gpxtpx:hr>120</gpxtpx:hr></gpxtpx:TrackPointExtension></extensions></trkpt><trkpt lat="56.027302" lon="37.85558"><ele>172.8</ele><time>2026-07-09T17:28:30Z</time><extensions><gpxtpx:TrackPointExtension><gpxtpx:hr>120</gpxtpx:hr></gpxtpx:TrackPointExtension></extensions></trkpt><trkpt lat="56.027327" lon="37.855587"><ele>172.8</ele><time>2026-07-09T17:28:31Z</time><extensions><gpxtpx:TrackPointExtension><gpxtpx:hr>121</gpxtpx:hr></gpxtpx:TrackPointExtension></extensions></trkpt><trkpt lat="56.02735" lon="37.855587"><ele>172.8</ele><time>2026-07-09T17:28:32Z</time><extensions><gpxtpx:TrackPointExtension><gpxtpx:hr>121</gpxtpx:hr></gpxtpx:TrackPointExtension></extensions></trkpt><trkpt lat="56.027377" lon="37.855587"><ele>172.8</ele><time>2026-07-09T17:28:33Z</time><extensions><gpxtpx:TrackPointExtension><gpxtpx:hr>122</gpxtpx:hr></gpxtpx:TrackPointExtension></extensions></trkpt><trkpt lat="56.027407" lon="37.855582"><ele>172.8</ele><time>2026-07-09T17:28:34Z</time><extensions><gpxtpx:TrackPointExtension><gpxtpx:hr>122</gpxtpx:hr></gpxtpx:TrackPointExtension></extensions></trkpt><trkpt lat="56.02743" lon="37.855587"><ele>173.0</ele><time>2026-07-09T17:28:35Z</time><extensions><gpxtpx:TrackPointExtension><gpxtpx:hr>122</gpxtpx:hr></gpxtpx:TrackPointExtension></extensions></trkpt><trkpt lat="56.027452" lon="37.855595"><ele>173.0</ele><time>2026-07-09T17:28:36Z</time><extensions><gpxtpx:TrackPointExtension><gpxtpx:hr>122</gpxtpx:hr></gpxtpx:TrackPointExtension></extensions></trkpt><trkpt lat="56.027472" lon="37.855597"><ele>173.0</ele><time>2026-07-09T17:28:37Z</time><extensions><gpxtpx:TrackPointExtension><gpxtpx:hr>122</gpxtpx:hr></gpxtpx:TrackPointExtension></extensions></trkpt><trkpt lat="56.027492" lon="37.8556"><ele>173.0</ele><time>2026-07-09T17:28:38Z</time><extensions><gpxtpx:TrackPointExtension><gpxtpx:hr>123</gpxtpx:hr></gpxtpx:TrackPointExtension></extensions></trkpt><trkpt lat="56.027532" lon="37.855592"><ele>173.2</ele><time>2026-07-09T17:28:39Z</time><extensions><gpxtpx:TrackPointExtension><gpxtpx:hr>123</gpxtpx:hr></gpxtpx:TrackPointExtension></extensions></trkpt><trkpt lat="56.027557" lon="37.855592"><ele>173.2</ele><time>2026-07-09T17:28:40Z</time><extensions><gpxtpx:TrackPointExtension><gpxtpx:hr>124</gpxtpx:hr></gpxtpx:TrackPointExtension></extensions></trkpt><trkpt lat="56.027582" lon="37.855592"><ele>173.2</ele><time>2026-07-09T17:28:41Z</time><extensions><gpxtpx:TrackPointExtension><gpxtpx:hr>124</gpxtpx:hr></gpxtpx:TrackPointExtension></extensions></trkpt><trkpt lat="56.027607" lon="37.855597"><ele>173.2</ele><time>2026-07-09T17:28:42Z</time><extensions><gpxtpx:TrackPointExtension><gpxtpx:hr>125</gpxtpx:hr></gpxtpx:TrackPointExtension></extensions></trkpt><trkpt lat="56.027627" lon="37.8556"><ele>173.2</ele><time>2026-07-09T17:28:43Z</time><extensions><gpxtpx:TrackPointExtension><gpxtpx:hr>125</gpxtpx:hr></gpxtpx:TrackPointExtension></extensions></trkpt><trkpt lat="56.027647" lon="37.855597"><ele>173.4</ele><time>2026-07-09T17:28:44Z</time><extensions><gpxtpx:TrackPointExtension><gpxtpx:hr>125</gpxtpx:hr></gpxtpx:TrackPointExtension></extensions></trkpt><trkpt lat="56.027672" lon="37.855592"><ele>173.2</ele><time>2026-07-09T17:28:45Z</time><extensions><gpxtpx:TrackPointExtension><gpxtpx:hr>125</gpxtpx:hr></gpxtpx:TrackPointExtension></extensions></trkpt><trkpt lat="56.027697" lon="37.85559"><ele>173.4</ele><time>2026-07-09T17:28:46Z</time><extensions><gpxtpx:TrackPointExtension><gpxtpx:hr>125</gpxtpx:hr></gpxtpx:TrackPointExtension></extensions></trkpt><trkpt lat="56.027722" lon="37.855592"><ele>173.4</ele><time>2026-07-09T17:28:47Z</time><extensions><gpxtpx:TrackPointExtension><gpxtpx:hr>126</gpxtpx:hr></gpxtpx:TrackPointExtension></extensions></trkpt><trkpt lat="56.027747" lon="37.855597"><ele>173.4</ele><time>2026-07-09T17:28:48Z</time><extensions><gpxtpx:TrackPointExtension><gpxtpx:hr>126</gpxtpx:hr></gpxtpx:TrackPointExtension></extensions></trkpt><trkpt lat="56.02777" lon="37.855602"><ele>173.4</ele><time>2026-07-09T17:28:49Z</time><extensions><gpxtpx:TrackPointExtension><gpxtpx:hr>126</gpxtpx:hr></gpxtpx:TrackPointExtension></extensions></trkpt><trkpt lat="56.027787" lon="37.855602"><ele>173.4</ele><time>2026-07-09T17:28:50Z</time><extensions><gpxtpx:TrackPointExtension><gpxtpx:hr>126</gpxtpx:hr></gpxtpx:TrackPointExtension></extensions></trkpt><trkpt lat="56.02781" lon="37.855607"><ele>173.4</ele><time>2026-07-09T17:28:51Z</time><extensions><gpxtpx:TrackPointExtension><gpxtpx:hr>126</gpxtpx:hr></gpxtpx:TrackPointExtension></extensions></trkpt><trkpt lat="56.02783" lon="37.855612"><ele>173.4</ele><time>2026-07-09T17:28:52Z</time><extensions><gpxtpx:TrackPointExtension><gpxtpx:hr>126</gpxtpx:hr></gpxtpx:TrackPointExtension></extensions></trkpt><trkpt lat="56.02785" lon="37.855617"><ele>173.4</ele><time>2026-07-09T17:28:53Z</time><extensions><gpxtpx:TrackPointExtension><gpxtpx:hr>126</gpxtpx:hr></gpxtpx:TrackPointExtension></extensions></trkpt><trkpt lat="56.02787" lon="37.855615"><ele>173.2</ele><time>2026-07-09T17:28:54Z</time><extensions><gpxtpx:TrackPointExtension><gpxtpx:hr>126</gpxtpx:hr></gpxtpx:TrackPointExtension></extensions></trkpt><trkpt lat="56.027902" lon="37.8556"><ele>173.2</ele><time>2026-07-09T17:28:55Z</time><extensions><gpxtpx:TrackPointExtension><gpxtpx:hr>126</gpxtpx:hr></gpxtpx:TrackPointExtension></extensions></trkpt><trkpt lat="56.027922" lon="37.855592"><ele>173.2</ele><time>2026-07-09T17:28:56Z</time><extensions><gpxtpx:TrackPointExtension><gpxtpx:hr>127</gpxtpx:hr></gpxtpx:TrackPointExtension></extensions></trkpt><trkpt lat="56.027947" lon="37.855592"><ele>173.2</ele><time>2026-07-09T17:28:57Z</time><extensions><gpxtpx:TrackPointExtension><gpxtpx:hr>127</gpxtpx:hr></gpxtpx:TrackPointExtension></extensions></trkpt><trkpt lat="56.027972" lon="37.85559"><ele>173.2</ele><time>2026-07-09T17:28:58Z</time><extensions><gpxtpx:TrackPointExtension><gpxtpx:hr>127</gpxtpx:hr></gpxtpx:TrackPointExtension></extensions></trkpt><trkpt lat="56.027997" lon="37.855587"><ele>173.2</ele><time>2026-07-09T17:28:59Z</time><extensions><gpxtpx:TrackPointExtension><gpxtpx:hr>127</gpxtpx:hr></gpxtpx:TrackPointExtension></extensions></trkpt><trkpt lat="56.028017" lon="37.855582"><ele>173.2</ele><time>2026-07-09T17:29:00Z</time><extensions><gpxtpx:TrackPointExtension><gpxtpx:hr>128</gpxtpx:hr></gpxtpx:TrackPointExtension></extensions></trkpt><trkpt lat="56.02804" lon="37.855577"><ele>173.0</ele><time>2026-07-09T17:29:01Z</time><extensions><gpxtpx:TrackPointExtension><gpxtpx:hr>128</gpxtpx:hr></gpxtpx:TrackPointExtension></extensions></trkpt><trkpt lat="56.028067" lon="37.855575"><ele>173.2</ele><time>2026-07-09T17:29:02Z</time><extensions><gpxtpx:TrackPointExtension><gpxtpx:hr>128</gpxtpx:hr></gpxtpx:TrackPointExtension></extensions></trkpt><trkpt lat="56.02809" lon="37.855577"><ele>173.2</ele><time>2026-07-09T17:29:03Z</time><extensions><gpxtpx:TrackPointExtension><gpxtpx:hr>128</gpxtpx:hr></gpxtpx:TrackPointExtension></extensions></trkpt><trkpt lat="56.028112" lon="37.85558"><ele>173.2</ele><time>2026-07-09T17:29:04Z</time><extensions><gpxtpx:TrackPointExtension><gpxtpx:hr>128</gpxtpx:hr></gpxtpx:TrackPointExtension></extensions></trkpt><trkpt lat="56.028132" lon="37.85559"><ele>173.2</ele><time>2026-07-09T17:29:05Z</time><extensions><gpxtpx:TrackPointExtension><gpxtpx:hr>129</gpxtpx:hr></gpxtpx:TrackPointExtension></extensions></trkpt><trkpt lat="56.028162" lon="37.855585"><ele>173.2</ele><time>2026-07-09T17:29:06Z</time><extensions><gpxtpx:TrackPointExtension><gpxtpx:hr>129</gpxtpx:hr></gpxtpx:TrackPointExtension></extensions></trkpt><trkpt lat="56.028182" lon="37.8556"><ele>173.2</ele><time>2026-07-09T17:29:07Z</time><extensions><gpxtpx:TrackPointExtension><gpxtpx:hr>129</gpxtpx:hr></gpxtpx:TrackPointExtension></extensions></trkpt><trkpt lat="56.028212" lon="37.855612"><ele>173.2</ele><time>2026-07-09T17:29:08Z</time><extensions><gpxtpx:TrackPointExtension><gpxtpx:hr>129</gpxtpx:hr></gpxtpx:TrackPointExtension></extensions></trkpt><trkpt lat="56.028237" lon="37.855627"><ele>173.2</ele><time>2026-07-09T17:29:09Z</time><extensions><gpxtpx:TrackPointExtension><gpxtpx:hr>130</gpxtpx:hr></gpxtpx:TrackPointExtension></extensions></trkpt><trkpt lat="56.028262" lon="37.855637"><ele>173.2</ele><time>2026-07-09T17:29:10Z</time><extensions><gpxtpx:TrackPointExtension><gpxtpx:hr>130</gpxtpx:hr></gpxtpx:TrackPointExtension></extensions></trkpt><trkpt lat="56.028287" lon="37.855652"><ele>173.2</ele><time>2026-07-09T17:29:11Z</time><extensions><gpxtpx:TrackPointExtension><gpxtpx:hr>129</gpxtpx:hr></gpxtpx:TrackPointExtension></extensions></trkpt><trkpt lat="56.028315" lon="37.85567"><ele>173.2</ele><time>2026-07-09T17:29:12Z</time><extensions><gpxtpx:TrackPointExtension><gpxtpx:hr>128</gpxtpx:hr></gpxtpx:TrackPointExtension></extensions></trkpt><trkpt lat="56.028342" lon="37.855687"><ele>173.2</ele><time>2026-07-09T17:29:13Z</time><extensions><gpxtpx:TrackPointExtension><gpxtpx:hr>129</gpxtpx:hr></gpxtpx:TrackPointExtension></extensions></trkpt><trkpt lat="56.028367" lon="37.855702"><ele>173.2</ele><time>2026-07-09T17:29:14Z</time><extensions><gpxtpx:TrackPointExtension><gpxtpx:hr>129</gpxtpx:hr></gpxtpx:TrackPointExtension></extensions></trkpt><trkpt lat="56.028395" lon="37.855712"><ele>173.2</ele><time>2026-07-09T17:29:15Z</time><extensions><gpxtpx:TrackPointExtension><gpxtpx:hr>129</gpxtpx:hr></gpxtpx:TrackPointExtension></extensions></trkpt><trkpt lat="56.028417" lon="37.85572"><ele>173.0</ele><time>2026-07-09T17:29:16Z</time><extensions><gpxtpx:TrackPointExtension><gpxtpx:hr>128</gpxtpx:hr></gpxtpx:TrackPointExtension></extensions></trkpt><trkpt lat="56.028447" lon="37.855722"><ele>173.0</ele><time>2026-07-09T17:29:17Z</time><extensions><gpxtpx:TrackPointExtension><gpxtpx:hr>128</gpxtpx:hr></gpxtpx:TrackPointExtension></extensions></trkpt><trkpt lat="56.028472" lon="37.855727"><ele>173.0</ele><time>2026-07-09T17:29:18Z</time><extensions><gpxtpx:TrackPointExtension><gpxtpx:hr>129</gpxtpx:hr></gpxtpx:TrackPointExtension></extensions></trkpt><trkpt lat="56.028492" lon="37.855735"><ele>173.0</ele><time>2026-07-09T17:29:19Z</time><extensions><gpxtpx:TrackPointExtension><gpxtpx:hr>129</gpxtpx:hr></gpxtpx:TrackPointExtension></extensions></trkpt><trkpt lat="56.02852" lon="37.855745"><ele>173.0</ele><time>2026-07-09T17:29:20Z</time><extensions><gpxtpx:TrackPointExtension><gpxtpx:hr>129</gpxtpx:hr></gpxtpx:TrackPointExtension></extensions></trkpt><trkpt lat="56.028547" lon="37.855755"><ele>173.0</ele><time>2026-07-09T17:29:21Z</time><extensions><gpxtpx:TrackPointExtension><gpxtpx:hr>129</gpxtpx:hr></gpxtpx:TrackPointExtension></extensions></trkpt><trkpt lat="56.02857" lon="37.85576"><ele>173.0</ele><time>2026-07-09T17:29:22Z</time><extensions><gpxtpx:TrackPointExtension><gpxtpx:hr>128</gpxtpx:hr></gpxtpx:TrackPointExtension></extensions></trkpt><trkpt lat="56.028595" lon="37.855757"><ele>173.0</ele><time>2026-07-09T17:29:23Z</time><extensions><gpxtpx:TrackPointExtension><gpxtpx:hr>129</gpxtpx:hr></gpxtpx:TrackPointExtension></extensions></trkpt><trkpt lat="56.028618" lon="37.855742"><ele>173.0</ele><time>2026-07-09T17:29:24Z</time><extensions><gpxtpx:TrackPointExtension><gpxtpx:hr>129</gpxtpx:hr></gpxtpx:TrackPointExtension></extensions></trkpt><trkpt lat="56.02864" lon="37.855732"><ele>173.0</ele><time>2026-07-09T17:29:25Z</time><extensions><gpxtpx:TrackPointExtension><gpxtpx:hr>129</gpxtpx:hr></gpxtpx:TrackPointExtension></extensions></trkpt><trkpt lat="56.028662" lon="37.855725"><ele>173.0</ele><time>2026-07-09T17:29:26Z</time><extensions><gpxtpx:TrackPointExtension><gpxtpx:hr>129</gpxtpx:hr></gpxtpx:TrackPointExtension></extensions></trkpt><trkpt lat="56.028688" lon="37.85572"><ele>173.0</ele><time>2026-07-09T17:29:27Z</time><extensions><gpxtpx:TrackPointExtension><gpxtpx:hr>129</gpxtpx:hr></gpxtpx:TrackPointExtension></extensions></trkpt><trkpt lat="56.028715" lon="37.855712"><ele>173.0</ele><time>2026-07-09T17:29:28Z</time><extensions><gpxtpx:TrackPointExtension><gpxtpx:hr>129</gpxtpx:hr></gpxtpx:TrackPointExtension></extensions></trkpt><trkpt lat="56.028737" lon="37.855712"><ele>173.0</ele><time>2026-07-09T17:29:29Z</time><extensions><gpxtpx:TrackPointExtension><gpxtpx:hr>129</gpxtpx:hr></gpxtpx:TrackPointExtension></extensions></trkpt><trkpt lat="56.028757" lon="37.855712"><ele>173.0</ele><time>2026-07-09T17:29:30Z</time><extensions><gpxtpx:TrackPointExtension><gpxtpx:hr>129</gpxtpx:hr></gpxtpx:TrackPointExtension></extensions></trkpt><trkpt lat="56.02878" lon="37.855717"><ele>172.8</ele><time>2026-07-09T17:29:31Z</time><extensions><gpxtpx:TrackPointExtension><gpxtpx:hr>130</gpxtpx:hr></gpxtpx:TrackPointExtension></extensions></trkpt><trkpt lat="56.028807" lon="37.855717"><ele>172.8</ele><time>2026-07-09T17:29:32Z</time><extensions><gpxtpx:TrackPointExtension><gpxtpx:hr>130</gpxtpx:hr></gpxtpx:TrackPointExtension></extensions></trkpt><trkpt lat="56.028835" lon="37.855725"><ele>172.8</ele><time>2026-07-09T17:29:33Z</time><extensions><gpxtpx:TrackPointExtension><gpxtpx:hr>129</gpxtpx:hr></gpxtpx:TrackPointExtension></extensions></trkpt><trkpt lat="56.028862" lon="37.85573"><ele>172.8</ele><time>2026-07-09T17:29:34Z</time><extensions><gpxtpx:TrackPointExtension><gpxtpx:hr>129</gpxtpx:hr></gpxtpx:TrackPointExtension></extensions></trkpt><trkpt lat="56.02889" lon="37.855735"><ele>172.8</ele><time>2026-07-09T17:29:35Z</time><extensions><gpxtpx:TrackPointExtension><gpxtpx:hr>129</gpxtpx:hr></gpxtpx:TrackPointExtension></extensions></trkpt><trkpt lat="56.028917" lon="37.85574"><ele>172.8</ele><time>2026-07-09T17:29:36Z</time><extensions><gpxtpx:TrackPointExtension><gpxtpx:hr>129</gpxtpx:hr></gpxtpx:TrackPointExtension></extensions></trkpt><trkpt lat="56.028942" lon="37.855742"><ele>172.8</ele><time>2026-07-09T17:29:37Z</time><extensions><gpxtpx:TrackPointExtension><gpxtpx:hr>128</gpxtpx:hr></gpxtpx:TrackPointExtension></extensions></trkpt><trkpt lat="56.028967" lon="37.85575"><ele>172.8</ele><time>2026-07-09T17:29:38Z</time><extensions><gpxtpx:TrackPointExtension><gpxtpx:hr>128</gpxtpx:hr></gpxtpx:TrackPointExtension></extensions></trkpt><trkpt lat="56.029002" lon="37.855767"><ele>172.8</ele><time>2026-07-09T17:29:40Z</time><extensions><gpxtpx:TrackPointExtension><gpxtpx:hr>129</gpxtpx:hr></gpxtpx:TrackPointExtension></extensions></trkpt><trkpt lat="56.029027" lon="37.855777"><ele>172.8</ele><time>2026-07-09T17:29:41Z</time><extensions><gpxtpx:TrackPointExtension><gpxtpx:hr>130</gpxtpx:hr></gpxtpx:TrackPointExtension></extensions></trkpt><trkpt lat="56.029047" lon="37.85578"><ele>172.8</ele><time>2026-07-09T17:29:42Z</time><extensions><gpxtpx:TrackPointExtension><gpxtpx:hr>130</gpxtpx:hr></gpxtpx:TrackPointExtension></extensions></trkpt><trkpt lat="56.029068" lon="37.85578"><ele>172.8</ele><time>2026-07-09T17:29:43Z</time><extensions><gpxtpx:TrackPointExtension><gpxtpx:hr>129</gpxtpx:hr></gpxtpx:TrackPointExtension></extensions></trkpt><trkpt lat="56.029092" lon="37.85579"><ele>172.8</ele><time>2026-07-09T17:29:44Z</time><extensions><gpxtpx:TrackPointExtension><gpxtpx:hr>130</gpxtpx:hr></gpxtpx:TrackPointExtension></extensions></trkpt><trkpt lat="56.029115" lon="37.855797"><ele>172.8</ele><time>2026-07-09T17:29:45Z</time><extensions><gpxtpx:TrackPointExtension><gpxtpx:hr>130</gpxtpx:hr></gpxtpx:TrackPointExtension></extensions></trkpt><trkpt lat="56.029135" lon="37.855805"><ele>172.8</ele><time>2026-07-09T17:29:46Z</time><extensions><gpxtpx:TrackPointExtension><gpxtpx:hr>131</gpxtpx:hr></gpxtpx:TrackPointExtension></extensions></trkpt><trkpt lat="56.029157" lon="37.855815"><ele>172.8</ele><time>2026-07-09T17:29:47Z</time><extensions><gpxtpx:TrackPointExtension><gpxtpx:hr>130</gpxtpx:hr></gpxtpx:TrackPointExtension></extensions></trkpt><trkpt lat="56.029182" lon="37.855827"><ele>172.8</ele><time>2026-07-09T17:29:48Z</time><extensions><gpxtpx:TrackPointExtension><gpxtpx:hr>130</gpxtpx:hr></gpxtpx:TrackPointExtension></extensions></trkpt><trkpt lat="56.029207" lon="37.855847"><ele>172.8</ele><time>2026-07-09T17:29:49Z</time><extensions><gpxtpx:TrackPointExtension><gpxtpx:hr>130</gpxtpx:hr></gpxtpx:TrackPointExtension></extensions></trkpt><trkpt lat="56.029227" lon="37.855862"><ele>172.8</ele><time>2026-07-09T17:29:50Z</time><extensions><gpxtpx:TrackPointExtension><gpxtpx:hr>130</gpxtpx:hr></gpxtpx:TrackPointExtension></extensions></trkpt><trkpt lat="56.029262" lon="37.85588"><ele>172.6</ele><time>2026-07-09T17:29:52Z</time><extensions><gpxtpx:TrackPointExtension><gpxtpx:hr>129</gpxtpx:hr></gpxtpx:TrackPointExtension></extensions></trkpt><trkpt lat="56.029282" lon="37.855887"><ele>172.6</ele><time>2026-07-09T17:29:53Z</time><extensions><gpxtpx:TrackPointExtension><gpxtpx:hr>128</gpxtpx:hr></gpxtpx:TrackPointExtension></extensions></trkpt><trkpt lat="56.029305" lon="37.855892"><ele>172.6</ele><time>2026-07-09T17:29:54Z</time><extensions><gpxtpx:TrackPointExtension><gpxtpx:hr>128</gpxtpx:hr></gpxtpx:TrackPointExtension></extensions></trkpt><trkpt lat="56.02933" lon="37.855897"><ele>172.6</ele><time>2026-07-09T17:29:55Z</time><extensions><gpxtpx:TrackPointExtension><gpxtpx:hr>128</gpxtpx:hr></gpxtpx:TrackPointExtension></extensions></trkpt><trkpt lat="56.029352" lon="37.855902"><ele>172.6</ele><time>2026-07-09T17:29:56Z</time><extensions><gpxtpx:TrackPointExtension><gpxtpx:hr>127</gpxtpx:hr></gpxtpx:TrackPointExtension></extensions></trkpt><trkpt lat="56.029377" lon="37.855902"><ele>172.6</ele><time>2026-07-09T17:29:57Z</time><extensions><gpxtpx:TrackPointExtension><gpxtpx:hr>128</gpxtpx:hr></gpxtpx:TrackPointExtension></extensions></trkpt><trkpt lat="56.029397" lon="37.855902"><ele>172.8</ele><time>2026-07-09T17:29:58Z</time><extensions><gpxtpx:TrackPointExtension><gpxtpx:hr>128</gpxtpx:hr></gpxtpx:TrackPointExtension></extensions></trkpt><trkpt lat="56.029417" lon="37.8559"><ele>172.8</ele><time>2026-07-09T17:29:59Z</time><extensions><gpxtpx:TrackPointExtension><gpxtpx:hr>130</gpxtpx:hr></gpxtpx:TrackPointExtension></extensions></trkpt><trkpt lat="56.02944" lon="37.855895"><ele>172.8</ele><time>2026-07-09T17:30:00Z</time><extensions><gpxtpx:TrackPointExtension><gpxtpx:hr>129</gpxtpx:hr></gpxtpx:TrackPointExtension></extensions></trkpt><trkpt lat="56.029467" lon="37.855887"><ele>172.8</ele><time>2026-07-09T17:30:01Z</time><extensions><gpxtpx:TrackPointExtension><gpxtpx:hr>129</gpxtpx:hr></gpxtpx:TrackPointExtension></extensions></trkpt><trkpt lat="56.029492" lon="37.855885"><ele>172.8</ele><time>2026-07-09T17:30:02Z</time><extensions><gpxtpx:TrackPointExtension><gpxtpx:hr>129</gpxtpx:hr></gpxtpx:TrackPointExtension></extensions></trkpt><trkpt lat="56.029517" lon="37.85588"><ele>172.8</ele><time>2026-07-09T17:30:03Z</time><extensions><gpxtpx:TrackPointExtension><gpxtpx:hr>129</gpxtpx:hr></gpxtpx:TrackPointExtension></extensions></trkpt><trkpt lat="56.029542" lon="37.855875"><ele>172.8</ele><time>2026-07-09T17:30:04Z</time><extensions><gpxtpx:TrackPointExtension><gpxtpx:hr>129</gpxtpx:hr></gpxtpx:TrackPointExtension></extensions></trkpt><trkpt lat="56.029567" lon="37.85587"><ele>172.8</ele><time>2026-07-09T17:30:05Z</time><extensions><gpxtpx:TrackPointExtension><gpxtpx:hr>130</gpxtpx:hr></gpxtpx:TrackPointExtension></extensions></trkpt><trkpt lat="56.029592" lon="37.855865"><ele>172.8</ele><time>2026-07-09T17:30:06Z</time><extensions><gpxtpx:TrackPointExtension><gpxtpx:hr>130</gpxtpx:hr></gpxtpx:TrackPointExtension></extensions></trkpt><trkpt lat="56.02962" lon="37.855862"><ele>172.8</ele><time>2026-07-09T17:30:07Z</time><extensions><gpxtpx:TrackPointExtension><gpxtpx:hr>130</gpxtpx:hr></gpxtpx:TrackPointExtension></extensions></trkpt><trkpt lat="56.029642" lon="37.855865"><ele>172.8</ele><time>2026-07-09T17:30:08Z</time><extensions><gpxtpx:TrackPointExtension><gpxtpx:hr>129</gpxtpx:hr></gpxtpx:TrackPointExtension></extensions></trkpt><trkpt lat="56.029667" lon="37.855867"><ele>172.8</ele><time>2026-07-09T17:30:09Z</time><extensions><gpxtpx:TrackPointExtension><gpxtpx:hr>129</gpxtpx:hr></gpxtpx:TrackPointExtension></extensions></trkpt><trkpt lat="56.029692" lon="37.855867"><ele>172.8</ele><time>2026-07-09T17:30:10Z</time><extensions><gpxtpx:TrackPointExtension><gpxtpx:hr>129</gpxtpx:hr></gpxtpx:TrackPointExtension></extensions></trkpt><trkpt lat="56.029717" lon="37.855867"><ele>172.8</ele><time>2026-07-09T17:30:11Z</time><extensions><gpxtpx:TrackPointExtension><gpxtpx:hr>129</gpxtpx:hr></gpxtpx:TrackPointExtension></extensions></trkpt><trkpt lat="56.02974" lon="37.855862"><ele>172.8</ele><time>2026-07-09T17:30:12Z</time><extensions><gpxtpx:TrackPointExtension><gpxtpx:hr>128</gpxtpx:hr></gpxtpx:TrackPointExtension></extensions></trkpt><trkpt lat="56.029765" lon="37.85586"><ele>172.8</ele><time>2026-07-09T17:30:13Z</time><extensions><gpxtpx:TrackPointExtension><gpxtpx:hr>128</gpxtpx:hr></gpxtpx:TrackPointExtension></extensions></trkpt><trkpt lat="56.02979" lon="37.855853"><ele>172.8</ele><time>2026-07-09T17:30:14Z</time><extensions><gpxtpx:TrackPointExtension><gpxtpx:hr>129</gpxtpx:hr></gpxtpx:TrackPointExtension></extensions></trkpt><trkpt lat="56.029817" lon="37.855847"><ele>172.8</ele><time>2026-07-09T17:30:15Z</time><extensions><gpxtpx:TrackPointExtension><gpxtpx:hr>129</gpxtpx:hr></gpxtpx:TrackPointExtension></extensions></trkpt><trkpt lat="56.029842" lon="37.855847"><ele>173.0</ele><time>2026-07-09T17:30:16Z</time><extensions><gpxtpx:TrackPointExtension><gpxtpx:hr>130</gpxtpx:hr></gpxtpx:TrackPointExtension></extensions></trkpt><trkpt lat="56.029862" lon="37.855847"><ele>173.0</ele><time>2026-07-09T17:30:17Z</time><extensions><gpxtpx:TrackPointExtension><gpxtpx:hr>130</gpxtpx:hr></gpxtpx:TrackPointExtension></extensions></trkpt><trkpt lat="56.029882" lon="37.855847"><ele>173.0</ele><time>2026-07-09T17:30:18Z</time><extensions><gpxtpx:TrackPointExtension><gpxtpx:hr>131</gpxtpx:hr></gpxtpx:TrackPointExtension></extensions></trkpt><trkpt lat="56.029902" lon="37.855847"><ele>173.2</ele><time>2026-07-09T17:30:19Z</time><extensions><gpxtpx:TrackPointExtension><gpxtpx:hr>130</gpxtpx:hr></gpxtpx:TrackPointExtension></extensions></trkpt><trkpt lat="56.029927" lon="37.855852"><ele>173.2</ele><time>2026-07-09T17:30:20Z</time><extensions><gpxtpx:TrackPointExtension><gpxtpx:hr>130</gpxtpx:hr></gpxtpx:TrackPointExtension></extensions></trkpt><trkpt lat="56.029952" lon="37.855857"><ele>173.2</ele><time>2026-07-09T17:30:21Z</time><extensions><gpxtpx:TrackPointExtension><gpxtpx:hr>130</gpxtpx:hr></gpxtpx:TrackPointExtension></extensions></trkpt><trkpt lat="56.029977" lon="37.855867"><ele>173.2</ele><time>2026-07-09T17:30:22Z</time><extensions><gpxtpx:TrackPointExtension><gpxtpx:hr>130</gpxtpx:hr></gpxtpx:TrackPointExtension></extensions></trkpt><trkpt lat="56.03" lon="37.85588"><ele>173.2</ele><time>2026-07-09T17:30:23Z</time><extensions><gpxtpx:TrackPointExtension><gpxtpx:hr>130</gpxtpx:hr></gpxtpx:TrackPointExtension></extensions></trkpt><trkpt lat="56.03002" lon="37.855885"><ele>173.2</ele><time>2026-07-09T17:30:24Z</time><extensions><gpxtpx:TrackPointExtension><gpxtpx:hr>131</gpxtpx:hr></gpxtpx:TrackPointExtension></extensions></trkpt><trkpt lat="56.030057" lon="37.855902"><ele>173.2</ele><time>2026-07-09T17:30:26Z</time><extensions><gpxtpx:TrackPointExtension><gpxtpx:hr>130</gpxtpx:hr></gpxtpx:TrackPointExtension></extensions></trkpt><trkpt lat="56.030077" lon="37.855912"><ele>173.2</ele><time>2026-07-09T17:30:27Z</time><extensions><gpxtpx:TrackPointExtension><gpxtpx:hr>131</gpxtpx:hr></gpxtpx:TrackPointExtension></extensions></trkpt><trkpt lat="56.030097" lon="37.855922"><ele>173.2</ele><time>2026-07-09T17:30:28Z</time><extensions><gpxtpx:TrackPointExtension><gpxtpx:hr>131</gpxtpx:hr></gpxtpx:TrackPointExtension></extensions></trkpt><trkpt lat="56.030117" lon="37.855942"><ele>173.2</ele><time>2026-07-09T17:30:29Z</time><extensions><gpxtpx:TrackPointExtension><gpxtpx:hr>131</gpxtpx:hr></gpxtpx:TrackPointExtension></extensions></trkpt><trkpt lat="56.030137" lon="37.855952"><ele>173.2</ele><time>2026-07-09T17:30:30Z</time><extensions><gpxtpx:TrackPointExtension><gpxtpx:hr>131</gpxtpx:hr></gpxtpx:TrackPointExtension></extensions></trkpt><trkpt lat="56.030155" lon="37.855962"><ele>173.2</ele><time>2026-07-09T17:30:31Z</time><extensions><gpxtpx:TrackPointExtension><gpxtpx:hr>132</gpxtpx:hr></gpxtpx:TrackPointExtension></extensions></trkpt><trkpt lat="56.03018" lon="37.85597"><ele>173.4</ele><time>2026-07-09T17:30:32Z</time><extensions><gpxtpx:TrackPointExtension><gpxtpx:hr>132</gpxtpx:hr></gpxtpx:TrackPointExtension></extensions></trkpt><trkpt lat="56.030202" lon="37.855972"><ele>173.4</ele><time>2026-07-09T17:30:33Z</time><extensions><gpxtpx:TrackPointExtension><gpxtpx:hr>132</gpxtpx:hr></gpxtpx:TrackPointExtension></extensions></trkpt><trkpt lat="56.030227" lon="37.855982"><ele>173.4</ele><time>2026-07-09T17:30:34Z</time><extensions><gpxtpx:TrackPointExtension><gpxtpx:hr>132</gpxtpx:hr></gpxtpx:TrackPointExtension></extensions></trkpt><trkpt lat="56.03025" lon="37.855995"><ele>173.4</ele><time>2026-07-09T17:30:35Z</time><extensions><gpxtpx:TrackPointExtension><gpxtpx:hr>132</gpxtpx:hr></gpxtpx:TrackPointExtension></extensions></trkpt><trkpt lat="56.030272" lon="37.856005"><ele>173.4</ele><time>2026-07-09T17:30:36Z</time><extensions><gpxtpx:TrackPointExtension><gpxtpx:hr>132</gpxtpx:hr></gpxtpx:TrackPointExtension></extensions></trkpt><trkpt lat="56.030297" lon="37.856017"><ele>173.4</ele><time>2026-07-09T17:30:37Z</time><extensions><gpxtpx:TrackPointExtension><gpxtpx:hr>132</gpxtpx:hr></gpxtpx:TrackPointExtension></extensions></trkpt><trkpt lat="56.030317" lon="37.85603"><ele>173.4</ele><time>2026-07-09T17:30:38Z</time><extensions><gpxtpx:TrackPointExtension><gpxtpx:hr>131</gpxtpx:hr></gpxtpx:TrackPointExtension></extensions></trkpt><trkpt lat="56.030342" lon="37.856045"><ele>173.4</ele><time>2026-07-09T17:30:39Z</time><extensions><gpxtpx:TrackPointExtension><gpxtpx:hr>131</gpxtpx:hr></gpxtpx:TrackPointExtension></extensions></trkpt><trkpt lat="56.03037" lon="37.856052"><ele>173.6</ele><time>2026-07-09T17:30:40Z</time><extensions><gpxtpx:TrackPointExtension><gpxtpx:hr>131</gpxtpx:hr></gpxtpx:TrackPointExtension></extensions></trkpt><trkpt lat="56.030392" lon="37.856062"><ele>173.6</ele><time>2026-07-09T17:30:41Z</time><extensions><gpxtpx:TrackPointExtension><gpxtpx:hr>132</gpxtpx:hr></gpxtpx:TrackPointExtension></extensions></trkpt><trkpt lat="56.030415" lon="37.856065"><ele>173.4</ele><time>2026-07-09T17:30:42Z</time><extensions><gpxtpx:TrackPointExtension><gpxtpx:hr>132</gpxtpx:hr></gpxtpx:TrackPointExtension></extensions></trkpt><trkpt lat="56.030437" lon="37.856075"><ele>173.6</ele><time>2026-07-09T17:30:43Z</time><extensions><gpxtpx:TrackPointExtension><gpxtpx:hr>132</gpxtpx:hr></gpxtpx:TrackPointExtension></extensions></trkpt><trkpt lat="56.030457" lon="37.856085"><ele>173.6</ele><time>2026-07-09T17:30:44Z</time><extensions><gpxtpx:TrackPointExtension><gpxtpx:hr>133</gpxtpx:hr></gpxtpx:TrackPointExtension></extensions></trkpt><trkpt lat="56.030477" lon="37.856097"><ele>173.6</ele><time>2026-07-09T17:30:45Z</time><extensions><gpxtpx:TrackPointExtension><gpxtpx:hr>133</gpxtpx:hr></gpxtpx:TrackPointExtension></extensions></trkpt><trkpt lat="56.030512" lon="37.856117"><ele>173.8</ele><time>2026-07-09T17:30:47Z</time><extensions><gpxtpx:TrackPointExtension><gpxtpx:hr>133</gpxtpx:hr></gpxtpx:TrackPointExtension></extensions></trkpt><trkpt lat="56.030535" lon="37.856127"><ele>173.8</ele><time>2026-07-09T17:30:48Z</time><extensions><gpxtpx:TrackPointExtension><gpxtpx:hr>133</gpxtpx:hr></gpxtpx:TrackPointExtension></extensions></trkpt><trkpt lat="56.030555" lon="37.856142"><ele>173.8</ele><time>2026-07-09T17:30:49Z</time><extensions><gpxtpx:TrackPointExtension><gpxtpx:hr>133</gpxtpx:hr></gpxtpx:TrackPointExtension></extensions></trkpt><trkpt lat="56.03058" lon="37.856155"><ele>173.8</ele><time>2026-07-09T17:30:50Z</time><extensions><gpxtpx:TrackPointExtension><gpxtpx:hr>133</gpxtpx:hr></gpxtpx:TrackPointExtension></extensions></trkpt><trkpt lat="56.030605" lon="37.856167"><ele>174.0</ele><time>2026-07-09T17:30:51Z</time><extensions><gpxtpx:TrackPointExtension><gpxtpx:hr>132</gpxtpx:hr></gpxtpx:TrackPointExtension></extensions></trkpt><trkpt lat="56.030627" lon="37.856177"><ele>174.0</ele><time>2026-07-09T17:30:52Z</time><extensions><gpxtpx:TrackPointExtension><gpxtpx:hr>132</gpxtpx:hr></gpxtpx:TrackPointExtension></extensions></trkpt><trkpt lat="56.030647" lon="37.85619"><ele>174.0</ele><time>2026-07-09T17:30:53Z</time><extensions><gpxtpx:TrackPointExtension><gpxtpx:hr>132</gpxtpx:hr></gpxtpx:TrackPointExtension></extensions></trkpt><trkpt lat="56.03067" lon="37.856205"><ele>174.0</ele><time>2026-07-09T17:30:54Z</time><extensions><gpxtpx:TrackPointExtension><gpxtpx:hr>132</gpxtpx:hr></gpxtpx:TrackPointExtension></extensions></trkpt><trkpt lat="56.03069" lon="37.856217"><ele>174.0</ele><time>2026-07-09T17:30:55Z</time><extensions><gpxtpx:TrackPointExtension><gpxtpx:hr>132</gpxtpx:hr></gpxtpx:TrackPointExtension></extensions></trkpt><trkpt lat="56.03071" lon="37.856227"><ele>174.0</ele><time>2026-07-09T17:30:56Z</time><extensions><gpxtpx:TrackPointExtension><gpxtpx:hr>132</gpxtpx:hr></gpxtpx:TrackPointExtension></extensions></trkpt><trkpt lat="56.030732" lon="37.856233"><ele>174.2</ele><time>2026-07-09T17:30:57Z</time><extensions><gpxtpx:TrackPointExtension><gpxtpx:hr>132</gpxtpx:hr></gpxtpx:TrackPointExtension></extensions></trkpt><trkpt lat="56.030752" lon="37.856242"><ele>174.2</ele><time>2026-07-09T17:30:58Z</time><extensions><gpxtpx:TrackPointExtension><gpxtpx:hr>131</gpxtpx:hr></gpxtpx:TrackPointExtension></extensions></trkpt><trkpt lat="56.030772" lon="37.856252"><ele>174.2</ele><time>2026-07-09T17:30:59Z</time><extensions><gpxtpx:TrackPointExtension><gpxtpx:hr>131</gpxtpx:hr></gpxtpx:TrackPointExtension></extensions></trkpt><trkpt lat="56.030792" lon="37.85627"><ele>174.4</ele><time>2026-07-09T17:31:00Z</time><extensions><gpxtpx:TrackPointExtension><gpxtpx:hr>131</gpxtpx:hr></gpxtpx:TrackPointExtension></extensions></trkpt><trkpt lat="56.030813" lon="37.856282"><ele>174.2</ele><time>2026-07-09T17:31:01Z</time><extensions><gpxtpx:TrackPointExtension><gpxtpx:hr>131</gpxtpx:hr></gpxtpx:TrackPointExtension></extensions></trkpt><trkpt lat="56.030835" lon="37.856292"><ele>174.2</ele><time>2026-07-09T17:31:02Z</time><extensions><gpxtpx:TrackPointExtension><gpxtpx:hr>130</gpxtpx:hr></gpxtpx:TrackPointExtension></extensions></trkpt><trkpt lat="56.03086" lon="37.85631"><ele>174.4</ele><time>2026-07-09T17:31:03Z</time><extensions><gpxtpx:TrackPointExtension><gpxtpx:hr>130</gpxtpx:hr></gpxtpx:TrackPointExtension></extensions></trkpt><trkpt lat="56.03088" lon="37.856318"><ele>174.4</ele><time>2026-07-09T17:31:04Z</time><extensions><gpxtpx:TrackPointExtension><gpxtpx:hr>131</gpxtpx:hr></gpxtpx:TrackPointExtension></extensions></trkpt><trkpt lat="56.030902" lon="37.856327"><ele>174.4</ele><time>2026-07-09T17:31:05Z</time><extensions><gpxtpx:TrackPointExtension><gpxtpx:hr>131</gpxtpx:hr></gpxtpx:TrackPointExtension></extensions></trkpt><trkpt lat="56.030927" lon="37.85634"><ele>174.4</ele><time>2026-07-09T17:31:06Z</time><extensions><gpxtpx:TrackPointExtension><gpxtpx:hr>131</gpxtpx:hr></gpxtpx:TrackPointExtension></extensions></trkpt><trkpt lat="56.03095" lon="37.856347"><ele>174.4</ele><time>2026-07-09T17:31:07Z</time><extensions><gpxtpx:TrackPointExtension><gpxtpx:hr>131</gpxtpx:hr></gpxtpx:TrackPointExtension></extensions></trkpt><trkpt lat="56.030967" lon="37.856352"><ele>174.4</ele><time>2026-07-09T17:31:08Z</time><extensions><gpxtpx:TrackPointExtension><gpxtpx:hr>131</gpxtpx:hr></gpxtpx:TrackPointExtension></extensions></trkpt><trkpt lat="56.030987" lon="37.85636"><ele>174.4</ele><time>2026-07-09T17:31:09Z</time><extensions><gpxtpx:TrackPointExtension><gpxtpx:hr>131</gpxtpx:hr></gpxtpx:TrackPointExtension></extensions></trkpt><trkpt lat="56.031007" lon="37.856372"><ele>174.6</ele><time>2026-07-09T17:31:10Z</time><extensions><gpxtpx:TrackPointExtension><gpxtpx:hr>131</gpxtpx:hr></gpxtpx:TrackPointExtension></extensions></trkpt><trkpt lat="56.031027" lon="37.856382"><ele>174.6</ele><time>2026-07-09T17:31:11Z</time><extensions><gpxtpx:TrackPointExtension><gpxtpx:hr>131</gpxtpx:hr></gpxtpx:TrackPointExtension></extensions></trkpt><trkpt lat="56.03105" lon="37.856402"><ele>174.6</ele><time>2026-07-09T17:31:12Z</time><extensions><gpxtpx:TrackPointExtension><gpxtpx:hr>130</gpxtpx:hr></gpxtpx:TrackPointExtension></extensions></trkpt><trkpt lat="56.031072" lon="37.856422"><ele>174.6</ele><time>2026-07-09T17:31:13Z</time><extensions><gpxtpx:TrackPointExtension><gpxtpx:hr>130</gpxtpx:hr></gpxtpx:TrackPointExtension></extensions></trkpt><trkpt lat="56.031092" lon="37.85644"><ele>174.8</ele><time>2026-07-09T17:31:14Z</time><extensions><gpxtpx:TrackPointExtension><gpxtpx:hr>130</gpxtpx:hr></gpxtpx:TrackPointExtension></extensions></trkpt><trkpt lat="56.031115" lon="37.85645"><ele>174.6</ele><time>2026-07-09T17:31:15Z</time><extensions><gpxtpx:TrackPointExtension><gpxtpx:hr>130</gpxtpx:hr></gpxtpx:TrackPointExtension></extensions></trkpt><trkpt lat="56.03114" lon="37.856457"><ele>174.6</ele><time>2026-07-09T17:31:16Z</time><extensions><gpxtpx:TrackPointExtension><gpxtpx:hr>130</gpxtpx:hr></gpxtpx:TrackPointExtension></extensions></trkpt><trkpt lat="56.031162" lon="37.856472"><ele>174.6</ele><time>2026-07-09T17:31:17Z</time><extensions><gpxtpx:TrackPointExtension><gpxtpx:hr>130</gpxtpx:hr></gpxtpx:TrackPointExtension></extensions></trkpt><trkpt lat="56.031185" lon="37.856482"><ele>174.6</ele><time>2026-07-09T17:31:18Z</time><extensions><gpxtpx:TrackPointExtension><gpxtpx:hr>130</gpxtpx:hr></gpxtpx:TrackPointExtension></extensions></trkpt><trkpt lat="56.031207" lon="37.856495"><ele>174.8</ele><time>2026-07-09T17:31:19Z</time><extensions><gpxtpx:TrackPointExtension><gpxtpx:hr>129</gpxtpx:hr></gpxtpx:TrackPointExtension></extensions></trkpt><trkpt lat="56.031227" lon="37.856507"><ele>174.8</ele><time>2026-07-09T17:31:20Z</time><extensions><gpxtpx:TrackPointExtension><gpxtpx:hr>129</gpxtpx:hr></gpxtpx:TrackPointExtension></extensions></trkpt><trkpt lat="56.03125" lon="37.85652"><ele>174.8</ele><time>2026-07-09T17:31:21Z</time><extensions><gpxtpx:TrackPointExtension><gpxtpx:hr>130</gpxtpx:hr></gpxtpx:TrackPointExtension></extensions></trkpt><trkpt lat="56.031272" lon="37.856532"><ele>175.0</ele><time>2026-07-09T17:31:22Z</time><extensions><gpxtpx:TrackPointExtension><gpxtpx:hr>130</gpxtpx:hr></gpxtpx:TrackPointExtension></extensions></trkpt><trkpt lat="56.031295" lon="37.856543"><ele>175.0</ele><time>2026-07-09T17:31:23Z</time><extensions><gpxtpx:TrackPointExtension><gpxtpx:hr>130</gpxtpx:hr></gpxtpx:TrackPointExtension></extensions></trkpt><trkpt lat="56.031315" lon="37.856555"><ele>175.0</ele><time>2026-07-09T17:31:24Z</time><extensions><gpxtpx:TrackPointExtension><gpxtpx:hr>131</gpxtpx:hr></gpxtpx:TrackPointExtension></extensions></trkpt><trkpt lat="56.031337" lon="37.856567"><ele>175.0</ele><time>2026-07-09T17:31:25Z</time><extensions><gpxtpx:TrackPointExtension><gpxtpx:hr>130</gpxtpx:hr></gpxtpx:TrackPointExtension></extensions></trkpt><trkpt lat="56.03136" lon="37.856582"><ele>175.0</ele><time>2026-07-09T17:31:26Z</time><extensions><gpxtpx:TrackPointExtension><gpxtpx:hr>130</gpxtpx:hr></gpxtpx:TrackPointExtension></extensions></trkpt><trkpt lat="56.03138" lon="37.856592"><ele>175.2</ele><time>2026-07-09T17:31:27Z</time><extensions><gpxtpx:TrackPointExtension><gpxtpx:hr>130</gpxtpx:hr></gpxtpx:TrackPointExtension></extensions></trkpt><trkpt lat="56.031402" lon="37.856607"><ele>175.2</ele><time>2026-07-09T17:31:28Z</time><extensions><gpxtpx:TrackPointExtension><gpxtpx:hr>129</gpxtpx:hr></gpxtpx:TrackPointExtension></extensions></trkpt><trkpt lat="56.031427" lon="37.856622"><ele>175.2</ele><time>2026-07-09T17:31:29Z</time><extensions><gpxtpx:TrackPointExtension><gpxtpx:hr>130</gpxtpx:hr></gpxtpx:TrackPointExtension></extensions></trkpt><trkpt lat="56.03145" lon="37.856637"><ele>175.2</ele><time>2026-07-09T17:31:30Z</time><extensions><gpxtpx:TrackPointExtension><gpxtpx:hr>130</gpxtpx:hr></gpxtpx:TrackPointExtension></extensions></trkpt><trkpt lat="56.031472" lon="37.856652"><ele>175.2</ele><time>2026-07-09T17:31:31Z</time><extensions><gpxtpx:TrackPointExtension><gpxtpx:hr>129</gpxtpx:hr></gpxtpx:TrackPointExtension></extensions></trkpt><trkpt lat="56.0315" lon="37.856662"><ele>175.4</ele><time>2026-07-09T17:31:32Z</time><extensions><gpxtpx:TrackPointExtension><gpxtpx:hr>130</gpxtpx:hr></gpxtpx:TrackPointExtension></extensions></trkpt><trkpt lat="56.031522" lon="37.856672"><ele>175.4</ele><time>2026-07-09T17:31:33Z</time><extensions><gpxtpx:TrackPointExtension><gpxtpx:hr>131</gpxtpx:hr></gpxtpx:TrackPointExtension></extensions></trkpt><trkpt lat="56.031547" lon="37.85668"><ele>175.4</ele><time>2026-07-09T17:31:34Z</time><extensions><gpxtpx:TrackPointExtension><gpxtpx:hr>131</gpxtpx:hr></gpxtpx:TrackPointExtension></extensions></trkpt><trkpt lat="56.031572" lon="37.85669"><ele>175.6</ele><time>2026-07-09T17:31:35Z</time><extensions><gpxtpx:TrackPointExtension><gpxtpx:hr>132</gpxtpx:hr></gpxtpx:TrackPointExtension></extensions></trkpt><trkpt lat="56.031592" lon="37.856697"><ele>175.6</ele><time>2026-07-09T17:31:36Z</time><extensions><gpxtpx:TrackPointExtension><gpxtpx:hr>132</gpxtpx:hr></gpxtpx:TrackPointExtension></extensions></trkpt><trkpt lat="56.031615" lon="37.856707"><ele>175.6</ele><time>2026-07-09T17:31:37Z</time><extensions><gpxtpx:TrackPointExtension><gpxtpx:hr>133</gpxtpx:hr></gpxtpx:TrackPointExtension></extensions></trkpt><trkpt lat="56.03164" lon="37.856717"><ele>175.6</ele><time>2026-07-09T17:31:38Z</time><extensions><gpxtpx:TrackPointExtension><gpxtpx:hr>133</gpxtpx:hr></gpxtpx:TrackPointExtension></extensions></trkpt><trkpt lat="56.031665" lon="37.856725"><ele>175.6</ele><time>2026-07-09T17:31:39Z</time><extensions><gpxtpx:TrackPointExtension><gpxtpx:hr>132</gpxtpx:hr></gpxtpx:TrackPointExtension></extensions></trkpt><trkpt lat="56.031692" lon="37.856732"><ele>175.6</ele><time>2026-07-09T17:31:40Z</time><extensions><gpxtpx:TrackPointExtension><gpxtpx:hr>132</gpxtpx:hr></gpxtpx:TrackPointExtension></extensions></trkpt><trkpt lat="56.031713" lon="37.856737"><ele>175.6</ele><time>2026-07-09T17:31:41Z</time><extensions><gpxtpx:TrackPointExtension><gpxtpx:hr>132</gpxtpx:hr></gpxtpx:TrackPointExtension></extensions></trkpt><trkpt lat="56.031737" lon="37.856742"><ele>175.6</ele><time>2026-07-09T17:31:42Z</time><extensions><gpxtpx:TrackPointExtension><gpxtpx:hr>132</gpxtpx:hr></gpxtpx:TrackPointExtension></extensions></trkpt><trkpt lat="56.031762" lon="37.856752"><ele>175.6</ele><time>2026-07-09T17:31:43Z</time><extensions><gpxtpx:TrackPointExtension><gpxtpx:hr>132</gpxtpx:hr></gpxtpx:TrackPointExtension></extensions></trkpt><trkpt lat="56.031785" lon="37.85676"><ele>175.6</ele><time>2026-07-09T17:31:44Z</time><extensions><gpxtpx:TrackPointExtension><gpxtpx:hr>133</gpxtpx:hr></gpxtpx:TrackPointExtension></extensions></trkpt><trkpt lat="56.031805" lon="37.856767"><ele>175.8</ele><time>2026-07-09T17:31:45Z</time><extensions><gpxtpx:TrackPointExtension><gpxtpx:hr>133</gpxtpx:hr></gpxtpx:TrackPointExtension></extensions></trkpt><trkpt lat="56.031825" lon="37.856777"><ele>176.0</ele><time>2026-07-09T17:31:46Z</time><extensions><gpxtpx:TrackPointExtension><gpxtpx:hr>133</gpxtpx:hr></gpxtpx:TrackPointExtension></extensions></trkpt><trkpt lat="56.031847" lon="37.856787"><ele>176.0</ele><time>2026-07-09T17:31:47Z</time><extensions><gpxtpx:TrackPointExtension><gpxtpx:hr>132</gpxtpx:hr></gpxtpx:TrackPointExtension></extensions></trkpt><trkpt lat="56.031867" lon="37.856797"><ele>175.8</ele><time>2026-07-09T17:31:48Z</time><extensions><gpxtpx:TrackPointExtension><gpxtpx:hr>132</gpxtpx:hr></gpxtpx:TrackPointExtension></extensions></trkpt><trkpt lat="56.031892" lon="37.856802"><ele>175.8</ele><time>2026-07-09T17:31:49Z</time><extensions><gpxtpx:TrackPointExtension><gpxtpx:hr>132</gpxtpx:hr></gpxtpx:TrackPointExtension></extensions></trkpt><trkpt lat="56.031912" lon="37.856817"><ele>175.8</ele><time>2026-07-09T17:31:50Z</time><extensions><gpxtpx:TrackPointExtension><gpxtpx:hr>132</gpxtpx:hr></gpxtpx:TrackPointExtension></extensions></trkpt><trkpt lat="56.031932" lon="37.85683"><ele>175.8</ele><time>2026-07-09T17:31:51Z</time><extensions><gpxtpx:TrackPointExtension><gpxtpx:hr>132</gpxtpx:hr></gpxtpx:TrackPointExtension></extensions></trkpt><trkpt lat="56.031952" lon="37.856838"><ele>175.6</ele><time>2026-07-09T17:31:52Z</time><extensions><gpxtpx:TrackPointExtension><gpxtpx:hr>132</gpxtpx:hr></gpxtpx:TrackPointExtension></extensions></trkpt><trkpt lat="56.031972" lon="37.856847"><ele>175.6</ele><time>2026-07-09T17:31:53Z</time><extensions><gpxtpx:TrackPointExtension><gpxtpx:hr>132</gpxtpx:hr></gpxtpx:TrackPointExtension></extensions></trkpt><trkpt lat="56.03199" lon="37.856862"><ele>175.8</ele><time>2026-07-09T17:31:54Z</time><extensions><gpxtpx:TrackPointExtension><gpxtpx:hr>133</gpxtpx:hr></gpxtpx:TrackPointExtension></extensions></trkpt><trkpt lat="56.032007" lon="37.85688"><ele>175.8</ele><time>2026-07-09T17:31:55Z</time><extensions><gpxtpx:TrackPointExtension><gpxtpx:hr>132</gpxtpx:hr></gpxtpx:TrackPointExtension></extensions></trkpt><trkpt lat="56.032027" lon="37.856892"><ele>175.8</ele><time>2026-07-09T17:31:56Z</time><extensions><gpxtpx:TrackPointExtension><gpxtpx:hr>132</gpxtpx:hr></gpxtpx:TrackPointExtension></extensions></trkpt><trkpt lat="56.032052" lon="37.856905"><ele>175.8</ele><time>2026-07-09T17:31:57Z</time><extensions><gpxtpx:TrackPointExtension><gpxtpx:hr>132</gpxtpx:hr></gpxtpx:TrackPointExtension></extensions></trkpt><trkpt lat="56.032072" lon="37.856917"><ele>175.8</ele><time>2026-07-09T17:31:58Z</time><extensions><gpxtpx:TrackPointExtension><gpxtpx:hr>132</gpxtpx:hr></gpxtpx:TrackPointExtension></extensions></trkpt><trkpt lat="56.032092" lon="37.856927"><ele>175.8</ele><time>2026-07-09T17:31:59Z</time><extensions><gpxtpx:TrackPointExtension><gpxtpx:hr>131</gpxtpx:hr></gpxtpx:TrackPointExtension></extensions></trkpt><trkpt lat="56.032117" lon="37.856942"><ele>175.8</ele><time>2026-07-09T17:32:00Z</time><extensions><gpxtpx:TrackPointExtension><gpxtpx:hr>131</gpxtpx:hr></gpxtpx:TrackPointExtension></extensions></trkpt><trkpt lat="56.032142" lon="37.856962"><ele>175.8</ele><time>2026-07-09T17:32:01Z</time><extensions><gpxtpx:TrackPointExtension><gpxtpx:hr>130</gpxtpx:hr></gpxtpx:TrackPointExtension></extensions></trkpt><trkpt lat="56.032167" lon="37.85698"><ele>175.8</ele><time>2026-07-09T17:32:02Z</time><extensions><gpxtpx:TrackPointExtension><gpxtpx:hr>131</gpxtpx:hr></gpxtpx:TrackPointExtension></extensions></trkpt><trkpt lat="56.03219" lon="37.856987"><ele>176.0</ele><time>2026-07-09T17:32:03Z</time><extensions><gpxtpx:TrackPointExtension><gpxtpx:hr>130</gpxtpx:hr></gpxtpx:TrackPointExtension></extensions></trkpt><trkpt lat="56.032212" lon="37.856997"><ele>176.0</ele><time>2026-07-09T17:32:04Z</time><extensions><gpxtpx:TrackPointExtension><gpxtpx:hr>130</gpxtpx:hr></gpxtpx:TrackPointExtension></extensions></trkpt><trkpt lat="56.032232" lon="37.857007"><ele>176.0</ele><time>2026-07-09T17:32:05Z</time><extensions><gpxtpx:TrackPointExtension><gpxtpx:hr>130</gpxtpx:hr></gpxtpx:TrackPointExtension></extensions></trkpt><trkpt lat="56.032257" lon="37.857015"><ele>176.0</ele><time>2026-07-09T17:32:06Z</time><extensions><gpxtpx:TrackPointExtension><gpxtpx:hr>130</gpxtpx:hr></gpxtpx:TrackPointExtension></extensions></trkpt><trkpt lat="56.03228" lon="37.85702"><ele>175.8</ele><time>2026-07-09T17:32:07Z</time><extensions><gpxtpx:TrackPointExtension><gpxtpx:hr>130</gpxtpx:hr></gpxtpx:TrackPointExtension></extensions></trkpt><trkpt lat="56.032305" lon="37.857027"><ele>175.8</ele><time>2026-07-09T17:32:08Z</time><extensions><gpxtpx:TrackPointExtension><gpxtpx:hr>130</gpxtpx:hr></gpxtpx:TrackPointExtension></extensions></trkpt><trkpt lat="56.032332" lon="37.857035"><ele>176.0</ele><time>2026-07-09T17:32:09Z</time><extensions><gpxtpx:TrackPointExtension><gpxtpx:hr>131</gpxtpx:hr></gpxtpx:TrackPointExtension></extensions></trkpt><trkpt lat="56.032357" lon="37.857042"><ele>176.0</ele><time>2026-07-09T17:32:10Z</time><extensions><gpxtpx:TrackPointExtension><gpxtpx:hr>131</gpxtpx:hr></gpxtpx:TrackPointExtension></extensions></trkpt><trkpt lat="56.032377" lon="37.857057"><ele>176.0</ele><time>2026-07-09T17:32:11Z</time><extensions><gpxtpx:TrackPointExtension><gpxtpx:hr>130</gpxtpx:hr></gpxtpx:TrackPointExtension></extensions></trkpt><trkpt lat="56.032397" lon="37.857067"><ele>175.8</ele><time>2026-07-09T17:32:12Z</time><extensions><gpxtpx:TrackPointExtension><gpxtpx:hr>131</gpxtpx:hr></gpxtpx:TrackPointExtension></extensions></trkpt><trkpt lat="56.032417" lon="37.85708"><ele>175.8</ele><time>2026-07-09T17:32:13Z</time><extensions><gpxtpx:TrackPointExtension><gpxtpx:hr>131</gpxtpx:hr></gpxtpx:TrackPointExtension></extensions></trkpt><trkpt lat="56.032442" lon="37.857095"><ele>175.8</ele><time>2026-07-09T17:32:14Z</time><extensions><gpxtpx:TrackPointExtension><gpxtpx:hr>131</gpxtpx:hr></gpxtpx:TrackPointExtension></extensions></trkpt><trkpt lat="56.032467" lon="37.857107"><ele>175.8</ele><time>2026-07-09T17:32:15Z</time><extensions><gpxtpx:TrackPointExtension><gpxtpx:hr>131</gpxtpx:hr></gpxtpx:TrackPointExtension></extensions></trkpt><trkpt lat="56.032492" lon="37.857122"><ele>175.8</ele><time>2026-07-09T17:32:16Z</time><extensions><gpxtpx:TrackPointExtension><gpxtpx:hr>130</gpxtpx:hr></gpxtpx:TrackPointExtension></extensions></trkpt><trkpt lat="56.032517" lon="37.857135"><ele>175.8</ele><time>2026-07-09T17:32:17Z</time><extensions><gpxtpx:TrackPointExtension><gpxtpx:hr>130</gpxtpx:hr></gpxtpx:TrackPointExtension></extensions></trkpt><trkpt lat="56.03254" lon="37.857147"><ele>175.8</ele><time>2026-07-09T17:32:18Z</time><extensions><gpxtpx:TrackPointExtension><gpxtpx:hr>130</gpxtpx:hr></gpxtpx:TrackPointExtension></extensions></trkpt><trkpt lat="56.032562" lon="37.857162"><ele>176.0</ele><time>2026-07-09T17:32:19Z</time><extensions><gpxtpx:TrackPointExtension><gpxtpx:hr>131</gpxtpx:hr></gpxtpx:TrackPointExtension></extensions></trkpt><trkpt lat="56.03259" lon="37.857175"><ele>175.8</ele><time>2026-07-09T17:32:20Z</time><extensions><gpxtpx:TrackPointExtension><gpxtpx:hr>131</gpxtpx:hr></gpxtpx:TrackPointExtension></extensions></trkpt><trkpt lat="56.032617" lon="37.857187"><ele>175.8</ele><time>2026-07-09T17:32:21Z</time><extensions><gpxtpx:TrackPointExtension><gpxtpx:hr>131</gpxtpx:hr></gpxtpx:TrackPointExtension></extensions></trkpt><trkpt lat="56.032645" lon="37.857195"><ele>175.8</ele><time>2026-07-09T17:32:22Z</time><extensions><gpxtpx:TrackPointExtension><gpxtpx:hr>131</gpxtpx:hr></gpxtpx:TrackPointExtension></extensions></trkpt><trkpt lat="56.032675" lon="37.857202"><ele>175.8</ele><time>2026-07-09T17:32:23Z</time><extensions><gpxtpx:TrackPointExtension><gpxtpx:hr>132</gpxtpx:hr></gpxtpx:TrackPointExtension></extensions></trkpt><trkpt lat="56.032702" lon="37.85721"><ele>175.8</ele><time>2026-07-09T17:32:24Z</time><extensions><gpxtpx:TrackPointExtension><gpxtpx:hr>132</gpxtpx:hr></gpxtpx:TrackPointExtension></extensions></trkpt><trkpt lat="56.032727" lon="37.857218"><ele>175.8</ele><time>2026-07-09T17:32:25Z</time><extensions><gpxtpx:TrackPointExtension><gpxtpx:hr>132</gpxtpx:hr></gpxtpx:TrackPointExtension></extensions></trkpt><trkpt lat="56.032757" lon="37.857227"><ele>175.8</ele><time>2026-07-09T17:32:26Z</time><extensions><gpxtpx:TrackPointExtension><gpxtpx:hr>132</gpxtpx:hr></gpxtpx:TrackPointExtension></extensions></trkpt><trkpt lat="56.032783" lon="37.85724"><ele>175.6</ele><time>2026-07-09T17:32:27Z</time><extensions><gpxtpx:TrackPointExtension><gpxtpx:hr>131</gpxtpx:hr></gpxtpx:TrackPointExtension></extensions></trkpt><trkpt lat="56.032812" lon="37.85725"><ele>175.6</ele><time>2026-07-09T17:32:28Z</time><extensions><gpxtpx:TrackPointExtension><gpxtpx:hr>132</gpxtpx:hr></gpxtpx:TrackPointExtension></extensions></trkpt><trkpt lat="56.032837" lon="37.85726"><ele>175.6</ele><time>2026-07-09T17:32:29Z</time><extensions><gpxtpx:TrackPointExtension><gpxtpx:hr>132</gpxtpx:hr></gpxtpx:TrackPointExtension></extensions></trkpt><trkpt lat="56.03286" lon="37.857267"><ele>175.6</ele><time>2026-07-09T17:32:30Z</time><extensions><gpxtpx:TrackPointExtension><gpxtpx:hr>132</gpxtpx:hr></gpxtpx:TrackPointExtension></extensions></trkpt><trkpt lat="56.032882" lon="37.85728"><ele>175.6</ele><time>2026-07-09T17:32:31Z</time><extensions><gpxtpx:TrackPointExtension><gpxtpx:hr>132</gpxtpx:hr></gpxtpx:TrackPointExtension></extensions></trkpt><trkpt lat="56.032907" lon="37.857295"><ele>175.6</ele><time>2026-07-09T17:32:32Z</time><extensions><gpxtpx:TrackPointExtension><gpxtpx:hr>132</gpxtpx:hr></gpxtpx:TrackPointExtension></extensions></trkpt><trkpt lat="56.03293" lon="37.857307"><ele>175.4</ele><time>2026-07-09T17:32:33Z</time><extensions><gpxtpx:TrackPointExtension><gpxtpx:hr>132</gpxtpx:hr></gpxtpx:TrackPointExtension></extensions></trkpt><trkpt lat="56.032952" lon="37.85732"><ele>175.4</ele><time>2026-07-09T17:32:34Z</time><extensions><gpxtpx:TrackPointExtension><gpxtpx:hr>132</gpxtpx:hr></gpxtpx:TrackPointExtension></extensions></trkpt><trkpt lat="56.032977" lon="37.857332"><ele>175.4</ele><time>2026-07-09T17:32:35Z</time><extensions><gpxtpx:TrackPointExtension><gpxtpx:hr>132</gpxtpx:hr></gpxtpx:TrackPointExtension></extensions></trkpt><trkpt lat="56.033002" lon="37.857347"><ele>175.6</ele><time>2026-07-09T17:32:36Z</time><extensions><gpxtpx:TrackPointExtension><gpxtpx:hr>132</gpxtpx:hr></gpxtpx:TrackPointExtension></extensions></trkpt><trkpt lat="56.033025" lon="37.85736"><ele>175.4</ele><time>2026-07-09T17:32:37Z</time><extensions><gpxtpx:TrackPointExtension><gpxtpx:hr>132</gpxtpx:hr></gpxtpx:TrackPointExtension></extensions></trkpt><trkpt lat="56.03305" lon="37.857377"><ele>175.4</ele><time>2026-07-09T17:32:38Z</time><extensions><gpxtpx:TrackPointExtension><gpxtpx:hr>133</gpxtpx:hr></gpxtpx:TrackPointExtension></extensions></trkpt><trkpt lat="56.033075" lon="37.85739"><ele>175.4</ele><time>2026-07-09T17:32:39Z</time><extensions><gpxtpx:TrackPointExtension><gpxtpx:hr>133</gpxtpx:hr></gpxtpx:TrackPointExtension></extensions></trkpt><trkpt lat="56.033102" lon="37.8574"><ele>175.4</ele><time>2026-07-09T17:32:40Z</time><extensions><gpxtpx:TrackPointExtension><gpxtpx:hr>133</gpxtpx:hr></gpxtpx:TrackPointExtension></extensions></trkpt><trkpt lat="56.033127" lon="37.857412"><ele>175.4</ele><time>2026-07-09T17:32:41Z</time><extensions><gpxtpx:TrackPointExtension><gpxtpx:hr>133</gpxtpx:hr></gpxtpx:TrackPointExtension></extensions></trkpt><trkpt lat="56.033152" lon="37.857425"><ele>175.4</ele><time>2026-07-09T17:32:42Z</time><extensions><gpxtpx:TrackPointExtension><gpxtpx:hr>133</gpxtpx:hr></gpxtpx:TrackPointExtension></extensions></trkpt><trkpt lat="56.033177" lon="37.857437"><ele>175.2</ele><time>2026-07-09T17:32:43Z</time><extensions><gpxtpx:TrackPointExtension><gpxtpx:hr>134</gpxtpx:hr></gpxtpx:TrackPointExtension></extensions></trkpt><trkpt lat="56.0332" lon="37.857447"><ele>175.4</ele><time>2026-07-09T17:32:44Z</time><extensions><gpxtpx:TrackPointExtension><gpxtpx:hr>134</gpxtpx:hr></gpxtpx:TrackPointExtension></extensions></trkpt><trkpt lat="56.033222" lon="37.857457"><ele>175.4</ele><time>2026-07-09T17:32:45Z</time><extensions><gpxtpx:TrackPointExtension><gpxtpx:hr>134</gpxtpx:hr></gpxtpx:TrackPointExtension></extensions></trkpt><trkpt lat="56.03325" lon="37.85747"><ele>175.4</ele><time>2026-07-09T17:32:46Z</time><extensions><gpxtpx:TrackPointExtension><gpxtpx:hr>133</gpxtpx:hr></gpxtpx:TrackPointExtension></extensions></trkpt><trkpt lat="56.033275" lon="37.85749"><ele>175.4</ele><time>2026-07-09T17:32:47Z</time><extensions><gpxtpx:TrackPointExtension><gpxtpx:hr>133</gpxtpx:hr></gpxtpx:TrackPointExtension></extensions></trkpt><trkpt lat="56.033297" lon="37.857507"><ele>175.4</ele><time>2026-07-09T17:32:48Z</time><extensions><gpxtpx:TrackPointExtension><gpxtpx:hr>133</gpxtpx:hr></gpxtpx:TrackPointExtension></extensions></trkpt><trkpt lat="56.033322" lon="37.85752"><ele>175.4</ele><time>2026-07-09T17:32:49Z</time><extensions><gpxtpx:TrackPointExtension><gpxtpx:hr>133</gpxtpx:hr></gpxtpx:TrackPointExtension></extensions></trkpt><trkpt lat="56.033342" lon="37.857532"><ele>175.4</ele><time>2026-07-09T17:32:50Z</time><extensions><gpxtpx:TrackPointExtension><gpxtpx:hr>133</gpxtpx:hr></gpxtpx:TrackPointExtension></extensions></trkpt><trkpt lat="56.033365" lon="37.85754"><ele>175.4</ele><time>2026-07-09T17:32:51Z</time><extensions><gpxtpx:TrackPointExtension><gpxtpx:hr>133</gpxtpx:hr></gpxtpx:TrackPointExtension></extensions></trkpt><trkpt lat="56.033388" lon="37.85755"><ele>175.4</ele><time>2026-07-09T17:32:52Z</time><extensions><gpxtpx:TrackPointExtension><gpxtpx:hr>133</gpxtpx:hr></gpxtpx:TrackPointExtension></extensions></trkpt><trkpt lat="56.033412" lon="37.85756"><ele>175.4</ele><time>2026-07-09T17:32:53Z</time><extensions><gpxtpx:TrackPointExtension><gpxtpx:hr>132</gpxtpx:hr></gpxtpx:TrackPointExtension></extensions></trkpt><trkpt lat="56.033435" lon="37.85757"><ele>175.4</ele><time>2026-07-09T17:32:54Z</time><extensions><gpxtpx:TrackPointExtension><gpxtpx:hr>133</gpxtpx:hr></gpxtpx:TrackPointExtension></extensions></trkpt><trkpt lat="56.033458" lon="37.857582"><ele>175.4</ele><time>2026-07-09T17:32:55Z</time><extensions><gpxtpx:TrackPointExtension><gpxtpx:hr>133</gpxtpx:hr></gpxtpx:TrackPointExtension></extensions></trkpt><trkpt lat="56.033485" lon="37.857597"><ele>175.4</ele><time>2026-07-09T17:32:56Z</time><extensions><gpxtpx:TrackPointExtension><gpxtpx:hr>133</gpxtpx:hr></gpxtpx:TrackPointExtension></extensions></trkpt><trkpt lat="56.033507" lon="37.85761"><ele>175.4</ele><time>2026-07-09T17:32:57Z</time><extensions><gpxtpx:TrackPointExtension><gpxtpx:hr>134</gpxtpx:hr></gpxtpx:TrackPointExtension></extensions></trkpt><trkpt lat="56.03353" lon="37.857622"><ele>175.4</ele><time>2026-07-09T17:32:58Z</time><extensions><gpxtpx:TrackPointExtension><gpxtpx:hr>134</gpxtpx:hr></gpxtpx:TrackPointExtension></extensions></trkpt><trkpt lat="56.033552" lon="37.857627"><ele>175.4</ele><time>2026-07-09T17:32:59Z</time><extensions><gpxtpx:TrackPointExtension><gpxtpx:hr>136</gpxtpx:hr></gpxtpx:TrackPointExtension></extensions></trkpt><trkpt lat="56.033577" lon="37.85764"><ele>175.4</ele><time>2026-07-09T17:33:00Z</time><extensions><gpxtpx:TrackPointExtension><gpxtpx:hr>136</gpxtpx:hr></gpxtpx:TrackPointExtension></extensions></trkpt><trkpt lat="56.033607" lon="37.857657"><ele>175.4</ele><time>2026-07-09T17:33:01Z</time><extensions><gpxtpx:TrackPointExtension><gpxtpx:hr>136</gpxtpx:hr></gpxtpx:TrackPointExtension></extensions></trkpt><trkpt lat="56.03363" lon="37.857672"><ele>175.4</ele><time>2026-07-09T17:33:02Z</time><extensions><gpxtpx:TrackPointExtension><gpxtpx:hr>135</gpxtpx:hr></gpxtpx:TrackPointExtension></extensions></trkpt><trkpt lat="56.033652" lon="37.857682"><ele>175.2</ele><time>2026-07-09T17:33:03Z</time><extensions><gpxtpx:TrackPointExtension><gpxtpx:hr>135</gpxtpx:hr></gpxtpx:TrackPointExtension></extensions></trkpt><trkpt lat="56.03368" lon="37.857692"><ele>175.2</ele><time>2026-07-09T17:33:04Z</time><extensions><gpxtpx:TrackPointExtension><gpxtpx:hr>134</gpxtpx:hr></gpxtpx:TrackPointExtension></extensions></trkpt><trkpt lat="56.033707" lon="37.8577"><ele>175.2</ele><time>2026-07-09T17:33:05Z</time><extensions><gpxtpx:TrackPointExtension><gpxtpx:hr>134</gpxtpx:hr></gpxtpx:TrackPointExtension></extensions></trkpt><trkpt lat="56.033737" lon="37.857707"><ele>175.2</ele><time>2026-07-09T17:33:06Z</time><extensions><gpxtpx:TrackPointExtension><gpxtpx:hr>134</gpxtpx:hr></gpxtpx:TrackPointExtension></extensions></trkpt><trkpt lat="56.033762" lon="37.857712"><ele>175.2</ele><time>2026-07-09T17:33:07Z</time><extensions><gpxtpx:TrackPointExtension><gpxtpx:hr>135</gpxtpx:hr></gpxtpx:TrackPointExtension></extensions></trkpt><trkpt lat="56.033787" lon="37.857725"><ele>175.2</ele><time>2026-07-09T17:33:08Z</time><extensions><gpxtpx:TrackPointExtension><gpxtpx:hr>135</gpxtpx:hr></gpxtpx:TrackPointExtension></extensions></trkpt><trkpt lat="56.033815" lon="37.857735"><ele>175.2</ele><time>2026-07-09T17:33:09Z</time><extensions><gpxtpx:TrackPointExtension><gpxtpx:hr>135</gpxtpx:hr></gpxtpx:TrackPointExtension></extensions></trkpt><trkpt lat="56.033842" lon="37.857742"><ele>175.2</ele><time>2026-07-09T17:33:10Z</time><extensions><gpxtpx:TrackPointExtension><gpxtpx:hr>135</gpxtpx:hr></gpxtpx:TrackPointExtension></extensions></trkpt><trkpt lat="56.033867" lon="37.857757"><ele>175.2</ele><time>2026-07-09T17:33:11Z</time><extensions><gpxtpx:TrackPointExtension><gpxtpx:hr>136</gpxtpx:hr></gpxtpx:TrackPointExtension></extensions></trkpt><trkpt lat="56.033892" lon="37.857765"><ele>175.2</ele><time>2026-07-09T17:33:12Z</time><extensions><gpxtpx:TrackPointExtension><gpxtpx:hr>136</gpxtpx:hr></gpxtpx:TrackPointExtension></extensions></trkpt><trkpt lat="56.033917" lon="37.857777"><ele>175.2</ele><time>2026-07-09T17:33:13Z</time><extensions><gpxtpx:TrackPointExtension><gpxtpx:hr>135</gpxtpx:hr></gpxtpx:TrackPointExtension></extensions></trkpt><trkpt lat="56.03394" lon="37.857792"><ele>175.2</ele><time>2026-07-09T17:33:14Z</time><extensions><gpxtpx:TrackPointExtension><gpxtpx:hr>135</gpxtpx:hr></gpxtpx:TrackPointExtension></extensions></trkpt><trkpt lat="56.033962" lon="37.857802"><ele>175.2</ele><time>2026-07-09T17:33:15Z</time><extensions><gpxtpx:TrackPointExtension><gpxtpx:hr>135</gpxtpx:hr></gpxtpx:TrackPointExtension></extensions></trkpt><trkpt lat="56.033982" lon="37.857812"><ele>175.2</ele><time>2026-07-09T17:33:16Z</time><extensions><gpxtpx:TrackPointExtension><gpxtpx:hr>135</gpxtpx:hr></gpxtpx:TrackPointExtension></extensions></trkpt><trkpt lat="56.034007" lon="37.857822"><ele>175.2</ele><time>2026-07-09T17:33:17Z</time><extensions><gpxtpx:TrackPointExtension><gpxtpx:hr>136</gpxtpx:hr></gpxtpx:TrackPointExtension></extensions></trkpt><trkpt lat="56.034027" lon="37.85783"><ele>175.4</ele><time>2026-07-09T17:33:18Z</time><extensions><gpxtpx:TrackPointExtension><gpxtpx:hr>136</gpxtpx:hr></gpxtpx:TrackPointExtension></extensions></trkpt><trkpt lat="56.034052" lon="37.857842"><ele>175.4</ele><time>2026-07-09T17:33:19Z</time><extensions><gpxtpx:TrackPointExtension><gpxtpx:hr>135</gpxtpx:hr></gpxtpx:TrackPointExtension></extensions></trkpt><trkpt lat="56.03408" lon="37.857852"><ele>175.4</ele><time>2026-07-09T17:33:20Z</time><extensions><gpxtpx:TrackPointExtension><gpxtpx:hr>135</gpxtpx:hr></gpxtpx:TrackPointExtension></extensions></trkpt><trkpt lat="56.034107" lon="37.857862"><ele>175.4</ele><time>2026-07-09T17:33:21Z</time><extensions><gpxtpx:TrackPointExtension><gpxtpx:hr>135</gpxtpx:hr></gpxtpx:TrackPointExtension></extensions></trkpt><trkpt lat="56.034132" lon="37.857872"><ele>175.2</ele><time>2026-07-09T17:33:22Z</time><extensions><gpxtpx:TrackPointExtension><gpxtpx:hr>134</gpxtpx:hr></gpxtpx:TrackPointExtension></extensions></trkpt><trkpt lat="56.034157" lon="37.857882"><ele>175.2</ele><time>2026-07-09T17:33:23Z</time><extensions><gpxtpx:TrackPointExtension><gpxtpx:hr>134</gpxtpx:hr></gpxtpx:TrackPointExtension></extensions></trkpt><trkpt lat="56.034182" lon="37.857895"><ele>175.2</ele><time>2026-07-09T17:33:24Z</time><extensions><gpxtpx:TrackPointExtension><gpxtpx:hr>134</gpxtpx:hr></gpxtpx:TrackPointExtension></extensions></trkpt><trkpt lat="56.034207" lon="37.857907"><ele>175.2</ele><time>2026-07-09T17:33:25Z</time><extensions><gpxtpx:TrackPointExtension><gpxtpx:hr>134</gpxtpx:hr></gpxtpx:TrackPointExtension></extensions></trkpt><trkpt lat="56.034232" lon="37.857917"><ele>175.2</ele><time>2026-07-09T17:33:26Z</time><extensions><gpxtpx:TrackPointExtension><gpxtpx:hr>134</gpxtpx:hr></gpxtpx:TrackPointExtension></extensions></trkpt><trkpt lat="56.034257" lon="37.857925"><ele>175.2</ele><time>2026-07-09T17:33:27Z</time><extensions><gpxtpx:TrackPointExtension><gpxtpx:hr>135</gpxtpx:hr></gpxtpx:TrackPointExtension></extensions></trkpt><trkpt lat="56.034287" lon="37.85793"><ele>175.2</ele><time>2026-07-09T17:33:28Z</time><extensions><gpxtpx:TrackPointExtension><gpxtpx:hr>135</gpxtpx:hr></gpxtpx:TrackPointExtension></extensions></trkpt><trkpt lat="56.034317" lon="37.857935"><ele>175.2</ele><time>2026-07-09T17:33:29Z</time><extensions><gpxtpx:TrackPointExtension><gpxtpx:hr>135</gpxtpx:hr></gpxtpx:TrackPointExtension></extensions></trkpt><trkpt lat="56.034342" lon="37.857937"><ele>175.2</ele><time>2026-07-09T17:33:30Z</time><extensions><gpxtpx:TrackPointExtension><gpxtpx:hr>136</gpxtpx:hr></gpxtpx:TrackPointExtension></extensions></trkpt><trkpt lat="56.03437" lon="37.857945"><ele>175.2</ele><time>2026-07-09T17:33:31Z</time><extensions><gpxtpx:TrackPointExtension><gpxtpx:hr>135</gpxtpx:hr></gpxtpx:TrackPointExtension></extensions></trkpt><trkpt lat="56.034397" lon="37.857952"><ele>175.2</ele><time>2026-07-09T17:33:32Z</time><extensions><gpxtpx:TrackPointExtension><gpxtpx:hr>135</gpxtpx:hr></gpxtpx:TrackPointExtension></extensions></trkpt><trkpt lat="56.034422" lon="37.85797"><ele>175.2</ele><time>2026-07-09T17:33:33Z</time><extensions><gpxtpx:TrackPointExtension><gpxtpx:hr>134</gpxtpx:hr></gpxtpx:TrackPointExtension></extensions></trkpt><trkpt lat="56.034447" lon="37.857982"><ele>175.2</ele><time>2026-07-09T17:33:34Z</time><extensions><gpxtpx:TrackPointExtension><gpxtpx:hr>134</gpxtpx:hr></gpxtpx:TrackPointExtension></extensions></trkpt><trkpt lat="56.034467" lon="37.857997"><ele>175.2</ele><time>2026-07-09T17:33:35Z</time><extensions><gpxtpx:TrackPointExtension><gpxtpx:hr>134</gpxtpx:hr></gpxtpx:TrackPointExtension></extensions></trkpt><trkpt lat="56.034492" lon="37.858012"><ele>175.2</ele><time>2026-07-09T17:33:36Z</time><extensions><gpxtpx:TrackPointExtension><gpxtpx:hr>134</gpxtpx:hr></gpxtpx:TrackPointExtension></extensions></trkpt><trkpt lat="56.034517" lon="37.85802"><ele>175.2</ele><time>2026-07-09T17:33:37Z</time><extensions><gpxtpx:TrackPointExtension><gpxtpx:hr>134</gpxtpx:hr></gpxtpx:TrackPointExtension></extensions></trkpt><trkpt lat="56.034542" lon="37.85803"><ele>175.2</ele><time>2026-07-09T17:33:38Z</time><extensions><gpxtpx:TrackPointExtension><gpxtpx:hr>133</gpxtpx:hr></gpxtpx:TrackPointExtension></extensions></trkpt><trkpt lat="56.034565" lon="37.858037"><ele>175.2</ele><time>2026-07-09T17:33:39Z</time><extensions><gpxtpx:TrackPointExtension><gpxtpx:hr>133</gpxtpx:hr></gpxtpx:TrackPointExtension></extensions></trkpt><trkpt lat="56.03459" lon="37.85805"><ele>175.0</ele><time>2026-07-09T17:33:40Z</time><extensions><gpxtpx:TrackPointExtension><gpxtpx:hr>133</gpxtpx:hr></gpxtpx:TrackPointExtension></extensions></trkpt><trkpt lat="56.034617" lon="37.858065"><ele>175.2</ele><time>2026-07-09T17:33:41Z</time><extensions><gpxtpx:TrackPointExtension><gpxtpx:hr>133</gpxtpx:hr></gpxtpx:TrackPointExtension></extensions></trkpt><trkpt lat="56.034642" lon="37.858075"><ele>175.2</ele><time>2026-07-09T17:33:42Z</time><extensions><gpxtpx:TrackPointExtension><gpxtpx:hr>134</gpxtpx:hr></gpxtpx:TrackPointExtension></extensions></trkpt><trkpt lat="56.034667" lon="37.858082"><ele>175.2</ele><time>2026-07-09T17:33:43Z</time><extensions><gpxtpx:TrackPointExtension><gpxtpx:hr>134</gpxtpx:hr></gpxtpx:TrackPointExtension></extensions></trkpt><trkpt lat="56.034687" lon="37.858092"><ele>175.2</ele><time>2026-07-09T17:33:44Z</time><extensions><gpxtpx:TrackPointExtension><gpxtpx:hr>134</gpxtpx:hr></gpxtpx:TrackPointExtension></extensions></trkpt><trkpt lat="56.03471" lon="37.8581"><ele>175.4</ele><time>2026-07-09T17:33:45Z</time><extensions><gpxtpx:TrackPointExtension><gpxtpx:hr>134</gpxtpx:hr></gpxtpx:TrackPointExtension></extensions></trkpt><trkpt lat="56.034732" lon="37.858102"><ele>175.4</ele><time>2026-07-09T17:33:46Z</time><extensions><gpxtpx:TrackPointExtension><gpxtpx:hr>133</gpxtpx:hr></gpxtpx:TrackPointExtension></extensions></trkpt><trkpt lat="56.03476" lon="37.858115"><ele>175.4</ele><time>2026-07-09T17:33:47Z</time><extensions><gpxtpx:TrackPointExtension><gpxtpx:hr>133</gpxtpx:hr></gpxtpx:TrackPointExtension></extensions></trkpt><trkpt lat="56.034787" lon="37.858125"><ele>175.4</ele><time>2026-07-09T17:33:48Z</time><extensions><gpxtpx:TrackPointExtension><gpxtpx:hr>133</gpxtpx:hr></gpxtpx:TrackPointExtension></extensions></trkpt><trkpt lat="56.034817" lon="37.85814"><ele>175.4</ele><time>2026-07-09T17:33:49Z</time><extensions><gpxtpx:TrackPointExtension><gpxtpx:hr>132</gpxtpx:hr></gpxtpx:TrackPointExtension></extensions></trkpt><trkpt lat="56.034842" lon="37.85815"><ele>175.4</ele><time>2026-07-09T17:33:50Z</time><extensions><gpxtpx:TrackPointExtension><gpxtpx:hr>133</gpxtpx:hr></gpxtpx:TrackPointExtension></extensions></trkpt><trkpt lat="56.034865" lon="37.858157"><ele>175.2</ele><time>2026-07-09T17:33:51Z</time><extensions><gpxtpx:TrackPointExtension><gpxtpx:hr>133</gpxtpx:hr></gpxtpx:TrackPointExtension></extensions></trkpt><trkpt lat="56.034887" lon="37.858165"><ele>175.2</ele><time>2026-07-09T17:33:52Z</time><extensions><gpxtpx:TrackPointExtension><gpxtpx:hr>133</gpxtpx:hr></gpxtpx:TrackPointExtension></extensions></trkpt><trkpt lat="56.034907" lon="37.85818"><ele>175.2</ele><time>2026-07-09T17:33:53Z</time><extensions><gpxtpx:TrackPointExtension><gpxtpx:hr>134</gpxtpx:hr></gpxtpx:TrackPointExtension></extensions></trkpt><trkpt lat="56.034937" lon="37.85819"><ele>175.2</ele><time>2026-07-09T17:33:54Z</time><extensions><gpxtpx:TrackPointExtension><gpxtpx:hr>134</gpxtpx:hr></gpxtpx:TrackPointExtension></extensions></trkpt><trkpt lat="56.034957" lon="37.858202"><ele>175.2</ele><time>2026-07-09T17:33:55Z</time><extensions><gpxtpx:TrackPointExtension><gpxtpx:hr>135</gpxtpx:hr></gpxtpx:TrackPointExtension></extensions></trkpt><trkpt lat="56.034977" lon="37.85822"><ele>175.2</ele><time>2026-07-09T17:33:56Z</time><extensions><gpxtpx:TrackPointExtension><gpxtpx:hr>135</gpxtpx:hr></gpxtpx:TrackPointExtension></extensions></trkpt><trkpt lat="56.034997" lon="37.858237"><ele>175.2</ele><time>2026-07-09T17:33:57Z</time><extensions><gpxtpx:TrackPointExtension><gpxtpx:hr>136</gpxtpx:hr></gpxtpx:TrackPointExtension></extensions></trkpt><trkpt lat="56.035017" lon="37.858262"><ele>175.2</ele><time>2026-07-09T17:33:58Z</time><extensions><gpxtpx:TrackPointExtension><gpxtpx:hr>135</gpxtpx:hr></gpxtpx:TrackPointExtension></extensions></trkpt><trkpt lat="56.035037" lon="37.858282"><ele>175.2</ele><time>2026-07-09T17:33:59Z</time><extensions><gpxtpx:TrackPointExtension><gpxtpx:hr>135</gpxtpx:hr></gpxtpx:TrackPointExtension></extensions></trkpt><trkpt lat="56.035057" lon="37.858292"><ele>175.2</ele><time>2026-07-09T17:34:00Z</time><extensions><gpxtpx:TrackPointExtension><gpxtpx:hr>135</gpxtpx:hr></gpxtpx:TrackPointExtension></extensions></trkpt><trkpt lat="56.03508" lon="37.858302"><ele>175.2</ele><time>2026-07-09T17:34:01Z</time><extensions><gpxtpx:TrackPointExtension><gpxtpx:hr>134</gpxtpx:hr></gpxtpx:TrackPointExtension></extensions></trkpt><trkpt lat="56.035107" lon="37.858312"><ele>175.2</ele><time>2026-07-09T17:34:02Z</time><extensions><gpxtpx:TrackPointExtension><gpxtpx:hr>134</gpxtpx:hr></gpxtpx:TrackPointExtension></extensions></trkpt><trkpt lat="56.035132" lon="37.858327"><ele>175.2</ele><time>2026-07-09T17:34:03Z</time><extensions><gpxtpx:TrackPointExtension><gpxtpx:hr>134</gpxtpx:hr></gpxtpx:TrackPointExtension></extensions></trkpt><trkpt lat="56.035152" lon="37.858345"><ele>175.2</ele><time>2026-07-09T17:34:04Z</time><extensions><gpxtpx:TrackPointExtension><gpxtpx:hr>135</gpxtpx:hr></gpxtpx:TrackPointExtension></extensions></trkpt><trkpt lat="56.035177" lon="37.858358"><ele>175.2</ele><time>2026-07-09T17:34:05Z</time><extensions><gpxtpx:TrackPointExtension><gpxtpx:hr>135</gpxtpx:hr></gpxtpx:TrackPointExtension></extensions></trkpt><trkpt lat="56.0352" lon="37.858372"><ele>175.4</ele><time>2026-07-09T17:34:06Z</time><extensions><gpxtpx:TrackPointExtension><gpxtpx:hr>134</gpxtpx:hr></gpxtpx:TrackPointExtension></extensions></trkpt><trkpt lat="56.035225" lon="37.858382"><ele>175.4</ele><time>2026-07-09T17:34:07Z</time><extensions><gpxtpx:TrackPointExtension><gpxtpx:hr>134</gpxtpx:hr></gpxtpx:TrackPointExtension></extensions></trkpt><trkpt lat="56.035247" lon="37.858397"><ele>175.4</ele><time>2026-07-09T17:34:08Z</time><extensions><gpxtpx:TrackPointExtension><gpxtpx:hr>134</gpxtpx:hr></gpxtpx:TrackPointExtension></extensions></trkpt><trkpt lat="56.035272" lon="37.858402"><ele>175.4</ele><time>2026-07-09T17:34:09Z</time><extensions><gpxtpx:TrackPointExtension><gpxtpx:hr>134</gpxtpx:hr></gpxtpx:TrackPointExtension></extensions></trkpt><trkpt lat="56.035292" lon="37.858412"><ele>175.6</ele><time>2026-07-09T17:34:10Z</time><extensions><gpxtpx:TrackPointExtension><gpxtpx:hr>134</gpxtpx:hr></gpxtpx:TrackPointExtension></extensions></trkpt><trkpt lat="56.035315" lon="37.858428"><ele>175.6</ele><time>2026-07-09T17:34:11Z</time><extensions><gpxtpx:TrackPointExtension><gpxtpx:hr>134</gpxtpx:hr></gpxtpx:TrackPointExtension></extensions></trkpt><trkpt lat="56.035335" lon="37.858442"><ele>175.6</ele><time>2026-07-09T17:34:12Z</time><extensions><gpxtpx:TrackPointExtension><gpxtpx:hr>134</gpxtpx:hr></gpxtpx:TrackPointExtension></extensions></trkpt><trkpt lat="56.035357" lon="37.85845"><ele>175.6</ele><time>2026-07-09T17:34:13Z</time><extensions><gpxtpx:TrackPointExtension><gpxtpx:hr>134</gpxtpx:hr></gpxtpx:TrackPointExtension></extensions></trkpt><trkpt lat="56.035382" lon="37.858447"><ele>175.4</ele><time>2026-07-09T17:34:14Z</time><extensions><gpxtpx:TrackPointExtension><gpxtpx:hr>133</gpxtpx:hr></gpxtpx:TrackPointExtension></extensions></trkpt><trkpt lat="56.035402" lon="37.85844"><ele>175.4</ele><time>2026-07-09T17:34:15Z</time><extensions><gpxtpx:TrackPointExtension><gpxtpx:hr>134</gpxtpx:hr></gpxtpx:TrackPointExtension></extensions></trkpt><trkpt lat="56.035422" lon="37.85845"><ele>175.4</ele><time>2026-07-09T17:34:16Z</time><extensions><gpxtpx:TrackPointExtension><gpxtpx:hr>134</gpxtpx:hr></gpxtpx:TrackPointExtension></extensions></trkpt><trkpt lat="56.03545" lon="37.858452"><ele>175.4</ele><time>2026-07-09T17:34:17Z</time><extensions><gpxtpx:TrackPointExtension><gpxtpx:hr>134</gpxtpx:hr></gpxtpx:TrackPointExtension></extensions></trkpt><trkpt lat="56.035477" lon="37.858462"><ele>175.4</ele><time>2026-07-09T17:34:18Z</time><extensions><gpxtpx:TrackPointExtension><gpxtpx:hr>134</gpxtpx:hr></gpxtpx:TrackPointExtension></extensions></trkpt><trkpt lat="56.035497" lon="37.858475"><ele>175.4</ele><time>2026-07-09T17:34:19Z</time><extensions><gpxtpx:TrackPointExtension><gpxtpx:hr>134</gpxtpx:hr></gpxtpx:TrackPointExtension></extensions></trkpt><trkpt lat="56.035517" lon="37.858487"><ele>175.6</ele><time>2026-07-09T17:34:20Z</time><extensions><gpxtpx:TrackPointExtension><gpxtpx:hr>134</gpxtpx:hr></gpxtpx:TrackPointExtension></extensions></trkpt><trkpt lat="56.035542" lon="37.858502"><ele>175.6</ele><time>2026-07-09T17:34:21Z</time><extensions><gpxtpx:TrackPointExtension><gpxtpx:hr>133</gpxtpx:hr></gpxtpx:TrackPointExtension></extensions></trkpt><trkpt lat="56.035562" lon="37.858517"><ele>175.4</ele><time>2026-07-09T17:34:22Z</time><extensions><gpxtpx:TrackPointExtension><gpxtpx:hr>133</gpxtpx:hr></gpxtpx:TrackPointExtension></extensions></trkpt><trkpt lat="56.035583" lon="37.85853"><ele>175.6</ele><time>2026-07-09T17:34:23Z</time><extensions><gpxtpx:TrackPointExtension><gpxtpx:hr>133</gpxtpx:hr></gpxtpx:TrackPointExtension></extensions></trkpt><trkpt lat="56.035607" lon="37.858542"><ele>175.6</ele><time>2026-07-09T17:34:24Z</time><extensions><gpxtpx:TrackPointExtension><gpxtpx:hr>132</gpxtpx:hr></gpxtpx:TrackPointExtension></extensions></trkpt><trkpt lat="56.035632" lon="37.858552"><ele>175.6</ele><time>2026-07-09T17:34:25Z</time><extensions><gpxtpx:TrackPointExtension><gpxtpx:hr>131</gpxtpx:hr></gpxtpx:TrackPointExtension></extensions></trkpt><trkpt lat="56.035652" lon="37.858552"><ele>175.6</ele><time>2026-07-09T17:34:26Z</time><extensions><gpxtpx:TrackPointExtension><gpxtpx:hr>132</gpxtpx:hr></gpxtpx:TrackPointExtension></extensions></trkpt><trkpt lat="56.035675" lon="37.858547"><ele>175.6</ele><time>2026-07-09T17:34:27Z</time><extensions><gpxtpx:TrackPointExtension><gpxtpx:hr>132</gpxtpx:hr></gpxtpx:TrackPointExtension></extensions></trkpt><trkpt lat="56.035697" lon="37.858542"><ele>175.8</ele><time>2026-07-09T17:34:28Z</time><extensions><gpxtpx:TrackPointExtension><gpxtpx:hr>132</gpxtpx:hr></gpxtpx:TrackPointExtension></extensions></trkpt><trkpt lat="56.035722" lon="37.858532"><ele>175.8</ele><time>2026-07-09T17:34:29Z</time><extensions><gpxtpx:TrackPointExtension><gpxtpx:hr>133</gpxtpx:hr></gpxtpx:TrackPointExtension></extensions></trkpt><trkpt lat="56.035747" lon="37.858527"><ele>175.8</ele><time>2026-07-09T17:34:30Z</time><extensions><gpxtpx:TrackPointExtension><gpxtpx:hr>133</gpxtpx:hr></gpxtpx:TrackPointExtension></extensions></trkpt><trkpt lat="56.03577" lon="37.858532"><ele>175.8</ele><time>2026-07-09T17:34:31Z</time><extensions><gpxtpx:TrackPointExtension><gpxtpx:hr>134</gpxtpx:hr></gpxtpx:TrackPointExtension></extensions></trkpt><trkpt lat="56.035795" lon="37.858537"><ele>175.8</ele><time>2026-07-09T17:34:32Z</time><extensions><gpxtpx:TrackPointExtension><gpxtpx:hr>134</gpxtpx:hr></gpxtpx:TrackPointExtension></extensions></trkpt><trkpt lat="56.035822" lon="37.85854"><ele>176.0</ele><time>2026-07-09T17:34:33Z</time><extensions><gpxtpx:TrackPointExtension><gpxtpx:hr>135</gpxtpx:hr></gpxtpx:TrackPointExtension></extensions></trkpt><trkpt lat="56.03585" lon="37.858537"><ele>176.0</ele><time>2026-07-09T17:34:34Z</time><extensions><gpxtpx:TrackPointExtension><gpxtpx:hr>136</gpxtpx:hr></gpxtpx:TrackPointExtension></extensions></trkpt><trkpt lat="56.035877" lon="37.858537"><ele>176.0</ele><time>2026-07-09T17:34:35Z</time><extensions><gpxtpx:TrackPointExtension><gpxtpx:hr>136</gpxtpx:hr></gpxtpx:TrackPointExtension></extensions></trkpt><trkpt lat="56.035902" lon="37.858542"><ele>175.8</ele><time>2026-07-09T17:34:36Z</time><extensions><gpxtpx:TrackPointExtension><gpxtpx:hr>136</gpxtpx:hr></gpxtpx:TrackPointExtension></extensions></trkpt><trkpt lat="56.035922" lon="37.85854"><ele>175.8</ele><time>2026-07-09T17:34:37Z</time><extensions><gpxtpx:TrackPointExtension><gpxtpx:hr>136</gpxtpx:hr></gpxtpx:TrackPointExtension></extensions></trkpt><trkpt lat="56.035947" lon="37.858545"><ele>175.8</ele><time>2026-07-09T17:34:38Z</time><extensions><gpxtpx:TrackPointExtension><gpxtpx:hr>136</gpxtpx:hr></gpxtpx:TrackPointExtension></extensions></trkpt><trkpt lat="56.035972" lon="37.858557"><ele>175.6</ele><time>2026-07-09T17:34:39Z</time><extensions><gpxtpx:TrackPointExtension><gpxtpx:hr>136</gpxtpx:hr></gpxtpx:TrackPointExtension></extensions></trkpt><trkpt lat="56.035992" lon="37.858567"><ele>175.6</ele><time>2026-07-09T17:34:40Z</time><extensions><gpxtpx:TrackPointExtension><gpxtpx:hr>137</gpxtpx:hr></gpxtpx:TrackPointExtension></extensions></trkpt><trkpt lat="56.03602" lon="37.85859"><ele>175.6</ele><time>2026-07-09T17:34:41Z</time><extensions><gpxtpx:TrackPointExtension><gpxtpx:hr>136</gpxtpx:hr></gpxtpx:TrackPointExtension></extensions></trkpt><trkpt lat="56.036042" lon="37.858615"><ele>175.6</ele><time>2026-07-09T17:34:42Z</time><extensions><gpxtpx:TrackPointExtension><gpxtpx:hr>136</gpxtpx:hr></gpxtpx:TrackPointExtension></extensions></trkpt><trkpt lat="56.03607" lon="37.858642"><ele>175.6</ele><time>2026-07-09T17:34:43Z</time><extensions><gpxtpx:TrackPointExtension><gpxtpx:hr>137</gpxtpx:hr></gpxtpx:TrackPointExtension></extensions></trkpt><trkpt lat="56.036095" lon="37.858665"><ele>175.4</ele><time>2026-07-09T17:34:44Z</time><extensions><gpxtpx:TrackPointExtension><gpxtpx:hr>137</gpxtpx:hr></gpxtpx:TrackPointExtension></extensions></trkpt><trkpt lat="56.036117" lon="37.858685"><ele>175.6</ele><time>2026-07-09T17:34:45Z</time><extensions><gpxtpx:TrackPointExtension><gpxtpx:hr>137</gpxtpx:hr></gpxtpx:TrackPointExtension></extensions></trkpt><trkpt lat="56.03614" lon="37.858707"><ele>175.6</ele><time>2026-07-09T17:34:46Z</time><extensions><gpxtpx:TrackPointExtension><gpxtpx:hr>136</gpxtpx:hr></gpxtpx:TrackPointExtension></extensions></trkpt><trkpt lat="56.036162" lon="37.858722"><ele>175.6</ele><time>2026-07-09T17:34:47Z</time><extensions><gpxtpx:TrackPointExtension><gpxtpx:hr>136</gpxtpx:hr></gpxtpx:TrackPointExtension></extensions></trkpt><trkpt lat="56.036187" lon="37.858738"><ele>175.6</ele><time>2026-07-09T17:34:48Z</time><extensions><gpxtpx:TrackPointExtension><gpxtpx:hr>136</gpxtpx:hr></gpxtpx:TrackPointExtension></extensions></trkpt><trkpt lat="56.03621" lon="37.858757"><ele>175.6</ele><time>2026-07-09T17:34:49Z</time><extensions><gpxtpx:TrackPointExtension><gpxtpx:hr>137</gpxtpx:hr></gpxtpx:TrackPointExtension></extensions></trkpt><trkpt lat="56.036235" lon="37.858765"><ele>175.6</ele><time>2026-07-09T17:34:50Z</time><extensions><gpxtpx:TrackPointExtension><gpxtpx:hr>137</gpxtpx:hr></gpxtpx:TrackPointExtension></extensions></trkpt><trkpt lat="56.036265" lon="37.858772"><ele>175.6</ele><time>2026-07-09T17:34:51Z</time><extensions><gpxtpx:TrackPointExtension><gpxtpx:hr>137</gpxtpx:hr></gpxtpx:TrackPointExtension></extensions></trkpt><trkpt lat="56.036292" lon="37.858777"><ele>175.6</ele><time>2026-07-09T17:34:52Z</time><extensions><gpxtpx:TrackPointExtension><gpxtpx:hr>137</gpxtpx:hr></gpxtpx:TrackPointExtension></extensions></trkpt><trkpt lat="56.03632" lon="37.858782"><ele>175.6</ele><time>2026-07-09T17:34:53Z</time><extensions><gpxtpx:TrackPointExtension><gpxtpx:hr>137</gpxtpx:hr></gpxtpx:TrackPointExtension></extensions></trkpt><trkpt lat="56.036347" lon="37.858787"><ele>175.6</ele><time>2026-07-09T17:34:54Z</time><extensions><gpxtpx:TrackPointExtension><gpxtpx:hr>138</gpxtpx:hr></gpxtpx:TrackPointExtension></extensions></trkpt><trkpt lat="56.036372" lon="37.858792"><ele>175.6</ele><time>2026-07-09T17:34:55Z</time><extensions><gpxtpx:TrackPointExtension><gpxtpx:hr>138</gpxtpx:hr></gpxtpx:TrackPointExtension></extensions></trkpt><trkpt lat="56.036402" lon="37.858797"><ele>175.6</ele><time>2026-07-09T17:34:56Z</time><extensions><gpxtpx:TrackPointExtension><gpxtpx:hr>138</gpxtpx:hr></gpxtpx:TrackPointExtension></extensions></trkpt><trkpt lat="56.03643" lon="37.858805"><ele>175.6</ele><time>2026-07-09T17:34:57Z</time><extensions><gpxtpx:TrackPointExtension><gpxtpx:hr>138</gpxtpx:hr></gpxtpx:TrackPointExtension></extensions></trkpt><trkpt lat="56.036457" lon="37.858815"><ele>175.6</ele><time>2026-07-09T17:34:58Z</time><extensions><gpxtpx:TrackPointExtension><gpxtpx:hr>138</gpxtpx:hr></gpxtpx:TrackPointExtension></extensions></trkpt><trkpt lat="56.036487" lon="37.858822"><ele>175.6</ele><time>2026-07-09T17:34:59Z</time><extensions><gpxtpx:TrackPointExtension><gpxtpx:hr>138</gpxtpx:hr></gpxtpx:TrackPointExtension></extensions></trkpt><trkpt lat="56.036512" lon="37.858827"><ele>175.6</ele><time>2026-07-09T17:35:00Z</time><extensions><gpxtpx:TrackPointExtension><gpxtpx:hr>137</gpxtpx:hr></gpxtpx:TrackPointExtension></extensions></trkpt><trkpt lat="56.036537" lon="37.858837"><ele>175.6</ele><time>2026-07-09T17:35:01Z</time><extensions><gpxtpx:TrackPointExtension><gpxtpx:hr>137</gpxtpx:hr></gpxtpx:TrackPointExtension></extensions></trkpt><trkpt lat="56.036562" lon="37.858847"><ele>175.6</ele><time>2026-07-09T17:35:02Z</time><extensions><gpxtpx:TrackPointExtension><gpxtpx:hr>137</gpxtpx:hr></gpxtpx:TrackPointExtension></extensions></trkpt><trkpt lat="56.036585" lon="37.858857"><ele>175.6</ele><time>2026-07-09T17:35:03Z</time><extensions><gpxtpx:TrackPointExtension><gpxtpx:hr>137</gpxtpx:hr></gpxtpx:TrackPointExtension></extensions></trkpt><trkpt lat="56.036605" lon="37.858867"><ele>175.6</ele><time>2026-07-09T17:35:04Z</time><extensions><gpxtpx:TrackPointExtension><gpxtpx:hr>136</gpxtpx:hr></gpxtpx:TrackPointExtension></extensions></trkpt><trkpt lat="56.036627" lon="37.858875"><ele>175.6</ele><time>2026-07-09T17:35:05Z</time><extensions><gpxtpx:TrackPointExtension><gpxtpx:hr>136</gpxtpx:hr></gpxtpx:TrackPointExtension></extensions></trkpt><trkpt lat="56.03665" lon="37.858882"><ele>175.6</ele><time>2026-07-09T17:35:06Z</time><extensions><gpxtpx:TrackPointExtension><gpxtpx:hr>136</gpxtpx:hr></gpxtpx:TrackPointExtension></extensions></trkpt><trkpt lat="56.036672" lon="37.858887"><ele>175.6</ele><time>2026-07-09T17:35:07Z</time><extensions><gpxtpx:TrackPointExtension><gpxtpx:hr>136</gpxtpx:hr></gpxtpx:TrackPointExtension></extensions></trkpt><trkpt lat="56.036697" lon="37.858902"><ele>175.6</ele><time>2026-07-09T17:35:08Z</time><extensions><gpxtpx:TrackPointExtension><gpxtpx:hr>136</gpxtpx:hr></gpxtpx:TrackPointExtension></extensions></trkpt><trkpt lat="56.036723" lon="37.85892"><ele>175.6</ele><time>2026-07-09T17:35:09Z</time><extensions><gpxtpx:TrackPointExtension><gpxtpx:hr>136</gpxtpx:hr></gpxtpx:TrackPointExtension></extensions></trkpt><trkpt lat="56.036745" lon="37.858935"><ele>175.4</ele><time>2026-07-09T17:35:10Z</time><extensions><gpxtpx:TrackPointExtension><gpxtpx:hr>136</gpxtpx:hr></gpxtpx:TrackPointExtension></extensions></trkpt><trkpt lat="56.036767" lon="37.858945"><ele>175.4</ele><time>2026-07-09T17:35:11Z</time><extensions><gpxtpx:TrackPointExtension><gpxtpx:hr>136</gpxtpx:hr></gpxtpx:TrackPointExtension></extensions></trkpt><trkpt lat="56.036792" lon="37.858957"><ele>175.4</ele><time>2026-07-09T17:35:12Z</time><extensions><gpxtpx:TrackPointExtension><gpxtpx:hr>137</gpxtpx:hr></gpxtpx:TrackPointExtension></extensions></trkpt><trkpt lat="56.036817" lon="37.858967"><ele>175.4</ele><time>2026-07-09T17:35:13Z</time><extensions><gpxtpx:TrackPointExtension><gpxtpx:hr>137</gpxtpx:hr></gpxtpx:TrackPointExtension></extensions></trkpt><trkpt lat="56.036837" lon="37.858982"><ele>175.4</ele><time>2026-07-09T17:35:14Z</time><extensions><gpxtpx:TrackPointExtension><gpxtpx:hr>137</gpxtpx:hr></gpxtpx:TrackPointExtension></extensions></trkpt><trkpt lat="56.036862" lon="37.859"><ele>175.4</ele><time>2026-07-09T17:35:15Z</time><extensions><gpxtpx:TrackPointExtension><gpxtpx:hr>137</gpxtpx:hr></gpxtpx:TrackPointExtension></extensions></trkpt><trkpt lat="56.036882" lon="37.859012"><ele>175.4</ele><time>2026-07-09T17:35:16Z</time><extensions><gpxtpx:TrackPointExtension><gpxtpx:hr>136</gpxtpx:hr></gpxtpx:TrackPointExtension></extensions></trkpt><trkpt lat="56.036905" lon="37.859027"><ele>175.2</ele><time>2026-07-09T17:35:17Z</time><extensions><gpxtpx:TrackPointExtension><gpxtpx:hr>136</gpxtpx:hr></gpxtpx:TrackPointExtension></extensions></trkpt><trkpt lat="56.036927" lon="37.859042"><ele>175.2</ele><time>2026-07-09T17:35:18Z</time><extensions><gpxtpx:TrackPointExtension><gpxtpx:hr>137</gpxtpx:hr></gpxtpx:TrackPointExtension></extensions></trkpt><trkpt lat="56.036957" lon="37.859057"><ele>175.2</ele><time>2026-07-09T17:35:19Z</time><extensions><gpxtpx:TrackPointExtension><gpxtpx:hr>137</gpxtpx:hr></gpxtpx:TrackPointExtension></extensions></trkpt><trkpt lat="56.036985" lon="37.859075"><ele>175.2</ele><time>2026-07-09T17:35:20Z</time><extensions><gpxtpx:TrackPointExtension><gpxtpx:hr>136</gpxtpx:hr></gpxtpx:TrackPointExtension></extensions></trkpt><trkpt lat="56.037012" lon="37.85909"><ele>175.2</ele><time>2026-07-09T17:35:21Z</time><extensions><gpxtpx:TrackPointExtension><gpxtpx:hr>136</gpxtpx:hr></gpxtpx:TrackPointExtension></extensions></trkpt><trkpt lat="56.037037" lon="37.859102"><ele>175.2</ele><time>2026-07-09T17:35:22Z</time><extensions><gpxtpx:TrackPointExtension><gpxtpx:hr>137</gpxtpx:hr></gpxtpx:TrackPointExtension></extensions></trkpt><trkpt lat="56.037062" lon="37.859107"><ele>175.2</ele><time>2026-07-09T17:35:23Z</time><extensions><gpxtpx:TrackPointExtension><gpxtpx:hr>137</gpxtpx:hr></gpxtpx:TrackPointExtension></extensions></trkpt><trkpt lat="56.037087" lon="37.859115"><ele>175.0</ele><time>2026-07-09T17:35:24Z</time><extensions><gpxtpx:TrackPointExtension><gpxtpx:hr>137</gpxtpx:hr></gpxtpx:TrackPointExtension></extensions></trkpt><trkpt lat="56.037112" lon="37.859125"><ele>175.0</ele><time>2026-07-09T17:35:25Z</time><extensions><gpxtpx:TrackPointExtension><gpxtpx:hr>137</gpxtpx:hr></gpxtpx:TrackPointExtension></extensions></trkpt><trkpt lat="56.037135" lon="37.859132"><ele>175.0</ele><time>2026-07-09T17:35:26Z</time><extensions><gpxtpx:TrackPointExtension><gpxtpx:hr>137</gpxtpx:hr></gpxtpx:TrackPointExtension></extensions></trkpt><trkpt lat="56.03716" lon="37.859142"><ele>175.0</ele><time>2026-07-09T17:35:27Z</time><extensions><gpxtpx:TrackPointExtension><gpxtpx:hr>137</gpxtpx:hr></gpxtpx:TrackPointExtension></extensions></trkpt><trkpt lat="56.037185" lon="37.859157"><ele>175.0</ele><time>2026-07-09T17:35:28Z</time><extensions><gpxtpx:TrackPointExtension><gpxtpx:hr>138</gpxtpx:hr></gpxtpx:TrackPointExtension></extensions></trkpt><trkpt lat="56.03721" lon="37.859167"><ele>175.0</ele><time>2026-07-09T17:35:29Z</time><extensions><gpxtpx:TrackPointExtension><gpxtpx:hr>138</gpxtpx:hr></gpxtpx:TrackPointExtension></extensions></trkpt><trkpt lat="56.037235" lon="37.85918"><ele>175.0</ele><time>2026-07-09T17:35:30Z</time><extensions><gpxtpx:TrackPointExtension><gpxtpx:hr>138</gpxtpx:hr></gpxtpx:TrackPointExtension></extensions></trkpt><trkpt lat="56.037257" lon="37.859195"><ele>175.0</ele><time>2026-07-09T17:35:31Z</time><extensions><gpxtpx:TrackPointExtension><gpxtpx:hr>138</gpxtpx:hr></gpxtpx:TrackPointExtension></extensions></trkpt><trkpt lat="56.037282" lon="37.859205"><ele>175.0</ele><time>2026-07-09T17:35:32Z</time><extensions><gpxtpx:TrackPointExtension><gpxtpx:hr>139</gpxtpx:hr></gpxtpx:TrackPointExtension></extensions></trkpt><trkpt lat="56.037305" lon="37.859212"><ele>175.0</ele><time>2026-07-09T17:35:33Z</time><extensions><gpxtpx:TrackPointExtension><gpxtpx:hr>139</gpxtpx:hr></gpxtpx:TrackPointExtension></extensions></trkpt><trkpt lat="56.037328" lon="37.859217"><ele>175.0</ele><time>2026-07-09T17:35:34Z</time><extensions><gpxtpx:TrackPointExtension><gpxtpx:hr>139</gpxtpx:hr></gpxtpx:TrackPointExtension></extensions></trkpt><trkpt lat="56.037357" lon="37.859225"><ele>175.0</ele><time>2026-07-09T17:35:35Z</time><extensions><gpxtpx:TrackPointExtension><gpxtpx:hr>139</gpxtpx:hr></gpxtpx:TrackPointExtension></extensions></trkpt><trkpt lat="56.037382" lon="37.859232"><ele>175.0</ele><time>2026-07-09T17:35:36Z</time><extensions><gpxtpx:TrackPointExtension><gpxtpx:hr>138</gpxtpx:hr></gpxtpx:TrackPointExtension></extensions></trkpt><trkpt lat="56.03741" lon="37.859235"><ele>175.2</ele><time>2026-07-09T17:35:37Z</time><extensions><gpxtpx:TrackPointExtension><gpxtpx:hr>138</gpxtpx:hr></gpxtpx:TrackPointExtension></extensions></trkpt><trkpt lat="56.037432" lon="37.859237"><ele>175.2</ele><time>2026-07-09T17:35:38Z</time><extensions><gpxtpx:TrackPointExtension><gpxtpx:hr>138</gpxtpx:hr></gpxtpx:TrackPointExtension></extensions></trkpt><trkpt lat="56.03746" lon="37.85924"><ele>175.2</ele><time>2026-07-09T17:35:39Z</time><extensions><gpxtpx:TrackPointExtension><gpxtpx:hr>138</gpxtpx:hr></gpxtpx:TrackPointExtension></extensions></trkpt><trkpt lat="56.037487" lon="37.859247"><ele>175.2</ele><time>2026-07-09T17:35:40Z</time><extensions><gpxtpx:TrackPointExtension><gpxtpx:hr>138</gpxtpx:hr></gpxtpx:TrackPointExtension></extensions></trkpt><trkpt lat="56.037512" lon="37.859257"><ele>175.2</ele><time>2026-07-09T17:35:41Z</time><extensions><gpxtpx:TrackPointExtension><gpxtpx:hr>138</gpxtpx:hr></gpxtpx:TrackPointExtension></extensions></trkpt><trkpt lat="56.03754" lon="37.859267"><ele>175.2</ele><time>2026-07-09T17:35:42Z</time><extensions><gpxtpx:TrackPointExtension><gpxtpx:hr>137</gpxtpx:hr></gpxtpx:TrackPointExtension></extensions></trkpt><trkpt lat="56.037565" lon="37.859273"><ele>175.2</ele><time>2026-07-09T17:35:43Z</time><extensions><gpxtpx:TrackPointExtension><gpxtpx:hr>137</gpxtpx:hr></gpxtpx:TrackPointExtension></extensions></trkpt><trkpt lat="56.037592" lon="37.859287"><ele>175.2</ele><time>2026-07-09T17:35:44Z</time><extensions><gpxtpx:TrackPointExtension><gpxtpx:hr>137</gpxtpx:hr></gpxtpx:TrackPointExtension></extensions></trkpt><trkpt lat="56.037617" lon="37.8593"><ele>175.2</ele><time>2026-07-09T17:35:45Z</time><extensions><gpxtpx:TrackPointExtension><gpxtpx:hr>137</gpxtpx:hr></gpxtpx:TrackPointExtension></extensions></trkpt><trkpt lat="56.03764" lon="37.859312"><ele>175.4</ele><time>2026-07-09T17:35:46Z</time><extensions><gpxtpx:TrackPointExtension><gpxtpx:hr>137</gpxtpx:hr></gpxtpx:TrackPointExtension></extensions></trkpt><trkpt lat="56.037662" lon="37.859325"><ele>175.4</ele><time>2026-07-09T17:35:47Z</time><extensions><gpxtpx:TrackPointExtension><gpxtpx:hr>137</gpxtpx:hr></gpxtpx:TrackPointExtension></extensions></trkpt><trkpt lat="56.03769" lon="37.859335"><ele>175.4</ele><time>2026-07-09T17:35:48Z</time><extensions><gpxtpx:TrackPointExtension><gpxtpx:hr>137</gpxtpx:hr></gpxtpx:TrackPointExtension></extensions></trkpt><trkpt lat="56.037712" lon="37.859347"><ele>175.4</ele><time>2026-07-09T17:35:49Z</time><extensions><gpxtpx:TrackPointExtension><gpxtpx:hr>137</gpxtpx:hr></gpxtpx:TrackPointExtension></extensions></trkpt><trkpt lat="56.037735" lon="37.859357"><ele>175.4</ele><time>2026-07-09T17:35:50Z</time><extensions><gpxtpx:TrackPointExtension><gpxtpx:hr>136</gpxtpx:hr></gpxtpx:TrackPointExtension></extensions></trkpt><trkpt lat="56.03776" lon="37.859362"><ele>175.2</ele><time>2026-07-09T17:35:51Z</time><extensions><gpxtpx:TrackPointExtension><gpxtpx:hr>136</gpxtpx:hr></gpxtpx:TrackPointExtension></extensions></trkpt><trkpt lat="56.037782" lon="37.859377"><ele>175.2</ele><time>2026-07-09T17:35:52Z</time><extensions><gpxtpx:TrackPointExtension><gpxtpx:hr>136</gpxtpx:hr></gpxtpx:TrackPointExtension></extensions></trkpt><trkpt lat="56.037807" lon="37.85939"><ele>175.2</ele><time>2026-07-09T17:35:53Z</time><extensions><gpxtpx:TrackPointExtension><gpxtpx:hr>136</gpxtpx:hr></gpxtpx:TrackPointExtension></extensions></trkpt><trkpt lat="56.037832" lon="37.859395"><ele>175.2</ele><time>2026-07-09T17:35:54Z</time><extensions><gpxtpx:TrackPointExtension><gpxtpx:hr>136</gpxtpx:hr></gpxtpx:TrackPointExtension></extensions></trkpt><trkpt lat="56.037857" lon="37.859402"><ele>175.2</ele><time>2026-07-09T17:35:55Z</time><extensions><gpxtpx:TrackPointExtension><gpxtpx:hr>136</gpxtpx:hr></gpxtpx:TrackPointExtension></extensions></trkpt><trkpt lat="56.037885" lon="37.859407"><ele>175.2</ele><time>2026-07-09T17:35:56Z</time><extensions><gpxtpx:TrackPointExtension><gpxtpx:hr>137</gpxtpx:hr></gpxtpx:TrackPointExtension></extensions></trkpt><trkpt lat="56.037912" lon="37.859413"><ele>175.4</ele><time>2026-07-09T17:35:57Z</time><extensions><gpxtpx:TrackPointExtension><gpxtpx:hr>137</gpxtpx:hr></gpxtpx:TrackPointExtension></extensions></trkpt><trkpt lat="56.037933" lon="37.859427"><ele>175.4</ele><time>2026-07-09T17:35:58Z</time><extensions><gpxtpx:TrackPointExtension><gpxtpx:hr>137</gpxtpx:hr></gpxtpx:TrackPointExtension></extensions></trkpt><trkpt lat="56.03796" lon="37.859442"><ele>175.4</ele><time>2026-07-09T17:35:59Z</time><extensions><gpxtpx:TrackPointExtension><gpxtpx:hr>137</gpxtpx:hr></gpxtpx:TrackPointExtension></extensions></trkpt><trkpt lat="56.037982" lon="37.859452"><ele>175.4</ele><time>2026-07-09T17:36:00Z</time><extensions><gpxtpx:TrackPointExtension><gpxtpx:hr>136</gpxtpx:hr></gpxtpx:TrackPointExtension></extensions></trkpt><trkpt lat="56.038003" lon="37.859472"><ele>175.4</ele><time>2026-07-09T17:36:01Z</time><extensions><gpxtpx:TrackPointExtension><gpxtpx:hr>136</gpxtpx:hr></gpxtpx:TrackPointExtension></extensions></trkpt><trkpt lat="56.03803" lon="37.85949"><ele>175.2</ele><time>2026-07-09T17:36:02Z</time><extensions><gpxtpx:TrackPointExtension><gpxtpx:hr>136</gpxtpx:hr></gpxtpx:TrackPointExtension></extensions></trkpt><trkpt lat="56.038055" lon="37.859505"><ele>175.2</ele><time>2026-07-09T17:36:03Z</time><extensions><gpxtpx:TrackPointExtension><gpxtpx:hr>137</gpxtpx:hr></gpxtpx:TrackPointExtension></extensions></trkpt><trkpt lat="56.038082" lon="37.859517"><ele>175.2</ele><time>2026-07-09T17:36:04Z</time><extensions><gpxtpx:TrackPointExtension><gpxtpx:hr>137</gpxtpx:hr></gpxtpx:TrackPointExtension></extensions></trkpt><trkpt lat="56.038107" lon="37.859532"><ele>175.2</ele><time>2026-07-09T17:36:05Z</time><extensions><gpxtpx:TrackPointExtension><gpxtpx:hr>137</gpxtpx:hr></gpxtpx:TrackPointExtension></extensions></trkpt><trkpt lat="56.03813" lon="37.859545"><ele>175.2</ele><time>2026-07-09T17:36:06Z</time><extensions><gpxtpx:TrackPointExtension><gpxtpx:hr>137</gpxtpx:hr></gpxtpx:TrackPointExtension></extensions></trkpt><trkpt lat="56.038152" lon="37.859552"><ele>175.2</ele><time>2026-07-09T17:36:07Z</time><extensions><gpxtpx:TrackPointExtension><gpxtpx:hr>137</gpxtpx:hr></gpxtpx:TrackPointExtension></extensions></trkpt><trkpt lat="56.038177" lon="37.859557"><ele>175.2</ele><time>2026-07-09T17:36:08Z</time><extensions><gpxtpx:TrackPointExtension><gpxtpx:hr>137</gpxtpx:hr></gpxtpx:TrackPointExtension></extensions></trkpt><trkpt lat="56.038205" lon="37.859565"><ele>175.2</ele><time>2026-07-09T17:36:09Z</time><extensions><gpxtpx:TrackPointExtension><gpxtpx:hr>137</gpxtpx:hr></gpxtpx:TrackPointExtension></extensions></trkpt><trkpt lat="56.03823" lon="37.859575"><ele>175.2</ele><time>2026-07-09T17:36:10Z</time><extensions><gpxtpx:TrackPointExtension><gpxtpx:hr>137</gpxtpx:hr></gpxtpx:TrackPointExtension></extensions></trkpt><trkpt lat="56.038257" lon="37.859582"><ele>175.2</ele><time>2026-07-09T17:36:11Z</time><extensions><gpxtpx:TrackPointExtension><gpxtpx:hr>138</gpxtpx:hr></gpxtpx:TrackPointExtension></extensions></trkpt><trkpt lat="56.038282" lon="37.859587"><ele>175.2</ele><time>2026-07-09T17:36:12Z</time><extensions><gpxtpx:TrackPointExtension><gpxtpx:hr>138</gpxtpx:hr></gpxtpx:TrackPointExtension></extensions></trkpt><trkpt lat="56.038305" lon="37.859597"><ele>175.2</ele><time>2026-07-09T17:36:13Z</time><extensions><gpxtpx:TrackPointExtension><gpxtpx:hr>137</gpxtpx:hr></gpxtpx:TrackPointExtension></extensions></trkpt><trkpt lat="56.038332" lon="37.859602"><ele>175.2</ele><time>2026-07-09T17:36:14Z</time><extensions><gpxtpx:TrackPointExtension><gpxtpx:hr>137</gpxtpx:hr></gpxtpx:TrackPointExtension></extensions></trkpt><trkpt lat="56.038355" lon="37.859605"><ele>175.2</ele><time>2026-07-09T17:36:15Z</time><extensions><gpxtpx:TrackPointExtension><gpxtpx:hr>137</gpxtpx:hr></gpxtpx:TrackPointExtension></extensions></trkpt><trkpt lat="56.038377" lon="37.859612"><ele>175.2</ele><time>2026-07-09T17:36:16Z</time><extensions><gpxtpx:TrackPointExtension><gpxtpx:hr>137</gpxtpx:hr></gpxtpx:TrackPointExtension></extensions></trkpt><trkpt lat="56.0384" lon="37.859622"><ele>175.2</ele><time>2026-07-09T17:36:17Z</time><extensions><gpxtpx:TrackPointExtension><gpxtpx:hr>138</gpxtpx:hr></gpxtpx:TrackPointExtension></extensions></trkpt><trkpt lat="56.038422" lon="37.859635"><ele>175.2</ele><time>2026-07-09T17:36:18Z</time><extensions><gpxtpx:TrackPointExtension><gpxtpx:hr>138</gpxtpx:hr></gpxtpx:TrackPointExtension></extensions></trkpt><trkpt lat="56.038442" lon="37.859642"><ele>175.0</ele><time>2026-07-09T17:36:19Z</time><extensions><gpxtpx:TrackPointExtension><gpxtpx:hr>138</gpxtpx:hr></gpxtpx:TrackPointExtension></extensions></trkpt><trkpt lat="56.038467" lon="37.859652"><ele>175.0</ele><time>2026-07-09T17:36:20Z</time><extensions><gpxtpx:TrackPointExtension><gpxtpx:hr>138</gpxtpx:hr></gpxtpx:TrackPointExtension></extensions></trkpt><trkpt lat="56.038492" lon="37.859667"><ele>175.2</ele><time>2026-07-09T17:36:21Z</time><extensions><gpxtpx:TrackPointExtension><gpxtpx:hr>138</gpxtpx:hr></gpxtpx:TrackPointExtension></extensions></trkpt><trkpt lat="56.038512" lon="37.859682"><ele>175.2</ele><time>2026-07-09T17:36:22Z</time><extensions><gpxtpx:TrackPointExtension><gpxtpx:hr>138</gpxtpx:hr></gpxtpx:TrackPointExtension></extensions></trkpt><trkpt lat="56.038538" lon="37.859697"><ele>175.0</ele><time>2026-07-09T17:36:23Z</time><extensions><gpxtpx:TrackPointExtension><gpxtpx:hr>139</gpxtpx:hr></gpxtpx:TrackPointExtension></extensions></trkpt><trkpt lat="56.038562" lon="37.859702"><ele>175.0</ele><time>2026-07-09T17:36:24Z</time><extensions><gpxtpx:TrackPointExtension><gpxtpx:hr>139</gpxtpx:hr></gpxtpx:TrackPointExtension></extensions></trkpt><trkpt lat="56.038587" lon="37.859707"><ele>175.0</ele><time>2026-07-09T17:36:25Z</time><extensions><gpxtpx:TrackPointExtension><gpxtpx:hr>139</gpxtpx:hr></gpxtpx:TrackPointExtension></extensions></trkpt><trkpt lat="56.038608" lon="37.859717"><ele>175.0</ele><time>2026-07-09T17:36:26Z</time><extensions><gpxtpx:TrackPointExtension><gpxtpx:hr>139</gpxtpx:hr></gpxtpx:TrackPointExtension></extensions></trkpt><trkpt lat="56.038635" lon="37.859727"><ele>175.2</ele><time>2026-07-09T17:36:27Z</time><extensions><gpxtpx:TrackPointExtension><gpxtpx:hr>139</gpxtpx:hr></gpxtpx:TrackPointExtension></extensions></trkpt><trkpt lat="56.03866" lon="37.859735"><ele>175.2</ele><time>2026-07-09T17:36:28Z</time><extensions><gpxtpx:TrackPointExtension><gpxtpx:hr>139</gpxtpx:hr></gpxtpx:TrackPointExtension></extensions></trkpt><trkpt lat="56.038682" lon="37.859742"><ele>175.2</ele><time>2026-07-09T17:36:29Z</time><extensions><gpxtpx:TrackPointExtension><gpxtpx:hr>138</gpxtpx:hr></gpxtpx:TrackPointExtension></extensions></trkpt><trkpt lat="56.038712" lon="37.859755"><ele>175.2</ele><time>2026-07-09T17:36:30Z</time><extensions><gpxtpx:TrackPointExtension><gpxtpx:hr>138</gpxtpx:hr></gpxtpx:TrackPointExtension></extensions></trkpt><trkpt lat="56.038737" lon="37.85977"><ele>175.2</ele><time>2026-07-09T17:36:31Z</time><extensions><gpxtpx:TrackPointExtension><gpxtpx:hr>138</gpxtpx:hr></gpxtpx:TrackPointExtension></extensions></trkpt><trkpt lat="56.038762" lon="37.859782"><ele>175.2</ele><time>2026-07-09T17:36:32Z</time><extensions><gpxtpx:TrackPointExtension><gpxtpx:hr>138</gpxtpx:hr></gpxtpx:TrackPointExtension></extensions></trkpt><trkpt lat="56.038787" lon="37.859792"><ele>175.2</ele><time>2026-07-09T17:36:33Z</time><extensions><gpxtpx:TrackPointExtension><gpxtpx:hr>138</gpxtpx:hr></gpxtpx:TrackPointExtension></extensions></trkpt><trkpt lat="56.03881" lon="37.859807"><ele>175.2</ele><time>2026-07-09T17:36:34Z</time><extensions><gpxtpx:TrackPointExtension><gpxtpx:hr>138</gpxtpx:hr></gpxtpx:TrackPointExtension></extensions></trkpt><trkpt lat="56.038837" lon="37.859825"><ele>175.2</ele><time>2026-07-09T17:36:35Z</time><extensions><gpxtpx:TrackPointExtension><gpxtpx:hr>138</gpxtpx:hr></gpxtpx:TrackPointExtension></extensions></trkpt><trkpt lat="56.038862" lon="37.859837"><ele>175.2</ele><time>2026-07-09T17:36:36Z</time><extensions><gpxtpx:TrackPointExtension><gpxtpx:hr>138</gpxtpx:hr></gpxtpx:TrackPointExtension></extensions></trkpt><trkpt lat="56.03889" lon="37.85985"><ele>175.2</ele><time>2026-07-09T17:36:37Z</time><extensions><gpxtpx:TrackPointExtension><gpxtpx:hr>139</gpxtpx:hr></gpxtpx:TrackPointExtension></extensions></trkpt><trkpt lat="56.038917" lon="37.859867"><ele>175.2</ele><time>2026-07-09T17:36:38Z</time><extensions><gpxtpx:TrackPointExtension><gpxtpx:hr>139</gpxtpx:hr></gpxtpx:TrackPointExtension></extensions></trkpt><trkpt lat="56.03894" lon="37.859882"><ele>175.2</ele><time>2026-07-09T17:36:39Z</time><extensions><gpxtpx:TrackPointExtension><gpxtpx:hr>139</gpxtpx:hr></gpxtpx:TrackPointExtension></extensions></trkpt><trkpt lat="56.038967" lon="37.859902"><ele>175.2</ele><time>2026-07-09T17:36:40Z</time><extensions><gpxtpx:TrackPointExtension><gpxtpx:hr>139</gpxtpx:hr></gpxtpx:TrackPointExtension></extensions></trkpt><trkpt lat="56.038992" lon="37.859925"><ele>175.2</ele><time>2026-07-09T17:36:41Z</time><extensions><gpxtpx:TrackPointExtension><gpxtpx:hr>139</gpxtpx:hr></gpxtpx:TrackPointExtension></extensions></trkpt><trkpt lat="56.039017" lon="37.85994"><ele>175.2</ele><time>2026-07-09T17:36:42Z</time><extensions><gpxtpx:TrackPointExtension><gpxtpx:hr>139</gpxtpx:hr></gpxtpx:TrackPointExtension></extensions></trkpt><trkpt lat="56.03904" lon="37.859948"><ele>175.2</ele><time>2026-07-09T17:36:43Z</time><extensions><gpxtpx:TrackPointExtension><gpxtpx:hr>141</gpxtpx:hr></gpxtpx:TrackPointExtension></extensions></trkpt><trkpt lat="56.039062" lon="37.859962"><ele>175.2</ele><time>2026-07-09T17:36:44Z</time><extensions><gpxtpx:TrackPointExtension><gpxtpx:hr>141</gpxtpx:hr></gpxtpx:TrackPointExtension></extensions></trkpt><trkpt lat="56.039082" lon="37.859972"><ele>175.2</ele><time>2026-07-09T17:36:45Z</time><extensions><gpxtpx:TrackPointExtension><gpxtpx:hr>141</gpxtpx:hr></gpxtpx:TrackPointExtension></extensions></trkpt><trkpt lat="56.039102" lon="37.859987"><ele>175.2</ele><time>2026-07-09T17:36:46Z</time><extensions><gpxtpx:TrackPointExtension><gpxtpx:hr>141</gpxtpx:hr></gpxtpx:TrackPointExtension></extensions></trkpt><trkpt lat="56.039125" lon="37.860002"><ele>175.2</ele><time>2026-07-09T17:36:47Z</time><extensions><gpxtpx:TrackPointExtension><gpxtpx:hr>141</gpxtpx:hr></gpxtpx:TrackPointExtension></extensions></trkpt><trkpt lat="56.039147" lon="37.860012"><ele>175.2</ele><time>2026-07-09T17:36:48Z</time><extensions><gpxtpx:TrackPointExtension><gpxtpx:hr>141</gpxtpx:hr></gpxtpx:TrackPointExtension></extensions></trkpt><trkpt lat="56.039175" lon="37.860022"><ele>175.2</ele><time>2026-07-09T17:36:49Z</time><extensions><gpxtpx:TrackPointExtension><gpxtpx:hr>140</gpxtpx:hr></gpxtpx:TrackPointExtension></extensions></trkpt><trkpt lat="56.039202" lon="37.860035"><ele>175.2</ele><time>2026-07-09T17:36:50Z</time><extensions><gpxtpx:TrackPointExtension><gpxtpx:hr>140</gpxtpx:hr></gpxtpx:TrackPointExtension></extensions></trkpt><trkpt lat="56.039227" lon="37.860047"><ele>175.2</ele><time>2026-07-09T17:36:51Z</time><extensions><gpxtpx:TrackPointExtension><gpxtpx:hr>140</gpxtpx:hr></gpxtpx:TrackPointExtension></extensions></trkpt><trkpt lat="56.039257" lon="37.86006"><ele>175.2</ele><time>2026-07-09T17:36:52Z</time><extensions><gpxtpx:TrackPointExtension><gpxtpx:hr>140</gpxtpx:hr></gpxtpx:TrackPointExtension></extensions></trkpt><trkpt lat="56.039282" lon="37.860077"><ele>175.2</ele><time>2026-07-09T17:36:53Z</time><extensions><gpxtpx:TrackPointExtension><gpxtpx:hr>140</gpxtpx:hr></gpxtpx:TrackPointExtension></extensions></trkpt><trkpt lat="56.039307" lon="37.860097"><ele>175.2</ele><time>2026-07-09T17:36:54Z</time><extensions><gpxtpx:TrackPointExtension><gpxtpx:hr>140</gpxtpx:hr></gpxtpx:TrackPointExtension></extensions></trkpt><trkpt lat="56.039335" lon="37.860117"><ele>175.2</ele><time>2026-07-09T17:36:55Z</time><extensions><gpxtpx:TrackPointExtension><gpxtpx:hr>141</gpxtpx:hr></gpxtpx:TrackPointExtension></extensions></trkpt><trkpt lat="56.039362" lon="37.860132"><ele>175.4</ele><time>2026-07-09T17:36:56Z</time><extensions><gpxtpx:TrackPointExtension><gpxtpx:hr>141</gpxtpx:hr></gpxtpx:TrackPointExtension></extensions></trkpt><trkpt lat="56.039387" lon="37.860145"><ele>175.4</ele><time>2026-07-09T17:36:57Z</time><extensions><gpxtpx:TrackPointExtension><gpxtpx:hr>142</gpxtpx:hr></gpxtpx:TrackPointExtension></extensions></trkpt><trkpt lat="56.039415" lon="37.860155"><ele>175.4</ele><time>2026-07-09T17:36:58Z</time><extensions><gpxtpx:TrackPointExtension><gpxtpx:hr>142</gpxtpx:hr></gpxtpx:TrackPointExtension></extensions></trkpt><trkpt lat="56.039445" lon="37.860157"><ele>175.2</ele><time>2026-07-09T17:36:59Z</time><extensions><gpxtpx:TrackPointExtension><gpxtpx:hr>141</gpxtpx:hr></gpxtpx:TrackPointExtension></extensions></trkpt><trkpt lat="56.039477" lon="37.86016"><ele>175.2</ele><time>2026-07-09T17:37:00Z</time><extensions><gpxtpx:TrackPointExtension><gpxtpx:hr>142</gpxtpx:hr></gpxtpx:TrackPointExtension></extensions></trkpt><trkpt lat="56.039505" lon="37.86014"><ele>175.2</ele><time>2026-07-09T17:37:01Z</time><extensions><gpxtpx:TrackPointExtension><gpxtpx:hr>143</gpxtpx:hr></gpxtpx:TrackPointExtension></extensions></trkpt><trkpt lat="56.03953" lon="37.860112"><ele>175.2</ele><time>2026-07-09T17:37:02Z</time><extensions><gpxtpx:TrackPointExtension><gpxtpx:hr>142</gpxtpx:hr></gpxtpx:TrackPointExtension></extensions></trkpt><trkpt lat="56.039545" lon="37.860077"><ele>175.2</ele><time>2026-07-09T17:37:03Z</time><extensions><gpxtpx:TrackPointExtension><gpxtpx:hr>141</gpxtpx:hr></gpxtpx:TrackPointExtension></extensions></trkpt><trkpt lat="56.039552" lon="37.860042"><ele>175.4</ele><time>2026-07-09T17:37:04Z</time><extensions><gpxtpx:TrackPointExtension><gpxtpx:hr>141</gpxtpx:hr></gpxtpx:TrackPointExtension></extensions></trkpt><trkpt lat="56.03956" lon="37.860007"><ele>175.4</ele><time>2026-07-09T17:37:05Z</time><extensions><gpxtpx:TrackPointExtension><gpxtpx:hr>141</gpxtpx:hr></gpxtpx:TrackPointExtension></extensions></trkpt><trkpt lat="56.039567" lon="37.859957"><ele>175.6</ele><time>2026-07-09T17:37:06Z</time><extensions><gpxtpx:TrackPointExtension><gpxtpx:hr>142</gpxtpx:hr></gpxtpx:TrackPointExtension></extensions></trkpt><trkpt lat="56.039572" lon="37.859915"><ele>175.6</ele><time>2026-07-09T17:37:07Z</time><extensions><gpxtpx:TrackPointExtension><gpxtpx:hr>142</gpxtpx:hr></gpxtpx:TrackPointExtension></extensions></trkpt><trkpt lat="56.039575" lon="37.859865"><ele>175.6</ele><time>2026-07-09T17:37:08Z</time><extensions><gpxtpx:TrackPointExtension><gpxtpx:hr>142</gpxtpx:hr></gpxtpx:TrackPointExtension></extensions></trkpt><trkpt lat="56.03958" lon="37.859822"><ele>175.6</ele><time>2026-07-09T17:37:09Z</time><extensions><gpxtpx:TrackPointExtension><gpxtpx:hr>141</gpxtpx:hr></gpxtpx:TrackPointExtension></extensions></trkpt><trkpt lat="56.039587" lon="37.859777"><ele>175.6</ele><time>2026-07-09T17:37:10Z</time><extensions><gpxtpx:TrackPointExtension><gpxtpx:hr>140</gpxtpx:hr></gpxtpx:TrackPointExtension></extensions></trkpt><trkpt lat="56.039592" lon="37.859722"><ele>175.6</ele><time>2026-07-09T17:37:11Z</time><extensions><gpxtpx:TrackPointExtension><gpxtpx:hr>139</gpxtpx:hr></gpxtpx:TrackPointExtension></extensions></trkpt><trkpt lat="56.0396" lon="37.859675"><ele>175.4</ele><time>2026-07-09T17:37:12Z</time><extensions><gpxtpx:TrackPointExtension><gpxtpx:hr>139</gpxtpx:hr></gpxtpx:TrackPointExtension></extensions></trkpt><trkpt lat="56.039612" lon="37.859622"><ele>175.4</ele><time>2026-07-09T17:37:13Z</time><extensions><gpxtpx:TrackPointExtension><gpxtpx:hr>139</gpxtpx:hr></gpxtpx:TrackPointExtension></extensions></trkpt><trkpt lat="56.039622" lon="37.859577"><ele>175.2</ele><time>2026-07-09T17:37:14Z</time><extensions><gpxtpx:TrackPointExtension><gpxtpx:hr>138</gpxtpx:hr></gpxtpx:TrackPointExtension></extensions></trkpt><trkpt lat="56.039627" lon="37.859535"><ele>175.2</ele><time>2026-07-09T17:37:15Z</time><extensions><gpxtpx:TrackPointExtension><gpxtpx:hr>138</gpxtpx:hr></gpxtpx:TrackPointExtension></extensions></trkpt><trkpt lat="56.039637" lon="37.859487"><ele>175.2</ele><time>2026-07-09T17:37:16Z</time><extensions><gpxtpx:TrackPointExtension><gpxtpx:hr>138</gpxtpx:hr></gpxtpx:TrackPointExtension></extensions></trkpt><trkpt lat="56.039647" lon="37.859447"><ele>175.2</ele><time>2026-07-09T17:37:17Z</time><extensions><gpxtpx:TrackPointExtension><gpxtpx:hr>138</gpxtpx:hr></gpxtpx:TrackPointExtension></extensions></trkpt><trkpt lat="56.039655" lon="37.8594"><ele>175.2</ele><time>2026-07-09T17:37:18Z</time><extensions><gpxtpx:TrackPointExtension><gpxtpx:hr>139</gpxtpx:hr></gpxtpx:TrackPointExtension></extensions></trkpt><trkpt lat="56.03966" lon="37.859347"><ele>175.2</ele><time>2026-07-09T17:37:19Z</time><extensions><gpxtpx:TrackPointExtension><gpxtpx:hr>139</gpxtpx:hr></gpxtpx:TrackPointExtension></extensions></trkpt><trkpt lat="56.039665" lon="37.859302"><ele>175.2</ele><time>2026-07-09T17:37:20Z</time><extensions><gpxtpx:TrackPointExtension><gpxtpx:hr>139</gpxtpx:hr></gpxtpx:TrackPointExtension></extensions></trkpt><trkpt lat="56.03967" lon="37.859257"><ele>175.2</ele><time>2026-07-09T17:37:21Z</time><extensions><gpxtpx:TrackPointExtension><gpxtpx:hr>139</gpxtpx:hr></gpxtpx:TrackPointExtension></extensions></trkpt><trkpt lat="56.039682" lon="37.859215"><ele>175.4</ele><time>2026-07-09T17:37:22Z</time><extensions><gpxtpx:TrackPointExtension><gpxtpx:hr>139</gpxtpx:hr></gpxtpx:TrackPointExtension></extensions></trkpt><trkpt lat="56.039692" lon="37.859167"><ele>175.4</ele><time>2026-07-09T17:37:23Z</time><extensions><gpxtpx:TrackPointExtension><gpxtpx:hr>139</gpxtpx:hr></gpxtpx:TrackPointExtension></extensions></trkpt><trkpt lat="56.039697" lon="37.859127"><ele>175.4</ele><time>2026-07-09T17:37:24Z</time><extensions><gpxtpx:TrackPointExtension><gpxtpx:hr>140</gpxtpx:hr></gpxtpx:TrackPointExtension></extensions></trkpt><trkpt lat="56.039705" lon="37.859082"><ele>175.4</ele><time>2026-07-09T17:37:25Z</time><extensions><gpxtpx:TrackPointExtension><gpxtpx:hr>140</gpxtpx:hr></gpxtpx:TrackPointExtension></extensions></trkpt><trkpt lat="56.03971" lon="37.859037"><ele>175.4</ele><time>2026-07-09T17:37:26Z</time><extensions><gpxtpx:TrackPointExtension><gpxtpx:hr>140</gpxtpx:hr></gpxtpx:TrackPointExtension></extensions></trkpt><trkpt lat="56.039717" lon="37.85899"><ele>175.4</ele><time>2026-07-09T17:37:27Z</time><extensions><gpxtpx:TrackPointExtension><gpxtpx:hr>139</gpxtpx:hr></gpxtpx:TrackPointExtension></extensions></trkpt><trkpt lat="56.039722" lon="37.858942"><ele>175.4</ele><time>2026-07-09T17:37:28Z</time><extensions><gpxtpx:TrackPointExtension><gpxtpx:hr>139</gpxtpx:hr></gpxtpx:TrackPointExtension></extensions></trkpt><trkpt lat="56.039727" lon="37.858897"><ele>175.4</ele><time>2026-07-09T17:37:29Z</time><extensions><gpxtpx:TrackPointExtension><gpxtpx:hr>139</gpxtpx:hr></gpxtpx:TrackPointExtension></extensions></trkpt><trkpt lat="56.039732" lon="37.858855"><ele>175.4</ele><time>2026-07-09T17:37:30Z</time><extensions><gpxtpx:TrackPointExtension><gpxtpx:hr>139</gpxtpx:hr></gpxtpx:TrackPointExtension></extensions></trkpt><trkpt lat="56.039742" lon="37.858812"><ele>175.2</ele><time>2026-07-09T17:37:31Z</time><extensions><gpxtpx:TrackPointExtension><gpxtpx:hr>138</gpxtpx:hr></gpxtpx:TrackPointExtension></extensions></trkpt><trkpt lat="56.039748" lon="37.858772"><ele>175.2</ele><time>2026-07-09T17:37:32Z</time><extensions><gpxtpx:TrackPointExtension><gpxtpx:hr>138</gpxtpx:hr></gpxtpx:TrackPointExtension></extensions></trkpt><trkpt lat="56.039757" lon="37.858732"><ele>175.2</ele><time>2026-07-09T17:37:33Z</time><extensions><gpxtpx:TrackPointExtension><gpxtpx:hr>138</gpxtpx:hr></gpxtpx:TrackPointExtension></extensions></trkpt><trkpt lat="56.039765" lon="37.858692"><ele>175.2</ele><time>2026-07-09T17:37:34Z</time><extensions><gpxtpx:TrackPointExtension><gpxtpx:hr>138</gpxtpx:hr></gpxtpx:TrackPointExtension></extensions></trkpt><trkpt lat="56.039772" lon="37.85865"><ele>175.0</ele><time>2026-07-09T17:37:35Z</time><extensions><gpxtpx:TrackPointExtension><gpxtpx:hr>138</gpxtpx:hr></gpxtpx:TrackPointExtension></extensions></trkpt><trkpt lat="56.039777" lon="37.85861"><ele>175.0</ele><time>2026-07-09T17:37:36Z</time><extensions><gpxtpx:TrackPointExtension><gpxtpx:hr>137</gpxtpx:hr></gpxtpx:TrackPointExtension></extensions></trkpt><trkpt lat="56.039785" lon="37.858572"><ele>175.0</ele><time>2026-07-09T17:37:37Z</time><extensions><gpxtpx:TrackPointExtension><gpxtpx:hr>137</gpxtpx:hr></gpxtpx:TrackPointExtension></extensions></trkpt><trkpt lat="56.039787" lon="37.858527"><ele>174.8</ele><time>2026-07-09T17:37:38Z</time><extensions><gpxtpx:TrackPointExtension><gpxtpx:hr>137</gpxtpx:hr></gpxtpx:TrackPointExtension></extensions></trkpt><trkpt lat="56.039792" lon="37.858487"><ele>174.8</ele><time>2026-07-09T17:37:39Z</time><extensions><gpxtpx:TrackPointExtension><gpxtpx:hr>137</gpxtpx:hr></gpxtpx:TrackPointExtension></extensions></trkpt><trkpt lat="56.039802" lon="37.858452"><ele>174.8</ele><time>2026-07-09T17:37:40Z</time><extensions><gpxtpx:TrackPointExtension><gpxtpx:hr>136</gpxtpx:hr></gpxtpx:TrackPointExtension></extensions></trkpt><trkpt lat="56.039812" lon="37.858407"><ele>174.8</ele><time>2026-07-09T17:37:41Z</time><extensions><gpxtpx:TrackPointExtension><gpxtpx:hr>136</gpxtpx:hr></gpxtpx:TrackPointExtension></extensions></trkpt><trkpt lat="56.039822" lon="37.858362"><ele>174.8</ele><time>2026-07-09T17:37:42Z</time><extensions><gpxtpx:TrackPointExtension><gpxtpx:hr>136</gpxtpx:hr></gpxtpx:TrackPointExtension></extensions></trkpt><trkpt lat="56.039832" lon="37.858317"><ele>174.8</ele><time>2026-07-09T17:37:43Z</time><extensions><gpxtpx:TrackPointExtension><gpxtpx:hr>136</gpxtpx:hr></gpxtpx:TrackPointExtension></extensions></trkpt><trkpt lat="56.03984" lon="37.858277"><ele>174.8</ele><time>2026-07-09T17:37:44Z</time><extensions><gpxtpx:TrackPointExtension><gpxtpx:hr>137</gpxtpx:hr></gpxtpx:TrackPointExtension></extensions></trkpt><trkpt lat="56.039847" lon="37.858242"><ele>174.8</ele><time>2026-07-09T17:37:45Z</time><extensions><gpxtpx:TrackPointExtension><gpxtpx:hr>137</gpxtpx:hr></gpxtpx:TrackPointExtension></extensions></trkpt><trkpt lat="56.039852" lon="37.858203"><ele>174.8</ele><time>2026-07-09T17:37:46Z</time><extensions><gpxtpx:TrackPointExtension><gpxtpx:hr>136</gpxtpx:hr></gpxtpx:TrackPointExtension></extensions></trkpt><trkpt lat="56.039857" lon="37.858162"><ele>174.8</ele><time>2026-07-09T17:37:47Z</time><extensions><gpxtpx:TrackPointExtension><gpxtpx:hr>137</gpxtpx:hr></gpxtpx:TrackPointExtension></extensions></trkpt><trkpt lat="56.039862" lon="37.858117"><ele>174.8</ele><time>2026-07-09T17:37:48Z</time><extensions><gpxtpx:TrackPointExtension><gpxtpx:hr>136</gpxtpx:hr></gpxtpx:TrackPointExtension></extensions></trkpt><trkpt lat="56.03987" lon="37.858077"><ele>174.8</ele><time>2026-07-09T17:37:49Z</time><extensions><gpxtpx:TrackPointExtension><gpxtpx:hr>136</gpxtpx:hr></gpxtpx:TrackPointExtension></extensions></trkpt><trkpt lat="56.039877" lon="37.858037"><ele>174.8</ele><time>2026-07-09T17:37:50Z</time><extensions><gpxtpx:TrackPointExtension><gpxtpx:hr>136</gpxtpx:hr></gpxtpx:TrackPointExtension></extensions></trkpt><trkpt lat="56.039885" lon="37.857992"><ele>174.8</ele><time>2026-07-09T17:37:51Z</time><extensions><gpxtpx:TrackPointExtension><gpxtpx:hr>136</gpxtpx:hr></gpxtpx:TrackPointExtension></extensions></trkpt><trkpt lat="56.039892" lon="37.857947"><ele>174.8</ele><time>2026-07-09T17:37:52Z</time><extensions><gpxtpx:TrackPointExtension><gpxtpx:hr>136</gpxtpx:hr></gpxtpx:TrackPointExtension></extensions></trkpt><trkpt lat="56.039897" lon="37.857912"><ele>174.8</ele><time>2026-07-09T17:37:53Z</time><extensions><gpxtpx:TrackPointExtension><gpxtpx:hr>136</gpxtpx:hr></gpxtpx:TrackPointExtension></extensions></trkpt><trkpt lat="56.0399" lon="37.857877"><ele>174.8</ele><time>2026-07-09T17:37:54Z</time><extensions><gpxtpx:TrackPointExtension><gpxtpx:hr>136</gpxtpx:hr></gpxtpx:TrackPointExtension></extensions></trkpt><trkpt lat="56.039907" lon="37.85784"><ele>174.6</ele><time>2026-07-09T17:37:55Z</time><extensions><gpxtpx:TrackPointExtension><gpxtpx:hr>136</gpxtpx:hr></gpxtpx:TrackPointExtension></extensions></trkpt><trkpt lat="56.039915" lon="37.8578"><ele>174.6</ele><time>2026-07-09T17:37:56Z</time><extensions><gpxtpx:TrackPointExtension><gpxtpx:hr>136</gpxtpx:hr></gpxtpx:TrackPointExtension></extensions></trkpt><trkpt lat="56.039922" lon="37.857765"><ele>174.6</ele><time>2026-07-09T17:37:57Z</time><extensions><gpxtpx:TrackPointExtension><gpxtpx:hr>136</gpxtpx:hr></gpxtpx:TrackPointExtension></extensions></trkpt><trkpt lat="56.039927" lon="37.857727"><ele>174.6</ele><time>2026-07-09T17:37:58Z</time><extensions><gpxtpx:TrackPointExtension><gpxtpx:hr>137</gpxtpx:hr></gpxtpx:TrackPointExtension></extensions></trkpt><trkpt lat="56.039932" lon="37.857682"><ele>174.6</ele><time>2026-07-09T17:37:59Z</time><extensions><gpxtpx:TrackPointExtension><gpxtpx:hr>136</gpxtpx:hr></gpxtpx:TrackPointExtension></extensions></trkpt><trkpt lat="56.039937" lon="37.857637"><ele>174.6</ele><time>2026-07-09T17:38:00Z</time><extensions><gpxtpx:TrackPointExtension><gpxtpx:hr>135</gpxtpx:hr></gpxtpx:TrackPointExtension></extensions></trkpt><trkpt lat="56.039942" lon="37.857595"><ele>174.4</ele><time>2026-07-09T17:38:01Z</time><extensions><gpxtpx:TrackPointExtension><gpxtpx:hr>135</gpxtpx:hr></gpxtpx:TrackPointExtension></extensions></trkpt><trkpt lat="56.039947" lon="37.85755"><ele>174.4</ele><time>2026-07-09T17:38:02Z</time><extensions><gpxtpx:TrackPointExtension><gpxtpx:hr>136</gpxtpx:hr></gpxtpx:TrackPointExtension></extensions></trkpt><trkpt lat="56.039957" lon="37.857507"><ele>174.6</ele><time>2026-07-09T17:38:03Z</time><extensions><gpxtpx:TrackPointExtension><gpxtpx:hr>136</gpxtpx:hr></gpxtpx:TrackPointExtension></extensions></trkpt><trkpt lat="56.039965" lon="37.857475"><ele>174.6</ele><time>2026-07-09T17:38:04Z</time><extensions><gpxtpx:TrackPointExtension><gpxtpx:hr>136</gpxtpx:hr></gpxtpx:TrackPointExtension></extensions></trkpt><trkpt lat="56.03997" lon="37.857427"><ele>174.6</ele><time>2026-07-09T17:38:05Z</time><extensions><gpxtpx:TrackPointExtension><gpxtpx:hr>137</gpxtpx:hr></gpxtpx:TrackPointExtension></extensions></trkpt><trkpt lat="56.039977" lon="37.857385"><ele>174.6</ele><time>2026-07-09T17:38:06Z</time><extensions><gpxtpx:TrackPointExtension><gpxtpx:hr>136</gpxtpx:hr></gpxtpx:TrackPointExtension></extensions></trkpt><trkpt lat="56.039987" lon="37.857337"><ele>174.4</ele><time>2026-07-09T17:38:07Z</time><extensions><gpxtpx:TrackPointExtension><gpxtpx:hr>136</gpxtpx:hr></gpxtpx:TrackPointExtension></extensions></trkpt><trkpt lat="56.039995" lon="37.85729"><ele>174.4</ele><time>2026-07-09T17:38:08Z</time><extensions><gpxtpx:TrackPointExtension><gpxtpx:hr>136</gpxtpx:hr></gpxtpx:TrackPointExtension></extensions></trkpt><trkpt lat="56.040002" lon="37.857247"><ele>174.4</ele><time>2026-07-09T17:38:09Z</time><extensions><gpxtpx:TrackPointExtension><gpxtpx:hr>136</gpxtpx:hr></gpxtpx:TrackPointExtension></extensions></trkpt><trkpt lat="56.040012" lon="37.857205"><ele>174.4</ele><time>2026-07-09T17:38:10Z</time><extensions><gpxtpx:TrackPointExtension><gpxtpx:hr>137</gpxtpx:hr></gpxtpx:TrackPointExtension></extensions></trkpt><trkpt lat="56.04002" lon="37.857162"><ele>174.4</ele><time>2026-07-09T17:38:11Z</time><extensions><gpxtpx:TrackPointExtension><gpxtpx:hr>136</gpxtpx:hr></gpxtpx:TrackPointExtension></extensions></trkpt><trkpt lat="56.040027" lon="37.857117"><ele>174.4</ele><time>2026-07-09T17:38:12Z</time><extensions><gpxtpx:TrackPointExtension><gpxtpx:hr>136</gpxtpx:hr></gpxtpx:TrackPointExtension></extensions></trkpt><trkpt lat="56.040037" lon="37.857082"><ele>174.4</ele><time>2026-07-09T17:38:13Z</time><extensions><gpxtpx:TrackPointExtension><gpxtpx:hr>136</gpxtpx:hr></gpxtpx:TrackPointExtension></extensions></trkpt><trkpt lat="56.040042" lon="37.857037"><ele>174.4</ele><time>2026-07-09T17:38:14Z</time><extensions><gpxtpx:TrackPointExtension><gpxtpx:hr>135</gpxtpx:hr></gpxtpx:TrackPointExtension></extensions></trkpt><trkpt lat="56.040052" lon="37.85699"><ele>174.4</ele><time>2026-07-09T17:38:15Z</time><extensions><gpxtpx:TrackPointExtension><gpxtpx:hr>135</gpxtpx:hr></gpxtpx:TrackPointExtension></extensions></trkpt><trkpt lat="56.040057" lon="37.856952"><ele>174.4</ele><time>2026-07-09T17:38:16Z</time><extensions><gpxtpx:TrackPointExtension><gpxtpx:hr>135</gpxtpx:hr></gpxtpx:TrackPointExtension></extensions></trkpt><trkpt lat="56.040057" lon="37.856907"><ele>174.4</ele><time>2026-07-09T17:38:17Z</time><extensions><gpxtpx:TrackPointExtension><gpxtpx:hr>134</gpxtpx:hr></gpxtpx:TrackPointExtension></extensions></trkpt><trkpt lat="56.040062" lon="37.856857"><ele>174.4</ele><time>2026-07-09T17:38:18Z</time><extensions><gpxtpx:TrackPointExtension><gpxtpx:hr>134</gpxtpx:hr></gpxtpx:TrackPointExtension></extensions></trkpt><trkpt lat="56.040067" lon="37.856812"><ele>174.4</ele><time>2026-07-09T17:38:19Z</time><extensions><gpxtpx:TrackPointExtension><gpxtpx:hr>134</gpxtpx:hr></gpxtpx:TrackPointExtension></extensions></trkpt><trkpt lat="56.040075" lon="37.856772"><ele>174.4</ele><time>2026-07-09T17:38:20Z</time><extensions><gpxtpx:TrackPointExtension><gpxtpx:hr>134</gpxtpx:hr></gpxtpx:TrackPointExtension></extensions></trkpt><trkpt lat="56.04008" lon="37.85673"><ele>174.6</ele><time>2026-07-09T17:38:21Z</time><extensions><gpxtpx:TrackPointExtension><gpxtpx:hr>134</gpxtpx:hr></gpxtpx:TrackPointExtension></extensions></trkpt><trkpt lat="56.040085" lon="37.856687"><ele>174.6</ele><time>2026-07-09T17:38:22Z</time><extensions><gpxtpx:TrackPointExtension><gpxtpx:hr>134</gpxtpx:hr></gpxtpx:TrackPointExtension></extensions></trkpt><trkpt lat="56.040087" lon="37.856647"><ele>174.6</ele><time>2026-07-09T17:38:23Z</time><extensions><gpxtpx:TrackPointExtension><gpxtpx:hr>135</gpxtpx:hr></gpxtpx:TrackPointExtension></extensions></trkpt><trkpt lat="56.040095" lon="37.8566"><ele>174.6</ele><time>2026-07-09T17:38:24Z</time><extensions><gpxtpx:TrackPointExtension><gpxtpx:hr>135</gpxtpx:hr></gpxtpx:TrackPointExtension></extensions></trkpt><trkpt lat="56.040105" lon="37.856557"><ele>174.6</ele><time>2026-07-09T17:38:25Z</time><extensions><gpxtpx:TrackPointExtension><gpxtpx:hr>135</gpxtpx:hr></gpxtpx:TrackPointExtension></extensions></trkpt><trkpt lat="56.040112" lon="37.856517"><ele>174.6</ele><time>2026-07-09T17:38:26Z</time><extensions><gpxtpx:TrackPointExtension><gpxtpx:hr>135</gpxtpx:hr></gpxtpx:TrackPointExtension></extensions></trkpt><trkpt lat="56.040122" lon="37.856472"><ele>174.6</ele><time>2026-07-09T17:38:27Z</time><extensions><gpxtpx:TrackPointExtension><gpxtpx:hr>134</gpxtpx:hr></gpxtpx:TrackPointExtension></extensions></trkpt><trkpt lat="56.040127" lon="37.85643"><ele>174.6</ele><time>2026-07-09T17:38:28Z</time><extensions><gpxtpx:TrackPointExtension><gpxtpx:hr>134</gpxtpx:hr></gpxtpx:TrackPointExtension></extensions></trkpt><trkpt lat="56.040137" lon="37.856382"><ele>174.6</ele><time>2026-07-09T17:38:29Z</time><extensions><gpxtpx:TrackPointExtension><gpxtpx:hr>134</gpxtpx:hr></gpxtpx:TrackPointExtension></extensions></trkpt><trkpt lat="56.040142" lon="37.856332"><ele>174.6</ele><time>2026-07-09T17:38:30Z</time><extensions><gpxtpx:TrackPointExtension><gpxtpx:hr>135</gpxtpx:hr></gpxtpx:TrackPointExtension></extensions></trkpt><trkpt lat="56.04015" lon="37.856292"><ele>174.6</ele><time>2026-07-09T17:38:31Z</time><extensions><gpxtpx:TrackPointExtension><gpxtpx:hr>135</gpxtpx:hr></gpxtpx:TrackPointExtension></extensions></trkpt><trkpt lat="56.04016" lon="37.856252"><ele>174.8</ele><time>2026-07-09T17:38:32Z</time><extensions><gpxtpx:TrackPointExtension><gpxtpx:hr>136</gpxtpx:hr></gpxtpx:TrackPointExtension></extensions></trkpt><trkpt lat="56.040177" lon="37.85622"><ele>174.8</ele><time>2026-07-09T17:38:33Z</time><extensions><gpxtpx:TrackPointExtension><gpxtpx:hr>136</gpxtpx:hr></gpxtpx:TrackPointExtension></extensions></trkpt><trkpt lat="56.040197" lon="37.856205"><ele>174.8</ele><time>2026-07-09T17:38:34Z</time><extensions><gpxtpx:TrackPointExtension><gpxtpx:hr>135</gpxtpx:hr></gpxtpx:TrackPointExtension></extensions></trkpt><trkpt lat="56.040222" lon="37.856202"><ele>174.8</ele><time>2026-07-09T17:38:35Z</time><extensions><gpxtpx:TrackPointExtension><gpxtpx:hr>135</gpxtpx:hr></gpxtpx:TrackPointExtension></extensions></trkpt><trkpt lat="56.04025" lon="37.856202"><ele>174.8</ele><time>2026-07-09T17:38:36Z</time><extensions><gpxtpx:TrackPointExtension><gpxtpx:hr>135</gpxtpx:hr></gpxtpx:TrackPointExtension></extensions></trkpt><trkpt lat="56.040272" lon="37.856207"><ele>174.8</ele><time>2026-07-09T17:38:37Z</time><extensions><gpxtpx:TrackPointExtension><gpxtpx:hr>135</gpxtpx:hr></gpxtpx:TrackPointExtension></extensions></trkpt><trkpt lat="56.040297" lon="37.85622"><ele>174.8</ele><time>2026-07-09T17:38:38Z</time><extensions><gpxtpx:TrackPointExtension><gpxtpx:hr>134</gpxtpx:hr></gpxtpx:TrackPointExtension></extensions></trkpt><trkpt lat="56.040322" lon="37.85623"><ele>174.8</ele><time>2026-07-09T17:38:39Z</time><extensions><gpxtpx:TrackPointExtension><gpxtpx:hr>134</gpxtpx:hr></gpxtpx:TrackPointExtension></extensions></trkpt><trkpt lat="56.040347" lon="37.856242"><ele>174.8</ele><time>2026-07-09T17:38:40Z</time><extensions><gpxtpx:TrackPointExtension><gpxtpx:hr>134</gpxtpx:hr></gpxtpx:TrackPointExtension></extensions></trkpt><trkpt lat="56.040372" lon="37.856257"><ele>174.8</ele><time>2026-07-09T17:38:41Z</time><extensions><gpxtpx:TrackPointExtension><gpxtpx:hr>134</gpxtpx:hr></gpxtpx:TrackPointExtension></extensions></trkpt><trkpt lat="56.0404" lon="37.856277"><ele>174.8</ele><time>2026-07-09T17:38:42Z</time><extensions><gpxtpx:TrackPointExtension><gpxtpx:hr>133</gpxtpx:hr></gpxtpx:TrackPointExtension></extensions></trkpt><trkpt lat="56.040425" lon="37.856287"><ele>174.8</ele><time>2026-07-09T17:38:43Z</time><extensions><gpxtpx:TrackPointExtension><gpxtpx:hr>133</gpxtpx:hr></gpxtpx:TrackPointExtension></extensions></trkpt><trkpt lat="56.040447" lon="37.8563"><ele>174.8</ele><time>2026-07-09T17:38:44Z</time><extensions><gpxtpx:TrackPointExtension><gpxtpx:hr>134</gpxtpx:hr></gpxtpx:TrackPointExtension></extensions></trkpt><trkpt lat="56.040472" lon="37.85631"><ele>174.8</ele><time>2026-07-09T17:38:45Z</time><extensions><gpxtpx:TrackPointExtension><gpxtpx:hr>134</gpxtpx:hr></gpxtpx:TrackPointExtension></extensions></trkpt><trkpt lat="56.0405" lon="37.856322"><ele>174.8</ele><time>2026-07-09T17:38:46Z</time><extensions><gpxtpx:TrackPointExtension><gpxtpx:hr>134</gpxtpx:hr></gpxtpx:TrackPointExtension></extensions></trkpt><trkpt lat="56.040525" lon="37.856332"><ele>174.8</ele><time>2026-07-09T17:38:47Z</time><extensions><gpxtpx:TrackPointExtension><gpxtpx:hr>134</gpxtpx:hr></gpxtpx:TrackPointExtension></extensions></trkpt><trkpt lat="56.04055" lon="37.856327"><ele>174.8</ele><time>2026-07-09T17:38:48Z</time><extensions><gpxtpx:TrackPointExtension><gpxtpx:hr>134</gpxtpx:hr></gpxtpx:TrackPointExtension></extensions></trkpt><trkpt lat="56.040575" lon="37.856332"><ele>174.8</ele><time>2026-07-09T17:38:49Z</time><extensions><gpxtpx:TrackPointExtension><gpxtpx:hr>135</gpxtpx:hr></gpxtpx:TrackPointExtension></extensions></trkpt><trkpt lat="56.040597" lon="37.856347"><ele>174.8</ele><time>2026-07-09T17:38:50Z</time><extensions><gpxtpx:TrackPointExtension><gpxtpx:hr>135</gpxtpx:hr></gpxtpx:TrackPointExtension></extensions></trkpt><trkpt lat="56.040617" lon="37.856345"><ele>174.8</ele><time>2026-07-09T17:38:51Z</time><extensions><gpxtpx:TrackPointExtension><gpxtpx:hr>135</gpxtpx:hr></gpxtpx:TrackPointExtension></extensions></trkpt><trkpt lat="56.040642" lon="37.856325"><ele>175.0</ele><time>2026-07-09T17:38:52Z</time><extensions><gpxtpx:TrackPointExtension><gpxtpx:hr>135</gpxtpx:hr></gpxtpx:TrackPointExtension></extensions></trkpt><trkpt lat="56.040657" lon="37.856297"><ele>175.0</ele><time>2026-07-09T17:38:53Z</time><extensions><gpxtpx:TrackPointExtension><gpxtpx:hr>136</gpxtpx:hr></gpxtpx:TrackPointExtension></extensions></trkpt><trkpt lat="56.040672" lon="37.856265"><ele>175.0</ele><time>2026-07-09T17:38:54Z</time><extensions><gpxtpx:TrackPointExtension><gpxtpx:hr>135</gpxtpx:hr></gpxtpx:TrackPointExtension></extensions></trkpt><trkpt lat="56.04069" lon="37.856237"><ele>174.8</ele><time>2026-07-09T17:38:55Z</time><extensions><gpxtpx:TrackPointExtension><gpxtpx:hr>136</gpxtpx:hr></gpxtpx:TrackPointExtension></extensions></trkpt><trkpt lat="56.04071" lon="37.856212"><ele>174.8</ele><time>2026-07-09T17:38:56Z</time><extensions><gpxtpx:TrackPointExtension><gpxtpx:hr>136</gpxtpx:hr></gpxtpx:TrackPointExtension></extensions></trkpt><trkpt lat="56.040732" lon="37.856197"><ele>174.8</ele><time>2026-07-09T17:38:57Z</time><extensions><gpxtpx:TrackPointExtension><gpxtpx:hr>136</gpxtpx:hr></gpxtpx:TrackPointExtension></extensions></trkpt><trkpt lat="56.040757" lon="37.856192"><ele>174.8</ele><time>2026-07-09T17:38:58Z</time><extensions><gpxtpx:TrackPointExtension><gpxtpx:hr>137</gpxtpx:hr></gpxtpx:TrackPointExtension></extensions></trkpt><trkpt lat="56.040782" lon="37.856195"><ele>174.8</ele><time>2026-07-09T17:38:59Z</time><extensions><gpxtpx:TrackPointExtension><gpxtpx:hr>137</gpxtpx:hr></gpxtpx:TrackPointExtension></extensions></trkpt><trkpt lat="56.040802" lon="37.856197"><ele>174.8</ele><time>2026-07-09T17:39:00Z</time><extensions><gpxtpx:TrackPointExtension><gpxtpx:hr>137</gpxtpx:hr></gpxtpx:TrackPointExtension></extensions></trkpt><trkpt lat="56.040827" lon="37.856207"><ele>174.8</ele><time>2026-07-09T17:39:01Z</time><extensions><gpxtpx:TrackPointExtension><gpxtpx:hr>137</gpxtpx:hr></gpxtpx:TrackPointExtension></extensions></trkpt><trkpt lat="56.04085" lon="37.856212"><ele>174.8</ele><time>2026-07-09T17:39:02Z</time><extensions><gpxtpx:TrackPointExtension><gpxtpx:hr>137</gpxtpx:hr></gpxtpx:TrackPointExtension></extensions></trkpt><trkpt lat="56.04087" lon="37.856212"><ele>174.8</ele><time>2026-07-09T17:39:03Z</time><extensions><gpxtpx:TrackPointExtension><gpxtpx:hr>136</gpxtpx:hr></gpxtpx:TrackPointExtension></extensions></trkpt><trkpt lat="56.040888" lon="37.856195"><ele>174.8</ele><time>2026-07-09T17:39:04Z</time><extensions><gpxtpx:TrackPointExtension><gpxtpx:hr>137</gpxtpx:hr></gpxtpx:TrackPointExtension></extensions></trkpt><trkpt lat="56.040902" lon="37.856155"><ele>174.8</ele><time>2026-07-09T17:39:05Z</time><extensions><gpxtpx:TrackPointExtension><gpxtpx:hr>137</gpxtpx:hr></gpxtpx:TrackPointExtension></extensions></trkpt><trkpt lat="56.040905" lon="37.856117"><ele>174.8</ele><time>2026-07-09T17:39:06Z</time><extensions><gpxtpx:TrackPointExtension><gpxtpx:hr>137</gpxtpx:hr></gpxtpx:TrackPointExtension></extensions></trkpt><trkpt lat="56.040907" lon="37.856077"><ele>174.8</ele><time>2026-07-09T17:39:07Z</time><extensions><gpxtpx:TrackPointExtension><gpxtpx:hr>137</gpxtpx:hr></gpxtpx:TrackPointExtension></extensions></trkpt><trkpt lat="56.040912" lon="37.856032"><ele>174.8</ele><time>2026-07-09T17:39:08Z</time><extensions><gpxtpx:TrackPointExtension><gpxtpx:hr>137</gpxtpx:hr></gpxtpx:TrackPointExtension></extensions></trkpt><trkpt lat="56.04092" lon="37.855995"><ele>175.0</ele><time>2026-07-09T17:39:09Z</time><extensions><gpxtpx:TrackPointExtension><gpxtpx:hr>136</gpxtpx:hr></gpxtpx:TrackPointExtension></extensions></trkpt><trkpt lat="56.040932" lon="37.855955"><ele>175.0</ele><time>2026-07-09T17:39:10Z</time><extensions><gpxtpx:TrackPointExtension><gpxtpx:hr>137</gpxtpx:hr></gpxtpx:TrackPointExtension></extensions></trkpt><trkpt lat="56.040945" lon="37.855915"><ele>175.0</ele><time>2026-07-09T17:39:11Z</time><extensions><gpxtpx:TrackPointExtension><gpxtpx:hr>137</gpxtpx:hr></gpxtpx:TrackPointExtension></extensions></trkpt><trkpt lat="56.040952" lon="37.855877"><ele>175.0</ele><time>2026-07-09T17:39:12Z</time><extensions><gpxtpx:TrackPointExtension><gpxtpx:hr>137</gpxtpx:hr></gpxtpx:TrackPointExtension></extensions></trkpt><trkpt lat="56.040965" lon="37.855842"><ele>175.0</ele><time>2026-07-09T17:39:13Z</time><extensions><gpxtpx:TrackPointExtension><gpxtpx:hr>137</gpxtpx:hr></gpxtpx:TrackPointExtension></extensions></trkpt><trkpt lat="56.04098" lon="37.855807"><ele>175.0</ele><time>2026-07-09T17:39:14Z</time><extensions><gpxtpx:TrackPointExtension><gpxtpx:hr>136</gpxtpx:hr></gpxtpx:TrackPointExtension></extensions></trkpt><trkpt lat="56.040995" lon="37.855775"><ele>175.0</ele><time>2026-07-09T17:39:15Z</time><extensions><gpxtpx:TrackPointExtension><gpxtpx:hr>137</gpxtpx:hr></gpxtpx:TrackPointExtension></extensions></trkpt><trkpt lat="56.04101" lon="37.855742"><ele>175.0</ele><time>2026-07-09T17:39:16Z</time><extensions><gpxtpx:TrackPointExtension><gpxtpx:hr>137</gpxtpx:hr></gpxtpx:TrackPointExtension></extensions></trkpt><trkpt lat="56.041022" lon="37.855705"><ele>175.0</ele><time>2026-07-09T17:39:17Z</time><extensions><gpxtpx:TrackPointExtension><gpxtpx:hr>138</gpxtpx:hr></gpxtpx:TrackPointExtension></extensions></trkpt><trkpt lat="56.041037" lon="37.855667"><ele>175.0</ele><time>2026-07-09T17:39:18Z</time><extensions><gpxtpx:TrackPointExtension><gpxtpx:hr>138</gpxtpx:hr></gpxtpx:TrackPointExtension></extensions></trkpt><trkpt lat="56.041047" lon="37.855628"><ele>175.0</ele><time>2026-07-09T17:39:19Z</time><extensions><gpxtpx:TrackPointExtension><gpxtpx:hr>138</gpxtpx:hr></gpxtpx:TrackPointExtension></extensions></trkpt><trkpt lat="56.04106" lon="37.855592"><ele>175.0</ele><time>2026-07-09T17:39:20Z</time><extensions><gpxtpx:TrackPointExtension><gpxtpx:hr>139</gpxtpx:hr></gpxtpx:TrackPointExtension></extensions></trkpt><trkpt lat="56.041072" lon="37.855552"><ele>175.0</ele><time>2026-07-09T17:39:21Z</time><extensions><gpxtpx:TrackPointExtension><gpxtpx:hr>139</gpxtpx:hr></gpxtpx:TrackPointExtension></extensions></trkpt><trkpt lat="56.041082" lon="37.855515"><ele>175.0</ele><time>2026-07-09T17:39:22Z</time><extensions><gpxtpx:TrackPointExtension><gpxtpx:hr>139</gpxtpx:hr></gpxtpx:TrackPointExtension></extensions></trkpt><trkpt lat="56.041092" lon="37.855472"><ele>175.2</ele><time>2026-07-09T17:39:23Z</time><extensions><gpxtpx:TrackPointExtension><gpxtpx:hr>139</gpxtpx:hr></gpxtpx:TrackPointExtension></extensions></trkpt><trkpt lat="56.041105" lon="37.855437"><ele>175.2</ele><time>2026-07-09T17:39:24Z</time><extensions><gpxtpx:TrackPointExtension><gpxtpx:hr>139</gpxtpx:hr></gpxtpx:TrackPointExtension></extensions></trkpt><trkpt lat="56.041117" lon="37.8554"><ele>175.2</ele><time>2026-07-09T17:39:25Z</time><extensions><gpxtpx:TrackPointExtension><gpxtpx:hr>140</gpxtpx:hr></gpxtpx:TrackPointExtension></extensions></trkpt><trkpt lat="56.041127" lon="37.85537"><ele>175.4</ele><time>2026-07-09T17:39:26Z</time><extensions><gpxtpx:TrackPointExtension><gpxtpx:hr>139</gpxtpx:hr></gpxtpx:TrackPointExtension></extensions></trkpt><trkpt lat="56.041132" lon="37.855332"><ele>175.4</ele><time>2026-07-09T17:39:27Z</time><extensions><gpxtpx:TrackPointExtension><gpxtpx:hr>139</gpxtpx:hr></gpxtpx:TrackPointExtension></extensions></trkpt><trkpt lat="56.041142" lon="37.855297"><ele>175.4</ele><time>2026-07-09T17:39:28Z</time><extensions><gpxtpx:TrackPointExtension><gpxtpx:hr>138</gpxtpx:hr></gpxtpx:TrackPointExtension></extensions></trkpt><trkpt lat="56.041155" lon="37.855257"><ele>175.4</ele><time>2026-07-09T17:39:29Z</time><extensions><gpxtpx:TrackPointExtension><gpxtpx:hr>138</gpxtpx:hr></gpxtpx:TrackPointExtension></extensions></trkpt><trkpt lat="56.041165" lon="37.855217"><ele>175.6</ele><time>2026-07-09T17:39:30Z</time><extensions><gpxtpx:TrackPointExtension><gpxtpx:hr>138</gpxtpx:hr></gpxtpx:TrackPointExtension></extensions></trkpt><trkpt lat="56.04117" lon="37.855182"><ele>175.6</ele><time>2026-07-09T17:39:31Z</time><extensions><gpxtpx:TrackPointExtension><gpxtpx:hr>139</gpxtpx:hr></gpxtpx:TrackPointExtension></extensions></trkpt><trkpt lat="56.041132" lon="37.855047"><ele>175.6</ele><time>2026-07-09T17:41:53Z</time><extensions><gpxtpx:TrackPointExtension><gpxtpx:hr>91</gpxtpx:hr></gpxtpx:TrackPointExtension></extensions></trkpt><trkpt lat="56.041132" lon="37.855012"><ele>176.4</ele><time>2026-07-09T17:41:55Z</time><extensions><gpxtpx:TrackPointExtension><gpxtpx:hr>92</gpxtpx:hr></gpxtpx:TrackPointExtension></extensions></trkpt><trkpt lat="56.041137" lon="37.854975"><ele>176.2</ele><time>2026-07-09T17:41:56Z</time><extensions><gpxtpx:TrackPointExtension><gpxtpx:hr>94</gpxtpx:hr></gpxtpx:TrackPointExtension></extensions></trkpt><trkpt lat="56.04114" lon="37.854925"><ele>176.2</ele><time>2026-07-09T17:41:57Z</time><extensions><gpxtpx:TrackPointExtension><gpxtpx:hr>95</gpxtpx:hr></gpxtpx:TrackPointExtension></extensions></trkpt><trkpt lat="56.041142" lon="37.854872"><ele>176.0</ele><time>2026-07-09T17:41:58Z</time><extensions><gpxtpx:TrackPointExtension><gpxtpx:hr>96</gpxtpx:hr></gpxtpx:TrackPointExtension></extensions></trkpt><trkpt lat="56.041137" lon="37.854825"><ele>175.8</ele><time>2026-07-09T17:41:59Z</time><extensions><gpxtpx:TrackPointExtension><gpxtpx:hr>97</gpxtpx:hr></gpxtpx:TrackPointExtension></extensions></trkpt><trkpt lat="56.041122" lon="37.85479"><ele>175.8</ele><time>2026-07-09T17:42:00Z</time><extensions><gpxtpx:TrackPointExtension><gpxtpx:hr>99</gpxtpx:hr></gpxtpx:TrackPointExtension></extensions></trkpt><trkpt lat="56.041113" lon="37.854747"><ele>175.8</ele><time>2026-07-09T17:42:02Z</time><extensions><gpxtpx:TrackPointExtension><gpxtpx:hr>103</gpxtpx:hr></gpxtpx:TrackPointExtension></extensions></trkpt><trkpt lat="56.041147" lon="37.854725"><ele>175.6</ele><time>2026-07-09T17:42:04Z</time><extensions><gpxtpx:TrackPointExtension><gpxtpx:hr>105</gpxtpx:hr></gpxtpx:TrackPointExtension></extensions></trkpt><trkpt lat="56.041172" lon="37.854695"><ele>175.6</ele><time>2026-07-09T17:42:06Z</time><extensions><gpxtpx:TrackPointExtension><gpxtpx:hr>107</gpxtpx:hr></gpxtpx:TrackPointExtension></extensions></trkpt><trkpt lat="56.041185" lon="37.854657"><ele>175.6</ele><time>2026-07-09T17:42:07Z</time><extensions><gpxtpx:TrackPointExtension><gpxtpx:hr>110</gpxtpx:hr></gpxtpx:TrackPointExtension></extensions></trkpt><trkpt lat="56.041202" lon="37.854622"><ele>175.6</ele><time>2026-07-09T17:42:08Z</time><extensions><gpxtpx:TrackPointExtension><gpxtpx:hr>111</gpxtpx:hr></gpxtpx:TrackPointExtension></extensions></trkpt><trkpt lat="56.041217" lon="37.854582"><ele>175.6</ele><time>2026-07-09T17:42:09Z</time><extensions><gpxtpx:TrackPointExtension><gpxtpx:hr>111</gpxtpx:hr></gpxtpx:TrackPointExtension></extensions></trkpt><trkpt lat="56.041227" lon="37.854532"><ele>175.6</ele><time>2026-07-09T17:42:10Z</time><extensions><gpxtpx:TrackPointExtension><gpxtpx:hr>111</gpxtpx:hr></gpxtpx:TrackPointExtension></extensions></trkpt><trkpt lat="56.041237" lon="37.854482"><ele>175.6</ele><time>2026-07-09T17:42:11Z</time><extensions><gpxtpx:TrackPointExtension><gpxtpx:hr>111</gpxtpx:hr></gpxtpx:TrackPointExtension></extensions></trkpt><trkpt lat="56.041247" lon="37.854437"><ele>175.8</ele><time>2026-07-09T17:42:12Z</time><extensions><gpxtpx:TrackPointExtension><gpxtpx:hr>115</gpxtpx:hr></gpxtpx:TrackPointExtension></extensions></trkpt><trkpt lat="56.041252" lon="37.854385"><ele>175.8</ele><time>2026-07-09T17:42:13Z</time><extensions><gpxtpx:TrackPointExtension><gpxtpx:hr>114</gpxtpx:hr></gpxtpx:TrackPointExtension></extensions></trkpt><trkpt lat="56.041257" lon="37.854327"><ele>175.8</ele><time>2026-07-09T17:42:14Z</time><extensions><gpxtpx:TrackPointExtension><gpxtpx:hr>112</gpxtpx:hr></gpxtpx:TrackPointExtension></extensions></trkpt><trkpt lat="56.04126" lon="37.854263"><ele>175.8</ele><time>2026-07-09T17:42:15Z</time><extensions><gpxtpx:TrackPointExtension><gpxtpx:hr>111</gpxtpx:hr></gpxtpx:TrackPointExtension></extensions></trkpt><trkpt lat="56.041262" lon="37.854202"><ele>175.6</ele><time>2026-07-09T17:42:16Z</time><extensions><gpxtpx:TrackPointExtension><gpxtpx:hr>113</gpxtpx:hr></gpxtpx:TrackPointExtension></extensions></trkpt><trkpt lat="56.041267" lon="37.85415"><ele>175.6</ele><time>2026-07-09T17:42:17Z</time><extensions><gpxtpx:TrackPointExtension><gpxtpx:hr>113</gpxtpx:hr></gpxtpx:TrackPointExtension></extensions></trkpt><trkpt lat="56.041275" lon="37.854097"><ele>175.6</ele><time>2026-07-09T17:42:18Z</time><extensions><gpxtpx:TrackPointExtension><gpxtpx:hr>113</gpxtpx:hr></gpxtpx:TrackPointExtension></extensions></trkpt><trkpt lat="56.041277" lon="37.854045"><ele>175.6</ele><time>2026-07-09T17:42:19Z</time><extensions><gpxtpx:TrackPointExtension><gpxtpx:hr>113</gpxtpx:hr></gpxtpx:TrackPointExtension></extensions></trkpt><trkpt lat="56.04128" lon="37.853995"><ele>175.6</ele><time>2026-07-09T17:42:20Z</time><extensions><gpxtpx:TrackPointExtension><gpxtpx:hr>114</gpxtpx:hr></gpxtpx:TrackPointExtension></extensions></trkpt><trkpt lat="56.041282" lon="37.853945"><ele>175.6</ele><time>2026-07-09T17:42:21Z</time><extensions><gpxtpx:TrackPointExtension><gpxtpx:hr>115</gpxtpx:hr></gpxtpx:TrackPointExtension></extensions></trkpt><trkpt lat="56.041277" lon="37.853892"><ele>175.6</ele><time>2026-07-09T17:42:22Z</time><extensions><gpxtpx:TrackPointExtension><gpxtpx:hr>116</gpxtpx:hr></gpxtpx:TrackPointExtension></extensions></trkpt><trkpt lat="56.041275" lon="37.853842"><ele>175.6</ele><time>2026-07-09T17:42:23Z</time><extensions><gpxtpx:TrackPointExtension><gpxtpx:hr>117</gpxtpx:hr></gpxtpx:TrackPointExtension></extensions></trkpt><trkpt lat="56.041272" lon="37.853792"><ele>175.6</ele><time>2026-07-09T17:42:24Z</time><extensions><gpxtpx:TrackPointExtension><gpxtpx:hr>118</gpxtpx:hr></gpxtpx:TrackPointExtension></extensions></trkpt><trkpt lat="56.041267" lon="37.853737"><ele>175.4</ele><time>2026-07-09T17:42:25Z</time><extensions><gpxtpx:TrackPointExtension><gpxtpx:hr>119</gpxtpx:hr></gpxtpx:TrackPointExtension></extensions></trkpt><trkpt lat="56.04126" lon="37.853687"><ele>175.4</ele><time>2026-07-09T17:42:26Z</time><extensions><gpxtpx:TrackPointExtension><gpxtpx:hr>119</gpxtpx:hr></gpxtpx:TrackPointExtension></extensions></trkpt><trkpt lat="56.041255" lon="37.85363"><ele>175.4</ele><time>2026-07-09T17:42:27Z</time><extensions><gpxtpx:TrackPointExtension><gpxtpx:hr>121</gpxtpx:hr></gpxtpx:TrackPointExtension></extensions></trkpt><trkpt lat="56.04125" lon="37.853572"><ele>175.4</ele><time>2026-07-09T17:42:28Z</time><extensions><gpxtpx:TrackPointExtension><gpxtpx:hr>122</gpxtpx:hr></gpxtpx:TrackPointExtension></extensions></trkpt><trkpt lat="56.041245" lon="37.853517"><ele>175.4</ele><time>2026-07-09T17:42:29Z</time><extensions><gpxtpx:TrackPointExtension><gpxtpx:hr>123</gpxtpx:hr></gpxtpx:TrackPointExtension></extensions></trkpt><trkpt lat="56.041242" lon="37.853467"><ele>175.4</ele><time>2026-07-09T17:42:30Z</time><extensions><gpxtpx:TrackPointExtension><gpxtpx:hr>124</gpxtpx:hr></gpxtpx:TrackPointExtension></extensions></trkpt><trkpt lat="56.041232" lon="37.85342"><ele>175.4</ele><time>2026-07-09T17:42:31Z</time><extensions><gpxtpx:TrackPointExtension><gpxtpx:hr>125</gpxtpx:hr></gpxtpx:TrackPointExtension></extensions></trkpt><trkpt lat="56.041225" lon="37.853372"><ele>175.4</ele><time>2026-07-09T17:42:32Z</time><extensions><gpxtpx:TrackPointExtension><gpxtpx:hr>125</gpxtpx:hr></gpxtpx:TrackPointExtension></extensions></trkpt><trkpt lat="56.041215" lon="37.853322"><ele>175.4</ele><time>2026-07-09T17:42:33Z</time><extensions><gpxtpx:TrackPointExtension><gpxtpx:hr>126</gpxtpx:hr></gpxtpx:TrackPointExtension></extensions></trkpt><trkpt lat="56.041205" lon="37.853272"><ele>175.4</ele><time>2026-07-09T17:42:34Z</time><extensions><gpxtpx:TrackPointExtension><gpxtpx:hr>126</gpxtpx:hr></gpxtpx:TrackPointExtension></extensions></trkpt><trkpt lat="56.041195" lon="37.853227"><ele>175.4</ele><time>2026-07-09T17:42:35Z</time><extensions><gpxtpx:TrackPointExtension><gpxtpx:hr>127</gpxtpx:hr></gpxtpx:TrackPointExtension></extensions></trkpt><trkpt lat="56.041182" lon="37.853182"><ele>175.4</ele><time>2026-07-09T17:42:36Z</time><extensions><gpxtpx:TrackPointExtension><gpxtpx:hr>128</gpxtpx:hr></gpxtpx:TrackPointExtension></extensions></trkpt><trkpt lat="56.041172" lon="37.85314"><ele>175.4</ele><time>2026-07-09T17:42:37Z</time><extensions><gpxtpx:TrackPointExtension><gpxtpx:hr>128</gpxtpx:hr></gpxtpx:TrackPointExtension></extensions></trkpt><trkpt lat="56.041167" lon="37.853102"><ele>175.2</ele><time>2026-07-09T17:42:38Z</time><extensions><gpxtpx:TrackPointExtension><gpxtpx:hr>128</gpxtpx:hr></gpxtpx:TrackPointExtension></extensions></trkpt><trkpt lat="56.04116" lon="37.853067"><ele>175.2</ele><time>2026-07-09T17:42:39Z</time><extensions><gpxtpx:TrackPointExtension><gpxtpx:hr>129</gpxtpx:hr></gpxtpx:TrackPointExtension></extensions></trkpt><trkpt lat="56.041147" lon="37.853027"><ele>175.0</ele><time>2026-07-09T17:42:40Z</time><extensions><gpxtpx:TrackPointExtension><gpxtpx:hr>129</gpxtpx:hr></gpxtpx:TrackPointExtension></extensions></trkpt><trkpt lat="56.041142" lon="37.85299"><ele>175.0</ele><time>2026-07-09T17:42:41Z</time><extensions><gpxtpx:TrackPointExtension><gpxtpx:hr>130</gpxtpx:hr></gpxtpx:TrackPointExtension></extensions></trkpt><trkpt lat="56.041132" lon="37.85295"><ele>175.0</ele><time>2026-07-09T17:42:42Z</time><extensions><gpxtpx:TrackPointExtension><gpxtpx:hr>130</gpxtpx:hr></gpxtpx:TrackPointExtension></extensions></trkpt><trkpt lat="56.04113" lon="37.852912"><ele>175.0</ele><time>2026-07-09T17:42:43Z</time><extensions><gpxtpx:TrackPointExtension><gpxtpx:hr>131</gpxtpx:hr></gpxtpx:TrackPointExtension></extensions></trkpt><trkpt lat="56.041132" lon="37.852867"><ele>175.0</ele><time>2026-07-09T17:42:44Z</time><extensions><gpxtpx:TrackPointExtension><gpxtpx:hr>131</gpxtpx:hr></gpxtpx:TrackPointExtension></extensions></trkpt><trkpt lat="56.041135" lon="37.85282"><ele>175.0</ele><time>2026-07-09T17:42:45Z</time><extensions><gpxtpx:TrackPointExtension><gpxtpx:hr>132</gpxtpx:hr></gpxtpx:TrackPointExtension></extensions></trkpt><trkpt lat="56.04114" lon="37.852772"><ele>175.2</ele><time>2026-07-09T17:42:46Z</time><extensions><gpxtpx:TrackPointExtension><gpxtpx:hr>132</gpxtpx:hr></gpxtpx:TrackPointExtension></extensions></trkpt><trkpt lat="56.041145" lon="37.852722"><ele>175.2</ele><time>2026-07-09T17:42:47Z</time><extensions><gpxtpx:TrackPointExtension><gpxtpx:hr>132</gpxtpx:hr></gpxtpx:TrackPointExtension></extensions></trkpt><trkpt lat="56.041152" lon="37.852665"><ele>175.2</ele><time>2026-07-09T17:42:48Z</time><extensions><gpxtpx:TrackPointExtension><gpxtpx:hr>133</gpxtpx:hr></gpxtpx:TrackPointExtension></extensions></trkpt><trkpt lat="56.041157" lon="37.852617"><ele>175.2</ele><time>2026-07-09T17:42:49Z</time><extensions><gpxtpx:TrackPointExtension><gpxtpx:hr>133</gpxtpx:hr></gpxtpx:TrackPointExtension></extensions></trkpt><trkpt lat="56.041162" lon="37.852567"><ele>175.2</ele><time>2026-07-09T17:42:50Z</time><extensions><gpxtpx:TrackPointExtension><gpxtpx:hr>133</gpxtpx:hr></gpxtpx:TrackPointExtension></extensions></trkpt><trkpt lat="56.041167" lon="37.852522"><ele>175.4</ele><time>2026-07-09T17:42:51Z</time><extensions><gpxtpx:TrackPointExtension><gpxtpx:hr>134</gpxtpx:hr></gpxtpx:TrackPointExtension></extensions></trkpt><trkpt lat="56.04117" lon="37.852482"><ele>175.4</ele><time>2026-07-09T17:42:52Z</time><extensions><gpxtpx:TrackPointExtension><gpxtpx:hr>133</gpxtpx:hr></gpxtpx:TrackPointExtension></extensions></trkpt><trkpt lat="56.041175" lon="37.852435"><ele>175.2</ele><time>2026-07-09T17:42:53Z</time><extensions><gpxtpx:TrackPointExtension><gpxtpx:hr>133</gpxtpx:hr></gpxtpx:TrackPointExtension></extensions></trkpt><trkpt lat="56.04118" lon="37.852387"><ele>175.2</ele><time>2026-07-09T17:42:54Z</time><extensions><gpxtpx:TrackPointExtension><gpxtpx:hr>133</gpxtpx:hr></gpxtpx:TrackPointExtension></extensions></trkpt><trkpt lat="56.041185" lon="37.852345"><ele>175.2</ele><time>2026-07-09T17:42:55Z</time><extensions><gpxtpx:TrackPointExtension><gpxtpx:hr>133</gpxtpx:hr></gpxtpx:TrackPointExtension></extensions></trkpt><trkpt lat="56.04119" lon="37.8523"><ele>175.4</ele><time>2026-07-09T17:42:56Z</time><extensions><gpxtpx:TrackPointExtension><gpxtpx:hr>133</gpxtpx:hr></gpxtpx:TrackPointExtension></extensions></trkpt><trkpt lat="56.041197" lon="37.85226"><ele>175.4</ele><time>2026-07-09T17:42:57Z</time><extensions><gpxtpx:TrackPointExtension><gpxtpx:hr>133</gpxtpx:hr></gpxtpx:TrackPointExtension></extensions></trkpt><trkpt lat="56.041205" lon="37.852222"><ele>175.4</ele><time>2026-07-09T17:42:58Z</time><extensions><gpxtpx:TrackPointExtension><gpxtpx:hr>132</gpxtpx:hr></gpxtpx:TrackPointExtension></extensions></trkpt><trkpt lat="56.041217" lon="37.852185"><ele>175.4</ele><time>2026-07-09T17:42:59Z</time><extensions><gpxtpx:TrackPointExtension><gpxtpx:hr>133</gpxtpx:hr></gpxtpx:TrackPointExtension></extensions></trkpt><trkpt lat="56.041227" lon="37.852142"><ele>175.4</ele><time>2026-07-09T17:43:00Z</time><extensions><gpxtpx:TrackPointExtension><gpxtpx:hr>134</gpxtpx:hr></gpxtpx:TrackPointExtension></extensions></trkpt><trkpt lat="56.041232" lon="37.852097"><ele>175.4</ele><time>2026-07-09T17:43:01Z</time><extensions><gpxtpx:TrackPointExtension><gpxtpx:hr>134</gpxtpx:hr></gpxtpx:TrackPointExtension></extensions></trkpt><trkpt lat="56.041242" lon="37.852047"><ele>175.4</ele><time>2026-07-09T17:43:02Z</time><extensions><gpxtpx:TrackPointExtension><gpxtpx:hr>134</gpxtpx:hr></gpxtpx:TrackPointExtension></extensions></trkpt><trkpt lat="56.041257" lon="37.852002"><ele>175.2</ele><time>2026-07-09T17:43:03Z</time><extensions><gpxtpx:TrackPointExtension><gpxtpx:hr>134</gpxtpx:hr></gpxtpx:TrackPointExtension></extensions></trkpt><trkpt lat="56.041268" lon="37.851962"><ele>175.2</ele><time>2026-07-09T17:43:04Z</time><extensions><gpxtpx:TrackPointExtension><gpxtpx:hr>135</gpxtpx:hr></gpxtpx:TrackPointExtension></extensions></trkpt><trkpt lat="56.041282" lon="37.851922"><ele>175.4</ele><time>2026-07-09T17:43:05Z</time><extensions><gpxtpx:TrackPointExtension><gpxtpx:hr>135</gpxtpx:hr></gpxtpx:TrackPointExtension></extensions></trkpt><trkpt lat="56.041292" lon="37.85188"><ele>175.2</ele><time>2026-07-09T17:43:06Z</time><extensions><gpxtpx:TrackPointExtension><gpxtpx:hr>136</gpxtpx:hr></gpxtpx:TrackPointExtension></extensions></trkpt><trkpt lat="56.041305" lon="37.851832"><ele>175.2</ele><time>2026-07-09T17:43:07Z</time><extensions><gpxtpx:TrackPointExtension><gpxtpx:hr>136</gpxtpx:hr></gpxtpx:TrackPointExtension></extensions></trkpt><trkpt lat="56.041317" lon="37.851787"><ele>175.4</ele><time>2026-07-09T17:43:08Z</time><extensions><gpxtpx:TrackPointExtension><gpxtpx:hr>135</gpxtpx:hr></gpxtpx:TrackPointExtension></extensions></trkpt><trkpt lat="56.04133" lon="37.851752"><ele>175.4</ele><time>2026-07-09T17:43:09Z</time><extensions><gpxtpx:TrackPointExtension><gpxtpx:hr>135</gpxtpx:hr></gpxtpx:TrackPointExtension></extensions></trkpt><trkpt lat="56.041347" lon="37.851715"><ele>175.4</ele><time>2026-07-09T17:43:10Z</time><extensions><gpxtpx:TrackPointExtension><gpxtpx:hr>136</gpxtpx:hr></gpxtpx:TrackPointExtension></extensions></trkpt><trkpt lat="56.041367" lon="37.85168"><ele>175.4</ele><time>2026-07-09T17:43:11Z</time><extensions><gpxtpx:TrackPointExtension><gpxtpx:hr>136</gpxtpx:hr></gpxtpx:TrackPointExtension></extensions></trkpt><trkpt lat="56.041387" lon="37.851642"><ele>175.4</ele><time>2026-07-09T17:43:12Z</time><extensions><gpxtpx:TrackPointExtension><gpxtpx:hr>136</gpxtpx:hr></gpxtpx:TrackPointExtension></extensions></trkpt><trkpt lat="56.041407" lon="37.851612"><ele>175.4</ele><time>2026-07-09T17:43:13Z</time><extensions><gpxtpx:TrackPointExtension><gpxtpx:hr>136</gpxtpx:hr></gpxtpx:TrackPointExtension></extensions></trkpt><trkpt lat="56.041432" lon="37.851585"><ele>175.4</ele><time>2026-07-09T17:43:14Z</time><extensions><gpxtpx:TrackPointExtension><gpxtpx:hr>136</gpxtpx:hr></gpxtpx:TrackPointExtension></extensions></trkpt><trkpt lat="56.041457" lon="37.851565"><ele>175.4</ele><time>2026-07-09T17:43:15Z</time><extensions><gpxtpx:TrackPointExtension><gpxtpx:hr>137</gpxtpx:hr></gpxtpx:TrackPointExtension></extensions></trkpt><trkpt lat="56.04148" lon="37.851545"><ele>175.6</ele><time>2026-07-09T17:43:16Z</time><extensions><gpxtpx:TrackPointExtension><gpxtpx:hr>137</gpxtpx:hr></gpxtpx:TrackPointExtension></extensions></trkpt><trkpt lat="56.0415" lon="37.851527"><ele>175.6</ele><time>2026-07-09T17:43:17Z</time><extensions><gpxtpx:TrackPointExtension><gpxtpx:hr>137</gpxtpx:hr></gpxtpx:TrackPointExtension></extensions></trkpt><trkpt lat="56.04152" lon="37.851507"><ele>175.6</ele><time>2026-07-09T17:43:18Z</time><extensions><gpxtpx:TrackPointExtension><gpxtpx:hr>137</gpxtpx:hr></gpxtpx:TrackPointExtension></extensions></trkpt><trkpt lat="56.041542" lon="37.851485"><ele>175.6</ele><time>2026-07-09T17:43:19Z</time><extensions><gpxtpx:TrackPointExtension><gpxtpx:hr>137</gpxtpx:hr></gpxtpx:TrackPointExtension></extensions></trkpt><trkpt lat="56.041562" lon="37.851462"><ele>175.6</ele><time>2026-07-09T17:43:20Z</time><extensions><gpxtpx:TrackPointExtension><gpxtpx:hr>137</gpxtpx:hr></gpxtpx:TrackPointExtension></extensions></trkpt><trkpt lat="56.041585" lon="37.851442"><ele>175.6</ele><time>2026-07-09T17:43:21Z</time><extensions><gpxtpx:TrackPointExtension><gpxtpx:hr>138</gpxtpx:hr></gpxtpx:TrackPointExtension></extensions></trkpt><trkpt lat="56.041605" lon="37.85142"><ele>175.6</ele><time>2026-07-09T17:43:22Z</time><extensions><gpxtpx:TrackPointExtension><gpxtpx:hr>137</gpxtpx:hr></gpxtpx:TrackPointExtension></extensions></trkpt><trkpt lat="56.041627" lon="37.851397"><ele>175.6</ele><time>2026-07-09T17:43:23Z</time><extensions><gpxtpx:TrackPointExtension><gpxtpx:hr>137</gpxtpx:hr></gpxtpx:TrackPointExtension></extensions></trkpt><trkpt lat="56.041655" lon="37.851377"><ele>175.6</ele><time>2026-07-09T17:43:24Z</time><extensions><gpxtpx:TrackPointExtension><gpxtpx:hr>138</gpxtpx:hr></gpxtpx:TrackPointExtension></extensions></trkpt><trkpt lat="56.041682" lon="37.851352"><ele>175.6</ele><time>2026-07-09T17:43:25Z</time><extensions><gpxtpx:TrackPointExtension><gpxtpx:hr>138</gpxtpx:hr></gpxtpx:TrackPointExtension></extensions></trkpt><trkpt lat="56.041707" lon="37.851332"><ele>175.6</ele><time>2026-07-09T17:43:26Z</time><extensions><gpxtpx:TrackPointExtension><gpxtpx:hr>138</gpxtpx:hr></gpxtpx:TrackPointExtension></extensions></trkpt><trkpt lat="56.041727" lon="37.851312"><ele>175.6</ele><time>2026-07-09T17:43:27Z</time><extensions><gpxtpx:TrackPointExtension><gpxtpx:hr>138</gpxtpx:hr></gpxtpx:TrackPointExtension></extensions></trkpt><trkpt lat="56.04175" lon="37.851292"><ele>175.8</ele><time>2026-07-09T17:43:28Z</time><extensions><gpxtpx:TrackPointExtension><gpxtpx:hr>139</gpxtpx:hr></gpxtpx:TrackPointExtension></extensions></trkpt><trkpt lat="56.041775" lon="37.851272"><ele>175.8</ele><time>2026-07-09T17:43:29Z</time><extensions><gpxtpx:TrackPointExtension><gpxtpx:hr>139</gpxtpx:hr></gpxtpx:TrackPointExtension></extensions></trkpt><trkpt lat="56.0418" lon="37.851245"><ele>176.0</ele><time>2026-07-09T17:43:30Z</time><extensions><gpxtpx:TrackPointExtension><gpxtpx:hr>139</gpxtpx:hr></gpxtpx:TrackPointExtension></extensions></trkpt><trkpt lat="56.041825" lon="37.85122"><ele>176.0</ele><time>2026-07-09T17:43:31Z</time><extensions><gpxtpx:TrackPointExtension><gpxtpx:hr>138</gpxtpx:hr></gpxtpx:TrackPointExtension></extensions></trkpt><trkpt lat="56.041847" lon="37.851197"><ele>176.0</ele><time>2026-07-09T17:43:32Z</time><extensions><gpxtpx:TrackPointExtension><gpxtpx:hr>138</gpxtpx:hr></gpxtpx:TrackPointExtension></extensions></trkpt><trkpt lat="56.041872" lon="37.851172"><ele>176.0</ele><time>2026-07-09T17:43:33Z</time><extensions><gpxtpx:TrackPointExtension><gpxtpx:hr>139</gpxtpx:hr></gpxtpx:TrackPointExtension></extensions></trkpt><trkpt lat="56.0419" lon="37.851152"><ele>176.0</ele><time>2026-07-09T17:43:34Z</time><extensions><gpxtpx:TrackPointExtension><gpxtpx:hr>139</gpxtpx:hr></gpxtpx:TrackPointExtension></extensions></trkpt><trkpt lat="56.041927" lon="37.851127"><ele>175.8</ele><time>2026-07-09T17:43:35Z</time><extensions><gpxtpx:TrackPointExtension><gpxtpx:hr>140</gpxtpx:hr></gpxtpx:TrackPointExtension></extensions></trkpt><trkpt lat="56.041952" lon="37.851105"><ele>176.0</ele><time>2026-07-09T17:43:36Z</time><extensions><gpxtpx:TrackPointExtension><gpxtpx:hr>140</gpxtpx:hr></gpxtpx:TrackPointExtension></extensions></trkpt><trkpt lat="56.041972" lon="37.851083"><ele>175.8</ele><time>2026-07-09T17:43:37Z</time><extensions><gpxtpx:TrackPointExtension><gpxtpx:hr>140</gpxtpx:hr></gpxtpx:TrackPointExtension></extensions></trkpt><trkpt lat="56.041997" lon="37.85107"><ele>176.0</ele><time>2026-07-09T17:43:38Z</time><extensions><gpxtpx:TrackPointExtension><gpxtpx:hr>140</gpxtpx:hr></gpxtpx:TrackPointExtension></extensions></trkpt><trkpt lat="56.042017" lon="37.851055"><ele>176.0</ele><time>2026-07-09T17:43:39Z</time><extensions><gpxtpx:TrackPointExtension><gpxtpx:hr>140</gpxtpx:hr></gpxtpx:TrackPointExtension></extensions></trkpt><trkpt lat="56.042037" lon="37.851037"><ele>176.0</ele><time>2026-07-09T17:43:40Z</time><extensions><gpxtpx:TrackPointExtension><gpxtpx:hr>140</gpxtpx:hr></gpxtpx:TrackPointExtension></extensions></trkpt><trkpt lat="56.042057" lon="37.851017"><ele>175.8</ele><time>2026-07-09T17:43:41Z</time><extensions><gpxtpx:TrackPointExtension><gpxtpx:hr>140</gpxtpx:hr></gpxtpx:TrackPointExtension></extensions></trkpt><trkpt lat="56.042077" lon="37.851"><ele>175.8</ele><time>2026-07-09T17:43:42Z</time><extensions><gpxtpx:TrackPointExtension><gpxtpx:hr>140</gpxtpx:hr></gpxtpx:TrackPointExtension></extensions></trkpt><trkpt lat="56.042097" lon="37.850982"><ele>175.8</ele><time>2026-07-09T17:43:43Z</time><extensions><gpxtpx:TrackPointExtension><gpxtpx:hr>139</gpxtpx:hr></gpxtpx:TrackPointExtension></extensions></trkpt><trkpt lat="56.042122" lon="37.850962"><ele>175.8</ele><time>2026-07-09T17:43:44Z</time><extensions><gpxtpx:TrackPointExtension><gpxtpx:hr>139</gpxtpx:hr></gpxtpx:TrackPointExtension></extensions></trkpt><trkpt lat="56.042145" lon="37.850942"><ele>175.8</ele><time>2026-07-09T17:43:45Z</time><extensions><gpxtpx:TrackPointExtension><gpxtpx:hr>139</gpxtpx:hr></gpxtpx:TrackPointExtension></extensions></trkpt><trkpt lat="56.042167" lon="37.850922"><ele>175.8</ele><time>2026-07-09T17:43:46Z</time><extensions><gpxtpx:TrackPointExtension><gpxtpx:hr>139</gpxtpx:hr></gpxtpx:TrackPointExtension></extensions></trkpt><trkpt lat="56.042187" lon="37.850902"><ele>175.8</ele><time>2026-07-09T17:43:47Z</time><extensions><gpxtpx:TrackPointExtension><gpxtpx:hr>140</gpxtpx:hr></gpxtpx:TrackPointExtension></extensions></trkpt><trkpt lat="56.04221" lon="37.850882"><ele>175.8</ele><time>2026-07-09T17:43:48Z</time><extensions><gpxtpx:TrackPointExtension><gpxtpx:hr>140</gpxtpx:hr></gpxtpx:TrackPointExtension></extensions></trkpt><trkpt lat="56.042235" lon="37.850862"><ele>175.8</ele><time>2026-07-09T17:43:49Z</time><extensions><gpxtpx:TrackPointExtension><gpxtpx:hr>140</gpxtpx:hr></gpxtpx:TrackPointExtension></extensions></trkpt><trkpt lat="56.042257" lon="37.850837"><ele>175.8</ele><time>2026-07-09T17:43:50Z</time><extensions><gpxtpx:TrackPointExtension><gpxtpx:hr>140</gpxtpx:hr></gpxtpx:TrackPointExtension></extensions></trkpt><trkpt lat="56.042277" lon="37.850822"><ele>175.8</ele><time>2026-07-09T17:43:51Z</time><extensions><gpxtpx:TrackPointExtension><gpxtpx:hr>140</gpxtpx:hr></gpxtpx:TrackPointExtension></extensions></trkpt><trkpt lat="56.0423" lon="37.850802"><ele>175.8</ele><time>2026-07-09T17:43:52Z</time><extensions><gpxtpx:TrackPointExtension><gpxtpx:hr>140</gpxtpx:hr></gpxtpx:TrackPointExtension></extensions></trkpt><trkpt lat="56.042322" lon="37.850782"><ele>176.0</ele><time>2026-07-09T17:43:53Z</time><extensions><gpxtpx:TrackPointExtension><gpxtpx:hr>140</gpxtpx:hr></gpxtpx:TrackPointExtension></extensions></trkpt><trkpt lat="56.042342" lon="37.850762"><ele>176.0</ele><time>2026-07-09T17:43:54Z</time><extensions><gpxtpx:TrackPointExtension><gpxtpx:hr>140</gpxtpx:hr></gpxtpx:TrackPointExtension></extensions></trkpt><trkpt lat="56.042365" lon="37.85074"><ele>176.0</ele><time>2026-07-09T17:43:55Z</time><extensions><gpxtpx:TrackPointExtension><gpxtpx:hr>140</gpxtpx:hr></gpxtpx:TrackPointExtension></extensions></trkpt><trkpt lat="56.04239" lon="37.850722"><ele>176.0</ele><time>2026-07-09T17:43:56Z</time><extensions><gpxtpx:TrackPointExtension><gpxtpx:hr>140</gpxtpx:hr></gpxtpx:TrackPointExtension></extensions></trkpt><trkpt lat="56.042407" lon="37.850702"><ele>176.0</ele><time>2026-07-09T17:43:57Z</time><extensions><gpxtpx:TrackPointExtension><gpxtpx:hr>140</gpxtpx:hr></gpxtpx:TrackPointExtension></extensions></trkpt><trkpt lat="56.04243" lon="37.850687"><ele>176.0</ele><time>2026-07-09T17:43:58Z</time><extensions><gpxtpx:TrackPointExtension><gpxtpx:hr>140</gpxtpx:hr></gpxtpx:TrackPointExtension></extensions></trkpt><trkpt lat="56.042452" lon="37.850665"><ele>176.2</ele><time>2026-07-09T17:43:59Z</time><extensions><gpxtpx:TrackPointExtension><gpxtpx:hr>140</gpxtpx:hr></gpxtpx:TrackPointExtension></extensions></trkpt><trkpt lat="56.042475" lon="37.850645"><ele>176.4</ele><time>2026-07-09T17:44:00Z</time><extensions><gpxtpx:TrackPointExtension><gpxtpx:hr>140</gpxtpx:hr></gpxtpx:TrackPointExtension></extensions></trkpt><trkpt lat="56.042495" lon="37.850622"><ele>176.4</ele><time>2026-07-09T17:44:01Z</time><extensions><gpxtpx:TrackPointExtension><gpxtpx:hr>140</gpxtpx:hr></gpxtpx:TrackPointExtension></extensions></trkpt><trkpt lat="56.042517" lon="37.850602"><ele>176.4</ele><time>2026-07-09T17:44:02Z</time><extensions><gpxtpx:TrackPointExtension><gpxtpx:hr>140</gpxtpx:hr></gpxtpx:TrackPointExtension></extensions></trkpt><trkpt lat="56.042537" lon="37.85059"><ele>176.4</ele><time>2026-07-09T17:44:03Z</time><extensions><gpxtpx:TrackPointExtension><gpxtpx:hr>139</gpxtpx:hr></gpxtpx:TrackPointExtension></extensions></trkpt><trkpt lat="56.04256" lon="37.850572"><ele>176.4</ele><time>2026-07-09T17:44:04Z</time><extensions><gpxtpx:TrackPointExtension><gpxtpx:hr>139</gpxtpx:hr></gpxtpx:TrackPointExtension></extensions></trkpt><trkpt lat="56.042582" lon="37.850557"><ele>176.4</ele><time>2026-07-09T17:44:05Z</time><extensions><gpxtpx:TrackPointExtension><gpxtpx:hr>140</gpxtpx:hr></gpxtpx:TrackPointExtension></extensions></trkpt><trkpt lat="56.042602" lon="37.850545"><ele>176.4</ele><time>2026-07-09T17:44:06Z</time><extensions><gpxtpx:TrackPointExtension><gpxtpx:hr>140</gpxtpx:hr></gpxtpx:TrackPointExtension></extensions></trkpt><trkpt lat="56.042622" lon="37.850532"><ele>176.4</ele><time>2026-07-09T17:44:07Z</time><extensions><gpxtpx:TrackPointExtension><gpxtpx:hr>140</gpxtpx:hr></gpxtpx:TrackPointExtension></extensions></trkpt><trkpt lat="56.042647" lon="37.850517"><ele>176.4</ele><time>2026-07-09T17:44:08Z</time><extensions><gpxtpx:TrackPointExtension><gpxtpx:hr>140</gpxtpx:hr></gpxtpx:TrackPointExtension></extensions></trkpt><trkpt lat="56.042667" lon="37.850497"><ele>176.6</ele><time>2026-07-09T17:44:09Z</time><extensions><gpxtpx:TrackPointExtension><gpxtpx:hr>141</gpxtpx:hr></gpxtpx:TrackPointExtension></extensions></trkpt><trkpt lat="56.042692" lon="37.850482"><ele>176.4</ele><time>2026-07-09T17:44:10Z</time><extensions><gpxtpx:TrackPointExtension><gpxtpx:hr>141</gpxtpx:hr></gpxtpx:TrackPointExtension></extensions></trkpt><trkpt lat="56.042717" lon="37.85046"><ele>176.6</ele><time>2026-07-09T17:44:11Z</time><extensions><gpxtpx:TrackPointExtension><gpxtpx:hr>141</gpxtpx:hr></gpxtpx:TrackPointExtension></extensions></trkpt><trkpt lat="56.042737" lon="37.85044"><ele>176.6</ele><time>2026-07-09T17:44:12Z</time><extensions><gpxtpx:TrackPointExtension><gpxtpx:hr>141</gpxtpx:hr></gpxtpx:TrackPointExtension></extensions></trkpt><trkpt lat="56.04276" lon="37.850422"><ele>176.6</ele><time>2026-07-09T17:44:13Z</time><extensions><gpxtpx:TrackPointExtension><gpxtpx:hr>141</gpxtpx:hr></gpxtpx:TrackPointExtension></extensions></trkpt><trkpt lat="56.042782" lon="37.850407"><ele>176.8</ele><time>2026-07-09T17:44:14Z</time><extensions><gpxtpx:TrackPointExtension><gpxtpx:hr>141</gpxtpx:hr></gpxtpx:TrackPointExtension></extensions></trkpt><trkpt lat="56.042805" lon="37.850395"><ele>176.8</ele><time>2026-07-09T17:44:15Z</time><extensions><gpxtpx:TrackPointExtension><gpxtpx:hr>140</gpxtpx:hr></gpxtpx:TrackPointExtension></extensions></trkpt><trkpt lat="56.042827" lon="37.850377"><ele>177.0</ele><time>2026-07-09T17:44:16Z</time><extensions><gpxtpx:TrackPointExtension><gpxtpx:hr>140</gpxtpx:hr></gpxtpx:TrackPointExtension></extensions></trkpt><trkpt lat="56.042847" lon="37.850357"><ele>177.0</ele><time>2026-07-09T17:44:17Z</time><extensions><gpxtpx:TrackPointExtension><gpxtpx:hr>140</gpxtpx:hr></gpxtpx:TrackPointExtension></extensions></trkpt><trkpt lat="56.04287" lon="37.85034"><ele>177.2</ele><time>2026-07-09T17:44:18Z</time><extensions><gpxtpx:TrackPointExtension><gpxtpx:hr>140</gpxtpx:hr></gpxtpx:TrackPointExtension></extensions></trkpt><trkpt lat="56.04289" lon="37.85032"><ele>177.0</ele><time>2026-07-09T17:44:19Z</time><extensions><gpxtpx:TrackPointExtension><gpxtpx:hr>139</gpxtpx:hr></gpxtpx:TrackPointExtension></extensions></trkpt><trkpt lat="56.04291" lon="37.850297"><ele>177.0</ele><time>2026-07-09T17:44:20Z</time><extensions><gpxtpx:TrackPointExtension><gpxtpx:hr>140</gpxtpx:hr></gpxtpx:TrackPointExtension></extensions></trkpt><trkpt lat="56.042928" lon="37.850277"><ele>177.0</ele><time>2026-07-09T17:44:21Z</time><extensions><gpxtpx:TrackPointExtension><gpxtpx:hr>139</gpxtpx:hr></gpxtpx:TrackPointExtension></extensions></trkpt><trkpt lat="56.042952" lon="37.850257"><ele>176.8</ele><time>2026-07-09T17:44:22Z</time><extensions><gpxtpx:TrackPointExtension><gpxtpx:hr>140</gpxtpx:hr></gpxtpx:TrackPointExtension></extensions></trkpt><trkpt lat="56.042972" lon="37.850237"><ele>176.8</ele><time>2026-07-09T17:44:23Z</time><extensions><gpxtpx:TrackPointExtension><gpxtpx:hr>142</gpxtpx:hr></gpxtpx:TrackPointExtension></extensions></trkpt><trkpt lat="56.042995" lon="37.85022"><ele>176.8</ele><time>2026-07-09T17:44:24Z</time><extensions><gpxtpx:TrackPointExtension><gpxtpx:hr>142</gpxtpx:hr></gpxtpx:TrackPointExtension></extensions></trkpt><trkpt lat="56.043017" lon="37.8502"><ele>176.8</ele><time>2026-07-09T17:44:25Z</time><extensions><gpxtpx:TrackPointExtension><gpxtpx:hr>142</gpxtpx:hr></gpxtpx:TrackPointExtension></extensions></trkpt><trkpt lat="56.04304" lon="37.850182"><ele>176.8</ele><time>2026-07-09T17:44:26Z</time><extensions><gpxtpx:TrackPointExtension><gpxtpx:hr>142</gpxtpx:hr></gpxtpx:TrackPointExtension></extensions></trkpt><trkpt lat="56.04306" lon="37.850162"><ele>176.6</ele><time>2026-07-09T17:44:27Z</time><extensions><gpxtpx:TrackPointExtension><gpxtpx:hr>142</gpxtpx:hr></gpxtpx:TrackPointExtension></extensions></trkpt><trkpt lat="56.043077" lon="37.850147"><ele>176.6</ele><time>2026-07-09T17:44:28Z</time><extensions><gpxtpx:TrackPointExtension><gpxtpx:hr>142</gpxtpx:hr></gpxtpx:TrackPointExtension></extensions></trkpt><trkpt lat="56.043097" lon="37.850127"><ele>176.6</ele><time>2026-07-09T17:44:29Z</time><extensions><gpxtpx:TrackPointExtension><gpxtpx:hr>142</gpxtpx:hr></gpxtpx:TrackPointExtension></extensions></trkpt><trkpt lat="56.043117" lon="37.85011"><ele>176.6</ele><time>2026-07-09T17:44:30Z</time><extensions><gpxtpx:TrackPointExtension><gpxtpx:hr>141</gpxtpx:hr></gpxtpx:TrackPointExtension></extensions></trkpt><trkpt lat="56.04314" lon="37.85009"><ele>176.6</ele><time>2026-07-09T17:44:31Z</time><extensions><gpxtpx:TrackPointExtension><gpxtpx:hr>142</gpxtpx:hr></gpxtpx:TrackPointExtension></extensions></trkpt><trkpt lat="56.043162" lon="37.850067"><ele>176.8</ele><time>2026-07-09T17:44:32Z</time><extensions><gpxtpx:TrackPointExtension><gpxtpx:hr>142</gpxtpx:hr></gpxtpx:TrackPointExtension></extensions></trkpt><trkpt lat="56.043187" lon="37.850045"><ele>176.8</ele><time>2026-07-09T17:44:33Z</time><extensions><gpxtpx:TrackPointExtension><gpxtpx:hr>142</gpxtpx:hr></gpxtpx:TrackPointExtension></extensions></trkpt><trkpt lat="56.043207" lon="37.850025"><ele>176.6</ele><time>2026-07-09T17:44:34Z</time><extensions><gpxtpx:TrackPointExtension><gpxtpx:hr>142</gpxtpx:hr></gpxtpx:TrackPointExtension></extensions></trkpt><trkpt lat="56.043232" lon="37.850002"><ele>176.6</ele><time>2026-07-09T17:44:35Z</time><extensions><gpxtpx:TrackPointExtension><gpxtpx:hr>142</gpxtpx:hr></gpxtpx:TrackPointExtension></extensions></trkpt><trkpt lat="56.043255" lon="37.849975"><ele>176.6</ele><time>2026-07-09T17:44:36Z</time><extensions><gpxtpx:TrackPointExtension><gpxtpx:hr>141</gpxtpx:hr></gpxtpx:TrackPointExtension></extensions></trkpt><trkpt lat="56.04328" lon="37.849943"><ele>176.4</ele><time>2026-07-09T17:44:37Z</time><extensions><gpxtpx:TrackPointExtension><gpxtpx:hr>141</gpxtpx:hr></gpxtpx:TrackPointExtension></extensions></trkpt><trkpt lat="56.043302" lon="37.849917"><ele>176.4</ele><time>2026-07-09T17:44:38Z</time><extensions><gpxtpx:TrackPointExtension><gpxtpx:hr>141</gpxtpx:hr></gpxtpx:TrackPointExtension></extensions></trkpt><trkpt lat="56.043327" lon="37.849897"><ele>176.6</ele><time>2026-07-09T17:44:39Z</time><extensions><gpxtpx:TrackPointExtension><gpxtpx:hr>141</gpxtpx:hr></gpxtpx:TrackPointExtension></extensions></trkpt><trkpt lat="56.043355" lon="37.849872"><ele>176.4</ele><time>2026-07-09T17:44:40Z</time><extensions><gpxtpx:TrackPointExtension><gpxtpx:hr>142</gpxtpx:hr></gpxtpx:TrackPointExtension></extensions></trkpt><trkpt lat="56.043377" lon="37.849845"><ele>176.4</ele><time>2026-07-09T17:44:41Z</time><extensions><gpxtpx:TrackPointExtension><gpxtpx:hr>142</gpxtpx:hr></gpxtpx:TrackPointExtension></extensions></trkpt><trkpt lat="56.043402" lon="37.84982"><ele>176.2</ele><time>2026-07-09T17:44:42Z</time><extensions><gpxtpx:TrackPointExtension><gpxtpx:hr>142</gpxtpx:hr></gpxtpx:TrackPointExtension></extensions></trkpt><trkpt lat="56.043427" lon="37.849797"><ele>176.2</ele><time>2026-07-09T17:44:43Z</time><extensions><gpxtpx:TrackPointExtension><gpxtpx:hr>142</gpxtpx:hr></gpxtpx:TrackPointExtension></extensions></trkpt><trkpt lat="56.043452" lon="37.849775"><ele>176.2</ele><time>2026-07-09T17:44:44Z</time><extensions><gpxtpx:TrackPointExtension><gpxtpx:hr>143</gpxtpx:hr></gpxtpx:TrackPointExtension></extensions></trkpt><trkpt lat="56.043482" lon="37.849752"><ele>176.2</ele><time>2026-07-09T17:44:45Z</time><extensions><gpxtpx:TrackPointExtension><gpxtpx:hr>144</gpxtpx:hr></gpxtpx:TrackPointExtension></extensions></trkpt><trkpt lat="56.043507" lon="37.849732"><ele>176.2</ele><time>2026-07-09T17:44:46Z</time><extensions><gpxtpx:TrackPointExtension><gpxtpx:hr>143</gpxtpx:hr></gpxtpx:TrackPointExtension></extensions></trkpt><trkpt lat="56.043532" lon="37.849715"><ele>176.2</ele><time>2026-07-09T17:44:47Z</time><extensions><gpxtpx:TrackPointExtension><gpxtpx:hr>143</gpxtpx:hr></gpxtpx:TrackPointExtension></extensions></trkpt><trkpt lat="56.043552" lon="37.849692"><ele>176.2</ele><time>2026-07-09T17:44:48Z</time><extensions><gpxtpx:TrackPointExtension><gpxtpx:hr>143</gpxtpx:hr></gpxtpx:TrackPointExtension></extensions></trkpt><trkpt lat="56.043577" lon="37.849672"><ele>176.2</ele><time>2026-07-09T17:44:49Z</time><extensions><gpxtpx:TrackPointExtension><gpxtpx:hr>143</gpxtpx:hr></gpxtpx:TrackPointExtension></extensions></trkpt><trkpt lat="56.0436" lon="37.849652"><ele>176.2</ele><time>2026-07-09T17:44:50Z</time><extensions><gpxtpx:TrackPointExtension><gpxtpx:hr>143</gpxtpx:hr></gpxtpx:TrackPointExtension></extensions></trkpt><trkpt lat="56.043625" lon="37.84963"><ele>176.0</ele><time>2026-07-09T17:44:51Z</time><extensions><gpxtpx:TrackPointExtension><gpxtpx:hr>143</gpxtpx:hr></gpxtpx:TrackPointExtension></extensions></trkpt><trkpt lat="56.043647" lon="37.849607"><ele>176.0</ele><time>2026-07-09T17:44:52Z</time><extensions><gpxtpx:TrackPointExtension><gpxtpx:hr>142</gpxtpx:hr></gpxtpx:TrackPointExtension></extensions></trkpt><trkpt lat="56.04367" lon="37.849585"><ele>176.0</ele><time>2026-07-09T17:44:53Z</time><extensions><gpxtpx:TrackPointExtension><gpxtpx:hr>143</gpxtpx:hr></gpxtpx:TrackPointExtension></extensions></trkpt><trkpt lat="56.043697" lon="37.849563"><ele>176.0</ele><time>2026-07-09T17:44:54Z</time><extensions><gpxtpx:TrackPointExtension><gpxtpx:hr>142</gpxtpx:hr></gpxtpx:TrackPointExtension></extensions></trkpt><trkpt lat="56.043722" lon="37.849547"><ele>176.0</ele><time>2026-07-09T17:44:55Z</time><extensions><gpxtpx:TrackPointExtension><gpxtpx:hr>142</gpxtpx:hr></gpxtpx:TrackPointExtension></extensions></trkpt><trkpt lat="56.043745" lon="37.849527"><ele>176.0</ele><time>2026-07-09T17:44:56Z</time><extensions><gpxtpx:TrackPointExtension><gpxtpx:hr>142</gpxtpx:hr></gpxtpx:TrackPointExtension></extensions></trkpt><trkpt lat="56.043767" lon="37.849507"><ele>175.8</ele><time>2026-07-09T17:44:57Z</time><extensions><gpxtpx:TrackPointExtension><gpxtpx:hr>143</gpxtpx:hr></gpxtpx:TrackPointExtension></extensions></trkpt><trkpt lat="56.043795" lon="37.849487"><ele>175.8</ele><time>2026-07-09T17:44:58Z</time><extensions><gpxtpx:TrackPointExtension><gpxtpx:hr>143</gpxtpx:hr></gpxtpx:TrackPointExtension></extensions></trkpt><trkpt lat="56.04382" lon="37.84947"><ele>175.8</ele><time>2026-07-09T17:44:59Z</time><extensions><gpxtpx:TrackPointExtension><gpxtpx:hr>143</gpxtpx:hr></gpxtpx:TrackPointExtension></extensions></trkpt><trkpt lat="56.043842" lon="37.849447"><ele>175.8</ele><time>2026-07-09T17:45:00Z</time><extensions><gpxtpx:TrackPointExtension><gpxtpx:hr>143</gpxtpx:hr></gpxtpx:TrackPointExtension></extensions></trkpt><trkpt lat="56.043867" lon="37.849427"><ele>175.8</ele><time>2026-07-09T17:45:01Z</time><extensions><gpxtpx:TrackPointExtension><gpxtpx:hr>142</gpxtpx:hr></gpxtpx:TrackPointExtension></extensions></trkpt><trkpt lat="56.043887" lon="37.849407"><ele>175.8</ele><time>2026-07-09T17:45:02Z</time><extensions><gpxtpx:TrackPointExtension><gpxtpx:hr>142</gpxtpx:hr></gpxtpx:TrackPointExtension></extensions></trkpt><trkpt lat="56.043912" lon="37.84939"><ele>175.8</ele><time>2026-07-09T17:45:03Z</time><extensions><gpxtpx:TrackPointExtension><gpxtpx:hr>143</gpxtpx:hr></gpxtpx:TrackPointExtension></extensions></trkpt><trkpt lat="56.043932" lon="37.849372"><ele>175.8</ele><time>2026-07-09T17:45:04Z</time><extensions><gpxtpx:TrackPointExtension><gpxtpx:hr>143</gpxtpx:hr></gpxtpx:TrackPointExtension></extensions></trkpt><trkpt lat="56.043952" lon="37.849352"><ele>175.8</ele><time>2026-07-09T17:45:05Z</time><extensions><gpxtpx:TrackPointExtension><gpxtpx:hr>143</gpxtpx:hr></gpxtpx:TrackPointExtension></extensions></trkpt><trkpt lat="56.043975" lon="37.849327"><ele>175.8</ele><time>2026-07-09T17:45:06Z</time><extensions><gpxtpx:TrackPointExtension><gpxtpx:hr>143</gpxtpx:hr></gpxtpx:TrackPointExtension></extensions></trkpt><trkpt lat="56.043997" lon="37.849305"><ele>175.8</ele><time>2026-07-09T17:45:07Z</time><extensions><gpxtpx:TrackPointExtension><gpxtpx:hr>142</gpxtpx:hr></gpxtpx:TrackPointExtension></extensions></trkpt><trkpt lat="56.044022" lon="37.849282"><ele>175.8</ele><time>2026-07-09T17:45:08Z</time><extensions><gpxtpx:TrackPointExtension><gpxtpx:hr>142</gpxtpx:hr></gpxtpx:TrackPointExtension></extensions></trkpt><trkpt lat="56.044042" lon="37.849262"><ele>175.6</ele><time>2026-07-09T17:45:09Z</time><extensions><gpxtpx:TrackPointExtension><gpxtpx:hr>142</gpxtpx:hr></gpxtpx:TrackPointExtension></extensions></trkpt><trkpt lat="56.044067" lon="37.849237"><ele>175.6</ele><time>2026-07-09T17:45:10Z</time><extensions><gpxtpx:TrackPointExtension><gpxtpx:hr>142</gpxtpx:hr></gpxtpx:TrackPointExtension></extensions></trkpt><trkpt lat="56.044092" lon="37.849215"><ele>175.6</ele><time>2026-07-09T17:45:11Z</time><extensions><gpxtpx:TrackPointExtension><gpxtpx:hr>142</gpxtpx:hr></gpxtpx:TrackPointExtension></extensions></trkpt><trkpt lat="56.044117" lon="37.849192"><ele>175.6</ele><time>2026-07-09T17:45:12Z</time><extensions><gpxtpx:TrackPointExtension><gpxtpx:hr>142</gpxtpx:hr></gpxtpx:TrackPointExtension></extensions></trkpt><trkpt lat="56.044142" lon="37.849167"><ele>175.6</ele><time>2026-07-09T17:45:13Z</time><extensions><gpxtpx:TrackPointExtension><gpxtpx:hr>143</gpxtpx:hr></gpxtpx:TrackPointExtension></extensions></trkpt><trkpt lat="56.044167" lon="37.849147"><ele>175.4</ele><time>2026-07-09T17:45:14Z</time><extensions><gpxtpx:TrackPointExtension><gpxtpx:hr>143</gpxtpx:hr></gpxtpx:TrackPointExtension></extensions></trkpt><trkpt lat="56.04419" lon="37.849122"><ele>175.6</ele><time>2026-07-09T17:45:15Z</time><extensions><gpxtpx:TrackPointExtension><gpxtpx:hr>143</gpxtpx:hr></gpxtpx:TrackPointExtension></extensions></trkpt><trkpt lat="56.044215" lon="37.8491"><ele>175.6</ele><time>2026-07-09T17:45:16Z</time><extensions><gpxtpx:TrackPointExtension><gpxtpx:hr>143</gpxtpx:hr></gpxtpx:TrackPointExtension></extensions></trkpt><trkpt lat="56.044242" lon="37.849077"><ele>175.6</ele><time>2026-07-09T17:45:17Z</time><extensions><gpxtpx:TrackPointExtension><gpxtpx:hr>144</gpxtpx:hr></gpxtpx:TrackPointExtension></extensions></trkpt><trkpt lat="56.044267" lon="37.849052"><ele>175.6</ele><time>2026-07-09T17:45:18Z</time><extensions><gpxtpx:TrackPointExtension><gpxtpx:hr>143</gpxtpx:hr></gpxtpx:TrackPointExtension></extensions></trkpt><trkpt lat="56.044293" lon="37.849027"><ele>175.6</ele><time>2026-07-09T17:45:19Z</time><extensions><gpxtpx:TrackPointExtension><gpxtpx:hr>143</gpxtpx:hr></gpxtpx:TrackPointExtension></extensions></trkpt><trkpt lat="56.044325" lon="37.849007"><ele>175.6</ele><time>2026-07-09T17:45:20Z</time><extensions><gpxtpx:TrackPointExtension><gpxtpx:hr>143</gpxtpx:hr></gpxtpx:TrackPointExtension></extensions></trkpt><trkpt lat="56.044352" lon="37.848985"><ele>175.6</ele><time>2026-07-09T17:45:21Z</time><extensions><gpxtpx:TrackPointExtension><gpxtpx:hr>143</gpxtpx:hr></gpxtpx:TrackPointExtension></extensions></trkpt><trkpt lat="56.044377" lon="37.848962"><ele>175.6</ele><time>2026-07-09T17:45:22Z</time><extensions><gpxtpx:TrackPointExtension><gpxtpx:hr>143</gpxtpx:hr></gpxtpx:TrackPointExtension></extensions></trkpt><trkpt lat="56.044407" lon="37.84894"><ele>175.6</ele><time>2026-07-09T17:45:23Z</time><extensions><gpxtpx:TrackPointExtension><gpxtpx:hr>143</gpxtpx:hr></gpxtpx:TrackPointExtension></extensions></trkpt><trkpt lat="56.044435" lon="37.84892"><ele>175.6</ele><time>2026-07-09T17:45:24Z</time><extensions><gpxtpx:TrackPointExtension><gpxtpx:hr>143</gpxtpx:hr></gpxtpx:TrackPointExtension></extensions></trkpt><trkpt lat="56.044462" lon="37.848897"><ele>175.6</ele><time>2026-07-09T17:45:25Z</time><extensions><gpxtpx:TrackPointExtension><gpxtpx:hr>143</gpxtpx:hr></gpxtpx:TrackPointExtension></extensions></trkpt><trkpt lat="56.044487" lon="37.848877"><ele>175.4</ele><time>2026-07-09T17:45:26Z</time><extensions><gpxtpx:TrackPointExtension><gpxtpx:hr>142</gpxtpx:hr></gpxtpx:TrackPointExtension></extensions></trkpt><trkpt lat="56.044517" lon="37.848855"><ele>175.4</ele><time>2026-07-09T17:45:27Z</time><extensions><gpxtpx:TrackPointExtension><gpxtpx:hr>143</gpxtpx:hr></gpxtpx:TrackPointExtension></extensions></trkpt><trkpt lat="56.04454" lon="37.848832"><ele>175.4</ele><time>2026-07-09T17:45:28Z</time><extensions><gpxtpx:TrackPointExtension><gpxtpx:hr>143</gpxtpx:hr></gpxtpx:TrackPointExtension></extensions></trkpt><trkpt lat="56.044562" lon="37.848807"><ele>175.2</ele><time>2026-07-09T17:45:29Z</time><extensions><gpxtpx:TrackPointExtension><gpxtpx:hr>143</gpxtpx:hr></gpxtpx:TrackPointExtension></extensions></trkpt><trkpt lat="56.04459" lon="37.848787"><ele>175.2</ele><time>2026-07-09T17:45:30Z</time><extensions><gpxtpx:TrackPointExtension><gpxtpx:hr>143</gpxtpx:hr></gpxtpx:TrackPointExtension></extensions></trkpt><trkpt lat="56.044615" lon="37.848762"><ele>175.2</ele><time>2026-07-09T17:45:31Z</time><extensions><gpxtpx:TrackPointExtension><gpxtpx:hr>143</gpxtpx:hr></gpxtpx:TrackPointExtension></extensions></trkpt><trkpt lat="56.044637" lon="37.848742"><ele>175.0</ele><time>2026-07-09T17:45:32Z</time><extensions><gpxtpx:TrackPointExtension><gpxtpx:hr>143</gpxtpx:hr></gpxtpx:TrackPointExtension></extensions></trkpt><trkpt lat="56.044665" lon="37.848725"><ele>175.2</ele><time>2026-07-09T17:45:33Z</time><extensions><gpxtpx:TrackPointExtension><gpxtpx:hr>143</gpxtpx:hr></gpxtpx:TrackPointExtension></extensions></trkpt><trkpt lat="56.04469" lon="37.848707"><ele>175.0</ele><time>2026-07-09T17:45:34Z</time><extensions><gpxtpx:TrackPointExtension><gpxtpx:hr>143</gpxtpx:hr></gpxtpx:TrackPointExtension></extensions></trkpt><trkpt lat="56.044717" lon="37.848682"><ele>175.0</ele><time>2026-07-09T17:45:35Z</time><extensions><gpxtpx:TrackPointExtension><gpxtpx:hr>143</gpxtpx:hr></gpxtpx:TrackPointExtension></extensions></trkpt><trkpt lat="56.044745" lon="37.848662"><ele>175.0</ele><time>2026-07-09T17:45:36Z</time><extensions><gpxtpx:TrackPointExtension><gpxtpx:hr>143</gpxtpx:hr></gpxtpx:TrackPointExtension></extensions></trkpt><trkpt lat="56.044772" lon="37.848637"><ele>175.0</ele><time>2026-07-09T17:45:37Z</time><extensions><gpxtpx:TrackPointExtension><gpxtpx:hr>142</gpxtpx:hr></gpxtpx:TrackPointExtension></extensions></trkpt><trkpt lat="56.0448" lon="37.848612"><ele>175.0</ele><time>2026-07-09T17:45:38Z</time><extensions><gpxtpx:TrackPointExtension><gpxtpx:hr>143</gpxtpx:hr></gpxtpx:TrackPointExtension></extensions></trkpt><trkpt lat="56.044827" lon="37.848585"><ele>175.0</ele><time>2026-07-09T17:45:39Z</time><extensions><gpxtpx:TrackPointExtension><gpxtpx:hr>143</gpxtpx:hr></gpxtpx:TrackPointExtension></extensions></trkpt><trkpt lat="56.044852" lon="37.848562"><ele>174.8</ele><time>2026-07-09T17:45:40Z</time><extensions><gpxtpx:TrackPointExtension><gpxtpx:hr>144</gpxtpx:hr></gpxtpx:TrackPointExtension></extensions></trkpt><trkpt lat="56.044877" lon="37.848537"><ele>174.8</ele><time>2026-07-09T17:45:41Z</time><extensions><gpxtpx:TrackPointExtension><gpxtpx:hr>144</gpxtpx:hr></gpxtpx:TrackPointExtension></extensions></trkpt><trkpt lat="56.044897" lon="37.848515"><ele>174.8</ele><time>2026-07-09T17:45:42Z</time><extensions><gpxtpx:TrackPointExtension><gpxtpx:hr>144</gpxtpx:hr></gpxtpx:TrackPointExtension></extensions></trkpt><trkpt lat="56.044922" lon="37.848497"><ele>175.0</ele><time>2026-07-09T17:45:43Z</time><extensions><gpxtpx:TrackPointExtension><gpxtpx:hr>145</gpxtpx:hr></gpxtpx:TrackPointExtension></extensions></trkpt><trkpt lat="56.044947" lon="37.848477"><ele>175.0</ele><time>2026-07-09T17:45:44Z</time><extensions><gpxtpx:TrackPointExtension><gpxtpx:hr>144</gpxtpx:hr></gpxtpx:TrackPointExtension></extensions></trkpt><trkpt lat="56.044975" lon="37.848462"><ele>174.8</ele><time>2026-07-09T17:45:45Z</time><extensions><gpxtpx:TrackPointExtension><gpxtpx:hr>144</gpxtpx:hr></gpxtpx:TrackPointExtension></extensions></trkpt><trkpt lat="56.044997" lon="37.848452"><ele>174.8</ele><time>2026-07-09T17:45:46Z</time><extensions><gpxtpx:TrackPointExtension><gpxtpx:hr>145</gpxtpx:hr></gpxtpx:TrackPointExtension></extensions></trkpt><trkpt lat="56.045027" lon="37.848438"><ele>174.8</ele><time>2026-07-09T17:45:47Z</time><extensions><gpxtpx:TrackPointExtension><gpxtpx:hr>145</gpxtpx:hr></gpxtpx:TrackPointExtension></extensions></trkpt><trkpt lat="56.045057" lon="37.848425"><ele>174.8</ele><time>2026-07-09T17:45:48Z</time><extensions><gpxtpx:TrackPointExtension><gpxtpx:hr>144</gpxtpx:hr></gpxtpx:TrackPointExtension></extensions></trkpt><trkpt lat="56.045085" lon="37.848415"><ele>174.8</ele><time>2026-07-09T17:45:49Z</time><extensions><gpxtpx:TrackPointExtension><gpxtpx:hr>144</gpxtpx:hr></gpxtpx:TrackPointExtension></extensions></trkpt><trkpt lat="56.045117" lon="37.8484"><ele>174.8</ele><time>2026-07-09T17:45:50Z</time><extensions><gpxtpx:TrackPointExtension><gpxtpx:hr>144</gpxtpx:hr></gpxtpx:TrackPointExtension></extensions></trkpt><trkpt lat="56.045147" lon="37.848385"><ele>174.8</ele><time>2026-07-09T17:45:51Z</time><extensions><gpxtpx:TrackPointExtension><gpxtpx:hr>144</gpxtpx:hr></gpxtpx:TrackPointExtension></extensions></trkpt><trkpt lat="56.045177" lon="37.848372"><ele>174.8</ele><time>2026-07-09T17:45:52Z</time><extensions><gpxtpx:TrackPointExtension><gpxtpx:hr>145</gpxtpx:hr></gpxtpx:TrackPointExtension></extensions></trkpt><trkpt lat="56.045205" lon="37.848362"><ele>174.8</ele><time>2026-07-09T17:45:53Z</time><extensions><gpxtpx:TrackPointExtension><gpxtpx:hr>145</gpxtpx:hr></gpxtpx:TrackPointExtension></extensions></trkpt><trkpt lat="56.045232" lon="37.848357"><ele>174.8</ele><time>2026-07-09T17:45:54Z</time><extensions><gpxtpx:TrackPointExtension><gpxtpx:hr>145</gpxtpx:hr></gpxtpx:TrackPointExtension></extensions></trkpt><trkpt lat="56.045255" lon="37.84835"><ele>174.6</ele><time>2026-07-09T17:45:55Z</time><extensions><gpxtpx:TrackPointExtension><gpxtpx:hr>145</gpxtpx:hr></gpxtpx:TrackPointExtension></extensions></trkpt><trkpt lat="56.045282" lon="37.848352"><ele>174.6</ele><time>2026-07-09T17:45:56Z</time><extensions><gpxtpx:TrackPointExtension><gpxtpx:hr>144</gpxtpx:hr></gpxtpx:TrackPointExtension></extensions></trkpt><trkpt lat="56.045307" lon="37.848347"><ele>174.6</ele><time>2026-07-09T17:45:57Z</time><extensions><gpxtpx:TrackPointExtension><gpxtpx:hr>144</gpxtpx:hr></gpxtpx:TrackPointExtension></extensions></trkpt><trkpt lat="56.045332" lon="37.848345"><ele>174.6</ele><time>2026-07-09T17:45:58Z</time><extensions><gpxtpx:TrackPointExtension><gpxtpx:hr>144</gpxtpx:hr></gpxtpx:TrackPointExtension></extensions></trkpt><trkpt lat="56.045362" lon="37.848342"><ele>174.6</ele><time>2026-07-09T17:45:59Z</time><extensions><gpxtpx:TrackPointExtension><gpxtpx:hr>145</gpxtpx:hr></gpxtpx:TrackPointExtension></extensions></trkpt><trkpt lat="56.04539" lon="37.84834"><ele>174.6</ele><time>2026-07-09T17:46:00Z</time><extensions><gpxtpx:TrackPointExtension><gpxtpx:hr>145</gpxtpx:hr></gpxtpx:TrackPointExtension></extensions></trkpt><trkpt lat="56.045415" lon="37.84834"><ele>174.6</ele><time>2026-07-09T17:46:01Z</time><extensions><gpxtpx:TrackPointExtension><gpxtpx:hr>144</gpxtpx:hr></gpxtpx:TrackPointExtension></extensions></trkpt><trkpt lat="56.045442" lon="37.848337"><ele>174.6</ele><time>2026-07-09T17:46:02Z</time><extensions><gpxtpx:TrackPointExtension><gpxtpx:hr>144</gpxtpx:hr></gpxtpx:TrackPointExtension></extensions></trkpt><trkpt lat="56.045472" lon="37.848337"><ele>174.6</ele><time>2026-07-09T17:46:03Z</time><extensions><gpxtpx:TrackPointExtension><gpxtpx:hr>144</gpxtpx:hr></gpxtpx:TrackPointExtension></extensions></trkpt><trkpt lat="56.045495" lon="37.84834"><ele>174.4</ele><time>2026-07-09T17:46:04Z</time><extensions><gpxtpx:TrackPointExtension><gpxtpx:hr>145</gpxtpx:hr></gpxtpx:TrackPointExtension></extensions></trkpt><trkpt lat="56.045527" lon="37.848337"><ele>174.4</ele><time>2026-07-09T17:46:05Z</time><extensions><gpxtpx:TrackPointExtension><gpxtpx:hr>145</gpxtpx:hr></gpxtpx:TrackPointExtension></extensions></trkpt><trkpt lat="56.045557" lon="37.848337"><ele>174.4</ele><time>2026-07-09T17:46:06Z</time><extensions><gpxtpx:TrackPointExtension><gpxtpx:hr>145</gpxtpx:hr></gpxtpx:TrackPointExtension></extensions></trkpt><trkpt lat="56.045585" lon="37.848337"><ele>174.4</ele><time>2026-07-09T17:46:07Z</time><extensions><gpxtpx:TrackPointExtension><gpxtpx:hr>145</gpxtpx:hr></gpxtpx:TrackPointExtension></extensions></trkpt><trkpt lat="56.04561" lon="37.848337"><ele>174.2</ele><time>2026-07-09T17:46:08Z</time><extensions><gpxtpx:TrackPointExtension><gpxtpx:hr>145</gpxtpx:hr></gpxtpx:TrackPointExtension></extensions></trkpt><trkpt lat="56.045632" lon="37.848337"><ele>174.2</ele><time>2026-07-09T17:46:09Z</time><extensions><gpxtpx:TrackPointExtension><gpxtpx:hr>146</gpxtpx:hr></gpxtpx:TrackPointExtension></extensions></trkpt><trkpt lat="56.045657" lon="37.848337"><ele>174.2</ele><time>2026-07-09T17:46:10Z</time><extensions><gpxtpx:TrackPointExtension><gpxtpx:hr>146</gpxtpx:hr></gpxtpx:TrackPointExtension></extensions></trkpt><trkpt lat="56.045682" lon="37.848337"><ele>174.2</ele><time>2026-07-09T17:46:11Z</time><extensions><gpxtpx:TrackPointExtension><gpxtpx:hr>146</gpxtpx:hr></gpxtpx:TrackPointExtension></extensions></trkpt><trkpt lat="56.045705" lon="37.848337"><ele>174.2</ele><time>2026-07-09T17:46:12Z</time><extensions><gpxtpx:TrackPointExtension><gpxtpx:hr>146</gpxtpx:hr></gpxtpx:TrackPointExtension></extensions></trkpt><trkpt lat="56.045727" lon="37.848345"><ele>174.0</ele><time>2026-07-09T17:46:13Z</time><extensions><gpxtpx:TrackPointExtension><gpxtpx:hr>145</gpxtpx:hr></gpxtpx:TrackPointExtension></extensions></trkpt><trkpt lat="56.045752" lon="37.848347"><ele>174.0</ele><time>2026-07-09T17:46:14Z</time><extensions><gpxtpx:TrackPointExtension><gpxtpx:hr>145</gpxtpx:hr></gpxtpx:TrackPointExtension></extensions></trkpt><trkpt lat="56.045777" lon="37.848347"><ele>174.2</ele><time>2026-07-09T17:46:15Z</time><extensions><gpxtpx:TrackPointExtension><gpxtpx:hr>145</gpxtpx:hr></gpxtpx:TrackPointExtension></extensions></trkpt><trkpt lat="56.045807" lon="37.84835"><ele>174.0</ele><time>2026-07-09T17:46:16Z</time><extensions><gpxtpx:TrackPointExtension><gpxtpx:hr>145</gpxtpx:hr></gpxtpx:TrackPointExtension></extensions></trkpt><trkpt lat="56.045837" lon="37.848345"><ele>174.0</ele><time>2026-07-09T17:46:17Z</time><extensions><gpxtpx:TrackPointExtension><gpxtpx:hr>146</gpxtpx:hr></gpxtpx:TrackPointExtension></extensions></trkpt><trkpt lat="56.045867" lon="37.848347"><ele>174.0</ele><time>2026-07-09T17:46:18Z</time><extensions><gpxtpx:TrackPointExtension><gpxtpx:hr>146</gpxtpx:hr></gpxtpx:TrackPointExtension></extensions></trkpt><trkpt lat="56.045897" lon="37.848347"><ele>173.8</ele><time>2026-07-09T17:46:19Z</time><extensions><gpxtpx:TrackPointExtension><gpxtpx:hr>146</gpxtpx:hr></gpxtpx:TrackPointExtension></extensions></trkpt><trkpt lat="56.045927" lon="37.848347"><ele>173.8</ele><time>2026-07-09T17:46:20Z</time><extensions><gpxtpx:TrackPointExtension><gpxtpx:hr>146</gpxtpx:hr></gpxtpx:TrackPointExtension></extensions></trkpt><trkpt lat="56.045957" lon="37.848347"><ele>173.8</ele><time>2026-07-09T17:46:21Z</time><extensions><gpxtpx:TrackPointExtension><gpxtpx:hr>147</gpxtpx:hr></gpxtpx:TrackPointExtension></extensions></trkpt><trkpt lat="56.04599" lon="37.848347"><ele>173.8</ele><time>2026-07-09T17:46:22Z</time><extensions><gpxtpx:TrackPointExtension><gpxtpx:hr>147</gpxtpx:hr></gpxtpx:TrackPointExtension></extensions></trkpt><trkpt lat="56.046027" lon="37.84835"><ele>173.6</ele><time>2026-07-09T17:46:23Z</time><extensions><gpxtpx:TrackPointExtension><gpxtpx:hr>147</gpxtpx:hr></gpxtpx:TrackPointExtension></extensions></trkpt><trkpt lat="56.04606" lon="37.848347"><ele>173.6</ele><time>2026-07-09T17:46:24Z</time><extensions><gpxtpx:TrackPointExtension><gpxtpx:hr>147</gpxtpx:hr></gpxtpx:TrackPointExtension></extensions></trkpt><trkpt lat="56.046097" lon="37.848345"><ele>173.6</ele><time>2026-07-09T17:46:25Z</time><extensions><gpxtpx:TrackPointExtension><gpxtpx:hr>147</gpxtpx:hr></gpxtpx:TrackPointExtension></extensions></trkpt><trkpt lat="56.046132" lon="37.848337"><ele>173.6</ele><time>2026-07-09T17:46:26Z</time><extensions><gpxtpx:TrackPointExtension><gpxtpx:hr>148</gpxtpx:hr></gpxtpx:TrackPointExtension></extensions></trkpt><trkpt lat="56.046162" lon="37.848337"><ele>173.6</ele><time>2026-07-09T17:46:27Z</time><extensions><gpxtpx:TrackPointExtension><gpxtpx:hr>148</gpxtpx:hr></gpxtpx:TrackPointExtension></extensions></trkpt><trkpt lat="56.046192" lon="37.848335"><ele>173.4</ele><time>2026-07-09T17:46:28Z</time><extensions><gpxtpx:TrackPointExtension><gpxtpx:hr>147</gpxtpx:hr></gpxtpx:TrackPointExtension></extensions></trkpt><trkpt lat="56.046222" lon="37.848335"><ele>173.4</ele><time>2026-07-09T17:46:29Z</time><extensions><gpxtpx:TrackPointExtension><gpxtpx:hr>147</gpxtpx:hr></gpxtpx:TrackPointExtension></extensions></trkpt><trkpt lat="56.046257" lon="37.84833"><ele>173.2</ele><time>2026-07-09T17:46:30Z</time><extensions><gpxtpx:TrackPointExtension><gpxtpx:hr>147</gpxtpx:hr></gpxtpx:TrackPointExtension></extensions></trkpt><trkpt lat="56.04629" lon="37.848327"><ele>173.2</ele><time>2026-07-09T17:46:31Z</time><extensions><gpxtpx:TrackPointExtension><gpxtpx:hr>148</gpxtpx:hr></gpxtpx:TrackPointExtension></extensions></trkpt><trkpt lat="56.04632" lon="37.848322"><ele>173.2</ele><time>2026-07-09T17:46:32Z</time><extensions><gpxtpx:TrackPointExtension><gpxtpx:hr>148</gpxtpx:hr></gpxtpx:TrackPointExtension></extensions></trkpt><trkpt lat="56.046355" lon="37.848322"><ele>173.2</ele><time>2026-07-09T17:46:33Z</time><extensions><gpxtpx:TrackPointExtension><gpxtpx:hr>148</gpxtpx:hr></gpxtpx:TrackPointExtension></extensions></trkpt><trkpt lat="56.04639" lon="37.848322"><ele>173.0</ele><time>2026-07-09T17:46:34Z</time><extensions><gpxtpx:TrackPointExtension><gpxtpx:hr>148</gpxtpx:hr></gpxtpx:TrackPointExtension></extensions></trkpt><trkpt lat="56.046425" lon="37.848322"><ele>173.0</ele><time>2026-07-09T17:46:35Z</time><extensions><gpxtpx:TrackPointExtension><gpxtpx:hr>148</gpxtpx:hr></gpxtpx:TrackPointExtension></extensions></trkpt><trkpt lat="56.046455" lon="37.848322"><ele>173.0</ele><time>2026-07-09T17:46:36Z</time><extensions><gpxtpx:TrackPointExtension><gpxtpx:hr>148</gpxtpx:hr></gpxtpx:TrackPointExtension></extensions></trkpt><trkpt lat="56.046482" lon="37.84832"><ele>173.0</ele><time>2026-07-09T17:46:37Z</time><extensions><gpxtpx:TrackPointExtension><gpxtpx:hr>149</gpxtpx:hr></gpxtpx:TrackPointExtension></extensions></trkpt><trkpt lat="56.046512" lon="37.84832"><ele>173.0</ele><time>2026-07-09T17:46:38Z</time><extensions><gpxtpx:TrackPointExtension><gpxtpx:hr>148</gpxtpx:hr></gpxtpx:TrackPointExtension></extensions></trkpt><trkpt lat="56.046542" lon="37.848317"><ele>173.0</ele><time>2026-07-09T17:46:39Z</time><extensions><gpxtpx:TrackPointExtension><gpxtpx:hr>148</gpxtpx:hr></gpxtpx:TrackPointExtension></extensions></trkpt><trkpt lat="56.04657" lon="37.848317"><ele>173.0</ele><time>2026-07-09T17:46:40Z</time><extensions><gpxtpx:TrackPointExtension><gpxtpx:hr>148</gpxtpx:hr></gpxtpx:TrackPointExtension></extensions></trkpt><trkpt lat="56.046615" lon="37.848317"><ele>172.8</ele><time>2026-07-09T17:46:41Z</time><extensions><gpxtpx:TrackPointExtension><gpxtpx:hr>148</gpxtpx:hr></gpxtpx:TrackPointExtension></extensions></trkpt><trkpt lat="56.046652" lon="37.84832"><ele>172.8</ele><time>2026-07-09T17:46:42Z</time><extensions><gpxtpx:TrackPointExtension><gpxtpx:hr>148</gpxtpx:hr></gpxtpx:TrackPointExtension></extensions></trkpt><trkpt lat="56.046677" lon="37.848322"><ele>172.6</ele><time>2026-07-09T17:46:43Z</time><extensions><gpxtpx:TrackPointExtension><gpxtpx:hr>148</gpxtpx:hr></gpxtpx:TrackPointExtension></extensions></trkpt><trkpt lat="56.046707" lon="37.848322"><ele>172.6</ele><time>2026-07-09T17:46:44Z</time><extensions><gpxtpx:TrackPointExtension><gpxtpx:hr>148</gpxtpx:hr></gpxtpx:TrackPointExtension></extensions></trkpt><trkpt lat="56.046737" lon="37.848322"><ele>172.6</ele><time>2026-07-09T17:46:45Z</time><extensions><gpxtpx:TrackPointExtension><gpxtpx:hr>149</gpxtpx:hr></gpxtpx:TrackPointExtension></extensions></trkpt><trkpt lat="56.04677" lon="37.848327"><ele>172.4</ele><time>2026-07-09T17:46:46Z</time><extensions><gpxtpx:TrackPointExtension><gpxtpx:hr>149</gpxtpx:hr></gpxtpx:TrackPointExtension></extensions></trkpt><trkpt lat="56.046802" lon="37.848325"><ele>172.4</ele><time>2026-07-09T17:46:47Z</time><extensions><gpxtpx:TrackPointExtension><gpxtpx:hr>149</gpxtpx:hr></gpxtpx:TrackPointExtension></extensions></trkpt><trkpt lat="56.046832" lon="37.848322"><ele>172.4</ele><time>2026-07-09T17:46:48Z</time><extensions><gpxtpx:TrackPointExtension><gpxtpx:hr>149</gpxtpx:hr></gpxtpx:TrackPointExtension></extensions></trkpt><trkpt lat="56.046862" lon="37.848322"><ele>172.4</ele><time>2026-07-09T17:46:49Z</time><extensions><gpxtpx:TrackPointExtension><gpxtpx:hr>149</gpxtpx:hr></gpxtpx:TrackPointExtension></extensions></trkpt><trkpt lat="56.046897" lon="37.848312"><ele>172.4</ele><time>2026-07-09T17:46:50Z</time><extensions><gpxtpx:TrackPointExtension><gpxtpx:hr>148</gpxtpx:hr></gpxtpx:TrackPointExtension></extensions></trkpt><trkpt lat="56.046932" lon="37.848307"><ele>172.2</ele><time>2026-07-09T17:46:51Z</time><extensions><gpxtpx:TrackPointExtension><gpxtpx:hr>148</gpxtpx:hr></gpxtpx:TrackPointExtension></extensions></trkpt><trkpt lat="56.046965" lon="37.848302"><ele>172.2</ele><time>2026-07-09T17:46:52Z</time><extensions><gpxtpx:TrackPointExtension><gpxtpx:hr>148</gpxtpx:hr></gpxtpx:TrackPointExtension></extensions></trkpt><trkpt lat="56.047002" lon="37.848295"><ele>172.2</ele><time>2026-07-09T17:46:53Z</time><extensions><gpxtpx:TrackPointExtension><gpxtpx:hr>149</gpxtpx:hr></gpxtpx:TrackPointExtension></extensions></trkpt><trkpt lat="56.047035" lon="37.848297"><ele>172.2</ele><time>2026-07-09T17:46:54Z</time><extensions><gpxtpx:TrackPointExtension><gpxtpx:hr>149</gpxtpx:hr></gpxtpx:TrackPointExtension></extensions></trkpt><trkpt lat="56.047067" lon="37.8483"><ele>172.2</ele><time>2026-07-09T17:46:55Z</time><extensions><gpxtpx:TrackPointExtension><gpxtpx:hr>149</gpxtpx:hr></gpxtpx:TrackPointExtension></extensions></trkpt><trkpt lat="56.047092" lon="37.848305"><ele>172.2</ele><time>2026-07-09T17:46:56Z</time><extensions><gpxtpx:TrackPointExtension><gpxtpx:hr>150</gpxtpx:hr></gpxtpx:TrackPointExtension></extensions></trkpt><trkpt lat="56.04712" lon="37.848307"><ele>172.2</ele><time>2026-07-09T17:46:57Z</time><extensions><gpxtpx:TrackPointExtension><gpxtpx:hr>150</gpxtpx:hr></gpxtpx:TrackPointExtension></extensions></trkpt><trkpt lat="56.047147" lon="37.848312"><ele>172.2</ele><time>2026-07-09T17:46:58Z</time><extensions><gpxtpx:TrackPointExtension><gpxtpx:hr>151</gpxtpx:hr></gpxtpx:TrackPointExtension></extensions></trkpt><trkpt lat="56.047182" lon="37.848307"><ele>172.0</ele><time>2026-07-09T17:46:59Z</time><extensions><gpxtpx:TrackPointExtension><gpxtpx:hr>150</gpxtpx:hr></gpxtpx:TrackPointExtension></extensions></trkpt><trkpt lat="56.047212" lon="37.848307"><ele>172.0</ele><time>2026-07-09T17:47:00Z</time><extensions><gpxtpx:TrackPointExtension><gpxtpx:hr>150</gpxtpx:hr></gpxtpx:TrackPointExtension></extensions></trkpt><trkpt lat="56.047248" lon="37.848302"><ele>172.2</ele><time>2026-07-09T17:47:01Z</time><extensions><gpxtpx:TrackPointExtension><gpxtpx:hr>150</gpxtpx:hr></gpxtpx:TrackPointExtension></extensions></trkpt><trkpt lat="56.047287" lon="37.8483"><ele>172.0</ele><time>2026-07-09T17:47:02Z</time><extensions><gpxtpx:TrackPointExtension><gpxtpx:hr>150</gpxtpx:hr></gpxtpx:TrackPointExtension></extensions></trkpt><trkpt lat="56.047317" lon="37.848305"><ele>172.2</ele><time>2026-07-09T17:47:03Z</time><extensions><gpxtpx:TrackPointExtension><gpxtpx:hr>150</gpxtpx:hr></gpxtpx:TrackPointExtension></extensions></trkpt><trkpt lat="56.04735" lon="37.848307"><ele>172.2</ele><time>2026-07-09T17:47:04Z</time><extensions><gpxtpx:TrackPointExtension><gpxtpx:hr>149</gpxtpx:hr></gpxtpx:TrackPointExtension></extensions></trkpt><trkpt lat="56.047377" lon="37.848307"><ele>172.0</ele><time>2026-07-09T17:47:05Z</time><extensions><gpxtpx:TrackPointExtension><gpxtpx:hr>148</gpxtpx:hr></gpxtpx:TrackPointExtension></extensions></trkpt><trkpt lat="56.047407" lon="37.848302"><ele>172.0</ele><time>2026-07-09T17:47:06Z</time><extensions><gpxtpx:TrackPointExtension><gpxtpx:hr>148</gpxtpx:hr></gpxtpx:TrackPointExtension></extensions></trkpt><trkpt lat="56.04744" lon="37.848297"><ele>172.0</ele><time>2026-07-09T17:47:07Z</time><extensions><gpxtpx:TrackPointExtension><gpxtpx:hr>148</gpxtpx:hr></gpxtpx:TrackPointExtension></extensions></trkpt><trkpt lat="56.04747" lon="37.84829"><ele>172.0</ele><time>2026-07-09T17:47:08Z</time><extensions><gpxtpx:TrackPointExtension><gpxtpx:hr>148</gpxtpx:hr></gpxtpx:TrackPointExtension></extensions></trkpt><trkpt lat="56.047505" lon="37.848283"><ele>172.0</ele><time>2026-07-09T17:47:09Z</time><extensions><gpxtpx:TrackPointExtension><gpxtpx:hr>149</gpxtpx:hr></gpxtpx:TrackPointExtension></extensions></trkpt><trkpt lat="56.047537" lon="37.848287"><ele>172.0</ele><time>2026-07-09T17:47:10Z</time><extensions><gpxtpx:TrackPointExtension><gpxtpx:hr>149</gpxtpx:hr></gpxtpx:TrackPointExtension></extensions></trkpt><trkpt lat="56.047572" lon="37.848292"><ele>172.0</ele><time>2026-07-09T17:47:11Z</time><extensions><gpxtpx:TrackPointExtension><gpxtpx:hr>148</gpxtpx:hr></gpxtpx:TrackPointExtension></extensions></trkpt><trkpt lat="56.047602" lon="37.848297"><ele>171.8</ele><time>2026-07-09T17:47:12Z</time><extensions><gpxtpx:TrackPointExtension><gpxtpx:hr>148</gpxtpx:hr></gpxtpx:TrackPointExtension></extensions></trkpt><trkpt lat="56.047637" lon="37.848297"><ele>171.8</ele><time>2026-07-09T17:47:13Z</time><extensions><gpxtpx:TrackPointExtension><gpxtpx:hr>148</gpxtpx:hr></gpxtpx:TrackPointExtension></extensions></trkpt><trkpt lat="56.04767" lon="37.848297"><ele>171.8</ele><time>2026-07-09T17:47:14Z</time><extensions><gpxtpx:TrackPointExtension><gpxtpx:hr>148</gpxtpx:hr></gpxtpx:TrackPointExtension></extensions></trkpt><trkpt lat="56.047697" lon="37.8483"><ele>171.8</ele><time>2026-07-09T17:47:15Z</time><extensions><gpxtpx:TrackPointExtension><gpxtpx:hr>148</gpxtpx:hr></gpxtpx:TrackPointExtension></extensions></trkpt><trkpt lat="56.047732" lon="37.848297"><ele>171.8</ele><time>2026-07-09T17:47:16Z</time><extensions><gpxtpx:TrackPointExtension><gpxtpx:hr>148</gpxtpx:hr></gpxtpx:TrackPointExtension></extensions></trkpt><trkpt lat="56.047767" lon="37.848307"><ele>171.8</ele><time>2026-07-09T17:47:17Z</time><extensions><gpxtpx:TrackPointExtension><gpxtpx:hr>147</gpxtpx:hr></gpxtpx:TrackPointExtension></extensions></trkpt><trkpt lat="56.047802" lon="37.848312"><ele>171.8</ele><time>2026-07-09T17:47:18Z</time><extensions><gpxtpx:TrackPointExtension><gpxtpx:hr>147</gpxtpx:hr></gpxtpx:TrackPointExtension></extensions></trkpt><trkpt lat="56.047832" lon="37.848312"><ele>171.8</ele><time>2026-07-09T17:47:19Z</time><extensions><gpxtpx:TrackPointExtension><gpxtpx:hr>147</gpxtpx:hr></gpxtpx:TrackPointExtension></extensions></trkpt><trkpt lat="56.047865" lon="37.848312"><ele>171.8</ele><time>2026-07-09T17:47:20Z</time><extensions><gpxtpx:TrackPointExtension><gpxtpx:hr>147</gpxtpx:hr></gpxtpx:TrackPointExtension></extensions></trkpt><trkpt lat="56.047895" lon="37.848315"><ele>171.8</ele><time>2026-07-09T17:47:21Z</time><extensions><gpxtpx:TrackPointExtension><gpxtpx:hr>147</gpxtpx:hr></gpxtpx:TrackPointExtension></extensions></trkpt><trkpt lat="56.047925" lon="37.848317"><ele>171.8</ele><time>2026-07-09T17:47:22Z</time><extensions><gpxtpx:TrackPointExtension><gpxtpx:hr>147</gpxtpx:hr></gpxtpx:TrackPointExtension></extensions></trkpt><trkpt lat="56.047955" lon="37.848317"><ele>171.8</ele><time>2026-07-09T17:47:23Z</time><extensions><gpxtpx:TrackPointExtension><gpxtpx:hr>148</gpxtpx:hr></gpxtpx:TrackPointExtension></extensions></trkpt><trkpt lat="56.047987" lon="37.848317"><ele>171.8</ele><time>2026-07-09T17:47:24Z</time><extensions><gpxtpx:TrackPointExtension><gpxtpx:hr>148</gpxtpx:hr></gpxtpx:TrackPointExtension></extensions></trkpt><trkpt lat="56.048017" lon="37.84832"><ele>171.8</ele><time>2026-07-09T17:47:25Z</time><extensions><gpxtpx:TrackPointExtension><gpxtpx:hr>148</gpxtpx:hr></gpxtpx:TrackPointExtension></extensions></trkpt><trkpt lat="56.048052" lon="37.848325"><ele>171.8</ele><time>2026-07-09T17:47:26Z</time><extensions><gpxtpx:TrackPointExtension><gpxtpx:hr>149</gpxtpx:hr></gpxtpx:TrackPointExtension></extensions></trkpt><trkpt lat="56.048082" lon="37.848325"><ele>171.6</ele><time>2026-07-09T17:47:27Z</time><extensions><gpxtpx:TrackPointExtension><gpxtpx:hr>149</gpxtpx:hr></gpxtpx:TrackPointExtension></extensions></trkpt><trkpt lat="56.04811" lon="37.848322"><ele>171.6</ele><time>2026-07-09T17:47:28Z</time><extensions><gpxtpx:TrackPointExtension><gpxtpx:hr>149</gpxtpx:hr></gpxtpx:TrackPointExtension></extensions></trkpt><trkpt lat="56.048137" lon="37.84832"><ele>171.6</ele><time>2026-07-09T17:47:29Z</time><extensions><gpxtpx:TrackPointExtension><gpxtpx:hr>148</gpxtpx:hr></gpxtpx:TrackPointExtension></extensions></trkpt><trkpt lat="56.048167" lon="37.848322"><ele>171.4</ele><time>2026-07-09T17:47:30Z</time><extensions><gpxtpx:TrackPointExtension><gpxtpx:hr>148</gpxtpx:hr></gpxtpx:TrackPointExtension></extensions></trkpt><trkpt lat="56.048195" lon="37.848322"><ele>171.4</ele><time>2026-07-09T17:47:31Z</time><extensions><gpxtpx:TrackPointExtension><gpxtpx:hr>148</gpxtpx:hr></gpxtpx:TrackPointExtension></extensions></trkpt><trkpt lat="56.048222" lon="37.848322"><ele>171.4</ele><time>2026-07-09T17:47:32Z</time><extensions><gpxtpx:TrackPointExtension><gpxtpx:hr>149</gpxtpx:hr></gpxtpx:TrackPointExtension></extensions></trkpt><trkpt lat="56.04825" lon="37.848327"><ele>171.4</ele><time>2026-07-09T17:47:33Z</time><extensions><gpxtpx:TrackPointExtension><gpxtpx:hr>148</gpxtpx:hr></gpxtpx:TrackPointExtension></extensions></trkpt><trkpt lat="56.048277" lon="37.848327"><ele>171.4</ele><time>2026-07-09T17:47:34Z</time><extensions><gpxtpx:TrackPointExtension><gpxtpx:hr>149</gpxtpx:hr></gpxtpx:TrackPointExtension></extensions></trkpt><trkpt lat="56.048305" lon="37.848322"><ele>171.4</ele><time>2026-07-09T17:47:35Z</time><extensions><gpxtpx:TrackPointExtension><gpxtpx:hr>149</gpxtpx:hr></gpxtpx:TrackPointExtension></extensions></trkpt><trkpt lat="56.048332" lon="37.848317"><ele>171.2</ele><time>2026-07-09T17:47:36Z</time><extensions><gpxtpx:TrackPointExtension><gpxtpx:hr>149</gpxtpx:hr></gpxtpx:TrackPointExtension></extensions></trkpt><trkpt lat="56.048357" lon="37.848312"><ele>171.2</ele><time>2026-07-09T17:47:37Z</time><extensions><gpxtpx:TrackPointExtension><gpxtpx:hr>149</gpxtpx:hr></gpxtpx:TrackPointExtension></extensions></trkpt><trkpt lat="56.048385" lon="37.848315"><ele>171.2</ele><time>2026-07-09T17:47:38Z</time><extensions><gpxtpx:TrackPointExtension><gpxtpx:hr>149</gpxtpx:hr></gpxtpx:TrackPointExtension></extensions></trkpt><trkpt lat="56.048412" lon="37.848315"><ele>171.2</ele><time>2026-07-09T17:47:39Z</time><extensions><gpxtpx:TrackPointExtension><gpxtpx:hr>149</gpxtpx:hr></gpxtpx:TrackPointExtension></extensions></trkpt><trkpt lat="56.048445" lon="37.848312"><ele>171.0</ele><time>2026-07-09T17:47:40Z</time><extensions><gpxtpx:TrackPointExtension><gpxtpx:hr>149</gpxtpx:hr></gpxtpx:TrackPointExtension></extensions></trkpt><trkpt lat="56.048472" lon="37.848317"><ele>171.0</ele><time>2026-07-09T17:47:41Z</time><extensions><gpxtpx:TrackPointExtension><gpxtpx:hr>150</gpxtpx:hr></gpxtpx:TrackPointExtension></extensions></trkpt><trkpt lat="56.048502" lon="37.848317"><ele>171.0</ele><time>2026-07-09T17:47:42Z</time><extensions><gpxtpx:TrackPointExtension><gpxtpx:hr>149</gpxtpx:hr></gpxtpx:TrackPointExtension></extensions></trkpt><trkpt lat="56.04853" lon="37.848317"><ele>171.0</ele><time>2026-07-09T17:47:43Z</time><extensions><gpxtpx:TrackPointExtension><gpxtpx:hr>150</gpxtpx:hr></gpxtpx:TrackPointExtension></extensions></trkpt><trkpt lat="56.04856" lon="37.848312"><ele>171.0</ele><time>2026-07-09T17:47:44Z</time><extensions><gpxtpx:TrackPointExtension><gpxtpx:hr>150</gpxtpx:hr></gpxtpx:TrackPointExtension></extensions></trkpt><trkpt lat="56.04859" lon="37.848307"><ele>170.8</ele><time>2026-07-09T17:47:45Z</time><extensions><gpxtpx:TrackPointExtension><gpxtpx:hr>150</gpxtpx:hr></gpxtpx:TrackPointExtension></extensions></trkpt><trkpt lat="56.048622" lon="37.848307"><ele>170.8</ele><time>2026-07-09T17:47:46Z</time><extensions><gpxtpx:TrackPointExtension><gpxtpx:hr>151</gpxtpx:hr></gpxtpx:TrackPointExtension></extensions></trkpt><trkpt lat="56.04865" lon="37.848307"><ele>170.8</ele><time>2026-07-09T17:47:47Z</time><extensions><gpxtpx:TrackPointExtension><gpxtpx:hr>151</gpxtpx:hr></gpxtpx:TrackPointExtension></extensions></trkpt><trkpt lat="56.04868" lon="37.848305"><ele>170.8</ele><time>2026-07-09T17:47:48Z</time><extensions><gpxtpx:TrackPointExtension><gpxtpx:hr>151</gpxtpx:hr></gpxtpx:TrackPointExtension></extensions></trkpt><trkpt lat="56.048707" lon="37.848305"><ele>170.8</ele><time>2026-07-09T17:47:49Z</time><extensions><gpxtpx:TrackPointExtension><gpxtpx:hr>150</gpxtpx:hr></gpxtpx:TrackPointExtension></extensions></trkpt><trkpt lat="56.048737" lon="37.848305"><ele>170.6</ele><time>2026-07-09T17:47:50Z</time><extensions><gpxtpx:TrackPointExtension><gpxtpx:hr>151</gpxtpx:hr></gpxtpx:TrackPointExtension></extensions></trkpt><trkpt lat="56.048767" lon="37.848305"><ele>170.6</ele><time>2026-07-09T17:47:51Z</time><extensions><gpxtpx:TrackPointExtension><gpxtpx:hr>151</gpxtpx:hr></gpxtpx:TrackPointExtension></extensions></trkpt><trkpt lat="56.048792" lon="37.848305"><ele>170.6</ele><time>2026-07-09T17:47:52Z</time><extensions><gpxtpx:TrackPointExtension><gpxtpx:hr>151</gpxtpx:hr></gpxtpx:TrackPointExtension></extensions></trkpt><trkpt lat="56.04882" lon="37.848307"><ele>170.6</ele><time>2026-07-09T17:47:53Z</time><extensions><gpxtpx:TrackPointExtension><gpxtpx:hr>151</gpxtpx:hr></gpxtpx:TrackPointExtension></extensions></trkpt><trkpt lat="56.04885" lon="37.848307"><ele>170.6</ele><time>2026-07-09T17:47:54Z</time><extensions><gpxtpx:TrackPointExtension><gpxtpx:hr>151</gpxtpx:hr></gpxtpx:TrackPointExtension></extensions></trkpt><trkpt lat="56.04888" lon="37.848305"><ele>170.6</ele><time>2026-07-09T17:47:55Z</time><extensions><gpxtpx:TrackPointExtension><gpxtpx:hr>151</gpxtpx:hr></gpxtpx:TrackPointExtension></extensions></trkpt><trkpt lat="56.048907" lon="37.848305"><ele>170.6</ele><time>2026-07-09T17:47:56Z</time><extensions><gpxtpx:TrackPointExtension><gpxtpx:hr>151</gpxtpx:hr></gpxtpx:TrackPointExtension></extensions></trkpt><trkpt lat="56.048937" lon="37.848305"><ele>170.6</ele><time>2026-07-09T17:47:57Z</time><extensions><gpxtpx:TrackPointExtension><gpxtpx:hr>150</gpxtpx:hr></gpxtpx:TrackPointExtension></extensions></trkpt><trkpt lat="56.048962" lon="37.848302"><ele>170.6</ele><time>2026-07-09T17:47:58Z</time><extensions><gpxtpx:TrackPointExtension><gpxtpx:hr>150</gpxtpx:hr></gpxtpx:TrackPointExtension></extensions></trkpt><trkpt lat="56.04899" lon="37.8483"><ele>170.6</ele><time>2026-07-09T17:47:59Z</time><extensions><gpxtpx:TrackPointExtension><gpxtpx:hr>150</gpxtpx:hr></gpxtpx:TrackPointExtension></extensions></trkpt><trkpt lat="56.049017" lon="37.848297"><ele>170.6</ele><time>2026-07-09T17:48:00Z</time><extensions><gpxtpx:TrackPointExtension><gpxtpx:hr>150</gpxtpx:hr></gpxtpx:TrackPointExtension></extensions></trkpt><trkpt lat="56.049047" lon="37.8483"><ele>170.6</ele><time>2026-07-09T17:48:01Z</time><extensions><gpxtpx:TrackPointExtension><gpxtpx:hr>150</gpxtpx:hr></gpxtpx:TrackPointExtension></extensions></trkpt><trkpt lat="56.049077" lon="37.848302"><ele>170.6</ele><time>2026-07-09T17:48:02Z</time><extensions><gpxtpx:TrackPointExtension><gpxtpx:hr>149</gpxtpx:hr></gpxtpx:TrackPointExtension></extensions></trkpt><trkpt lat="56.049107" lon="37.848307"><ele>170.4</ele><time>2026-07-09T17:48:03Z</time><extensions><gpxtpx:TrackPointExtension><gpxtpx:hr>150</gpxtpx:hr></gpxtpx:TrackPointExtension></extensions></trkpt><trkpt lat="56.049137" lon="37.848307"><ele>170.4</ele><time>2026-07-09T17:48:04Z</time><extensions><gpxtpx:TrackPointExtension><gpxtpx:hr>150</gpxtpx:hr></gpxtpx:TrackPointExtension></extensions></trkpt><trkpt lat="56.049167" lon="37.848302"><ele>170.4</ele><time>2026-07-09T17:48:05Z</time><extensions><gpxtpx:TrackPointExtension><gpxtpx:hr>150</gpxtpx:hr></gpxtpx:TrackPointExtension></extensions></trkpt><trkpt lat="56.049197" lon="37.848297"><ele>170.4</ele><time>2026-07-09T17:48:06Z</time><extensions><gpxtpx:TrackPointExtension><gpxtpx:hr>150</gpxtpx:hr></gpxtpx:TrackPointExtension></extensions></trkpt><trkpt lat="56.049227" lon="37.848295"><ele>170.4</ele><time>2026-07-09T17:48:07Z</time><extensions><gpxtpx:TrackPointExtension><gpxtpx:hr>150</gpxtpx:hr></gpxtpx:TrackPointExtension></extensions></trkpt><trkpt lat="56.049252" lon="37.848292"><ele>170.4</ele><time>2026-07-09T17:48:08Z</time><extensions><gpxtpx:TrackPointExtension><gpxtpx:hr>150</gpxtpx:hr></gpxtpx:TrackPointExtension></extensions></trkpt><trkpt lat="56.049282" lon="37.848292"><ele>170.4</ele><time>2026-07-09T17:48:09Z</time><extensions><gpxtpx:TrackPointExtension><gpxtpx:hr>150</gpxtpx:hr></gpxtpx:TrackPointExtension></extensions></trkpt><trkpt lat="56.049312" lon="37.848292"><ele>170.4</ele><time>2026-07-09T17:48:10Z</time><extensions><gpxtpx:TrackPointExtension><gpxtpx:hr>149</gpxtpx:hr></gpxtpx:TrackPointExtension></extensions></trkpt><trkpt lat="56.049342" lon="37.848292"><ele>170.4</ele><time>2026-07-09T17:48:11Z</time><extensions><gpxtpx:TrackPointExtension><gpxtpx:hr>149</gpxtpx:hr></gpxtpx:TrackPointExtension></extensions></trkpt><trkpt lat="56.049367" lon="37.84829"><ele>170.4</ele><time>2026-07-09T17:48:12Z</time><extensions><gpxtpx:TrackPointExtension><gpxtpx:hr>149</gpxtpx:hr></gpxtpx:TrackPointExtension></extensions></trkpt><trkpt lat="56.049395" lon="37.848287"><ele>170.4</ele><time>2026-07-09T17:48:13Z</time><extensions><gpxtpx:TrackPointExtension><gpxtpx:hr>149</gpxtpx:hr></gpxtpx:TrackPointExtension></extensions></trkpt><trkpt lat="56.049422" lon="37.848287"><ele>170.4</ele><time>2026-07-09T17:48:14Z</time><extensions><gpxtpx:TrackPointExtension><gpxtpx:hr>149</gpxtpx:hr></gpxtpx:TrackPointExtension></extensions></trkpt><trkpt lat="56.049455" lon="37.84829"><ele>170.4</ele><time>2026-07-09T17:48:15Z</time><extensions><gpxtpx:TrackPointExtension><gpxtpx:hr>149</gpxtpx:hr></gpxtpx:TrackPointExtension></extensions></trkpt><trkpt lat="56.049487" lon="37.848287"><ele>170.4</ele><time>2026-07-09T17:48:16Z</time><extensions><gpxtpx:TrackPointExtension><gpxtpx:hr>149</gpxtpx:hr></gpxtpx:TrackPointExtension></extensions></trkpt><trkpt lat="56.049517" lon="37.84829"><ele>170.4</ele><time>2026-07-09T17:48:17Z</time><extensions><gpxtpx:TrackPointExtension><gpxtpx:hr>149</gpxtpx:hr></gpxtpx:TrackPointExtension></extensions></trkpt><trkpt lat="56.049545" lon="37.848292"><ele>170.4</ele><time>2026-07-09T17:48:18Z</time><extensions><gpxtpx:TrackPointExtension><gpxtpx:hr>149</gpxtpx:hr></gpxtpx:TrackPointExtension></extensions></trkpt><trkpt lat="56.049575" lon="37.848295"><ele>170.4</ele><time>2026-07-09T17:48:19Z</time><extensions><gpxtpx:TrackPointExtension><gpxtpx:hr>149</gpxtpx:hr></gpxtpx:TrackPointExtension></extensions></trkpt><trkpt lat="56.049602" lon="37.848295"><ele>170.4</ele><time>2026-07-09T17:48:20Z</time><extensions><gpxtpx:TrackPointExtension><gpxtpx:hr>149</gpxtpx:hr></gpxtpx:TrackPointExtension></extensions></trkpt><trkpt lat="56.049632" lon="37.848297"><ele>170.4</ele><time>2026-07-09T17:48:21Z</time><extensions><gpxtpx:TrackPointExtension><gpxtpx:hr>149</gpxtpx:hr></gpxtpx:TrackPointExtension></extensions></trkpt><trkpt lat="56.049662" lon="37.848297"><ele>170.4</ele><time>2026-07-09T17:48:22Z</time><extensions><gpxtpx:TrackPointExtension><gpxtpx:hr>149</gpxtpx:hr></gpxtpx:TrackPointExtension></extensions></trkpt><trkpt lat="56.049692" lon="37.848302"><ele>170.4</ele><time>2026-07-09T17:48:23Z</time><extensions><gpxtpx:TrackPointExtension><gpxtpx:hr>150</gpxtpx:hr></gpxtpx:TrackPointExtension></extensions></trkpt><trkpt lat="56.049722" lon="37.848302"><ele>170.4</ele><time>2026-07-09T17:48:24Z</time><extensions><gpxtpx:TrackPointExtension><gpxtpx:hr>150</gpxtpx:hr></gpxtpx:TrackPointExtension></extensions></trkpt><trkpt lat="56.049752" lon="37.848302"><ele>170.4</ele><time>2026-07-09T17:48:25Z</time><extensions><gpxtpx:TrackPointExtension><gpxtpx:hr>150</gpxtpx:hr></gpxtpx:TrackPointExtension></extensions></trkpt><trkpt lat="56.04978" lon="37.848302"><ele>170.4</ele><time>2026-07-09T17:48:26Z</time><extensions><gpxtpx:TrackPointExtension><gpxtpx:hr>151</gpxtpx:hr></gpxtpx:TrackPointExtension></extensions></trkpt><trkpt lat="56.04981" lon="37.848302"><ele>170.4</ele><time>2026-07-09T17:48:27Z</time><extensions><gpxtpx:TrackPointExtension><gpxtpx:hr>151</gpxtpx:hr></gpxtpx:TrackPointExtension></extensions></trkpt><trkpt lat="56.049837" lon="37.848302"><ele>170.2</ele><time>2026-07-09T17:48:28Z</time><extensions><gpxtpx:TrackPointExtension><gpxtpx:hr>151</gpxtpx:hr></gpxtpx:TrackPointExtension></extensions></trkpt><trkpt lat="56.049867" lon="37.848302"><ele>170.2</ele><time>2026-07-09T17:48:29Z</time><extensions><gpxtpx:TrackPointExtension><gpxtpx:hr>151</gpxtpx:hr></gpxtpx:TrackPointExtension></extensions></trkpt><trkpt lat="56.049897" lon="37.848302"><ele>170.2</ele><time>2026-07-09T17:48:30Z</time><extensions><gpxtpx:TrackPointExtension><gpxtpx:hr>151</gpxtpx:hr></gpxtpx:TrackPointExtension></extensions></trkpt><trkpt lat="56.049927" lon="37.848302"><ele>170.2</ele><time>2026-07-09T17:48:31Z</time><extensions><gpxtpx:TrackPointExtension><gpxtpx:hr>151</gpxtpx:hr></gpxtpx:TrackPointExtension></extensions></trkpt><trkpt lat="56.049955" lon="37.848302"><ele>170.2</ele><time>2026-07-09T17:48:32Z</time><extensions><gpxtpx:TrackPointExtension><gpxtpx:hr>151</gpxtpx:hr></gpxtpx:TrackPointExtension></extensions></trkpt><trkpt lat="56.049985" lon="37.848307"><ele>170.2</ele><time>2026-07-09T17:48:33Z</time><extensions><gpxtpx:TrackPointExtension><gpxtpx:hr>151</gpxtpx:hr></gpxtpx:TrackPointExtension></extensions></trkpt><trkpt lat="56.050017" lon="37.84831"><ele>170.2</ele><time>2026-07-09T17:48:34Z</time><extensions><gpxtpx:TrackPointExtension><gpxtpx:hr>151</gpxtpx:hr></gpxtpx:TrackPointExtension></extensions></trkpt><trkpt lat="56.050047" lon="37.848312"><ele>170.0</ele><time>2026-07-09T17:48:35Z</time><extensions><gpxtpx:TrackPointExtension><gpxtpx:hr>151</gpxtpx:hr></gpxtpx:TrackPointExtension></extensions></trkpt><trkpt lat="56.050075" lon="37.848312"><ele>170.0</ele><time>2026-07-09T17:48:36Z</time><extensions><gpxtpx:TrackPointExtension><gpxtpx:hr>151</gpxtpx:hr></gpxtpx:TrackPointExtension></extensions></trkpt><trkpt lat="56.050105" lon="37.848317"><ele>170.0</ele><time>2026-07-09T17:48:37Z</time><extensions><gpxtpx:TrackPointExtension><gpxtpx:hr>151</gpxtpx:hr></gpxtpx:TrackPointExtension></extensions></trkpt><trkpt lat="56.050137" lon="37.84832"><ele>169.8</ele><time>2026-07-09T17:48:38Z</time><extensions><gpxtpx:TrackPointExtension><gpxtpx:hr>151</gpxtpx:hr></gpxtpx:TrackPointExtension></extensions></trkpt><trkpt lat="56.05017" lon="37.848317"><ele>169.8</ele><time>2026-07-09T17:48:39Z</time><extensions><gpxtpx:TrackPointExtension><gpxtpx:hr>150</gpxtpx:hr></gpxtpx:TrackPointExtension></extensions></trkpt><trkpt lat="56.050197" lon="37.848317"><ele>169.8</ele><time>2026-07-09T17:48:40Z</time><extensions><gpxtpx:TrackPointExtension><gpxtpx:hr>151</gpxtpx:hr></gpxtpx:TrackPointExtension></extensions></trkpt><trkpt lat="56.050222" lon="37.848315"><ele>169.8</ele><time>2026-07-09T17:48:41Z</time><extensions><gpxtpx:TrackPointExtension><gpxtpx:hr>150</gpxtpx:hr></gpxtpx:TrackPointExtension></extensions></trkpt><trkpt lat="56.050252" lon="37.848312"><ele>169.8</ele><time>2026-07-09T17:48:42Z</time><extensions><gpxtpx:TrackPointExtension><gpxtpx:hr>151</gpxtpx:hr></gpxtpx:TrackPointExtension></extensions></trkpt><trkpt lat="56.050277" lon="37.848315"><ele>169.8</ele><time>2026-07-09T17:48:43Z</time><extensions><gpxtpx:TrackPointExtension><gpxtpx:hr>150</gpxtpx:hr></gpxtpx:TrackPointExtension></extensions></trkpt><trkpt lat="56.050305" lon="37.848312"><ele>169.8</ele><time>2026-07-09T17:48:44Z</time><extensions><gpxtpx:TrackPointExtension><gpxtpx:hr>150</gpxtpx:hr></gpxtpx:TrackPointExtension></extensions></trkpt><trkpt lat="56.050335" lon="37.848307"><ele>169.8</ele><time>2026-07-09T17:48:45Z</time><extensions><gpxtpx:TrackPointExtension><gpxtpx:hr>149</gpxtpx:hr></gpxtpx:TrackPointExtension></extensions></trkpt><trkpt lat="56.050362" lon="37.848302"><ele>169.8</ele><time>2026-07-09T17:48:46Z</time><extensions><gpxtpx:TrackPointExtension><gpxtpx:hr>150</gpxtpx:hr></gpxtpx:TrackPointExtension></extensions></trkpt><trkpt lat="56.050387" lon="37.848302"><ele>169.6</ele><time>2026-07-09T17:48:47Z</time><extensions><gpxtpx:TrackPointExtension><gpxtpx:hr>150</gpxtpx:hr></gpxtpx:TrackPointExtension></extensions></trkpt><trkpt lat="56.050415" lon="37.8483"><ele>169.6</ele><time>2026-07-09T17:48:48Z</time><extensions><gpxtpx:TrackPointExtension><gpxtpx:hr>149</gpxtpx:hr></gpxtpx:TrackPointExtension></extensions></trkpt><trkpt lat="56.05044" lon="37.848297"><ele>169.6</ele><time>2026-07-09T17:48:49Z</time><extensions><gpxtpx:TrackPointExtension><gpxtpx:hr>150</gpxtpx:hr></gpxtpx:TrackPointExtension></extensions></trkpt><trkpt lat="56.05047" lon="37.848295"><ele>169.4</ele><time>2026-07-09T17:48:50Z</time><extensions><gpxtpx:TrackPointExtension><gpxtpx:hr>150</gpxtpx:hr></gpxtpx:TrackPointExtension></extensions></trkpt><trkpt lat="56.050502" lon="37.848292"><ele>169.4</ele><time>2026-07-09T17:48:51Z</time><extensions><gpxtpx:TrackPointExtension><gpxtpx:hr>151</gpxtpx:hr></gpxtpx:TrackPointExtension></extensions></trkpt><trkpt lat="56.05053" lon="37.848292"><ele>169.4</ele><time>2026-07-09T17:48:52Z</time><extensions><gpxtpx:TrackPointExtension><gpxtpx:hr>151</gpxtpx:hr></gpxtpx:TrackPointExtension></extensions></trkpt><trkpt lat="56.050557" lon="37.848292"><ele>169.4</ele><time>2026-07-09T17:48:53Z</time><extensions><gpxtpx:TrackPointExtension><gpxtpx:hr>151</gpxtpx:hr></gpxtpx:TrackPointExtension></extensions></trkpt><trkpt lat="56.050583" lon="37.848295"><ele>169.4</ele><time>2026-07-09T17:48:54Z</time><extensions><gpxtpx:TrackPointExtension><gpxtpx:hr>151</gpxtpx:hr></gpxtpx:TrackPointExtension></extensions></trkpt><trkpt lat="56.050615" lon="37.8483"><ele>169.2</ele><time>2026-07-09T17:48:55Z</time><extensions><gpxtpx:TrackPointExtension><gpxtpx:hr>150</gpxtpx:hr></gpxtpx:TrackPointExtension></extensions></trkpt><trkpt lat="56.050645" lon="37.848307"><ele>169.2</ele><time>2026-07-09T17:48:56Z</time><extensions><gpxtpx:TrackPointExtension><gpxtpx:hr>150</gpxtpx:hr></gpxtpx:TrackPointExtension></extensions></trkpt><trkpt lat="56.050672" lon="37.84831"><ele>169.2</ele><time>2026-07-09T17:48:57Z</time><extensions><gpxtpx:TrackPointExtension><gpxtpx:hr>150</gpxtpx:hr></gpxtpx:TrackPointExtension></extensions></trkpt><trkpt lat="56.050705" lon="37.848307"><ele>169.0</ele><time>2026-07-09T17:48:58Z</time><extensions><gpxtpx:TrackPointExtension><gpxtpx:hr>150</gpxtpx:hr></gpxtpx:TrackPointExtension></extensions></trkpt><trkpt lat="56.050738" lon="37.848307"><ele>169.0</ele><time>2026-07-09T17:48:59Z</time><extensions><gpxtpx:TrackPointExtension><gpxtpx:hr>150</gpxtpx:hr></gpxtpx:TrackPointExtension></extensions></trkpt><trkpt lat="56.050772" lon="37.848312"><ele>169.0</ele><time>2026-07-09T17:49:00Z</time><extensions><gpxtpx:TrackPointExtension><gpxtpx:hr>150</gpxtpx:hr></gpxtpx:TrackPointExtension></extensions></trkpt><trkpt lat="56.050802" lon="37.848317"><ele>169.0</ele><time>2026-07-09T17:49:01Z</time><extensions><gpxtpx:TrackPointExtension><gpxtpx:hr>150</gpxtpx:hr></gpxtpx:TrackPointExtension></extensions></trkpt><trkpt lat="56.050835" lon="37.848317"><ele>168.8</ele><time>2026-07-09T17:49:02Z</time><extensions><gpxtpx:TrackPointExtension><gpxtpx:hr>150</gpxtpx:hr></gpxtpx:TrackPointExtension></extensions></trkpt><trkpt lat="56.050862" lon="37.848307"><ele>168.8</ele><time>2026-07-09T17:49:03Z</time><extensions><gpxtpx:TrackPointExtension><gpxtpx:hr>150</gpxtpx:hr></gpxtpx:TrackPointExtension></extensions></trkpt><trkpt lat="56.050887" lon="37.848283"><ele>168.6</ele><time>2026-07-09T17:49:04Z</time><extensions><gpxtpx:TrackPointExtension><gpxtpx:hr>151</gpxtpx:hr></gpxtpx:TrackPointExtension></extensions></trkpt><trkpt lat="56.050907" lon="37.848242"><ele>168.6</ele><time>2026-07-09T17:49:05Z</time><extensions><gpxtpx:TrackPointExtension><gpxtpx:hr>151</gpxtpx:hr></gpxtpx:TrackPointExtension></extensions></trkpt><trkpt lat="56.050917" lon="37.848192"><ele>168.8</ele><time>2026-07-09T17:49:06Z</time><extensions><gpxtpx:TrackPointExtension><gpxtpx:hr>151</gpxtpx:hr></gpxtpx:TrackPointExtension></extensions></trkpt><trkpt lat="56.050922" lon="37.848142"><ele>168.6</ele><time>2026-07-09T17:49:07Z</time><extensions><gpxtpx:TrackPointExtension><gpxtpx:hr>151</gpxtpx:hr></gpxtpx:TrackPointExtension></extensions></trkpt><trkpt lat="56.050922" lon="37.848087"><ele>168.6</ele><time>2026-07-09T17:49:08Z</time><extensions><gpxtpx:TrackPointExtension><gpxtpx:hr>151</gpxtpx:hr></gpxtpx:TrackPointExtension></extensions></trkpt><trkpt lat="56.050922" lon="37.84804"><ele>168.6</ele><time>2026-07-09T17:49:09Z</time><extensions><gpxtpx:TrackPointExtension><gpxtpx:hr>151</gpxtpx:hr></gpxtpx:TrackPointExtension></extensions></trkpt><trkpt lat="56.05092" lon="37.847992"><ele>168.6</ele><time>2026-07-09T17:49:10Z</time><extensions><gpxtpx:TrackPointExtension><gpxtpx:hr>151</gpxtpx:hr></gpxtpx:TrackPointExtension></extensions></trkpt><trkpt lat="56.050922" lon="37.847942"><ele>168.6</ele><time>2026-07-09T17:49:11Z</time><extensions><gpxtpx:TrackPointExtension><gpxtpx:hr>151</gpxtpx:hr></gpxtpx:TrackPointExtension></extensions></trkpt><trkpt lat="56.050922" lon="37.847897"><ele>168.6</ele><time>2026-07-09T17:49:12Z</time><extensions><gpxtpx:TrackPointExtension><gpxtpx:hr>151</gpxtpx:hr></gpxtpx:TrackPointExtension></extensions></trkpt><trkpt lat="56.050922" lon="37.847845"><ele>168.6</ele><time>2026-07-09T17:49:13Z</time><extensions><gpxtpx:TrackPointExtension><gpxtpx:hr>151</gpxtpx:hr></gpxtpx:TrackPointExtension></extensions></trkpt><trkpt lat="56.050917" lon="37.847787"><ele>168.6</ele><time>2026-07-09T17:49:14Z</time><extensions><gpxtpx:TrackPointExtension><gpxtpx:hr>151</gpxtpx:hr></gpxtpx:TrackPointExtension></extensions></trkpt><trkpt lat="56.050912" lon="37.847732"><ele>168.4</ele><time>2026-07-09T17:49:15Z</time><extensions><gpxtpx:TrackPointExtension><gpxtpx:hr>151</gpxtpx:hr></gpxtpx:TrackPointExtension></extensions></trkpt><trkpt lat="56.050912" lon="37.847677"><ele>168.4</ele><time>2026-07-09T17:49:16Z</time><extensions><gpxtpx:TrackPointExtension><gpxtpx:hr>150</gpxtpx:hr></gpxtpx:TrackPointExtension></extensions></trkpt><trkpt lat="56.05091" lon="37.847622"><ele>168.4</ele><time>2026-07-09T17:49:17Z</time><extensions><gpxtpx:TrackPointExtension><gpxtpx:hr>150</gpxtpx:hr></gpxtpx:TrackPointExtension></extensions></trkpt><trkpt lat="56.050907" lon="37.84757"><ele>168.2</ele><time>2026-07-09T17:49:18Z</time><extensions><gpxtpx:TrackPointExtension><gpxtpx:hr>150</gpxtpx:hr></gpxtpx:TrackPointExtension></extensions></trkpt><trkpt lat="56.050907" lon="37.847512"><ele>168.2</ele><time>2026-07-09T17:49:19Z</time><extensions><gpxtpx:TrackPointExtension><gpxtpx:hr>149</gpxtpx:hr></gpxtpx:TrackPointExtension></extensions></trkpt><trkpt lat="56.050907" lon="37.847453"><ele>168.2</ele><time>2026-07-09T17:49:20Z</time><extensions><gpxtpx:TrackPointExtension><gpxtpx:hr>149</gpxtpx:hr></gpxtpx:TrackPointExtension></extensions></trkpt><trkpt lat="56.050907" lon="37.8474"><ele>168.2</ele><time>2026-07-09T17:49:21Z</time><extensions><gpxtpx:TrackPointExtension><gpxtpx:hr>149</gpxtpx:hr></gpxtpx:TrackPointExtension></extensions></trkpt><trkpt lat="56.05091" lon="37.84735"><ele>168.2</ele><time>2026-07-09T17:49:22Z</time><extensions><gpxtpx:TrackPointExtension><gpxtpx:hr>149</gpxtpx:hr></gpxtpx:TrackPointExtension></extensions></trkpt><trkpt lat="56.050912" lon="37.847297"><ele>168.2</ele><time>2026-07-09T17:49:23Z</time><extensions><gpxtpx:TrackPointExtension><gpxtpx:hr>149</gpxtpx:hr></gpxtpx:TrackPointExtension></extensions></trkpt><trkpt lat="56.050915" lon="37.847247"><ele>168.2</ele><time>2026-07-09T17:49:24Z</time><extensions><gpxtpx:TrackPointExtension><gpxtpx:hr>149</gpxtpx:hr></gpxtpx:TrackPointExtension></extensions></trkpt><trkpt lat="56.050912" lon="37.8472"><ele>168.2</ele><time>2026-07-09T17:49:25Z</time><extensions><gpxtpx:TrackPointExtension><gpxtpx:hr>149</gpxtpx:hr></gpxtpx:TrackPointExtension></extensions></trkpt><trkpt lat="56.05091" lon="37.847137"><ele>168.2</ele><time>2026-07-09T17:49:26Z</time><extensions><gpxtpx:TrackPointExtension><gpxtpx:hr>149</gpxtpx:hr></gpxtpx:TrackPointExtension></extensions></trkpt><trkpt lat="56.050907" lon="37.84708"><ele>168.2</ele><time>2026-07-09T17:49:27Z</time><extensions><gpxtpx:TrackPointExtension><gpxtpx:hr>148</gpxtpx:hr></gpxtpx:TrackPointExtension></extensions></trkpt><trkpt lat="56.050907" lon="37.84703"><ele>168.2</ele><time>2026-07-09T17:49:28Z</time><extensions><gpxtpx:TrackPointExtension><gpxtpx:hr>148</gpxtpx:hr></gpxtpx:TrackPointExtension></extensions></trkpt><trkpt lat="56.050912" lon="37.846977"><ele>168.2</ele><time>2026-07-09T17:49:29Z</time><extensions><gpxtpx:TrackPointExtension><gpxtpx:hr>148</gpxtpx:hr></gpxtpx:TrackPointExtension></extensions></trkpt><trkpt lat="56.050912" lon="37.846927"><ele>168.0</ele><time>2026-07-09T17:49:30Z</time><extensions><gpxtpx:TrackPointExtension><gpxtpx:hr>149</gpxtpx:hr></gpxtpx:TrackPointExtension></extensions></trkpt><trkpt lat="56.05091" lon="37.846872"><ele>168.0</ele><time>2026-07-09T17:49:31Z</time><extensions><gpxtpx:TrackPointExtension><gpxtpx:hr>149</gpxtpx:hr></gpxtpx:TrackPointExtension></extensions></trkpt><trkpt lat="56.050907" lon="37.846827"><ele>168.0</ele><time>2026-07-09T17:49:32Z</time><extensions><gpxtpx:TrackPointExtension><gpxtpx:hr>149</gpxtpx:hr></gpxtpx:TrackPointExtension></extensions></trkpt><trkpt lat="56.050907" lon="37.846772"><ele>168.0</ele><time>2026-07-09T17:49:33Z</time><extensions><gpxtpx:TrackPointExtension><gpxtpx:hr>149</gpxtpx:hr></gpxtpx:TrackPointExtension></extensions></trkpt><trkpt lat="56.050905" lon="37.84672"><ele>168.0</ele><time>2026-07-09T17:49:34Z</time><extensions><gpxtpx:TrackPointExtension><gpxtpx:hr>149</gpxtpx:hr></gpxtpx:TrackPointExtension></extensions></trkpt><trkpt lat="56.050902" lon="37.846662"><ele>168.0</ele><time>2026-07-09T17:49:35Z</time><extensions><gpxtpx:TrackPointExtension><gpxtpx:hr>149</gpxtpx:hr></gpxtpx:TrackPointExtension></extensions></trkpt><trkpt lat="56.0509" lon="37.846608"><ele>168.0</ele><time>2026-07-09T17:49:36Z</time><extensions><gpxtpx:TrackPointExtension><gpxtpx:hr>149</gpxtpx:hr></gpxtpx:TrackPointExtension></extensions></trkpt><trkpt lat="56.050897" lon="37.846562"><ele>167.8</ele><time>2026-07-09T17:49:37Z</time><extensions><gpxtpx:TrackPointExtension><gpxtpx:hr>149</gpxtpx:hr></gpxtpx:TrackPointExtension></extensions></trkpt><trkpt lat="56.050897" lon="37.84651"><ele>168.0</ele><time>2026-07-09T17:49:38Z</time><extensions><gpxtpx:TrackPointExtension><gpxtpx:hr>149</gpxtpx:hr></gpxtpx:TrackPointExtension></extensions></trkpt><trkpt lat="56.050902" lon="37.846465"><ele>168.0</ele><time>2026-07-09T17:49:39Z</time><extensions><gpxtpx:TrackPointExtension><gpxtpx:hr>150</gpxtpx:hr></gpxtpx:TrackPointExtension></extensions></trkpt><trkpt lat="56.050897" lon="37.84641"><ele>168.0</ele><time>2026-07-09T17:49:40Z</time><extensions><gpxtpx:TrackPointExtension><gpxtpx:hr>150</gpxtpx:hr></gpxtpx:TrackPointExtension></extensions></trkpt><trkpt lat="56.050892" lon="37.846362"><ele>168.0</ele><time>2026-07-09T17:49:41Z</time><extensions><gpxtpx:TrackPointExtension><gpxtpx:hr>150</gpxtpx:hr></gpxtpx:TrackPointExtension></extensions></trkpt><trkpt lat="56.050892" lon="37.846312"><ele>168.0</ele><time>2026-07-09T17:49:42Z</time><extensions><gpxtpx:TrackPointExtension><gpxtpx:hr>150</gpxtpx:hr></gpxtpx:TrackPointExtension></extensions></trkpt><trkpt lat="56.050892" lon="37.846257"><ele>167.8</ele><time>2026-07-09T17:49:43Z</time><extensions><gpxtpx:TrackPointExtension><gpxtpx:hr>150</gpxtpx:hr></gpxtpx:TrackPointExtension></extensions></trkpt><trkpt lat="56.05089" lon="37.846202"><ele>167.8</ele><time>2026-07-09T17:49:44Z</time><extensions><gpxtpx:TrackPointExtension><gpxtpx:hr>149</gpxtpx:hr></gpxtpx:TrackPointExtension></extensions></trkpt><trkpt lat="56.05089" lon="37.846152"><ele>168.0</ele><time>2026-07-09T17:49:45Z</time><extensions><gpxtpx:TrackPointExtension><gpxtpx:hr>149</gpxtpx:hr></gpxtpx:TrackPointExtension></extensions></trkpt><trkpt lat="56.050885" lon="37.846102"><ele>168.0</ele><time>2026-07-09T17:49:46Z</time><extensions><gpxtpx:TrackPointExtension><gpxtpx:hr>149</gpxtpx:hr></gpxtpx:TrackPointExtension></extensions></trkpt><trkpt lat="56.050885" lon="37.846055"><ele>168.0</ele><time>2026-07-09T17:49:47Z</time><extensions><gpxtpx:TrackPointExtension><gpxtpx:hr>149</gpxtpx:hr></gpxtpx:TrackPointExtension></extensions></trkpt><trkpt lat="56.050882" lon="37.846012"><ele>168.0</ele><time>2026-07-09T17:49:48Z</time><extensions><gpxtpx:TrackPointExtension><gpxtpx:hr>149</gpxtpx:hr></gpxtpx:TrackPointExtension></extensions></trkpt><trkpt lat="56.05089" lon="37.84597"><ele>168.0</ele><time>2026-07-09T17:49:49Z</time><extensions><gpxtpx:TrackPointExtension><gpxtpx:hr>149</gpxtpx:hr></gpxtpx:TrackPointExtension></extensions></trkpt><trkpt lat="56.050887" lon="37.84593"><ele>168.0</ele><time>2026-07-09T17:49:50Z</time><extensions><gpxtpx:TrackPointExtension><gpxtpx:hr>149</gpxtpx:hr></gpxtpx:TrackPointExtension></extensions></trkpt><trkpt lat="56.050885" lon="37.845882"><ele>168.2</ele><time>2026-07-09T17:49:51Z</time><extensions><gpxtpx:TrackPointExtension><gpxtpx:hr>150</gpxtpx:hr></gpxtpx:TrackPointExtension></extensions></trkpt><trkpt lat="56.050885" lon="37.845832"><ele>168.2</ele><time>2026-07-09T17:49:52Z</time><extensions><gpxtpx:TrackPointExtension><gpxtpx:hr>150</gpxtpx:hr></gpxtpx:TrackPointExtension></extensions></trkpt><trkpt lat="56.050882" lon="37.845787"><ele>168.2</ele><time>2026-07-09T17:49:53Z</time><extensions><gpxtpx:TrackPointExtension><gpxtpx:hr>149</gpxtpx:hr></gpxtpx:TrackPointExtension></extensions></trkpt><trkpt lat="56.050877" lon="37.845737"><ele>168.2</ele><time>2026-07-09T17:49:54Z</time><extensions><gpxtpx:TrackPointExtension><gpxtpx:hr>149</gpxtpx:hr></gpxtpx:TrackPointExtension></extensions></trkpt><trkpt lat="56.050875" lon="37.845682"><ele>168.2</ele><time>2026-07-09T17:49:55Z</time><extensions><gpxtpx:TrackPointExtension><gpxtpx:hr>150</gpxtpx:hr></gpxtpx:TrackPointExtension></extensions></trkpt><trkpt lat="56.050875" lon="37.84561"><ele>168.2</ele><time>2026-07-09T17:49:56Z</time><extensions><gpxtpx:TrackPointExtension><gpxtpx:hr>150</gpxtpx:hr></gpxtpx:TrackPointExtension></extensions></trkpt><trkpt lat="56.050872" lon="37.845547"><ele>168.2</ele><time>2026-07-09T17:49:57Z</time><extensions><gpxtpx:TrackPointExtension><gpxtpx:hr>149</gpxtpx:hr></gpxtpx:TrackPointExtension></extensions></trkpt><trkpt lat="56.050867" lon="37.84548"><ele>168.2</ele><time>2026-07-09T17:49:58Z</time><extensions><gpxtpx:TrackPointExtension><gpxtpx:hr>149</gpxtpx:hr></gpxtpx:TrackPointExtension></extensions></trkpt><trkpt lat="56.05086" lon="37.845415"><ele>168.2</ele><time>2026-07-09T17:49:59Z</time><extensions><gpxtpx:TrackPointExtension><gpxtpx:hr>149</gpxtpx:hr></gpxtpx:TrackPointExtension></extensions></trkpt><trkpt lat="56.050857" lon="37.845357"><ele>168.2</ele><time>2026-07-09T17:50:00Z</time><extensions><gpxtpx:TrackPointExtension><gpxtpx:hr>149</gpxtpx:hr></gpxtpx:TrackPointExtension></extensions></trkpt><trkpt lat="56.050857" lon="37.845302"><ele>168.2</ele><time>2026-07-09T17:50:01Z</time><extensions><gpxtpx:TrackPointExtension><gpxtpx:hr>150</gpxtpx:hr></gpxtpx:TrackPointExtension></extensions></trkpt><trkpt lat="56.050862" lon="37.845243"><ele>168.2</ele><time>2026-07-09T17:50:02Z</time><extensions><gpxtpx:TrackPointExtension><gpxtpx:hr>150</gpxtpx:hr></gpxtpx:TrackPointExtension></extensions></trkpt><trkpt lat="56.050867" lon="37.845195"><ele>168.2</ele><time>2026-07-09T17:50:03Z</time><extensions><gpxtpx:TrackPointExtension><gpxtpx:hr>150</gpxtpx:hr></gpxtpx:TrackPointExtension></extensions></trkpt><trkpt lat="56.050867" lon="37.845135"><ele>168.2</ele><time>2026-07-09T17:50:04Z</time><extensions><gpxtpx:TrackPointExtension><gpxtpx:hr>151</gpxtpx:hr></gpxtpx:TrackPointExtension></extensions></trkpt><trkpt lat="56.050872" lon="37.84508"><ele>168.2</ele><time>2026-07-09T17:50:05Z</time><extensions><gpxtpx:TrackPointExtension><gpxtpx:hr>151</gpxtpx:hr></gpxtpx:TrackPointExtension></extensions></trkpt><trkpt lat="56.050872" lon="37.845025"><ele>168.2</ele><time>2026-07-09T17:50:06Z</time><extensions><gpxtpx:TrackPointExtension><gpxtpx:hr>150</gpxtpx:hr></gpxtpx:TrackPointExtension></extensions></trkpt><trkpt lat="56.050877" lon="37.844972"><ele>168.2</ele><time>2026-07-09T17:50:07Z</time><extensions><gpxtpx:TrackPointExtension><gpxtpx:hr>150</gpxtpx:hr></gpxtpx:TrackPointExtension></extensions></trkpt><trkpt lat="56.050882" lon="37.844917"><ele>168.2</ele><time>2026-07-09T17:50:08Z</time><extensions><gpxtpx:TrackPointExtension><gpxtpx:hr>151</gpxtpx:hr></gpxtpx:TrackPointExtension></extensions></trkpt><trkpt lat="56.050882" lon="37.844862"><ele>168.2</ele><time>2026-07-09T17:50:09Z</time><extensions><gpxtpx:TrackPointExtension><gpxtpx:hr>151</gpxtpx:hr></gpxtpx:TrackPointExtension></extensions></trkpt><trkpt lat="56.050877" lon="37.844802"><ele>168.2</ele><time>2026-07-09T17:50:10Z</time><extensions><gpxtpx:TrackPointExtension><gpxtpx:hr>151</gpxtpx:hr></gpxtpx:TrackPointExtension></extensions></trkpt><trkpt lat="56.050877" lon="37.844752"><ele>168.0</ele><time>2026-07-09T17:50:11Z</time><extensions><gpxtpx:TrackPointExtension><gpxtpx:hr>151</gpxtpx:hr></gpxtpx:TrackPointExtension></extensions></trkpt><trkpt lat="56.05088" lon="37.844697"><ele>168.0</ele><time>2026-07-09T17:50:12Z</time><extensions><gpxtpx:TrackPointExtension><gpxtpx:hr>151</gpxtpx:hr></gpxtpx:TrackPointExtension></extensions></trkpt><trkpt lat="56.050877" lon="37.844642"><ele>168.0</ele><time>2026-07-09T17:50:13Z</time><extensions><gpxtpx:TrackPointExtension><gpxtpx:hr>151</gpxtpx:hr></gpxtpx:TrackPointExtension></extensions></trkpt><trkpt lat="56.05088" lon="37.844587"><ele>168.0</ele><time>2026-07-09T17:50:14Z</time><extensions><gpxtpx:TrackPointExtension><gpxtpx:hr>151</gpxtpx:hr></gpxtpx:TrackPointExtension></extensions></trkpt><trkpt lat="56.050882" lon="37.844532"><ele>168.0</ele><time>2026-07-09T17:50:15Z</time><extensions><gpxtpx:TrackPointExtension><gpxtpx:hr>152</gpxtpx:hr></gpxtpx:TrackPointExtension></extensions></trkpt><trkpt lat="56.050882" lon="37.844472"><ele>168.0</ele><time>2026-07-09T17:50:16Z</time><extensions><gpxtpx:TrackPointExtension><gpxtpx:hr>152</gpxtpx:hr></gpxtpx:TrackPointExtension></extensions></trkpt><trkpt lat="56.050885" lon="37.844413"><ele>168.0</ele><time>2026-07-09T17:50:17Z</time><extensions><gpxtpx:TrackPointExtension><gpxtpx:hr>152</gpxtpx:hr></gpxtpx:TrackPointExtension></extensions></trkpt><trkpt lat="56.050887" lon="37.84436"><ele>168.0</ele><time>2026-07-09T17:50:18Z</time><extensions><gpxtpx:TrackPointExtension><gpxtpx:hr>153</gpxtpx:hr></gpxtpx:TrackPointExtension></extensions></trkpt><trkpt lat="56.050887" lon="37.844312"><ele>167.8</ele><time>2026-07-09T17:50:19Z</time><extensions><gpxtpx:TrackPointExtension><gpxtpx:hr>153</gpxtpx:hr></gpxtpx:TrackPointExtension></extensions></trkpt><trkpt lat="56.050885" lon="37.844255"><ele>167.8</ele><time>2026-07-09T17:50:20Z</time><extensions><gpxtpx:TrackPointExtension><gpxtpx:hr>153</gpxtpx:hr></gpxtpx:TrackPointExtension></extensions></trkpt><trkpt lat="56.050882" lon="37.844195"><ele>167.8</ele><time>2026-07-09T17:50:21Z</time><extensions><gpxtpx:TrackPointExtension><gpxtpx:hr>153</gpxtpx:hr></gpxtpx:TrackPointExtension></extensions></trkpt><trkpt lat="56.050882" lon="37.844137"><ele>167.8</ele><time>2026-07-09T17:50:22Z</time><extensions><gpxtpx:TrackPointExtension><gpxtpx:hr>153</gpxtpx:hr></gpxtpx:TrackPointExtension></extensions></trkpt><trkpt lat="56.050882" lon="37.84408"><ele>167.8</ele><time>2026-07-09T17:50:23Z</time><extensions><gpxtpx:TrackPointExtension><gpxtpx:hr>153</gpxtpx:hr></gpxtpx:TrackPointExtension></extensions></trkpt><trkpt lat="56.050877" lon="37.844022"><ele>167.8</ele><time>2026-07-09T17:50:24Z</time><extensions><gpxtpx:TrackPointExtension><gpxtpx:hr>154</gpxtpx:hr></gpxtpx:TrackPointExtension></extensions></trkpt><trkpt lat="56.050877" lon="37.843967"><ele>168.0</ele><time>2026-07-09T17:50:25Z</time><extensions><gpxtpx:TrackPointExtension><gpxtpx:hr>154</gpxtpx:hr></gpxtpx:TrackPointExtension></extensions></trkpt><trkpt lat="56.05088" lon="37.843915"><ele>168.0</ele><time>2026-07-09T17:50:26Z</time><extensions><gpxtpx:TrackPointExtension><gpxtpx:hr>154</gpxtpx:hr></gpxtpx:TrackPointExtension></extensions></trkpt><trkpt lat="56.050882" lon="37.84386"><ele>167.8</ele><time>2026-07-09T17:50:27Z</time><extensions><gpxtpx:TrackPointExtension><gpxtpx:hr>155</gpxtpx:hr></gpxtpx:TrackPointExtension></extensions></trkpt><trkpt lat="56.05088" lon="37.843807"><ele>168.0</ele><time>2026-07-09T17:50:28Z</time><extensions><gpxtpx:TrackPointExtension><gpxtpx:hr>155</gpxtpx:hr></gpxtpx:TrackPointExtension></extensions></trkpt><trkpt lat="56.050877" lon="37.843755"><ele>168.0</ele><time>2026-07-09T17:50:29Z</time><extensions><gpxtpx:TrackPointExtension><gpxtpx:hr>155</gpxtpx:hr></gpxtpx:TrackPointExtension></extensions></trkpt><trkpt lat="56.050877" lon="37.843692"><ele>167.8</ele><time>2026-07-09T17:50:30Z</time><extensions><gpxtpx:TrackPointExtension><gpxtpx:hr>155</gpxtpx:hr></gpxtpx:TrackPointExtension></extensions></trkpt><trkpt lat="56.05088" lon="37.843642"><ele>167.8</ele><time>2026-07-09T17:50:31Z</time><extensions><gpxtpx:TrackPointExtension><gpxtpx:hr>155</gpxtpx:hr></gpxtpx:TrackPointExtension></extensions></trkpt><trkpt lat="56.050877" lon="37.84359"><ele>167.8</ele><time>2026-07-09T17:50:32Z</time><extensions><gpxtpx:TrackPointExtension><gpxtpx:hr>154</gpxtpx:hr></gpxtpx:TrackPointExtension></extensions></trkpt><trkpt lat="56.050877" lon="37.843537"><ele>168.0</ele><time>2026-07-09T17:50:33Z</time><extensions><gpxtpx:TrackPointExtension><gpxtpx:hr>154</gpxtpx:hr></gpxtpx:TrackPointExtension></extensions></trkpt><trkpt lat="56.050877" lon="37.843482"><ele>168.0</ele><time>2026-07-09T17:50:34Z</time><extensions><gpxtpx:TrackPointExtension><gpxtpx:hr>154</gpxtpx:hr></gpxtpx:TrackPointExtension></extensions></trkpt><trkpt lat="56.050872" lon="37.843427"><ele>167.8</ele><time>2026-07-09T17:50:35Z</time><extensions><gpxtpx:TrackPointExtension><gpxtpx:hr>154</gpxtpx:hr></gpxtpx:TrackPointExtension></extensions></trkpt><trkpt lat="56.05087" lon="37.84337"><ele>168.0</ele><time>2026-07-09T17:50:36Z</time><extensions><gpxtpx:TrackPointExtension><gpxtpx:hr>154</gpxtpx:hr></gpxtpx:TrackPointExtension></extensions></trkpt><trkpt lat="56.050865" lon="37.843315"><ele>167.8</ele><time>2026-07-09T17:50:37Z</time><extensions><gpxtpx:TrackPointExtension><gpxtpx:hr>154</gpxtpx:hr></gpxtpx:TrackPointExtension></extensions></trkpt><trkpt lat="56.050865" lon="37.843262"><ele>167.8</ele><time>2026-07-09T17:50:38Z</time><extensions><gpxtpx:TrackPointExtension><gpxtpx:hr>154</gpxtpx:hr></gpxtpx:TrackPointExtension></extensions></trkpt><trkpt lat="56.050862" lon="37.843207"><ele>167.8</ele><time>2026-07-09T17:50:39Z</time><extensions><gpxtpx:TrackPointExtension><gpxtpx:hr>154</gpxtpx:hr></gpxtpx:TrackPointExtension></extensions></trkpt><trkpt lat="56.050865" lon="37.843147"><ele>167.8</ele><time>2026-07-09T17:50:40Z</time><extensions><gpxtpx:TrackPointExtension><gpxtpx:hr>155</gpxtpx:hr></gpxtpx:TrackPointExtension></extensions></trkpt><trkpt lat="56.050862" lon="37.84309"><ele>167.8</ele><time>2026-07-09T17:50:41Z</time><extensions><gpxtpx:TrackPointExtension><gpxtpx:hr>155</gpxtpx:hr></gpxtpx:TrackPointExtension></extensions></trkpt><trkpt lat="56.050867" lon="37.843027"><ele>167.8</ele><time>2026-07-09T17:50:42Z</time><extensions><gpxtpx:TrackPointExtension><gpxtpx:hr>155</gpxtpx:hr></gpxtpx:TrackPointExtension></extensions></trkpt><trkpt lat="56.050862" lon="37.842972"><ele>167.8</ele><time>2026-07-09T17:50:43Z</time><extensions><gpxtpx:TrackPointExtension><gpxtpx:hr>155</gpxtpx:hr></gpxtpx:TrackPointExtension></extensions></trkpt><trkpt lat="56.05086" lon="37.842917"><ele>167.6</ele><time>2026-07-09T17:50:44Z</time><extensions><gpxtpx:TrackPointExtension><gpxtpx:hr>155</gpxtpx:hr></gpxtpx:TrackPointExtension></extensions></trkpt><trkpt lat="56.050857" lon="37.842865"><ele>167.6</ele><time>2026-07-09T17:50:45Z</time><extensions><gpxtpx:TrackPointExtension><gpxtpx:hr>156</gpxtpx:hr></gpxtpx:TrackPointExtension></extensions></trkpt><trkpt lat="56.050855" lon="37.842812"><ele>167.6</ele><time>2026-07-09T17:50:46Z</time><extensions><gpxtpx:TrackPointExtension><gpxtpx:hr>155</gpxtpx:hr></gpxtpx:TrackPointExtension></extensions></trkpt><trkpt lat="56.050857" lon="37.842757"><ele>167.6</ele><time>2026-07-09T17:50:47Z</time><extensions><gpxtpx:TrackPointExtension><gpxtpx:hr>155</gpxtpx:hr></gpxtpx:TrackPointExtension></extensions></trkpt><trkpt lat="56.050857" lon="37.842702"><ele>167.6</ele><time>2026-07-09T17:50:48Z</time><extensions><gpxtpx:TrackPointExtension><gpxtpx:hr>155</gpxtpx:hr></gpxtpx:TrackPointExtension></extensions></trkpt><trkpt lat="56.050855" lon="37.842637"><ele>167.6</ele><time>2026-07-09T17:50:49Z</time><extensions><gpxtpx:TrackPointExtension><gpxtpx:hr>155</gpxtpx:hr></gpxtpx:TrackPointExtension></extensions></trkpt><trkpt lat="56.050852" lon="37.842572"><ele>167.6</ele><time>2026-07-09T17:50:50Z</time><extensions><gpxtpx:TrackPointExtension><gpxtpx:hr>155</gpxtpx:hr></gpxtpx:TrackPointExtension></extensions></trkpt><trkpt lat="56.050852" lon="37.842515"><ele>167.4</ele><time>2026-07-09T17:50:51Z</time><extensions><gpxtpx:TrackPointExtension><gpxtpx:hr>155</gpxtpx:hr></gpxtpx:TrackPointExtension></extensions></trkpt><trkpt lat="56.05085" lon="37.842455"><ele>167.4</ele><time>2026-07-09T17:50:52Z</time><extensions><gpxtpx:TrackPointExtension><gpxtpx:hr>155</gpxtpx:hr></gpxtpx:TrackPointExtension></extensions></trkpt><trkpt lat="56.050847" lon="37.842397"><ele>167.4</ele><time>2026-07-09T17:50:53Z</time><extensions><gpxtpx:TrackPointExtension><gpxtpx:hr>155</gpxtpx:hr></gpxtpx:TrackPointExtension></extensions></trkpt><trkpt lat="56.050842" lon="37.84234"><ele>167.4</ele><time>2026-07-09T17:50:54Z</time><extensions><gpxtpx:TrackPointExtension><gpxtpx:hr>155</gpxtpx:hr></gpxtpx:TrackPointExtension></extensions></trkpt><trkpt lat="56.05084" lon="37.842277"><ele>167.4</ele><time>2026-07-09T17:50:55Z</time><extensions><gpxtpx:TrackPointExtension><gpxtpx:hr>155</gpxtpx:hr></gpxtpx:TrackPointExtension></extensions></trkpt><trkpt lat="56.050837" lon="37.842222"><ele>167.4</ele><time>2026-07-09T17:50:56Z</time><extensions><gpxtpx:TrackPointExtension><gpxtpx:hr>155</gpxtpx:hr></gpxtpx:TrackPointExtension></extensions></trkpt><trkpt lat="56.050832" lon="37.842165"><ele>167.2</ele><time>2026-07-09T17:50:57Z</time><extensions><gpxtpx:TrackPointExtension><gpxtpx:hr>155</gpxtpx:hr></gpxtpx:TrackPointExtension></extensions></trkpt><trkpt lat="56.050832" lon="37.842105"><ele>167.2</ele><time>2026-07-09T17:50:58Z</time><extensions><gpxtpx:TrackPointExtension><gpxtpx:hr>155</gpxtpx:hr></gpxtpx:TrackPointExtension></extensions></trkpt><trkpt lat="56.05083" lon="37.842052"><ele>167.2</ele><time>2026-07-09T17:50:59Z</time><extensions><gpxtpx:TrackPointExtension><gpxtpx:hr>155</gpxtpx:hr></gpxtpx:TrackPointExtension></extensions></trkpt><trkpt lat="56.050827" lon="37.841992"><ele>167.0</ele><time>2026-07-09T17:51:00Z</time><extensions><gpxtpx:TrackPointExtension><gpxtpx:hr>155</gpxtpx:hr></gpxtpx:TrackPointExtension></extensions></trkpt><trkpt lat="56.05083" lon="37.841932"><ele>167.0</ele><time>2026-07-09T17:51:01Z</time><extensions><gpxtpx:TrackPointExtension><gpxtpx:hr>155</gpxtpx:hr></gpxtpx:TrackPointExtension></extensions></trkpt><trkpt lat="56.050827" lon="37.841877"><ele>167.0</ele><time>2026-07-09T17:51:02Z</time><extensions><gpxtpx:TrackPointExtension><gpxtpx:hr>155</gpxtpx:hr></gpxtpx:TrackPointExtension></extensions></trkpt><trkpt lat="56.050827" lon="37.841822"><ele>166.8</ele><time>2026-07-09T17:51:03Z</time><extensions><gpxtpx:TrackPointExtension><gpxtpx:hr>155</gpxtpx:hr></gpxtpx:TrackPointExtension></extensions></trkpt><trkpt lat="56.050827" lon="37.841768"><ele>166.8</ele><time>2026-07-09T17:51:04Z</time><extensions><gpxtpx:TrackPointExtension><gpxtpx:hr>155</gpxtpx:hr></gpxtpx:TrackPointExtension></extensions></trkpt><trkpt lat="56.050827" lon="37.841715"><ele>166.8</ele><time>2026-07-09T17:51:05Z</time><extensions><gpxtpx:TrackPointExtension><gpxtpx:hr>155</gpxtpx:hr></gpxtpx:TrackPointExtension></extensions></trkpt><trkpt lat="56.050827" lon="37.84166"><ele>166.8</ele><time>2026-07-09T17:51:06Z</time><extensions><gpxtpx:TrackPointExtension><gpxtpx:hr>155</gpxtpx:hr></gpxtpx:TrackPointExtension></extensions></trkpt><trkpt lat="56.050827" lon="37.841602"><ele>166.8</ele><time>2026-07-09T17:51:07Z</time><extensions><gpxtpx:TrackPointExtension><gpxtpx:hr>155</gpxtpx:hr></gpxtpx:TrackPointExtension></extensions></trkpt><trkpt lat="56.050825" lon="37.841547"><ele>166.8</ele><time>2026-07-09T17:51:08Z</time><extensions><gpxtpx:TrackPointExtension><gpxtpx:hr>155</gpxtpx:hr></gpxtpx:TrackPointExtension></extensions></trkpt><trkpt lat="56.050822" lon="37.841497"><ele>166.8</ele><time>2026-07-09T17:51:09Z</time><extensions><gpxtpx:TrackPointExtension><gpxtpx:hr>155</gpxtpx:hr></gpxtpx:TrackPointExtension></extensions></trkpt><trkpt lat="56.050817" lon="37.841442"><ele>166.8</ele><time>2026-07-09T17:51:10Z</time><extensions><gpxtpx:TrackPointExtension><gpxtpx:hr>155</gpxtpx:hr></gpxtpx:TrackPointExtension></extensions></trkpt><trkpt lat="56.050817" lon="37.841387"><ele>166.8</ele><time>2026-07-09T17:51:11Z</time><extensions><gpxtpx:TrackPointExtension><gpxtpx:hr>155</gpxtpx:hr></gpxtpx:TrackPointExtension></extensions></trkpt><trkpt lat="56.050817" lon="37.841327"><ele>166.8</ele><time>2026-07-09T17:51:12Z</time><extensions><gpxtpx:TrackPointExtension><gpxtpx:hr>155</gpxtpx:hr></gpxtpx:TrackPointExtension></extensions></trkpt><trkpt lat="56.050815" lon="37.841272"><ele>166.8</ele><time>2026-07-09T17:51:13Z</time><extensions><gpxtpx:TrackPointExtension><gpxtpx:hr>155</gpxtpx:hr></gpxtpx:TrackPointExtension></extensions></trkpt><trkpt lat="56.050812" lon="37.84122"><ele>166.8</ele><time>2026-07-09T17:51:14Z</time><extensions><gpxtpx:TrackPointExtension><gpxtpx:hr>155</gpxtpx:hr></gpxtpx:TrackPointExtension></extensions></trkpt><trkpt lat="56.050812" lon="37.84116"><ele>166.8</ele><time>2026-07-09T17:51:15Z</time><extensions><gpxtpx:TrackPointExtension><gpxtpx:hr>155</gpxtpx:hr></gpxtpx:TrackPointExtension></extensions></trkpt><trkpt lat="56.050812" lon="37.841105"><ele>166.6</ele><time>2026-07-09T17:51:16Z</time><extensions><gpxtpx:TrackPointExtension><gpxtpx:hr>155</gpxtpx:hr></gpxtpx:TrackPointExtension></extensions></trkpt><trkpt lat="56.050812" lon="37.841047"><ele>166.6</ele><time>2026-07-09T17:51:17Z</time><extensions><gpxtpx:TrackPointExtension><gpxtpx:hr>156</gpxtpx:hr></gpxtpx:TrackPointExtension></extensions></trkpt><trkpt lat="56.050815" lon="37.840987"><ele>166.6</ele><time>2026-07-09T17:51:18Z</time><extensions><gpxtpx:TrackPointExtension><gpxtpx:hr>156</gpxtpx:hr></gpxtpx:TrackPointExtension></extensions></trkpt><trkpt lat="56.050812" lon="37.84093"><ele>166.6</ele><time>2026-07-09T17:51:19Z</time><extensions><gpxtpx:TrackPointExtension><gpxtpx:hr>156</gpxtpx:hr></gpxtpx:TrackPointExtension></extensions></trkpt><trkpt lat="56.050812" lon="37.840867"><ele>166.6</ele><time>2026-07-09T17:51:20Z</time><extensions><gpxtpx:TrackPointExtension><gpxtpx:hr>156</gpxtpx:hr></gpxtpx:TrackPointExtension></extensions></trkpt><trkpt lat="56.050812" lon="37.840807"><ele>166.6</ele><time>2026-07-09T17:51:21Z</time><extensions><gpxtpx:TrackPointExtension><gpxtpx:hr>156</gpxtpx:hr></gpxtpx:TrackPointExtension></extensions></trkpt><trkpt lat="56.050808" lon="37.840752"><ele>166.6</ele><time>2026-07-09T17:51:22Z</time><extensions><gpxtpx:TrackPointExtension><gpxtpx:hr>156</gpxtpx:hr></gpxtpx:TrackPointExtension></extensions></trkpt><trkpt lat="56.050807" lon="37.840692"><ele>166.6</ele><time>2026-07-09T17:51:23Z</time><extensions><gpxtpx:TrackPointExtension><gpxtpx:hr>157</gpxtpx:hr></gpxtpx:TrackPointExtension></extensions></trkpt><trkpt lat="56.050807" lon="37.840632"><ele>166.6</ele><time>2026-07-09T17:51:24Z</time><extensions><gpxtpx:TrackPointExtension><gpxtpx:hr>157</gpxtpx:hr></gpxtpx:TrackPointExtension></extensions></trkpt><trkpt lat="56.050805" lon="37.840577"><ele>166.6</ele><time>2026-07-09T17:51:25Z</time><extensions><gpxtpx:TrackPointExtension><gpxtpx:hr>157</gpxtpx:hr></gpxtpx:TrackPointExtension></extensions></trkpt><trkpt lat="56.050802" lon="37.840522"><ele>166.6</ele><time>2026-07-09T17:51:26Z</time><extensions><gpxtpx:TrackPointExtension><gpxtpx:hr>157</gpxtpx:hr></gpxtpx:TrackPointExtension></extensions></trkpt><trkpt lat="56.0508" lon="37.840467"><ele>166.6</ele><time>2026-07-09T17:51:27Z</time><extensions><gpxtpx:TrackPointExtension><gpxtpx:hr>157</gpxtpx:hr></gpxtpx:TrackPointExtension></extensions></trkpt><trkpt lat="56.050802" lon="37.840417"><ele>166.6</ele><time>2026-07-09T17:51:28Z</time><extensions><gpxtpx:TrackPointExtension><gpxtpx:hr>157</gpxtpx:hr></gpxtpx:TrackPointExtension></extensions></trkpt><trkpt lat="56.050802" lon="37.84036"><ele>166.8</ele><time>2026-07-09T17:51:29Z</time><extensions><gpxtpx:TrackPointExtension><gpxtpx:hr>157</gpxtpx:hr></gpxtpx:TrackPointExtension></extensions></trkpt><trkpt lat="56.0508" lon="37.840302"><ele>166.8</ele><time>2026-07-09T17:51:30Z</time><extensions><gpxtpx:TrackPointExtension><gpxtpx:hr>157</gpxtpx:hr></gpxtpx:TrackPointExtension></extensions></trkpt><trkpt lat="56.0508" lon="37.840247"><ele>166.8</ele><time>2026-07-09T17:51:31Z</time><extensions><gpxtpx:TrackPointExtension><gpxtpx:hr>157</gpxtpx:hr></gpxtpx:TrackPointExtension></extensions></trkpt><trkpt lat="56.050797" lon="37.840187"><ele>166.8</ele><time>2026-07-09T17:51:32Z</time><extensions><gpxtpx:TrackPointExtension><gpxtpx:hr>157</gpxtpx:hr></gpxtpx:TrackPointExtension></extensions></trkpt><trkpt lat="56.050792" lon="37.840132"><ele>166.6</ele><time>2026-07-09T17:51:33Z</time><extensions><gpxtpx:TrackPointExtension><gpxtpx:hr>156</gpxtpx:hr></gpxtpx:TrackPointExtension></extensions></trkpt><trkpt lat="56.050795" lon="37.840077"><ele>166.6</ele><time>2026-07-09T17:51:34Z</time><extensions><gpxtpx:TrackPointExtension><gpxtpx:hr>156</gpxtpx:hr></gpxtpx:TrackPointExtension></extensions></trkpt><trkpt lat="56.050797" lon="37.840023"><ele>166.6</ele><time>2026-07-09T17:51:35Z</time><extensions><gpxtpx:TrackPointExtension><gpxtpx:hr>155</gpxtpx:hr></gpxtpx:TrackPointExtension></extensions></trkpt><trkpt lat="56.050792" lon="37.839972"><ele>166.6</ele><time>2026-07-09T17:51:36Z</time><extensions><gpxtpx:TrackPointExtension><gpxtpx:hr>156</gpxtpx:hr></gpxtpx:TrackPointExtension></extensions></trkpt><trkpt lat="56.050792" lon="37.839917"><ele>166.6</ele><time>2026-07-09T17:51:37Z</time><extensions><gpxtpx:TrackPointExtension><gpxtpx:hr>156</gpxtpx:hr></gpxtpx:TrackPointExtension></extensions></trkpt><trkpt lat="56.050792" lon="37.83986"><ele>166.4</ele><time>2026-07-09T17:51:38Z</time><extensions><gpxtpx:TrackPointExtension><gpxtpx:hr>156</gpxtpx:hr></gpxtpx:TrackPointExtension></extensions></trkpt><trkpt lat="56.050792" lon="37.839802"><ele>166.4</ele><time>2026-07-09T17:51:39Z</time><extensions><gpxtpx:TrackPointExtension><gpxtpx:hr>156</gpxtpx:hr></gpxtpx:TrackPointExtension></extensions></trkpt><trkpt lat="56.050795" lon="37.839745"><ele>166.4</ele><time>2026-07-09T17:51:40Z</time><extensions><gpxtpx:TrackPointExtension><gpxtpx:hr>156</gpxtpx:hr></gpxtpx:TrackPointExtension></extensions></trkpt><trkpt lat="56.050795" lon="37.839687"><ele>166.2</ele><time>2026-07-09T17:51:41Z</time><extensions><gpxtpx:TrackPointExtension><gpxtpx:hr>156</gpxtpx:hr></gpxtpx:TrackPointExtension></extensions></trkpt><trkpt lat="56.0508" lon="37.839632"><ele>166.2</ele><time>2026-07-09T17:51:42Z</time><extensions><gpxtpx:TrackPointExtension><gpxtpx:hr>156</gpxtpx:hr></gpxtpx:TrackPointExtension></extensions></trkpt><trkpt lat="56.0508" lon="37.839572"><ele>166.0</ele><time>2026-07-09T17:51:43Z</time><extensions><gpxtpx:TrackPointExtension><gpxtpx:hr>155</gpxtpx:hr></gpxtpx:TrackPointExtension></extensions></trkpt><trkpt lat="56.050802" lon="37.839512"><ele>166.0</ele><time>2026-07-09T17:51:44Z</time><extensions><gpxtpx:TrackPointExtension><gpxtpx:hr>156</gpxtpx:hr></gpxtpx:TrackPointExtension></extensions></trkpt><trkpt lat="56.050807" lon="37.839455"><ele>166.0</ele><time>2026-07-09T17:51:45Z</time><extensions><gpxtpx:TrackPointExtension><gpxtpx:hr>156</gpxtpx:hr></gpxtpx:TrackPointExtension></extensions></trkpt><trkpt lat="56.050807" lon="37.839395"><ele>165.8</ele><time>2026-07-09T17:51:46Z</time><extensions><gpxtpx:TrackPointExtension><gpxtpx:hr>156</gpxtpx:hr></gpxtpx:TrackPointExtension></extensions></trkpt><trkpt lat="56.050807" lon="37.839342"><ele>165.8</ele><time>2026-07-09T17:51:47Z</time><extensions><gpxtpx:TrackPointExtension><gpxtpx:hr>155</gpxtpx:hr></gpxtpx:TrackPointExtension></extensions></trkpt><trkpt lat="56.050807" lon="37.839292"><ele>165.8</ele><time>2026-07-09T17:51:48Z</time><extensions><gpxtpx:TrackPointExtension><gpxtpx:hr>156</gpxtpx:hr></gpxtpx:TrackPointExtension></extensions></trkpt><trkpt lat="56.050807" lon="37.839237"><ele>165.8</ele><time>2026-07-09T17:51:49Z</time><extensions><gpxtpx:TrackPointExtension><gpxtpx:hr>155</gpxtpx:hr></gpxtpx:TrackPointExtension></extensions></trkpt><trkpt lat="56.050805" lon="37.839182"><ele>165.8</ele><time>2026-07-09T17:51:50Z</time><extensions><gpxtpx:TrackPointExtension><gpxtpx:hr>155</gpxtpx:hr></gpxtpx:TrackPointExtension></extensions></trkpt><trkpt lat="56.050802" lon="37.839127"><ele>165.8</ele><time>2026-07-09T17:51:51Z</time><extensions><gpxtpx:TrackPointExtension><gpxtpx:hr>155</gpxtpx:hr></gpxtpx:TrackPointExtension></extensions></trkpt><trkpt lat="56.050802" lon="37.83907"><ele>165.8</ele><time>2026-07-09T17:51:52Z</time><extensions><gpxtpx:TrackPointExtension><gpxtpx:hr>154</gpxtpx:hr></gpxtpx:TrackPointExtension></extensions></trkpt><trkpt lat="56.050797" lon="37.839017"><ele>165.8</ele><time>2026-07-09T17:51:53Z</time><extensions><gpxtpx:TrackPointExtension><gpxtpx:hr>154</gpxtpx:hr></gpxtpx:TrackPointExtension></extensions></trkpt><trkpt lat="56.050797" lon="37.838962"><ele>165.8</ele><time>2026-07-09T17:51:54Z</time><extensions><gpxtpx:TrackPointExtension><gpxtpx:hr>155</gpxtpx:hr></gpxtpx:TrackPointExtension></extensions></trkpt><trkpt lat="56.050802" lon="37.838905"><ele>165.8</ele><time>2026-07-09T17:51:55Z</time><extensions><gpxtpx:TrackPointExtension><gpxtpx:hr>154</gpxtpx:hr></gpxtpx:TrackPointExtension></extensions></trkpt><trkpt lat="56.050802" lon="37.83885"><ele>165.6</ele><time>2026-07-09T17:51:56Z</time><extensions><gpxtpx:TrackPointExtension><gpxtpx:hr>154</gpxtpx:hr></gpxtpx:TrackPointExtension></extensions></trkpt><trkpt lat="56.050802" lon="37.838797"><ele>165.6</ele><time>2026-07-09T17:51:57Z</time><extensions><gpxtpx:TrackPointExtension><gpxtpx:hr>154</gpxtpx:hr></gpxtpx:TrackPointExtension></extensions></trkpt><trkpt lat="56.050807" lon="37.838745"><ele>165.6</ele><time>2026-07-09T17:51:58Z</time><extensions><gpxtpx:TrackPointExtension><gpxtpx:hr>154</gpxtpx:hr></gpxtpx:TrackPointExtension></extensions></trkpt><trkpt lat="56.050807" lon="37.83869"><ele>165.6</ele><time>2026-07-09T17:51:59Z</time><extensions><gpxtpx:TrackPointExtension><gpxtpx:hr>155</gpxtpx:hr></gpxtpx:TrackPointExtension></extensions></trkpt><trkpt lat="56.050805" lon="37.838632"><ele>165.6</ele><time>2026-07-09T17:52:00Z</time><extensions><gpxtpx:TrackPointExtension><gpxtpx:hr>155</gpxtpx:hr></gpxtpx:TrackPointExtension></extensions></trkpt><trkpt lat="56.050802" lon="37.838577"><ele>165.6</ele><time>2026-07-09T17:52:01Z</time><extensions><gpxtpx:TrackPointExtension><gpxtpx:hr>155</gpxtpx:hr></gpxtpx:TrackPointExtension></extensions></trkpt><trkpt lat="56.050805" lon="37.838527"><ele>165.6</ele><time>2026-07-09T17:52:02Z</time><extensions><gpxtpx:TrackPointExtension><gpxtpx:hr>155</gpxtpx:hr></gpxtpx:TrackPointExtension></extensions></trkpt><trkpt lat="56.050802" lon="37.838472"><ele>165.4</ele><time>2026-07-09T17:52:03Z</time><extensions><gpxtpx:TrackPointExtension><gpxtpx:hr>155</gpxtpx:hr></gpxtpx:TrackPointExtension></extensions></trkpt><trkpt lat="56.050802" lon="37.83842"><ele>165.4</ele><time>2026-07-09T17:52:04Z</time><extensions><gpxtpx:TrackPointExtension><gpxtpx:hr>156</gpxtpx:hr></gpxtpx:TrackPointExtension></extensions></trkpt><trkpt lat="56.050805" lon="37.838367"><ele>165.4</ele><time>2026-07-09T17:52:05Z</time><extensions><gpxtpx:TrackPointExtension><gpxtpx:hr>156</gpxtpx:hr></gpxtpx:TrackPointExtension></extensions></trkpt><trkpt lat="56.050805" lon="37.838312"><ele>165.4</ele><time>2026-07-09T17:52:06Z</time><extensions><gpxtpx:TrackPointExtension><gpxtpx:hr>156</gpxtpx:hr></gpxtpx:TrackPointExtension></extensions></trkpt><trkpt lat="56.050805" lon="37.838257"><ele>165.4</ele><time>2026-07-09T17:52:07Z</time><extensions><gpxtpx:TrackPointExtension><gpxtpx:hr>156</gpxtpx:hr></gpxtpx:TrackPointExtension></extensions></trkpt><trkpt lat="56.050805" lon="37.838205"><ele>165.4</ele><time>2026-07-09T17:52:08Z</time><extensions><gpxtpx:TrackPointExtension><gpxtpx:hr>156</gpxtpx:hr></gpxtpx:TrackPointExtension></extensions></trkpt><trkpt lat="56.050805" lon="37.838147"><ele>165.4</ele><time>2026-07-09T17:52:09Z</time><extensions><gpxtpx:TrackPointExtension><gpxtpx:hr>156</gpxtpx:hr></gpxtpx:TrackPointExtension></extensions></trkpt><trkpt lat="56.050802" lon="37.83809"><ele>165.4</ele><time>2026-07-09T17:52:10Z</time><extensions><gpxtpx:TrackPointExtension><gpxtpx:hr>156</gpxtpx:hr></gpxtpx:TrackPointExtension></extensions></trkpt><trkpt lat="56.050802" lon="37.838035"><ele>165.4</ele><time>2026-07-09T17:52:11Z</time><extensions><gpxtpx:TrackPointExtension><gpxtpx:hr>155</gpxtpx:hr></gpxtpx:TrackPointExtension></extensions></trkpt><trkpt lat="56.050802" lon="37.837977"><ele>165.4</ele><time>2026-07-09T17:52:12Z</time><extensions><gpxtpx:TrackPointExtension><gpxtpx:hr>155</gpxtpx:hr></gpxtpx:TrackPointExtension></extensions></trkpt><trkpt lat="56.050802" lon="37.837922"><ele>165.4</ele><time>2026-07-09T17:52:13Z</time><extensions><gpxtpx:TrackPointExtension><gpxtpx:hr>155</gpxtpx:hr></gpxtpx:TrackPointExtension></extensions></trkpt><trkpt lat="56.050802" lon="37.837867"><ele>165.4</ele><time>2026-07-09T17:52:14Z</time><extensions><gpxtpx:TrackPointExtension><gpxtpx:hr>155</gpxtpx:hr></gpxtpx:TrackPointExtension></extensions></trkpt><trkpt lat="56.050805" lon="37.83781"><ele>165.4</ele><time>2026-07-09T17:52:15Z</time><extensions><gpxtpx:TrackPointExtension><gpxtpx:hr>155</gpxtpx:hr></gpxtpx:TrackPointExtension></extensions></trkpt><trkpt lat="56.050802" lon="37.837757"><ele>165.2</ele><time>2026-07-09T17:52:16Z</time><extensions><gpxtpx:TrackPointExtension><gpxtpx:hr>155</gpxtpx:hr></gpxtpx:TrackPointExtension></extensions></trkpt><trkpt lat="56.050802" lon="37.837705"><ele>165.2</ele><time>2026-07-09T17:52:17Z</time><extensions><gpxtpx:TrackPointExtension><gpxtpx:hr>156</gpxtpx:hr></gpxtpx:TrackPointExtension></extensions></trkpt><trkpt lat="56.050802" lon="37.837647"><ele>165.2</ele><time>2026-07-09T17:52:18Z</time><extensions><gpxtpx:TrackPointExtension><gpxtpx:hr>156</gpxtpx:hr></gpxtpx:TrackPointExtension></extensions></trkpt><trkpt lat="56.050805" lon="37.837592"><ele>165.2</ele><time>2026-07-09T17:52:19Z</time><extensions><gpxtpx:TrackPointExtension><gpxtpx:hr>156</gpxtpx:hr></gpxtpx:TrackPointExtension></extensions></trkpt><trkpt lat="56.050807" lon="37.837537"><ele>165.2</ele><time>2026-07-09T17:52:20Z</time><extensions><gpxtpx:TrackPointExtension><gpxtpx:hr>156</gpxtpx:hr></gpxtpx:TrackPointExtension></extensions></trkpt><trkpt lat="56.050805" lon="37.83748"><ele>165.2</ele><time>2026-07-09T17:52:21Z</time><extensions><gpxtpx:TrackPointExtension><gpxtpx:hr>156</gpxtpx:hr></gpxtpx:TrackPointExtension></extensions></trkpt><trkpt lat="56.050807" lon="37.837427"><ele>165.2</ele><time>2026-07-09T17:52:22Z</time><extensions><gpxtpx:TrackPointExtension><gpxtpx:hr>156</gpxtpx:hr></gpxtpx:TrackPointExtension></extensions></trkpt><trkpt lat="56.050807" lon="37.837372"><ele>165.2</ele><time>2026-07-09T17:52:23Z</time><extensions><gpxtpx:TrackPointExtension><gpxtpx:hr>156</gpxtpx:hr></gpxtpx:TrackPointExtension></extensions></trkpt><trkpt lat="56.050807" lon="37.837312"><ele>165.2</ele><time>2026-07-09T17:52:24Z</time><extensions><gpxtpx:TrackPointExtension><gpxtpx:hr>156</gpxtpx:hr></gpxtpx:TrackPointExtension></extensions></trkpt><trkpt lat="56.050808" lon="37.83726"><ele>165.2</ele><time>2026-07-09T17:52:25Z</time><extensions><gpxtpx:TrackPointExtension><gpxtpx:hr>156</gpxtpx:hr></gpxtpx:TrackPointExtension></extensions></trkpt><trkpt lat="56.050807" lon="37.837205"><ele>165.2</ele><time>2026-07-09T17:52:26Z</time><extensions><gpxtpx:TrackPointExtension><gpxtpx:hr>156</gpxtpx:hr></gpxtpx:TrackPointExtension></extensions></trkpt><trkpt lat="56.050807" lon="37.83715"><ele>165.0</ele><time>2026-07-09T17:52:27Z</time><extensions><gpxtpx:TrackPointExtension><gpxtpx:hr>155</gpxtpx:hr></gpxtpx:TrackPointExtension></extensions></trkpt><trkpt lat="56.050802" lon="37.837097"><ele>165.0</ele><time>2026-07-09T17:52:28Z</time><extensions><gpxtpx:TrackPointExtension><gpxtpx:hr>155</gpxtpx:hr></gpxtpx:TrackPointExtension></extensions></trkpt><trkpt lat="56.050802" lon="37.837042"><ele>164.8</ele><time>2026-07-09T17:52:29Z</time><extensions><gpxtpx:TrackPointExtension><gpxtpx:hr>156</gpxtpx:hr></gpxtpx:TrackPointExtension></extensions></trkpt><trkpt lat="56.050807" lon="37.836985"><ele>164.8</ele><time>2026-07-09T17:52:30Z</time><extensions><gpxtpx:TrackPointExtension><gpxtpx:hr>156</gpxtpx:hr></gpxtpx:TrackPointExtension></extensions></trkpt><trkpt lat="56.050807" lon="37.836927"><ele>164.8</ele><time>2026-07-09T17:52:31Z</time><extensions><gpxtpx:TrackPointExtension><gpxtpx:hr>156</gpxtpx:hr></gpxtpx:TrackPointExtension></extensions></trkpt><trkpt lat="56.050805" lon="37.836872"><ele>164.6</ele><time>2026-07-09T17:52:32Z</time><extensions><gpxtpx:TrackPointExtension><gpxtpx:hr>156</gpxtpx:hr></gpxtpx:TrackPointExtension></extensions></trkpt><trkpt lat="56.0508" lon="37.836822"><ele>164.8</ele><time>2026-07-09T17:52:33Z</time><extensions><gpxtpx:TrackPointExtension><gpxtpx:hr>156</gpxtpx:hr></gpxtpx:TrackPointExtension></extensions></trkpt><trkpt lat="56.050797" lon="37.836772"><ele>164.8</ele><time>2026-07-09T17:52:34Z</time><extensions><gpxtpx:TrackPointExtension><gpxtpx:hr>156</gpxtpx:hr></gpxtpx:TrackPointExtension></extensions></trkpt><trkpt lat="56.0508" lon="37.83671"><ele>164.8</ele><time>2026-07-09T17:52:35Z</time><extensions><gpxtpx:TrackPointExtension><gpxtpx:hr>157</gpxtpx:hr></gpxtpx:TrackPointExtension></extensions></trkpt><trkpt lat="56.0508" lon="37.83666"><ele>164.8</ele><time>2026-07-09T17:52:36Z</time><extensions><gpxtpx:TrackPointExtension><gpxtpx:hr>157</gpxtpx:hr></gpxtpx:TrackPointExtension></extensions></trkpt><trkpt lat="56.050797" lon="37.836607"><ele>164.8</ele><time>2026-07-09T17:52:37Z</time><extensions><gpxtpx:TrackPointExtension><gpxtpx:hr>157</gpxtpx:hr></gpxtpx:TrackPointExtension></extensions></trkpt><trkpt lat="56.050792" lon="37.836555"><ele>164.6</ele><time>2026-07-09T17:52:38Z</time><extensions><gpxtpx:TrackPointExtension><gpxtpx:hr>157</gpxtpx:hr></gpxtpx:TrackPointExtension></extensions></trkpt><trkpt lat="56.05079" lon="37.836502"><ele>164.6</ele><time>2026-07-09T17:52:39Z</time><extensions><gpxtpx:TrackPointExtension><gpxtpx:hr>157</gpxtpx:hr></gpxtpx:TrackPointExtension></extensions></trkpt><trkpt lat="56.050785" lon="37.836442"><ele>164.6</ele><time>2026-07-09T17:52:40Z</time><extensions><gpxtpx:TrackPointExtension><gpxtpx:hr>157</gpxtpx:hr></gpxtpx:TrackPointExtension></extensions></trkpt><trkpt lat="56.050782" lon="37.836382"><ele>164.6</ele><time>2026-07-09T17:52:41Z</time><extensions><gpxtpx:TrackPointExtension><gpxtpx:hr>157</gpxtpx:hr></gpxtpx:TrackPointExtension></extensions></trkpt><trkpt lat="56.050777" lon="37.83633"><ele>164.6</ele><time>2026-07-09T17:52:42Z</time><extensions><gpxtpx:TrackPointExtension><gpxtpx:hr>157</gpxtpx:hr></gpxtpx:TrackPointExtension></extensions></trkpt><trkpt lat="56.050775" lon="37.836272"><ele>164.6</ele><time>2026-07-09T17:52:43Z</time><extensions><gpxtpx:TrackPointExtension><gpxtpx:hr>157</gpxtpx:hr></gpxtpx:TrackPointExtension></extensions></trkpt><trkpt lat="56.050777" lon="37.83621"><ele>164.8</ele><time>2026-07-09T17:52:44Z</time><extensions><gpxtpx:TrackPointExtension><gpxtpx:hr>157</gpxtpx:hr></gpxtpx:TrackPointExtension></extensions></trkpt><trkpt lat="56.050777" lon="37.836152"><ele>164.8</ele><time>2026-07-09T17:52:45Z</time><extensions><gpxtpx:TrackPointExtension><gpxtpx:hr>156</gpxtpx:hr></gpxtpx:TrackPointExtension></extensions></trkpt><trkpt lat="56.050777" lon="37.836095"><ele>164.8</ele><time>2026-07-09T17:52:46Z</time><extensions><gpxtpx:TrackPointExtension><gpxtpx:hr>156</gpxtpx:hr></gpxtpx:TrackPointExtension></extensions></trkpt><trkpt lat="56.050782" lon="37.836035"><ele>164.8</ele><time>2026-07-09T17:52:47Z</time><extensions><gpxtpx:TrackPointExtension><gpxtpx:hr>156</gpxtpx:hr></gpxtpx:TrackPointExtension></extensions></trkpt><trkpt lat="56.050782" lon="37.835975"><ele>164.6</ele><time>2026-07-09T17:52:48Z</time><extensions><gpxtpx:TrackPointExtension><gpxtpx:hr>156</gpxtpx:hr></gpxtpx:TrackPointExtension></extensions></trkpt><trkpt lat="56.050782" lon="37.835912"><ele>164.6</ele><time>2026-07-09T17:52:49Z</time><extensions><gpxtpx:TrackPointExtension><gpxtpx:hr>156</gpxtpx:hr></gpxtpx:TrackPointExtension></extensions></trkpt><trkpt lat="56.05078" lon="37.835857"><ele>164.6</ele><time>2026-07-09T17:52:50Z</time><extensions><gpxtpx:TrackPointExtension><gpxtpx:hr>156</gpxtpx:hr></gpxtpx:TrackPointExtension></extensions></trkpt><trkpt lat="56.050777" lon="37.835802"><ele>164.4</ele><time>2026-07-09T17:52:51Z</time><extensions><gpxtpx:TrackPointExtension><gpxtpx:hr>157</gpxtpx:hr></gpxtpx:TrackPointExtension></extensions></trkpt><trkpt lat="56.050777" lon="37.835745"><ele>164.4</ele><time>2026-07-09T17:52:52Z</time><extensions><gpxtpx:TrackPointExtension><gpxtpx:hr>157</gpxtpx:hr></gpxtpx:TrackPointExtension></extensions></trkpt><trkpt lat="56.050782" lon="37.83569"><ele>164.4</ele><time>2026-07-09T17:52:53Z</time><extensions><gpxtpx:TrackPointExtension><gpxtpx:hr>158</gpxtpx:hr></gpxtpx:TrackPointExtension></extensions></trkpt><trkpt lat="56.050777" lon="37.83564"><ele>164.2</ele><time>2026-07-09T17:52:54Z</time><extensions><gpxtpx:TrackPointExtension><gpxtpx:hr>158</gpxtpx:hr></gpxtpx:TrackPointExtension></extensions></trkpt><trkpt lat="56.050777" lon="37.835582"><ele>164.2</ele><time>2026-07-09T17:52:55Z</time><extensions><gpxtpx:TrackPointExtension><gpxtpx:hr>159</gpxtpx:hr></gpxtpx:TrackPointExtension></extensions></trkpt><trkpt lat="56.050777" lon="37.835525"><ele>164.2</ele><time>2026-07-09T17:52:56Z</time><extensions><gpxtpx:TrackPointExtension><gpxtpx:hr>159</gpxtpx:hr></gpxtpx:TrackPointExtension></extensions></trkpt><trkpt lat="56.050772" lon="37.835472"><ele>164.2</ele><time>2026-07-09T17:52:57Z</time><extensions><gpxtpx:TrackPointExtension><gpxtpx:hr>159</gpxtpx:hr></gpxtpx:TrackPointExtension></extensions></trkpt><trkpt lat="56.050772" lon="37.835417"><ele>164.2</ele><time>2026-07-09T17:52:58Z</time><extensions><gpxtpx:TrackPointExtension><gpxtpx:hr>158</gpxtpx:hr></gpxtpx:TrackPointExtension></extensions></trkpt><trkpt lat="56.050767" lon="37.835362"><ele>164.0</ele><time>2026-07-09T17:52:59Z</time><extensions><gpxtpx:TrackPointExtension><gpxtpx:hr>158</gpxtpx:hr></gpxtpx:TrackPointExtension></extensions></trkpt><trkpt lat="56.050767" lon="37.835307"><ele>164.2</ele><time>2026-07-09T17:53:00Z</time><extensions><gpxtpx:TrackPointExtension><gpxtpx:hr>158</gpxtpx:hr></gpxtpx:TrackPointExtension></extensions></trkpt><trkpt lat="56.050767" lon="37.835252"><ele>164.2</ele><time>2026-07-09T17:53:01Z</time><extensions><gpxtpx:TrackPointExtension><gpxtpx:hr>158</gpxtpx:hr></gpxtpx:TrackPointExtension></extensions></trkpt><trkpt lat="56.050767" lon="37.835197"><ele>164.2</ele><time>2026-07-09T17:53:02Z</time><extensions><gpxtpx:TrackPointExtension><gpxtpx:hr>158</gpxtpx:hr></gpxtpx:TrackPointExtension></extensions></trkpt><trkpt lat="56.050767" lon="37.835142"><ele>164.2</ele><time>2026-07-09T17:53:03Z</time><extensions><gpxtpx:TrackPointExtension><gpxtpx:hr>158</gpxtpx:hr></gpxtpx:TrackPointExtension></extensions></trkpt><trkpt lat="56.05077" lon="37.835082"><ele>164.0</ele><time>2026-07-09T17:53:04Z</time><extensions><gpxtpx:TrackPointExtension><gpxtpx:hr>158</gpxtpx:hr></gpxtpx:TrackPointExtension></extensions></trkpt><trkpt lat="56.05077" lon="37.835027"><ele>164.0</ele><time>2026-07-09T17:53:05Z</time><extensions><gpxtpx:TrackPointExtension><gpxtpx:hr>158</gpxtpx:hr></gpxtpx:TrackPointExtension></extensions></trkpt><trkpt lat="56.05077" lon="37.834972"><ele>164.0</ele><time>2026-07-09T17:53:06Z</time><extensions><gpxtpx:TrackPointExtension><gpxtpx:hr>158</gpxtpx:hr></gpxtpx:TrackPointExtension></extensions></trkpt><trkpt lat="56.050767" lon="37.834915"><ele>164.0</ele><time>2026-07-09T17:53:07Z</time><extensions><gpxtpx:TrackPointExtension><gpxtpx:hr>158</gpxtpx:hr></gpxtpx:TrackPointExtension></extensions></trkpt><trkpt lat="56.050772" lon="37.834862"><ele>164.0</ele><time>2026-07-09T17:53:08Z</time><extensions><gpxtpx:TrackPointExtension><gpxtpx:hr>158</gpxtpx:hr></gpxtpx:TrackPointExtension></extensions></trkpt><trkpt lat="56.050775" lon="37.834807"><ele>163.8</ele><time>2026-07-09T17:53:09Z</time><extensions><gpxtpx:TrackPointExtension><gpxtpx:hr>158</gpxtpx:hr></gpxtpx:TrackPointExtension></extensions></trkpt><trkpt lat="56.050777" lon="37.83475"><ele>163.8</ele><time>2026-07-09T17:53:10Z</time><extensions><gpxtpx:TrackPointExtension><gpxtpx:hr>158</gpxtpx:hr></gpxtpx:TrackPointExtension></extensions></trkpt><trkpt lat="56.05078" lon="37.834697"><ele>163.8</ele><time>2026-07-09T17:53:11Z</time><extensions><gpxtpx:TrackPointExtension><gpxtpx:hr>158</gpxtpx:hr></gpxtpx:TrackPointExtension></extensions></trkpt><trkpt lat="56.050782" lon="37.834632"><ele>163.6</ele><time>2026-07-09T17:53:12Z</time><extensions><gpxtpx:TrackPointExtension><gpxtpx:hr>158</gpxtpx:hr></gpxtpx:TrackPointExtension></extensions></trkpt><trkpt lat="56.050785" lon="37.834572"><ele>163.6</ele><time>2026-07-09T17:53:13Z</time><extensions><gpxtpx:TrackPointExtension><gpxtpx:hr>158</gpxtpx:hr></gpxtpx:TrackPointExtension></extensions></trkpt><trkpt lat="56.050787" lon="37.834512"><ele>163.6</ele><time>2026-07-09T17:53:14Z</time><extensions><gpxtpx:TrackPointExtension><gpxtpx:hr>158</gpxtpx:hr></gpxtpx:TrackPointExtension></extensions></trkpt><trkpt lat="56.050792" lon="37.834447"><ele>163.6</ele><time>2026-07-09T17:53:15Z</time><extensions><gpxtpx:TrackPointExtension><gpxtpx:hr>157</gpxtpx:hr></gpxtpx:TrackPointExtension></extensions></trkpt><trkpt lat="56.050792" lon="37.83439"><ele>163.4</ele><time>2026-07-09T17:53:16Z</time><extensions><gpxtpx:TrackPointExtension><gpxtpx:hr>157</gpxtpx:hr></gpxtpx:TrackPointExtension></extensions></trkpt><trkpt lat="56.050792" lon="37.834335"><ele>163.4</ele><time>2026-07-09T17:53:17Z</time><extensions><gpxtpx:TrackPointExtension><gpxtpx:hr>157</gpxtpx:hr></gpxtpx:TrackPointExtension></extensions></trkpt><trkpt lat="56.050792" lon="37.834275"><ele>163.4</ele><time>2026-07-09T17:53:18Z</time><extensions><gpxtpx:TrackPointExtension><gpxtpx:hr>157</gpxtpx:hr></gpxtpx:TrackPointExtension></extensions></trkpt><trkpt lat="56.050792" lon="37.834222"><ele>163.2</ele><time>2026-07-09T17:53:19Z</time><extensions><gpxtpx:TrackPointExtension><gpxtpx:hr>157</gpxtpx:hr></gpxtpx:TrackPointExtension></extensions></trkpt><trkpt lat="56.050792" lon="37.834165"><ele>163.2</ele><time>2026-07-09T17:53:20Z</time><extensions><gpxtpx:TrackPointExtension><gpxtpx:hr>157</gpxtpx:hr></gpxtpx:TrackPointExtension></extensions></trkpt><trkpt lat="56.050792" lon="37.834107"><ele>163.2</ele><time>2026-07-09T17:53:21Z</time><extensions><gpxtpx:TrackPointExtension><gpxtpx:hr>157</gpxtpx:hr></gpxtpx:TrackPointExtension></extensions></trkpt><trkpt lat="56.050792" lon="37.83405"><ele>163.2</ele><time>2026-07-09T17:53:22Z</time><extensions><gpxtpx:TrackPointExtension><gpxtpx:hr>158</gpxtpx:hr></gpxtpx:TrackPointExtension></extensions></trkpt><trkpt lat="56.050795" lon="37.83399"><ele>163.2</ele><time>2026-07-09T17:53:23Z</time><extensions><gpxtpx:TrackPointExtension><gpxtpx:hr>158</gpxtpx:hr></gpxtpx:TrackPointExtension></extensions></trkpt><trkpt lat="56.050795" lon="37.833935"><ele>163.0</ele><time>2026-07-09T17:53:24Z</time><extensions><gpxtpx:TrackPointExtension><gpxtpx:hr>158</gpxtpx:hr></gpxtpx:TrackPointExtension></extensions></trkpt><trkpt lat="56.050795" lon="37.833882"><ele>163.0</ele><time>2026-07-09T17:53:25Z</time><extensions><gpxtpx:TrackPointExtension><gpxtpx:hr>158</gpxtpx:hr></gpxtpx:TrackPointExtension></extensions></trkpt><trkpt lat="56.050795" lon="37.83383"><ele>162.8</ele><time>2026-07-09T17:53:26Z</time><extensions><gpxtpx:TrackPointExtension><gpxtpx:hr>159</gpxtpx:hr></gpxtpx:TrackPointExtension></extensions></trkpt><trkpt lat="56.050792" lon="37.833772"><ele>162.8</ele><time>2026-07-09T17:53:27Z</time><extensions><gpxtpx:TrackPointExtension><gpxtpx:hr>159</gpxtpx:hr></gpxtpx:TrackPointExtension></extensions></trkpt><trkpt lat="56.050792" lon="37.833717"><ele>162.8</ele><time>2026-07-09T17:53:28Z</time><extensions><gpxtpx:TrackPointExtension><gpxtpx:hr>159</gpxtpx:hr></gpxtpx:TrackPointExtension></extensions></trkpt><trkpt lat="56.05079" lon="37.833662"><ele>162.8</ele><time>2026-07-09T17:53:29Z</time><extensions><gpxtpx:TrackPointExtension><gpxtpx:hr>159</gpxtpx:hr></gpxtpx:TrackPointExtension></extensions></trkpt><trkpt lat="56.050787" lon="37.833612"><ele>162.8</ele><time>2026-07-09T17:53:30Z</time><extensions><gpxtpx:TrackPointExtension><gpxtpx:hr>159</gpxtpx:hr></gpxtpx:TrackPointExtension></extensions></trkpt><trkpt lat="56.050787" lon="37.833557"><ele>162.8</ele><time>2026-07-09T17:53:31Z</time><extensions><gpxtpx:TrackPointExtension><gpxtpx:hr>159</gpxtpx:hr></gpxtpx:TrackPointExtension></extensions></trkpt><trkpt lat="56.050787" lon="37.833502"><ele>162.8</ele><time>2026-07-09T17:53:32Z</time><extensions><gpxtpx:TrackPointExtension><gpxtpx:hr>159</gpxtpx:hr></gpxtpx:TrackPointExtension></extensions></trkpt><trkpt lat="56.050787" lon="37.833447"><ele>162.8</ele><time>2026-07-09T17:53:33Z</time><extensions><gpxtpx:TrackPointExtension><gpxtpx:hr>159</gpxtpx:hr></gpxtpx:TrackPointExtension></extensions></trkpt><trkpt lat="56.050787" lon="37.833397"><ele>162.8</ele><time>2026-07-09T17:53:34Z</time><extensions><gpxtpx:TrackPointExtension><gpxtpx:hr>159</gpxtpx:hr></gpxtpx:TrackPointExtension></extensions></trkpt><trkpt lat="56.050785" lon="37.833342"><ele>162.8</ele><time>2026-07-09T17:53:35Z</time><extensions><gpxtpx:TrackPointExtension><gpxtpx:hr>158</gpxtpx:hr></gpxtpx:TrackPointExtension></extensions></trkpt><trkpt lat="56.050782" lon="37.83329"><ele>162.8</ele><time>2026-07-09T17:53:36Z</time><extensions><gpxtpx:TrackPointExtension><gpxtpx:hr>158</gpxtpx:hr></gpxtpx:TrackPointExtension></extensions></trkpt><trkpt lat="56.05078" lon="37.833237"><ele>162.8</ele><time>2026-07-09T17:53:37Z</time><extensions><gpxtpx:TrackPointExtension><gpxtpx:hr>158</gpxtpx:hr></gpxtpx:TrackPointExtension></extensions></trkpt><trkpt lat="56.050782" lon="37.833185"><ele>162.6</ele><time>2026-07-09T17:53:38Z</time><extensions><gpxtpx:TrackPointExtension><gpxtpx:hr>158</gpxtpx:hr></gpxtpx:TrackPointExtension></extensions></trkpt><trkpt lat="56.05078" lon="37.833132"><ele>162.6</ele><time>2026-07-09T17:53:39Z</time><extensions><gpxtpx:TrackPointExtension><gpxtpx:hr>158</gpxtpx:hr></gpxtpx:TrackPointExtension></extensions></trkpt><trkpt lat="56.050782" lon="37.833077"><ele>162.6</ele><time>2026-07-09T17:53:40Z</time><extensions><gpxtpx:TrackPointExtension><gpxtpx:hr>158</gpxtpx:hr></gpxtpx:TrackPointExtension></extensions></trkpt><trkpt lat="56.050782" lon="37.833022"><ele>162.4</ele><time>2026-07-09T17:53:41Z</time><extensions><gpxtpx:TrackPointExtension><gpxtpx:hr>157</gpxtpx:hr></gpxtpx:TrackPointExtension></extensions></trkpt><trkpt lat="56.050782" lon="37.832972"><ele>162.4</ele><time>2026-07-09T17:53:42Z</time><extensions><gpxtpx:TrackPointExtension><gpxtpx:hr>157</gpxtpx:hr></gpxtpx:TrackPointExtension></extensions></trkpt><trkpt lat="56.050782" lon="37.832917"><ele>162.4</ele><time>2026-07-09T17:53:43Z</time><extensions><gpxtpx:TrackPointExtension><gpxtpx:hr>157</gpxtpx:hr></gpxtpx:TrackPointExtension></extensions></trkpt><trkpt lat="56.050782" lon="37.832857"><ele>162.4</ele><time>2026-07-09T17:53:44Z</time><extensions><gpxtpx:TrackPointExtension><gpxtpx:hr>157</gpxtpx:hr></gpxtpx:TrackPointExtension></extensions></trkpt><trkpt lat="56.05078" lon="37.832802"><ele>162.6</ele><time>2026-07-09T17:53:45Z</time><extensions><gpxtpx:TrackPointExtension><gpxtpx:hr>156</gpxtpx:hr></gpxtpx:TrackPointExtension></extensions></trkpt><trkpt lat="56.050772" lon="37.832742"><ele>162.6</ele><time>2026-07-09T17:53:46Z</time><extensions><gpxtpx:TrackPointExtension><gpxtpx:hr>156</gpxtpx:hr></gpxtpx:TrackPointExtension></extensions></trkpt><trkpt lat="56.050772" lon="37.832687"><ele>162.6</ele><time>2026-07-09T17:53:47Z</time><extensions><gpxtpx:TrackPointExtension><gpxtpx:hr>155</gpxtpx:hr></gpxtpx:TrackPointExtension></extensions></trkpt><trkpt lat="56.050772" lon="37.832632"><ele>162.6</ele><time>2026-07-09T17:53:48Z</time><extensions><gpxtpx:TrackPointExtension><gpxtpx:hr>155</gpxtpx:hr></gpxtpx:TrackPointExtension></extensions></trkpt><trkpt lat="56.050772" lon="37.832575"><ele>162.4</ele><time>2026-07-09T17:53:49Z</time><extensions><gpxtpx:TrackPointExtension><gpxtpx:hr>155</gpxtpx:hr></gpxtpx:TrackPointExtension></extensions></trkpt><trkpt lat="56.050772" lon="37.832517"><ele>162.6</ele><time>2026-07-09T17:53:50Z</time><extensions><gpxtpx:TrackPointExtension><gpxtpx:hr>156</gpxtpx:hr></gpxtpx:TrackPointExtension></extensions></trkpt><trkpt lat="56.050772" lon="37.832465"><ele>162.4</ele><time>2026-07-09T17:53:51Z</time><extensions><gpxtpx:TrackPointExtension><gpxtpx:hr>156</gpxtpx:hr></gpxtpx:TrackPointExtension></extensions></trkpt><trkpt lat="56.05077" lon="37.832412"><ele>162.4</ele><time>2026-07-09T17:53:52Z</time><extensions><gpxtpx:TrackPointExtension><gpxtpx:hr>156</gpxtpx:hr></gpxtpx:TrackPointExtension></extensions></trkpt><trkpt lat="56.05077" lon="37.832357"><ele>162.4</ele><time>2026-07-09T17:53:53Z</time><extensions><gpxtpx:TrackPointExtension><gpxtpx:hr>156</gpxtpx:hr></gpxtpx:TrackPointExtension></extensions></trkpt><trkpt lat="56.05077" lon="37.832307"><ele>162.4</ele><time>2026-07-09T17:53:54Z</time><extensions><gpxtpx:TrackPointExtension><gpxtpx:hr>157</gpxtpx:hr></gpxtpx:TrackPointExtension></extensions></trkpt><trkpt lat="56.050767" lon="37.832252"><ele>162.4</ele><time>2026-07-09T17:53:55Z</time><extensions><gpxtpx:TrackPointExtension><gpxtpx:hr>157</gpxtpx:hr></gpxtpx:TrackPointExtension></extensions></trkpt><trkpt lat="56.050767" lon="37.832197"><ele>162.4</ele><time>2026-07-09T17:53:56Z</time><extensions><gpxtpx:TrackPointExtension><gpxtpx:hr>156</gpxtpx:hr></gpxtpx:TrackPointExtension></extensions></trkpt><trkpt lat="56.050772" lon="37.832147"><ele>162.2</ele><time>2026-07-09T17:53:57Z</time><extensions><gpxtpx:TrackPointExtension><gpxtpx:hr>156</gpxtpx:hr></gpxtpx:TrackPointExtension></extensions></trkpt><trkpt lat="56.050772" lon="37.832092"><ele>162.2</ele><time>2026-07-09T17:53:58Z</time><extensions><gpxtpx:TrackPointExtension><gpxtpx:hr>156</gpxtpx:hr></gpxtpx:TrackPointExtension></extensions></trkpt><trkpt lat="56.050767" lon="37.832037"><ele>162.2</ele><time>2026-07-09T17:53:59Z</time><extensions><gpxtpx:TrackPointExtension><gpxtpx:hr>155</gpxtpx:hr></gpxtpx:TrackPointExtension></extensions></trkpt><trkpt lat="56.05077" lon="37.831985"><ele>162.4</ele><time>2026-07-09T17:54:00Z</time><extensions><gpxtpx:TrackPointExtension><gpxtpx:hr>155</gpxtpx:hr></gpxtpx:TrackPointExtension></extensions></trkpt><trkpt lat="56.050772" lon="37.831935"><ele>162.2</ele><time>2026-07-09T17:54:01Z</time><extensions><gpxtpx:TrackPointExtension><gpxtpx:hr>155</gpxtpx:hr></gpxtpx:TrackPointExtension></extensions></trkpt><trkpt lat="56.050772" lon="37.831882"><ele>162.2</ele><time>2026-07-09T17:54:02Z</time><extensions><gpxtpx:TrackPointExtension><gpxtpx:hr>155</gpxtpx:hr></gpxtpx:TrackPointExtension></extensions></trkpt><trkpt lat="56.050772" lon="37.831833"><ele>162.2</ele><time>2026-07-09T17:54:03Z</time><extensions><gpxtpx:TrackPointExtension><gpxtpx:hr>155</gpxtpx:hr></gpxtpx:TrackPointExtension></extensions></trkpt><trkpt lat="56.050777" lon="37.831782"><ele>162.0</ele><time>2026-07-09T17:54:04Z</time><extensions><gpxtpx:TrackPointExtension><gpxtpx:hr>154</gpxtpx:hr></gpxtpx:TrackPointExtension></extensions></trkpt><trkpt lat="56.050772" lon="37.83173"><ele>162.0</ele><time>2026-07-09T17:54:05Z</time><extensions><gpxtpx:TrackPointExtension><gpxtpx:hr>154</gpxtpx:hr></gpxtpx:TrackPointExtension></extensions></trkpt><trkpt lat="56.050775" lon="37.831677"><ele>162.0</ele><time>2026-07-09T17:54:06Z</time><extensions><gpxtpx:TrackPointExtension><gpxtpx:hr>154</gpxtpx:hr></gpxtpx:TrackPointExtension></extensions></trkpt><trkpt lat="56.050772" lon="37.83162"><ele>162.0</ele><time>2026-07-09T17:54:07Z</time><extensions><gpxtpx:TrackPointExtension><gpxtpx:hr>154</gpxtpx:hr></gpxtpx:TrackPointExtension></extensions></trkpt><trkpt lat="56.050772" lon="37.831567"><ele>162.0</ele><time>2026-07-09T17:54:08Z</time><extensions><gpxtpx:TrackPointExtension><gpxtpx:hr>154</gpxtpx:hr></gpxtpx:TrackPointExtension></extensions></trkpt><trkpt lat="56.050772" lon="37.831515"><ele>162.0</ele><time>2026-07-09T17:54:09Z</time><extensions><gpxtpx:TrackPointExtension><gpxtpx:hr>154</gpxtpx:hr></gpxtpx:TrackPointExtension></extensions></trkpt><trkpt lat="56.050772" lon="37.831457"><ele>161.8</ele><time>2026-07-09T17:54:10Z</time><extensions><gpxtpx:TrackPointExtension><gpxtpx:hr>155</gpxtpx:hr></gpxtpx:TrackPointExtension></extensions></trkpt><trkpt lat="56.050775" lon="37.831402"><ele>161.8</ele><time>2026-07-09T17:54:11Z</time><extensions><gpxtpx:TrackPointExtension><gpxtpx:hr>155</gpxtpx:hr></gpxtpx:TrackPointExtension></extensions></trkpt><trkpt lat="56.050777" lon="37.83135"><ele>161.8</ele><time>2026-07-09T17:54:12Z</time><extensions><gpxtpx:TrackPointExtension><gpxtpx:hr>155</gpxtpx:hr></gpxtpx:TrackPointExtension></extensions></trkpt><trkpt lat="56.050775" lon="37.831292"><ele>161.8</ele><time>2026-07-09T17:54:13Z</time><extensions><gpxtpx:TrackPointExtension><gpxtpx:hr>155</gpxtpx:hr></gpxtpx:TrackPointExtension></extensions></trkpt><trkpt lat="56.050775" lon="37.831235"><ele>161.8</ele><time>2026-07-09T17:54:14Z</time><extensions><gpxtpx:TrackPointExtension><gpxtpx:hr>156</gpxtpx:hr></gpxtpx:TrackPointExtension></extensions></trkpt><trkpt lat="56.050777" lon="37.83118"><ele>161.8</ele><time>2026-07-09T17:54:15Z</time><extensions><gpxtpx:TrackPointExtension><gpxtpx:hr>156</gpxtpx:hr></gpxtpx:TrackPointExtension></extensions></trkpt><trkpt lat="56.050772" lon="37.831122"><ele>161.8</ele><time>2026-07-09T17:54:16Z</time><extensions><gpxtpx:TrackPointExtension><gpxtpx:hr>156</gpxtpx:hr></gpxtpx:TrackPointExtension></extensions></trkpt><trkpt lat="56.05077" lon="37.831065"><ele>162.0</ele><time>2026-07-09T17:54:17Z</time><extensions><gpxtpx:TrackPointExtension><gpxtpx:hr>156</gpxtpx:hr></gpxtpx:TrackPointExtension></extensions></trkpt><trkpt lat="56.05076" lon="37.831012"><ele>162.0</ele><time>2026-07-09T17:54:18Z</time><extensions><gpxtpx:TrackPointExtension><gpxtpx:hr>156</gpxtpx:hr></gpxtpx:TrackPointExtension></extensions></trkpt><trkpt lat="56.050752" lon="37.830962"><ele>162.0</ele><time>2026-07-09T17:54:19Z</time><extensions><gpxtpx:TrackPointExtension><gpxtpx:hr>156</gpxtpx:hr></gpxtpx:TrackPointExtension></extensions></trkpt><trkpt lat="56.050747" lon="37.830915"><ele>162.0</ele><time>2026-07-09T17:54:20Z</time><extensions><gpxtpx:TrackPointExtension><gpxtpx:hr>155</gpxtpx:hr></gpxtpx:TrackPointExtension></extensions></trkpt><trkpt lat="56.050745" lon="37.830875"><ele>162.0</ele><time>2026-07-09T17:54:21Z</time><extensions><gpxtpx:TrackPointExtension><gpxtpx:hr>155</gpxtpx:hr></gpxtpx:TrackPointExtension></extensions></trkpt><trkpt lat="56.050742" lon="37.830827"><ele>162.0</ele><time>2026-07-09T17:54:22Z</time><extensions><gpxtpx:TrackPointExtension><gpxtpx:hr>155</gpxtpx:hr></gpxtpx:TrackPointExtension></extensions></trkpt><trkpt lat="56.050745" lon="37.830775"><ele>161.8</ele><time>2026-07-09T17:54:23Z</time><extensions><gpxtpx:TrackPointExtension><gpxtpx:hr>155</gpxtpx:hr></gpxtpx:TrackPointExtension></extensions></trkpt><trkpt lat="56.050747" lon="37.830727"><ele>161.8</ele><time>2026-07-09T17:54:24Z</time><extensions><gpxtpx:TrackPointExtension><gpxtpx:hr>155</gpxtpx:hr></gpxtpx:TrackPointExtension></extensions></trkpt><trkpt lat="56.05075" lon="37.830677"><ele>161.8</ele><time>2026-07-09T17:54:25Z</time><extensions><gpxtpx:TrackPointExtension><gpxtpx:hr>155</gpxtpx:hr></gpxtpx:TrackPointExtension></extensions></trkpt><trkpt lat="56.050752" lon="37.830632"><ele>161.8</ele><time>2026-07-09T17:54:26Z</time><extensions><gpxtpx:TrackPointExtension><gpxtpx:hr>155</gpxtpx:hr></gpxtpx:TrackPointExtension></extensions></trkpt><trkpt lat="56.050755" lon="37.830582"><ele>161.8</ele><time>2026-07-09T17:54:27Z</time><extensions><gpxtpx:TrackPointExtension><gpxtpx:hr>156</gpxtpx:hr></gpxtpx:TrackPointExtension></extensions></trkpt><trkpt lat="56.050752" lon="37.830522"><ele>161.8</ele><time>2026-07-09T17:54:28Z</time><extensions><gpxtpx:TrackPointExtension><gpxtpx:hr>156</gpxtpx:hr></gpxtpx:TrackPointExtension></extensions></trkpt><trkpt lat="56.050747" lon="37.830457"><ele>161.6</ele><time>2026-07-09T17:54:29Z</time><extensions><gpxtpx:TrackPointExtension><gpxtpx:hr>156</gpxtpx:hr></gpxtpx:TrackPointExtension></extensions></trkpt><trkpt lat="56.050742" lon="37.830392"><ele>161.8</ele><time>2026-07-09T17:54:30Z</time><extensions><gpxtpx:TrackPointExtension><gpxtpx:hr>156</gpxtpx:hr></gpxtpx:TrackPointExtension></extensions></trkpt><trkpt lat="56.050742" lon="37.830342"><ele>161.8</ele><time>2026-07-09T17:54:31Z</time><extensions><gpxtpx:TrackPointExtension><gpxtpx:hr>155</gpxtpx:hr></gpxtpx:TrackPointExtension></extensions></trkpt><trkpt lat="56.050735" lon="37.830282"><ele>161.8</ele><time>2026-07-09T17:54:32Z</time><extensions><gpxtpx:TrackPointExtension><gpxtpx:hr>155</gpxtpx:hr></gpxtpx:TrackPointExtension></extensions></trkpt><trkpt lat="56.050732" lon="37.830225"><ele>161.6</ele><time>2026-07-09T17:54:33Z</time><extensions><gpxtpx:TrackPointExtension><gpxtpx:hr>155</gpxtpx:hr></gpxtpx:TrackPointExtension></extensions></trkpt><trkpt lat="56.050732" lon="37.830177"><ele>161.6</ele><time>2026-07-09T17:54:34Z</time><extensions><gpxtpx:TrackPointExtension><gpxtpx:hr>155</gpxtpx:hr></gpxtpx:TrackPointExtension></extensions></trkpt><trkpt lat="56.050732" lon="37.830117"><ele>161.6</ele><time>2026-07-09T17:54:35Z</time><extensions><gpxtpx:TrackPointExtension><gpxtpx:hr>156</gpxtpx:hr></gpxtpx:TrackPointExtension></extensions></trkpt><trkpt lat="56.050727" lon="37.830065"><ele>161.6</ele><time>2026-07-09T17:54:36Z</time><extensions><gpxtpx:TrackPointExtension><gpxtpx:hr>156</gpxtpx:hr></gpxtpx:TrackPointExtension></extensions></trkpt><trkpt lat="56.05073" lon="37.830012"><ele>161.8</ele><time>2026-07-09T17:54:37Z</time><extensions><gpxtpx:TrackPointExtension><gpxtpx:hr>156</gpxtpx:hr></gpxtpx:TrackPointExtension></extensions></trkpt><trkpt lat="56.050737" lon="37.829957"><ele>161.6</ele><time>2026-07-09T17:54:38Z</time><extensions><gpxtpx:TrackPointExtension><gpxtpx:hr>156</gpxtpx:hr></gpxtpx:TrackPointExtension></extensions></trkpt><trkpt lat="56.050742" lon="37.829905"><ele>161.6</ele><time>2026-07-09T17:54:39Z</time><extensions><gpxtpx:TrackPointExtension><gpxtpx:hr>155</gpxtpx:hr></gpxtpx:TrackPointExtension></extensions></trkpt><trkpt lat="56.050742" lon="37.829855"><ele>161.6</ele><time>2026-07-09T17:54:40Z</time><extensions><gpxtpx:TrackPointExtension><gpxtpx:hr>155</gpxtpx:hr></gpxtpx:TrackPointExtension></extensions></trkpt><trkpt lat="56.050742" lon="37.829802"><ele>161.8</ele><time>2026-07-09T17:54:41Z</time><extensions><gpxtpx:TrackPointExtension><gpxtpx:hr>155</gpxtpx:hr></gpxtpx:TrackPointExtension></extensions></trkpt><trkpt lat="56.050742" lon="37.829745"><ele>161.8</ele><time>2026-07-09T17:54:42Z</time><extensions><gpxtpx:TrackPointExtension><gpxtpx:hr>155</gpxtpx:hr></gpxtpx:TrackPointExtension></extensions></trkpt><trkpt lat="56.050745" lon="37.82969"><ele>161.8</ele><time>2026-07-09T17:54:43Z</time><extensions><gpxtpx:TrackPointExtension><gpxtpx:hr>155</gpxtpx:hr></gpxtpx:TrackPointExtension></extensions></trkpt><trkpt lat="56.050747" lon="37.829632"><ele>161.8</ele><time>2026-07-09T17:54:44Z</time><extensions><gpxtpx:TrackPointExtension><gpxtpx:hr>154</gpxtpx:hr></gpxtpx:TrackPointExtension></extensions></trkpt><trkpt lat="56.050747" lon="37.829575"><ele>162.0</ele><time>2026-07-09T17:54:45Z</time><extensions><gpxtpx:TrackPointExtension><gpxtpx:hr>154</gpxtpx:hr></gpxtpx:TrackPointExtension></extensions></trkpt><trkpt lat="56.050752" lon="37.829522"><ele>162.0</ele><time>2026-07-09T17:54:46Z</time><extensions><gpxtpx:TrackPointExtension><gpxtpx:hr>155</gpxtpx:hr></gpxtpx:TrackPointExtension></extensions></trkpt><trkpt lat="56.050752" lon="37.829465"><ele>162.0</ele><time>2026-07-09T17:54:47Z</time><extensions><gpxtpx:TrackPointExtension><gpxtpx:hr>155</gpxtpx:hr></gpxtpx:TrackPointExtension></extensions></trkpt><trkpt lat="56.050752" lon="37.829407"><ele>162.0</ele><time>2026-07-09T17:54:48Z</time><extensions><gpxtpx:TrackPointExtension><gpxtpx:hr>155</gpxtpx:hr></gpxtpx:TrackPointExtension></extensions></trkpt><trkpt lat="56.050752" lon="37.829352"><ele>162.0</ele><time>2026-07-09T17:54:49Z</time><extensions><gpxtpx:TrackPointExtension><gpxtpx:hr>155</gpxtpx:hr></gpxtpx:TrackPointExtension></extensions></trkpt><trkpt lat="56.050755" lon="37.829302"><ele>162.2</ele><time>2026-07-09T17:54:50Z</time><extensions><gpxtpx:TrackPointExtension><gpxtpx:hr>156</gpxtpx:hr></gpxtpx:TrackPointExtension></extensions></trkpt><trkpt lat="56.050757" lon="37.829257"><ele>162.2</ele><time>2026-07-09T17:54:51Z</time><extensions><gpxtpx:TrackPointExtension><gpxtpx:hr>156</gpxtpx:hr></gpxtpx:TrackPointExtension></extensions></trkpt><trkpt lat="56.05076" lon="37.829197"><ele>162.2</ele><time>2026-07-09T17:54:52Z</time><extensions><gpxtpx:TrackPointExtension><gpxtpx:hr>156</gpxtpx:hr></gpxtpx:TrackPointExtension></extensions></trkpt><trkpt lat="56.050757" lon="37.82914"><ele>162.4</ele><time>2026-07-09T17:54:53Z</time><extensions><gpxtpx:TrackPointExtension><gpxtpx:hr>156</gpxtpx:hr></gpxtpx:TrackPointExtension></extensions></trkpt><trkpt lat="56.050757" lon="37.829087"><ele>162.4</ele><time>2026-07-09T17:54:54Z</time><extensions><gpxtpx:TrackPointExtension><gpxtpx:hr>157</gpxtpx:hr></gpxtpx:TrackPointExtension></extensions></trkpt><trkpt lat="56.050757" lon="37.829037"><ele>162.4</ele><time>2026-07-09T17:54:55Z</time><extensions><gpxtpx:TrackPointExtension><gpxtpx:hr>157</gpxtpx:hr></gpxtpx:TrackPointExtension></extensions></trkpt><trkpt lat="56.050757" lon="37.828985"><ele>162.6</ele><time>2026-07-09T17:54:56Z</time><extensions><gpxtpx:TrackPointExtension><gpxtpx:hr>157</gpxtpx:hr></gpxtpx:TrackPointExtension></extensions></trkpt><trkpt lat="56.05076" lon="37.828932"><ele>162.6</ele><time>2026-07-09T17:54:57Z</time><extensions><gpxtpx:TrackPointExtension><gpxtpx:hr>157</gpxtpx:hr></gpxtpx:TrackPointExtension></extensions></trkpt><trkpt lat="56.050762" lon="37.828885"><ele>162.6</ele><time>2026-07-09T17:54:58Z</time><extensions><gpxtpx:TrackPointExtension><gpxtpx:hr>157</gpxtpx:hr></gpxtpx:TrackPointExtension></extensions></trkpt><trkpt lat="56.050762" lon="37.828827"><ele>162.8</ele><time>2026-07-09T17:54:59Z</time><extensions><gpxtpx:TrackPointExtension><gpxtpx:hr>157</gpxtpx:hr></gpxtpx:TrackPointExtension></extensions></trkpt><trkpt lat="56.05076" lon="37.828777"><ele>162.8</ele><time>2026-07-09T17:55:00Z</time><extensions><gpxtpx:TrackPointExtension><gpxtpx:hr>157</gpxtpx:hr></gpxtpx:TrackPointExtension></extensions></trkpt><trkpt lat="56.05076" lon="37.82873"><ele>163.0</ele><time>2026-07-09T17:55:01Z</time><extensions><gpxtpx:TrackPointExtension><gpxtpx:hr>157</gpxtpx:hr></gpxtpx:TrackPointExtension></extensions></trkpt><trkpt lat="56.050755" lon="37.828682"><ele>163.0</ele><time>2026-07-09T17:55:02Z</time><extensions><gpxtpx:TrackPointExtension><gpxtpx:hr>157</gpxtpx:hr></gpxtpx:TrackPointExtension></extensions></trkpt><trkpt lat="56.050752" lon="37.828632"><ele>163.2</ele><time>2026-07-09T17:55:03Z</time><extensions><gpxtpx:TrackPointExtension><gpxtpx:hr>157</gpxtpx:hr></gpxtpx:TrackPointExtension></extensions></trkpt><trkpt lat="56.050747" lon="37.828583"><ele>163.2</ele><time>2026-07-09T17:55:04Z</time><extensions><gpxtpx:TrackPointExtension><gpxtpx:hr>157</gpxtpx:hr></gpxtpx:TrackPointExtension></extensions></trkpt><trkpt lat="56.050747" lon="37.828537"><ele>163.4</ele><time>2026-07-09T17:55:05Z</time><extensions><gpxtpx:TrackPointExtension><gpxtpx:hr>157</gpxtpx:hr></gpxtpx:TrackPointExtension></extensions></trkpt><trkpt lat="56.050747" lon="37.828485"><ele>163.4</ele><time>2026-07-09T17:55:06Z</time><extensions><gpxtpx:TrackPointExtension><gpxtpx:hr>157</gpxtpx:hr></gpxtpx:TrackPointExtension></extensions></trkpt><trkpt lat="56.050747" lon="37.828432"><ele>163.6</ele><time>2026-07-09T17:55:07Z</time><extensions><gpxtpx:TrackPointExtension><gpxtpx:hr>157</gpxtpx:hr></gpxtpx:TrackPointExtension></extensions></trkpt><trkpt lat="56.050747" lon="37.828385"><ele>163.8</ele><time>2026-07-09T17:55:08Z</time><extensions><gpxtpx:TrackPointExtension><gpxtpx:hr>157</gpxtpx:hr></gpxtpx:TrackPointExtension></extensions></trkpt><trkpt lat="56.050745" lon="37.828337"><ele>164.0</ele><time>2026-07-09T17:55:09Z</time><extensions><gpxtpx:TrackPointExtension><gpxtpx:hr>157</gpxtpx:hr></gpxtpx:TrackPointExtension></extensions></trkpt><trkpt lat="56.050737" lon="37.828292"><ele>164.0</ele><time>2026-07-09T17:55:10Z</time><extensions><gpxtpx:TrackPointExtension><gpxtpx:hr>157</gpxtpx:hr></gpxtpx:TrackPointExtension></extensions></trkpt><trkpt lat="56.050725" lon="37.82825"><ele>164.2</ele><time>2026-07-09T17:55:11Z</time><extensions><gpxtpx:TrackPointExtension><gpxtpx:hr>157</gpxtpx:hr></gpxtpx:TrackPointExtension></extensions></trkpt><trkpt lat="56.050707" lon="37.828217"><ele>164.2</ele><time>2026-07-09T17:55:12Z</time><extensions><gpxtpx:TrackPointExtension><gpxtpx:hr>157</gpxtpx:hr></gpxtpx:TrackPointExtension></extensions></trkpt><trkpt lat="56.050682" lon="37.8282"><ele>164.2</ele><time>2026-07-09T17:55:13Z</time><extensions><gpxtpx:TrackPointExtension><gpxtpx:hr>156</gpxtpx:hr></gpxtpx:TrackPointExtension></extensions></trkpt><trkpt lat="56.050655" lon="37.82819"><ele>164.4</ele><time>2026-07-09T17:55:14Z</time><extensions><gpxtpx:TrackPointExtension><gpxtpx:hr>157</gpxtpx:hr></gpxtpx:TrackPointExtension></extensions></trkpt><trkpt lat="56.050627" lon="37.828185"><ele>164.4</ele><time>2026-07-09T17:55:15Z</time><extensions><gpxtpx:TrackPointExtension><gpxtpx:hr>156</gpxtpx:hr></gpxtpx:TrackPointExtension></extensions></trkpt><trkpt lat="56.050602" lon="37.828185"><ele>164.6</ele><time>2026-07-09T17:55:16Z</time><extensions><gpxtpx:TrackPointExtension><gpxtpx:hr>156</gpxtpx:hr></gpxtpx:TrackPointExtension></extensions></trkpt><trkpt lat="56.050577" lon="37.828182"><ele>164.8</ele><time>2026-07-09T17:55:17Z</time><extensions><gpxtpx:TrackPointExtension><gpxtpx:hr>156</gpxtpx:hr></gpxtpx:TrackPointExtension></extensions></trkpt><trkpt lat="56.050547" lon="37.828182"><ele>164.8</ele><time>2026-07-09T17:55:18Z</time><extensions><gpxtpx:TrackPointExtension><gpxtpx:hr>156</gpxtpx:hr></gpxtpx:TrackPointExtension></extensions></trkpt><trkpt lat="56.05052" lon="37.828177"><ele>164.8</ele><time>2026-07-09T17:55:19Z</time><extensions><gpxtpx:TrackPointExtension><gpxtpx:hr>156</gpxtpx:hr></gpxtpx:TrackPointExtension></extensions></trkpt><trkpt lat="56.050495" lon="37.828172"><ele>165.0</ele><time>2026-07-09T17:55:20Z</time><extensions><gpxtpx:TrackPointExtension><gpxtpx:hr>156</gpxtpx:hr></gpxtpx:TrackPointExtension></extensions></trkpt><trkpt lat="56.050467" lon="37.828172"><ele>165.0</ele><time>2026-07-09T17:55:21Z</time><extensions><gpxtpx:TrackPointExtension><gpxtpx:hr>156</gpxtpx:hr></gpxtpx:TrackPointExtension></extensions></trkpt><trkpt lat="56.050437" lon="37.828167"><ele>165.0</ele><time>2026-07-09T17:55:22Z</time><extensions><gpxtpx:TrackPointExtension><gpxtpx:hr>156</gpxtpx:hr></gpxtpx:TrackPointExtension></extensions></trkpt><trkpt lat="56.050407" lon="37.828165"><ele>165.0</ele><time>2026-07-09T17:55:23Z</time><extensions><gpxtpx:TrackPointExtension><gpxtpx:hr>156</gpxtpx:hr></gpxtpx:TrackPointExtension></extensions></trkpt><trkpt lat="56.050377" lon="37.828162"><ele>165.0</ele><time>2026-07-09T17:55:24Z</time><extensions><gpxtpx:TrackPointExtension><gpxtpx:hr>156</gpxtpx:hr></gpxtpx:TrackPointExtension></extensions></trkpt><trkpt lat="56.050347" lon="37.828147"><ele>165.2</ele><time>2026-07-09T17:55:25Z</time><extensions><gpxtpx:TrackPointExtension><gpxtpx:hr>156</gpxtpx:hr></gpxtpx:TrackPointExtension></extensions></trkpt><trkpt lat="56.05032" lon="37.828142"><ele>165.2</ele><time>2026-07-09T17:55:26Z</time><extensions><gpxtpx:TrackPointExtension><gpxtpx:hr>156</gpxtpx:hr></gpxtpx:TrackPointExtension></extensions></trkpt><trkpt lat="56.050288" lon="37.828137"><ele>165.2</ele><time>2026-07-09T17:55:27Z</time><extensions><gpxtpx:TrackPointExtension><gpxtpx:hr>156</gpxtpx:hr></gpxtpx:TrackPointExtension></extensions></trkpt><trkpt lat="56.050262" lon="37.828132"><ele>165.2</ele><time>2026-07-09T17:55:28Z</time><extensions><gpxtpx:TrackPointExtension><gpxtpx:hr>156</gpxtpx:hr></gpxtpx:TrackPointExtension></extensions></trkpt><trkpt lat="56.050237" lon="37.828127"><ele>165.2</ele><time>2026-07-09T17:55:29Z</time><extensions><gpxtpx:TrackPointExtension><gpxtpx:hr>156</gpxtpx:hr></gpxtpx:TrackPointExtension></extensions></trkpt><trkpt lat="56.050212" lon="37.828127"><ele>165.2</ele><time>2026-07-09T17:55:30Z</time><extensions><gpxtpx:TrackPointExtension><gpxtpx:hr>156</gpxtpx:hr></gpxtpx:TrackPointExtension></extensions></trkpt><trkpt lat="56.050187" lon="37.828117"><ele>165.0</ele><time>2026-07-09T17:55:31Z</time><extensions><gpxtpx:TrackPointExtension><gpxtpx:hr>156</gpxtpx:hr></gpxtpx:TrackPointExtension></extensions></trkpt><trkpt lat="56.050157" lon="37.828107"><ele>165.2</ele><time>2026-07-09T17:55:32Z</time><extensions><gpxtpx:TrackPointExtension><gpxtpx:hr>156</gpxtpx:hr></gpxtpx:TrackPointExtension></extensions></trkpt><trkpt lat="56.050132" lon="37.828102"><ele>165.0</ele><time>2026-07-09T17:55:33Z</time><extensions><gpxtpx:TrackPointExtension><gpxtpx:hr>156</gpxtpx:hr></gpxtpx:TrackPointExtension></extensions></trkpt><trkpt lat="56.050102" lon="37.828092"><ele>165.0</ele><time>2026-07-09T17:55:34Z</time><extensions><gpxtpx:TrackPointExtension><gpxtpx:hr>156</gpxtpx:hr></gpxtpx:TrackPointExtension></extensions></trkpt><trkpt lat="56.050072" lon="37.828085"><ele>165.0</ele><time>2026-07-09T17:55:35Z</time><extensions><gpxtpx:TrackPointExtension><gpxtpx:hr>156</gpxtpx:hr></gpxtpx:TrackPointExtension></extensions></trkpt><trkpt lat="56.050042" lon="37.828077"><ele>165.0</ele><time>2026-07-09T17:55:36Z</time><extensions><gpxtpx:TrackPointExtension><gpxtpx:hr>156</gpxtpx:hr></gpxtpx:TrackPointExtension></extensions></trkpt><trkpt lat="56.050012" lon="37.828062"><ele>165.0</ele><time>2026-07-09T17:55:37Z</time><extensions><gpxtpx:TrackPointExtension><gpxtpx:hr>156</gpxtpx:hr></gpxtpx:TrackPointExtension></extensions></trkpt><trkpt lat="56.049982" lon="37.828055"><ele>165.0</ele><time>2026-07-09T17:55:38Z</time><extensions><gpxtpx:TrackPointExtension><gpxtpx:hr>156</gpxtpx:hr></gpxtpx:TrackPointExtension></extensions></trkpt><trkpt lat="56.04995" lon="37.828048"><ele>164.8</ele><time>2026-07-09T17:55:39Z</time><extensions><gpxtpx:TrackPointExtension><gpxtpx:hr>156</gpxtpx:hr></gpxtpx:TrackPointExtension></extensions></trkpt><trkpt lat="56.049917" lon="37.828048"><ele>164.8</ele><time>2026-07-09T17:55:40Z</time><extensions><gpxtpx:TrackPointExtension><gpxtpx:hr>156</gpxtpx:hr></gpxtpx:TrackPointExtension></extensions></trkpt><trkpt lat="56.04989" lon="37.828052"><ele>164.6</ele><time>2026-07-09T17:55:41Z</time><extensions><gpxtpx:TrackPointExtension><gpxtpx:hr>156</gpxtpx:hr></gpxtpx:TrackPointExtension></extensions></trkpt><trkpt lat="56.04986" lon="37.828055"><ele>164.4</ele><time>2026-07-09T17:55:42Z</time><extensions><gpxtpx:TrackPointExtension><gpxtpx:hr>156</gpxtpx:hr></gpxtpx:TrackPointExtension></extensions></trkpt><trkpt lat="56.049827" lon="37.82806"><ele>164.4</ele><time>2026-07-09T17:55:43Z</time><extensions><gpxtpx:TrackPointExtension><gpxtpx:hr>156</gpxtpx:hr></gpxtpx:TrackPointExtension></extensions></trkpt><trkpt lat="56.0498" lon="37.828067"><ele>164.2</ele><time>2026-07-09T17:55:44Z</time><extensions><gpxtpx:TrackPointExtension><gpxtpx:hr>157</gpxtpx:hr></gpxtpx:TrackPointExtension></extensions></trkpt><trkpt lat="56.049767" lon="37.828077"><ele>164.2</ele><time>2026-07-09T17:55:45Z</time><extensions><gpxtpx:TrackPointExtension><gpxtpx:hr>157</gpxtpx:hr></gpxtpx:TrackPointExtension></extensions></trkpt><trkpt lat="56.049732" lon="37.828082"><ele>164.0</ele><time>2026-07-09T17:55:46Z</time><extensions><gpxtpx:TrackPointExtension><gpxtpx:hr>157</gpxtpx:hr></gpxtpx:TrackPointExtension></extensions></trkpt><trkpt lat="56.0497" lon="37.828082"><ele>163.8</ele><time>2026-07-09T17:55:47Z</time><extensions><gpxtpx:TrackPointExtension><gpxtpx:hr>157</gpxtpx:hr></gpxtpx:TrackPointExtension></extensions></trkpt><trkpt lat="56.049665" lon="37.82808"><ele>163.8</ele><time>2026-07-09T17:55:48Z</time><extensions><gpxtpx:TrackPointExtension><gpxtpx:hr>157</gpxtpx:hr></gpxtpx:TrackPointExtension></extensions></trkpt><trkpt lat="56.049632" lon="37.828072"><ele>163.6</ele><time>2026-07-09T17:55:49Z</time><extensions><gpxtpx:TrackPointExtension><gpxtpx:hr>157</gpxtpx:hr></gpxtpx:TrackPointExtension></extensions></trkpt><trkpt lat="56.049602" lon="37.82807"><ele>163.4</ele><time>2026-07-09T17:55:50Z</time><extensions><gpxtpx:TrackPointExtension><gpxtpx:hr>156</gpxtpx:hr></gpxtpx:TrackPointExtension></extensions></trkpt><trkpt lat="56.049567" lon="37.828065"><ele>163.2</ele><time>2026-07-09T17:55:51Z</time><extensions><gpxtpx:TrackPointExtension><gpxtpx:hr>156</gpxtpx:hr></gpxtpx:TrackPointExtension></extensions></trkpt><trkpt lat="56.049532" lon="37.828057"><ele>163.0</ele><time>2026-07-09T17:55:52Z</time><extensions><gpxtpx:TrackPointExtension><gpxtpx:hr>156</gpxtpx:hr></gpxtpx:TrackPointExtension></extensions></trkpt><trkpt lat="56.049502" lon="37.828047"><ele>162.8</ele><time>2026-07-09T17:55:53Z</time><extensions><gpxtpx:TrackPointExtension><gpxtpx:hr>156</gpxtpx:hr></gpxtpx:TrackPointExtension></extensions></trkpt><trkpt lat="56.049467" lon="37.828032"><ele>162.6</ele><time>2026-07-09T17:55:54Z</time><extensions><gpxtpx:TrackPointExtension><gpxtpx:hr>156</gpxtpx:hr></gpxtpx:TrackPointExtension></extensions></trkpt><trkpt lat="56.049427" lon="37.828027"><ele>162.4</ele><time>2026-07-09T17:55:55Z</time><extensions><gpxtpx:TrackPointExtension><gpxtpx:hr>156</gpxtpx:hr></gpxtpx:TrackPointExtension></extensions></trkpt><trkpt lat="56.049395" lon="37.828032"><ele>162.2</ele><time>2026-07-09T17:55:56Z</time><extensions><gpxtpx:TrackPointExtension><gpxtpx:hr>156</gpxtpx:hr></gpxtpx:TrackPointExtension></extensions></trkpt><trkpt lat="56.049357" lon="37.828047"><ele>162.0</ele><time>2026-07-09T17:55:57Z</time><extensions><gpxtpx:TrackPointExtension><gpxtpx:hr>156</gpxtpx:hr></gpxtpx:TrackPointExtension></extensions></trkpt><trkpt lat="56.049325" lon="37.828072"><ele>161.8</ele><time>2026-07-09T17:55:58Z</time><extensions><gpxtpx:TrackPointExtension><gpxtpx:hr>156</gpxtpx:hr></gpxtpx:TrackPointExtension></extensions></trkpt><trkpt lat="56.049295" lon="37.828102"><ele>161.6</ele><time>2026-07-09T17:55:59Z</time><extensions><gpxtpx:TrackPointExtension><gpxtpx:hr>156</gpxtpx:hr></gpxtpx:TrackPointExtension></extensions></trkpt><trkpt lat="56.049267" lon="37.828132"><ele>161.4</ele><time>2026-07-09T17:56:00Z</time><extensions><gpxtpx:TrackPointExtension><gpxtpx:hr>156</gpxtpx:hr></gpxtpx:TrackPointExtension></extensions></trkpt><trkpt lat="56.049237" lon="37.828162"><ele>161.4</ele><time>2026-07-09T17:56:01Z</time><extensions><gpxtpx:TrackPointExtension><gpxtpx:hr>157</gpxtpx:hr></gpxtpx:TrackPointExtension></extensions></trkpt><trkpt lat="56.049212" lon="37.828182"><ele>161.2</ele><time>2026-07-09T17:56:02Z</time><extensions><gpxtpx:TrackPointExtension><gpxtpx:hr>157</gpxtpx:hr></gpxtpx:TrackPointExtension></extensions></trkpt><trkpt lat="56.049185" lon="37.828202"><ele>161.0</ele><time>2026-07-09T17:56:03Z</time><extensions><gpxtpx:TrackPointExtension><gpxtpx:hr>157</gpxtpx:hr></gpxtpx:TrackPointExtension></extensions></trkpt><trkpt lat="56.049152" lon="37.828222"><ele>161.0</ele><time>2026-07-09T17:56:04Z</time><extensions><gpxtpx:TrackPointExtension><gpxtpx:hr>158</gpxtpx:hr></gpxtpx:TrackPointExtension></extensions></trkpt><trkpt lat="56.049122" lon="37.828237"><ele>160.8</ele><time>2026-07-09T17:56:05Z</time><extensions><gpxtpx:TrackPointExtension><gpxtpx:hr>158</gpxtpx:hr></gpxtpx:TrackPointExtension></extensions></trkpt><trkpt lat="56.04909" lon="37.828247"><ele>160.6</ele><time>2026-07-09T17:56:06Z</time><extensions><gpxtpx:TrackPointExtension><gpxtpx:hr>157</gpxtpx:hr></gpxtpx:TrackPointExtension></extensions></trkpt><trkpt lat="56.049055" lon="37.828267"><ele>160.6</ele><time>2026-07-09T17:56:07Z</time><extensions><gpxtpx:TrackPointExtension><gpxtpx:hr>158</gpxtpx:hr></gpxtpx:TrackPointExtension></extensions></trkpt><trkpt lat="56.049022" lon="37.828287"><ele>160.4</ele><time>2026-07-09T17:56:08Z</time><extensions><gpxtpx:TrackPointExtension><gpxtpx:hr>157</gpxtpx:hr></gpxtpx:TrackPointExtension></extensions></trkpt><trkpt lat="56.048992" lon="37.82831"><ele>160.0</ele><time>2026-07-09T17:56:09Z</time><extensions><gpxtpx:TrackPointExtension><gpxtpx:hr>157</gpxtpx:hr></gpxtpx:TrackPointExtension></extensions></trkpt><trkpt lat="56.04896" lon="37.828337"><ele>160.0</ele><time>2026-07-09T17:56:10Z</time><extensions><gpxtpx:TrackPointExtension><gpxtpx:hr>158</gpxtpx:hr></gpxtpx:TrackPointExtension></extensions></trkpt><trkpt lat="56.048932" lon="37.828362"><ele>159.8</ele><time>2026-07-09T17:56:11Z</time><extensions><gpxtpx:TrackPointExtension><gpxtpx:hr>158</gpxtpx:hr></gpxtpx:TrackPointExtension></extensions></trkpt><trkpt lat="56.048907" lon="37.828392"><ele>159.6</ele><time>2026-07-09T17:56:12Z</time><extensions><gpxtpx:TrackPointExtension><gpxtpx:hr>158</gpxtpx:hr></gpxtpx:TrackPointExtension></extensions></trkpt><trkpt lat="56.04888" lon="37.828422"><ele>159.6</ele><time>2026-07-09T17:56:13Z</time><extensions><gpxtpx:TrackPointExtension><gpxtpx:hr>157</gpxtpx:hr></gpxtpx:TrackPointExtension></extensions></trkpt><trkpt lat="56.048857" lon="37.828445"><ele>159.4</ele><time>2026-07-09T17:56:14Z</time><extensions><gpxtpx:TrackPointExtension><gpxtpx:hr>158</gpxtpx:hr></gpxtpx:TrackPointExtension></extensions></trkpt><trkpt lat="56.048835" lon="37.828467"><ele>159.2</ele><time>2026-07-09T17:56:15Z</time><extensions><gpxtpx:TrackPointExtension><gpxtpx:hr>157</gpxtpx:hr></gpxtpx:TrackPointExtension></extensions></trkpt><trkpt lat="56.048807" lon="37.828497"><ele>159.2</ele><time>2026-07-09T17:56:16Z</time><extensions><gpxtpx:TrackPointExtension><gpxtpx:hr>157</gpxtpx:hr></gpxtpx:TrackPointExtension></extensions></trkpt><trkpt lat="56.048785" lon="37.828527"><ele>159.0</ele><time>2026-07-09T17:56:17Z</time><extensions><gpxtpx:TrackPointExtension><gpxtpx:hr>157</gpxtpx:hr></gpxtpx:TrackPointExtension></extensions></trkpt><trkpt lat="56.048762" lon="37.828557"><ele>159.0</ele><time>2026-07-09T17:56:18Z</time><extensions><gpxtpx:TrackPointExtension><gpxtpx:hr>157</gpxtpx:hr></gpxtpx:TrackPointExtension></extensions></trkpt><trkpt lat="56.048737" lon="37.828592"><ele>158.8</ele><time>2026-07-09T17:56:19Z</time><extensions><gpxtpx:TrackPointExtension><gpxtpx:hr>157</gpxtpx:hr></gpxtpx:TrackPointExtension></extensions></trkpt><trkpt lat="56.048717" lon="37.828627"><ele>158.8</ele><time>2026-07-09T17:56:20Z</time><extensions><gpxtpx:TrackPointExtension><gpxtpx:hr>157</gpxtpx:hr></gpxtpx:TrackPointExtension></extensions></trkpt><trkpt lat="56.048692" lon="37.828662"><ele>158.6</ele><time>2026-07-09T17:56:21Z</time><extensions><gpxtpx:TrackPointExtension><gpxtpx:hr>156</gpxtpx:hr></gpxtpx:TrackPointExtension></extensions></trkpt><trkpt lat="56.048667" lon="37.8287"><ele>158.6</ele><time>2026-07-09T17:56:22Z</time><extensions><gpxtpx:TrackPointExtension><gpxtpx:hr>156</gpxtpx:hr></gpxtpx:TrackPointExtension></extensions></trkpt><trkpt lat="56.048647" lon="37.828737"><ele>158.6</ele><time>2026-07-09T17:56:23Z</time><extensions><gpxtpx:TrackPointExtension><gpxtpx:hr>156</gpxtpx:hr></gpxtpx:TrackPointExtension></extensions></trkpt><trkpt lat="56.048627" lon="37.82877"><ele>158.4</ele><time>2026-07-09T17:56:24Z</time><extensions><gpxtpx:TrackPointExtension><gpxtpx:hr>156</gpxtpx:hr></gpxtpx:TrackPointExtension></extensions></trkpt><trkpt lat="56.048602" lon="37.828807"><ele>158.4</ele><time>2026-07-09T17:56:25Z</time><extensions><gpxtpx:TrackPointExtension><gpxtpx:hr>156</gpxtpx:hr></gpxtpx:TrackPointExtension></extensions></trkpt><trkpt lat="56.048587" lon="37.828845"><ele>158.4</ele><time>2026-07-09T17:56:26Z</time><extensions><gpxtpx:TrackPointExtension><gpxtpx:hr>155</gpxtpx:hr></gpxtpx:TrackPointExtension></extensions></trkpt><trkpt lat="56.048567" lon="37.828877"><ele>158.4</ele><time>2026-07-09T17:56:27Z</time><extensions><gpxtpx:TrackPointExtension><gpxtpx:hr>155</gpxtpx:hr></gpxtpx:TrackPointExtension></extensions></trkpt><trkpt lat="56.048552" lon="37.828915"><ele>158.4</ele><time>2026-07-09T17:56:28Z</time><extensions><gpxtpx:TrackPointExtension><gpxtpx:hr>155</gpxtpx:hr></gpxtpx:TrackPointExtension></extensions></trkpt><trkpt lat="56.048537" lon="37.828957"><ele>158.4</ele><time>2026-07-09T17:56:29Z</time><extensions><gpxtpx:TrackPointExtension><gpxtpx:hr>154</gpxtpx:hr></gpxtpx:TrackPointExtension></extensions></trkpt><trkpt lat="56.048522" lon="37.828995"><ele>158.4</ele><time>2026-07-09T17:56:30Z</time><extensions><gpxtpx:TrackPointExtension><gpxtpx:hr>154</gpxtpx:hr></gpxtpx:TrackPointExtension></extensions></trkpt><trkpt lat="56.048507" lon="37.829037"><ele>158.4</ele><time>2026-07-09T17:56:31Z</time><extensions><gpxtpx:TrackPointExtension><gpxtpx:hr>154</gpxtpx:hr></gpxtpx:TrackPointExtension></extensions></trkpt><trkpt lat="56.048495" lon="37.82908"><ele>158.4</ele><time>2026-07-09T17:56:32Z</time><extensions><gpxtpx:TrackPointExtension><gpxtpx:hr>154</gpxtpx:hr></gpxtpx:TrackPointExtension></extensions></trkpt><trkpt lat="56.048482" lon="37.829117"><ele>158.6</ele><time>2026-07-09T17:56:33Z</time><extensions><gpxtpx:TrackPointExtension><gpxtpx:hr>154</gpxtpx:hr></gpxtpx:TrackPointExtension></extensions></trkpt><trkpt lat="56.048467" lon="37.829162"><ele>158.6</ele><time>2026-07-09T17:56:35Z</time><extensions><gpxtpx:TrackPointExtension><gpxtpx:hr>154</gpxtpx:hr></gpxtpx:TrackPointExtension></extensions></trkpt><trkpt lat="56.048457" lon="37.829187"><ele>158.8</ele><time>2026-07-09T17:56:43Z</time><extensions><gpxtpx:TrackPointExtension><gpxtpx:hr>150</gpxtpx:hr></gpxtpx:TrackPointExtension></extensions></trkpt><trkpt lat="56.048452" lon="37.82922"><ele>158.8</ele><time>2026-07-09T17:56:44Z</time><extensions><gpxtpx:TrackPointExtension><gpxtpx:hr>150</gpxtpx:hr></gpxtpx:TrackPointExtension></extensions></trkpt><trkpt lat="56.04844" lon="37.829267"><ele>158.8</ele><time>2026-07-09T17:56:45Z</time><extensions><gpxtpx:TrackPointExtension><gpxtpx:hr>149</gpxtpx:hr></gpxtpx:TrackPointExtension></extensions></trkpt><trkpt lat="56.048422" lon="37.829325"><ele>158.8</ele><time>2026-07-09T17:56:46Z</time><extensions><gpxtpx:TrackPointExtension><gpxtpx:hr>150</gpxtpx:hr></gpxtpx:TrackPointExtension></extensions></trkpt><trkpt lat="56.048405" lon="37.829385"><ele>158.8</ele><time>2026-07-09T17:56:47Z</time><extensions><gpxtpx:TrackPointExtension><gpxtpx:hr>150</gpxtpx:hr></gpxtpx:TrackPointExtension></extensions></trkpt><trkpt lat="56.048385" lon="37.82944"><ele>158.8</ele><time>2026-07-09T17:56:48Z</time><extensions><gpxtpx:TrackPointExtension><gpxtpx:hr>151</gpxtpx:hr></gpxtpx:TrackPointExtension></extensions></trkpt><trkpt lat="56.048367" lon="37.829492"><ele>158.8</ele><time>2026-07-09T17:56:49Z</time><extensions><gpxtpx:TrackPointExtension><gpxtpx:hr>152</gpxtpx:hr></gpxtpx:TrackPointExtension></extensions></trkpt><trkpt lat="56.048345" lon="37.829547"><ele>158.6</ele><time>2026-07-09T17:56:50Z</time><extensions><gpxtpx:TrackPointExtension><gpxtpx:hr>152</gpxtpx:hr></gpxtpx:TrackPointExtension></extensions></trkpt><trkpt lat="56.048322" lon="37.82959"><ele>158.6</ele><time>2026-07-09T17:56:51Z</time><extensions><gpxtpx:TrackPointExtension><gpxtpx:hr>152</gpxtpx:hr></gpxtpx:TrackPointExtension></extensions></trkpt><trkpt lat="56.048305" lon="37.82963"><ele>158.6</ele><time>2026-07-09T17:56:52Z</time><extensions><gpxtpx:TrackPointExtension><gpxtpx:hr>152</gpxtpx:hr></gpxtpx:TrackPointExtension></extensions></trkpt><trkpt lat="56.048282" lon="37.829675"><ele>158.4</ele><time>2026-07-09T17:56:53Z</time><extensions><gpxtpx:TrackPointExtension><gpxtpx:hr>152</gpxtpx:hr></gpxtpx:TrackPointExtension></extensions></trkpt><trkpt lat="56.048262" lon="37.82972"><ele>158.4</ele><time>2026-07-09T17:56:54Z</time><extensions><gpxtpx:TrackPointExtension><gpxtpx:hr>152</gpxtpx:hr></gpxtpx:TrackPointExtension></extensions></trkpt><trkpt lat="56.048242" lon="37.829762"><ele>158.6</ele><time>2026-07-09T17:56:55Z</time><extensions><gpxtpx:TrackPointExtension><gpxtpx:hr>151</gpxtpx:hr></gpxtpx:TrackPointExtension></extensions></trkpt><trkpt lat="56.04822" lon="37.829807"><ele>158.4</ele><time>2026-07-09T17:56:56Z</time><extensions><gpxtpx:TrackPointExtension><gpxtpx:hr>151</gpxtpx:hr></gpxtpx:TrackPointExtension></extensions></trkpt><trkpt lat="56.048197" lon="37.829845"><ele>158.4</ele><time>2026-07-09T17:56:57Z</time><extensions><gpxtpx:TrackPointExtension><gpxtpx:hr>151</gpxtpx:hr></gpxtpx:TrackPointExtension></extensions></trkpt><trkpt lat="56.048172" lon="37.829875"><ele>158.2</ele><time>2026-07-09T17:56:58Z</time><extensions><gpxtpx:TrackPointExtension><gpxtpx:hr>151</gpxtpx:hr></gpxtpx:TrackPointExtension></extensions></trkpt><trkpt lat="56.048147" lon="37.82991"><ele>158.2</ele><time>2026-07-09T17:56:59Z</time><extensions><gpxtpx:TrackPointExtension><gpxtpx:hr>151</gpxtpx:hr></gpxtpx:TrackPointExtension></extensions></trkpt><trkpt lat="56.048122" lon="37.829947"><ele>158.2</ele><time>2026-07-09T17:57:00Z</time><extensions><gpxtpx:TrackPointExtension><gpxtpx:hr>151</gpxtpx:hr></gpxtpx:TrackPointExtension></extensions></trkpt><trkpt lat="56.048097" lon="37.829977"><ele>158.2</ele><time>2026-07-09T17:57:01Z</time><extensions><gpxtpx:TrackPointExtension><gpxtpx:hr>151</gpxtpx:hr></gpxtpx:TrackPointExtension></extensions></trkpt><trkpt lat="56.048072" lon="37.830007"><ele>158.2</ele><time>2026-07-09T17:57:02Z</time><extensions><gpxtpx:TrackPointExtension><gpxtpx:hr>151</gpxtpx:hr></gpxtpx:TrackPointExtension></extensions></trkpt><trkpt lat="56.048047" lon="37.830032"><ele>158.2</ele><time>2026-07-09T17:57:03Z</time><extensions><gpxtpx:TrackPointExtension><gpxtpx:hr>151</gpxtpx:hr></gpxtpx:TrackPointExtension></extensions></trkpt><trkpt lat="56.048022" lon="37.830057"><ele>158.4</ele><time>2026-07-09T17:57:04Z</time><extensions><gpxtpx:TrackPointExtension><gpxtpx:hr>151</gpxtpx:hr></gpxtpx:TrackPointExtension></extensions></trkpt><trkpt lat="56.047997" lon="37.830082"><ele>158.4</ele><time>2026-07-09T17:57:05Z</time><extensions><gpxtpx:TrackPointExtension><gpxtpx:hr>151</gpxtpx:hr></gpxtpx:TrackPointExtension></extensions></trkpt><trkpt lat="56.047972" lon="37.830107"><ele>158.4</ele><time>2026-07-09T17:57:06Z</time><extensions><gpxtpx:TrackPointExtension><gpxtpx:hr>152</gpxtpx:hr></gpxtpx:TrackPointExtension></extensions></trkpt><trkpt lat="56.047947" lon="37.830132"><ele>158.4</ele><time>2026-07-09T17:57:07Z</time><extensions><gpxtpx:TrackPointExtension><gpxtpx:hr>152</gpxtpx:hr></gpxtpx:TrackPointExtension></extensions></trkpt><trkpt lat="56.04792" lon="37.830157"><ele>158.4</ele><time>2026-07-09T17:57:08Z</time><extensions><gpxtpx:TrackPointExtension><gpxtpx:hr>152</gpxtpx:hr></gpxtpx:TrackPointExtension></extensions></trkpt><trkpt lat="56.047892" lon="37.830182"><ele>158.4</ele><time>2026-07-09T17:57:09Z</time><extensions><gpxtpx:TrackPointExtension><gpxtpx:hr>152</gpxtpx:hr></gpxtpx:TrackPointExtension></extensions></trkpt><trkpt lat="56.047867" lon="37.830207"><ele>158.4</ele><time>2026-07-09T17:57:10Z</time><extensions><gpxtpx:TrackPointExtension><gpxtpx:hr>152</gpxtpx:hr></gpxtpx:TrackPointExtension></extensions></trkpt><trkpt lat="56.047842" lon="37.830237"><ele>158.6</ele><time>2026-07-09T17:57:11Z</time><extensions><gpxtpx:TrackPointExtension><gpxtpx:hr>151</gpxtpx:hr></gpxtpx:TrackPointExtension></extensions></trkpt><trkpt lat="56.047812" lon="37.830257"><ele>158.8</ele><time>2026-07-09T17:57:12Z</time><extensions><gpxtpx:TrackPointExtension><gpxtpx:hr>151</gpxtpx:hr></gpxtpx:TrackPointExtension></extensions></trkpt><trkpt lat="56.047783" lon="37.830287"><ele>158.8</ele><time>2026-07-09T17:57:13Z</time><extensions><gpxtpx:TrackPointExtension><gpxtpx:hr>151</gpxtpx:hr></gpxtpx:TrackPointExtension></extensions></trkpt><trkpt lat="56.047757" lon="37.830317"><ele>158.8</ele><time>2026-07-09T17:57:14Z</time><extensions><gpxtpx:TrackPointExtension><gpxtpx:hr>151</gpxtpx:hr></gpxtpx:TrackPointExtension></extensions></trkpt><trkpt lat="56.047735" lon="37.830347"><ele>158.8</ele><time>2026-07-09T17:57:15Z</time><extensions><gpxtpx:TrackPointExtension><gpxtpx:hr>151</gpxtpx:hr></gpxtpx:TrackPointExtension></extensions></trkpt><trkpt lat="56.047707" lon="37.830372"><ele>158.8</ele><time>2026-07-09T17:57:16Z</time><extensions><gpxtpx:TrackPointExtension><gpxtpx:hr>151</gpxtpx:hr></gpxtpx:TrackPointExtension></extensions></trkpt><trkpt lat="56.047677" lon="37.830398"><ele>159.0</ele><time>2026-07-09T17:57:17Z</time><extensions><gpxtpx:TrackPointExtension><gpxtpx:hr>151</gpxtpx:hr></gpxtpx:TrackPointExtension></extensions></trkpt><trkpt lat="56.047652" lon="37.830427"><ele>158.8</ele><time>2026-07-09T17:57:18Z</time><extensions><gpxtpx:TrackPointExtension><gpxtpx:hr>152</gpxtpx:hr></gpxtpx:TrackPointExtension></extensions></trkpt><trkpt lat="56.047625" lon="37.830452"><ele>158.8</ele><time>2026-07-09T17:57:19Z</time><extensions><gpxtpx:TrackPointExtension><gpxtpx:hr>152</gpxtpx:hr></gpxtpx:TrackPointExtension></extensions></trkpt><trkpt lat="56.0476" lon="37.830477"><ele>158.8</ele><time>2026-07-09T17:57:20Z</time><extensions><gpxtpx:TrackPointExtension><gpxtpx:hr>153</gpxtpx:hr></gpxtpx:TrackPointExtension></extensions></trkpt><trkpt lat="56.047572" lon="37.8305"><ele>158.8</ele><time>2026-07-09T17:57:21Z</time><extensions><gpxtpx:TrackPointExtension><gpxtpx:hr>153</gpxtpx:hr></gpxtpx:TrackPointExtension></extensions></trkpt><trkpt lat="56.047545" lon="37.830527"><ele>158.6</ele><time>2026-07-09T17:57:22Z</time><extensions><gpxtpx:TrackPointExtension><gpxtpx:hr>154</gpxtpx:hr></gpxtpx:TrackPointExtension></extensions></trkpt><trkpt lat="56.047517" lon="37.830552"><ele>158.8</ele><time>2026-07-09T17:57:23Z</time><extensions><gpxtpx:TrackPointExtension><gpxtpx:hr>153</gpxtpx:hr></gpxtpx:TrackPointExtension></extensions></trkpt><trkpt lat="56.047492" lon="37.830575"><ele>158.6</ele><time>2026-07-09T17:57:24Z</time><extensions><gpxtpx:TrackPointExtension><gpxtpx:hr>153</gpxtpx:hr></gpxtpx:TrackPointExtension></extensions></trkpt><trkpt lat="56.047462" lon="37.830595"><ele>158.6</ele><time>2026-07-09T17:57:25Z</time><extensions><gpxtpx:TrackPointExtension><gpxtpx:hr>154</gpxtpx:hr></gpxtpx:TrackPointExtension></extensions></trkpt><trkpt lat="56.047437" lon="37.830612"><ele>158.8</ele><time>2026-07-09T17:57:26Z</time><extensions><gpxtpx:TrackPointExtension><gpxtpx:hr>154</gpxtpx:hr></gpxtpx:TrackPointExtension></extensions></trkpt><trkpt lat="56.04741" lon="37.830623"><ele>158.8</ele><time>2026-07-09T17:57:27Z</time><extensions><gpxtpx:TrackPointExtension><gpxtpx:hr>154</gpxtpx:hr></gpxtpx:TrackPointExtension></extensions></trkpt><trkpt lat="56.047377" lon="37.830637"><ele>158.8</ele><time>2026-07-09T17:57:28Z</time><extensions><gpxtpx:TrackPointExtension><gpxtpx:hr>154</gpxtpx:hr></gpxtpx:TrackPointExtension></extensions></trkpt><trkpt lat="56.047347" lon="37.830647"><ele>158.8</ele><time>2026-07-09T17:57:29Z</time><extensions><gpxtpx:TrackPointExtension><gpxtpx:hr>154</gpxtpx:hr></gpxtpx:TrackPointExtension></extensions></trkpt><trkpt lat="56.047317" lon="37.830657"><ele>158.8</ele><time>2026-07-09T17:57:30Z</time><extensions><gpxtpx:TrackPointExtension><gpxtpx:hr>155</gpxtpx:hr></gpxtpx:TrackPointExtension></extensions></trkpt><trkpt lat="56.047287" lon="37.830667"><ele>158.8</ele><time>2026-07-09T17:57:31Z</time><extensions><gpxtpx:TrackPointExtension><gpxtpx:hr>155</gpxtpx:hr></gpxtpx:TrackPointExtension></extensions></trkpt><trkpt lat="56.047257" lon="37.830682"><ele>158.8</ele><time>2026-07-09T17:57:32Z</time><extensions><gpxtpx:TrackPointExtension><gpxtpx:hr>155</gpxtpx:hr></gpxtpx:TrackPointExtension></extensions></trkpt><trkpt lat="56.047232" lon="37.830697"><ele>159.2</ele><time>2026-07-09T17:57:33Z</time><extensions><gpxtpx:TrackPointExtension><gpxtpx:hr>155</gpxtpx:hr></gpxtpx:TrackPointExtension></extensions></trkpt><trkpt lat="56.0472" lon="37.830712"><ele>159.2</ele><time>2026-07-09T17:57:34Z</time><extensions><gpxtpx:TrackPointExtension><gpxtpx:hr>155</gpxtpx:hr></gpxtpx:TrackPointExtension></extensions></trkpt><trkpt lat="56.04717" lon="37.830722"><ele>159.2</ele><time>2026-07-09T17:57:35Z</time><extensions><gpxtpx:TrackPointExtension><gpxtpx:hr>155</gpxtpx:hr></gpxtpx:TrackPointExtension></extensions></trkpt><trkpt lat="56.047142" lon="37.83073"><ele>159.0</ele><time>2026-07-09T17:57:36Z</time><extensions><gpxtpx:TrackPointExtension><gpxtpx:hr>155</gpxtpx:hr></gpxtpx:TrackPointExtension></extensions></trkpt><trkpt lat="56.047112" lon="37.83073"><ele>159.0</ele><time>2026-07-09T17:57:37Z</time><extensions><gpxtpx:TrackPointExtension><gpxtpx:hr>155</gpxtpx:hr></gpxtpx:TrackPointExtension></extensions></trkpt><trkpt lat="56.047085" lon="37.830722"><ele>159.0</ele><time>2026-07-09T17:57:38Z</time><extensions><gpxtpx:TrackPointExtension><gpxtpx:hr>155</gpxtpx:hr></gpxtpx:TrackPointExtension></extensions></trkpt><trkpt lat="56.047062" lon="37.830712"><ele>158.8</ele><time>2026-07-09T17:57:39Z</time><extensions><gpxtpx:TrackPointExtension><gpxtpx:hr>155</gpxtpx:hr></gpxtpx:TrackPointExtension></extensions></trkpt><trkpt lat="56.047032" lon="37.830705"><ele>158.8</ele><time>2026-07-09T17:57:41Z</time><extensions><gpxtpx:TrackPointExtension><gpxtpx:hr>154</gpxtpx:hr></gpxtpx:TrackPointExtension></extensions></trkpt><trkpt lat="56.047015" lon="37.83071"><ele>159.0</ele><time>2026-07-09T17:57:51Z</time><extensions><gpxtpx:TrackPointExtension><gpxtpx:hr>149</gpxtpx:hr></gpxtpx:TrackPointExtension></extensions></trkpt><trkpt lat="56.046995" lon="37.83073"><ele>158.8</ele><time>2026-07-09T17:57:53Z</time><extensions><gpxtpx:TrackPointExtension><gpxtpx:hr>148</gpxtpx:hr></gpxtpx:TrackPointExtension></extensions></trkpt><trkpt lat="56.046975" lon="37.830745"><ele>158.6</ele><time>2026-07-09T17:57:54Z</time><extensions><gpxtpx:TrackPointExtension><gpxtpx:hr>147</gpxtpx:hr></gpxtpx:TrackPointExtension></extensions></trkpt><trkpt lat="56.046947" lon="37.83076"><ele>158.6</ele><time>2026-07-09T17:57:55Z</time><extensions><gpxtpx:TrackPointExtension><gpxtpx:hr>147</gpxtpx:hr></gpxtpx:TrackPointExtension></extensions></trkpt><trkpt lat="56.046912" lon="37.830772"><ele>158.6</ele><time>2026-07-09T17:57:56Z</time><extensions><gpxtpx:TrackPointExtension><gpxtpx:hr>146</gpxtpx:hr></gpxtpx:TrackPointExtension></extensions></trkpt><trkpt lat="56.046877" lon="37.830782"><ele>158.6</ele><time>2026-07-09T17:57:57Z</time><extensions><gpxtpx:TrackPointExtension><gpxtpx:hr>147</gpxtpx:hr></gpxtpx:TrackPointExtension></extensions></trkpt><trkpt lat="56.046845" lon="37.830795"><ele>158.8</ele><time>2026-07-09T17:57:58Z</time><extensions><gpxtpx:TrackPointExtension><gpxtpx:hr>146</gpxtpx:hr></gpxtpx:TrackPointExtension></extensions></trkpt><trkpt lat="56.046807" lon="37.830812"><ele>158.8</ele><time>2026-07-09T17:57:59Z</time><extensions><gpxtpx:TrackPointExtension><gpxtpx:hr>146</gpxtpx:hr></gpxtpx:TrackPointExtension></extensions></trkpt><trkpt lat="56.046777" lon="37.830822"><ele>158.8</ele><time>2026-07-09T17:58:00Z</time><extensions><gpxtpx:TrackPointExtension><gpxtpx:hr>146</gpxtpx:hr></gpxtpx:TrackPointExtension></extensions></trkpt><trkpt lat="56.046747" lon="37.830832"><ele>158.6</ele><time>2026-07-09T17:58:01Z</time><extensions><gpxtpx:TrackPointExtension><gpxtpx:hr>145</gpxtpx:hr></gpxtpx:TrackPointExtension></extensions></trkpt><trkpt lat="56.046715" lon="37.830837"><ele>158.8</ele><time>2026-07-09T17:58:02Z</time><extensions><gpxtpx:TrackPointExtension><gpxtpx:hr>146</gpxtpx:hr></gpxtpx:TrackPointExtension></extensions></trkpt><trkpt lat="56.046687" lon="37.830837"><ele>158.8</ele><time>2026-07-09T17:58:03Z</time><extensions><gpxtpx:TrackPointExtension><gpxtpx:hr>146</gpxtpx:hr></gpxtpx:TrackPointExtension></extensions></trkpt><trkpt lat="56.046655" lon="37.83084"><ele>158.8</ele><time>2026-07-09T17:58:04Z</time><extensions><gpxtpx:TrackPointExtension><gpxtpx:hr>147</gpxtpx:hr></gpxtpx:TrackPointExtension></extensions></trkpt><trkpt lat="56.046622" lon="37.830837"><ele>158.8</ele><time>2026-07-09T17:58:05Z</time><extensions><gpxtpx:TrackPointExtension><gpxtpx:hr>147</gpxtpx:hr></gpxtpx:TrackPointExtension></extensions></trkpt><trkpt lat="56.046592" lon="37.830837"><ele>158.8</ele><time>2026-07-09T17:58:06Z</time><extensions><gpxtpx:TrackPointExtension><gpxtpx:hr>148</gpxtpx:hr></gpxtpx:TrackPointExtension></extensions></trkpt><trkpt lat="56.046557" lon="37.830832"><ele>158.8</ele><time>2026-07-09T17:58:07Z</time><extensions><gpxtpx:TrackPointExtension><gpxtpx:hr>148</gpxtpx:hr></gpxtpx:TrackPointExtension></extensions></trkpt><trkpt lat="56.046527" lon="37.830835"><ele>158.8</ele><time>2026-07-09T17:58:08Z</time><extensions><gpxtpx:TrackPointExtension><gpxtpx:hr>149</gpxtpx:hr></gpxtpx:TrackPointExtension></extensions></trkpt><trkpt lat="56.046492" lon="37.830827"><ele>158.8</ele><time>2026-07-09T17:58:09Z</time><extensions><gpxtpx:TrackPointExtension><gpxtpx:hr>149</gpxtpx:hr></gpxtpx:TrackPointExtension></extensions></trkpt><trkpt lat="56.04646" lon="37.830817"><ele>158.8</ele><time>2026-07-09T17:58:10Z</time><extensions><gpxtpx:TrackPointExtension><gpxtpx:hr>149</gpxtpx:hr></gpxtpx:TrackPointExtension></extensions></trkpt><trkpt lat="56.046427" lon="37.83081"><ele>158.8</ele><time>2026-07-09T17:58:11Z</time><extensions><gpxtpx:TrackPointExtension><gpxtpx:hr>150</gpxtpx:hr></gpxtpx:TrackPointExtension></extensions></trkpt><trkpt lat="56.046392" lon="37.830802"><ele>158.8</ele><time>2026-07-09T17:58:12Z</time><extensions><gpxtpx:TrackPointExtension><gpxtpx:hr>150</gpxtpx:hr></gpxtpx:TrackPointExtension></extensions></trkpt><trkpt lat="56.046357" lon="37.830787"><ele>158.8</ele><time>2026-07-09T17:58:13Z</time><extensions><gpxtpx:TrackPointExtension><gpxtpx:hr>150</gpxtpx:hr></gpxtpx:TrackPointExtension></extensions></trkpt><trkpt lat="56.046327" lon="37.830777"><ele>158.6</ele><time>2026-07-09T17:58:14Z</time><extensions><gpxtpx:TrackPointExtension><gpxtpx:hr>150</gpxtpx:hr></gpxtpx:TrackPointExtension></extensions></trkpt><trkpt lat="56.046295" lon="37.830775"><ele>158.6</ele><time>2026-07-09T17:58:15Z</time><extensions><gpxtpx:TrackPointExtension><gpxtpx:hr>150</gpxtpx:hr></gpxtpx:TrackPointExtension></extensions></trkpt><trkpt lat="56.046263" lon="37.83077"><ele>158.6</ele><time>2026-07-09T17:58:16Z</time><extensions><gpxtpx:TrackPointExtension><gpxtpx:hr>151</gpxtpx:hr></gpxtpx:TrackPointExtension></extensions></trkpt><trkpt lat="56.046235" lon="37.830762"><ele>158.4</ele><time>2026-07-09T17:58:17Z</time><extensions><gpxtpx:TrackPointExtension><gpxtpx:hr>151</gpxtpx:hr></gpxtpx:TrackPointExtension></extensions></trkpt><trkpt lat="56.046202" lon="37.83075"><ele>158.4</ele><time>2026-07-09T17:58:18Z</time><extensions><gpxtpx:TrackPointExtension><gpxtpx:hr>153</gpxtpx:hr></gpxtpx:TrackPointExtension></extensions></trkpt><trkpt lat="56.046172" lon="37.830737"><ele>158.4</ele><time>2026-07-09T17:58:19Z</time><extensions><gpxtpx:TrackPointExtension><gpxtpx:hr>153</gpxtpx:hr></gpxtpx:TrackPointExtension></extensions></trkpt><trkpt lat="56.046142" lon="37.830717"><ele>158.6</ele><time>2026-07-09T17:58:20Z</time><extensions><gpxtpx:TrackPointExtension><gpxtpx:hr>152</gpxtpx:hr></gpxtpx:TrackPointExtension></extensions></trkpt><trkpt lat="56.046112" lon="37.830702"><ele>158.6</ele><time>2026-07-09T17:58:21Z</time><extensions><gpxtpx:TrackPointExtension><gpxtpx:hr>152</gpxtpx:hr></gpxtpx:TrackPointExtension></extensions></trkpt><trkpt lat="56.046085" lon="37.830682"><ele>158.4</ele><time>2026-07-09T17:58:22Z</time><extensions><gpxtpx:TrackPointExtension><gpxtpx:hr>152</gpxtpx:hr></gpxtpx:TrackPointExtension></extensions></trkpt><trkpt lat="56.046055" lon="37.830657"><ele>158.4</ele><time>2026-07-09T17:58:23Z</time><extensions><gpxtpx:TrackPointExtension><gpxtpx:hr>152</gpxtpx:hr></gpxtpx:TrackPointExtension></extensions></trkpt><trkpt lat="56.046027" lon="37.830635"><ele>158.2</ele><time>2026-07-09T17:58:24Z</time><extensions><gpxtpx:TrackPointExtension><gpxtpx:hr>151</gpxtpx:hr></gpxtpx:TrackPointExtension></extensions></trkpt><trkpt lat="56.046002" lon="37.830612"><ele>158.2</ele><time>2026-07-09T17:58:25Z</time><extensions><gpxtpx:TrackPointExtension><gpxtpx:hr>152</gpxtpx:hr></gpxtpx:TrackPointExtension></extensions></trkpt><trkpt lat="56.045972" lon="37.830587"><ele>158.2</ele><time>2026-07-09T17:58:26Z</time><extensions><gpxtpx:TrackPointExtension><gpxtpx:hr>152</gpxtpx:hr></gpxtpx:TrackPointExtension></extensions></trkpt><trkpt lat="56.045947" lon="37.830565"><ele>158.2</ele><time>2026-07-09T17:58:27Z</time><extensions><gpxtpx:TrackPointExtension><gpxtpx:hr>152</gpxtpx:hr></gpxtpx:TrackPointExtension></extensions></trkpt><trkpt lat="56.045922" lon="37.830542"><ele>158.2</ele><time>2026-07-09T17:58:28Z</time><extensions><gpxtpx:TrackPointExtension><gpxtpx:hr>153</gpxtpx:hr></gpxtpx:TrackPointExtension></extensions></trkpt><trkpt lat="56.045892" lon="37.830522"><ele>158.2</ele><time>2026-07-09T17:58:29Z</time><extensions><gpxtpx:TrackPointExtension><gpxtpx:hr>153</gpxtpx:hr></gpxtpx:TrackPointExtension></extensions></trkpt><trkpt lat="56.045865" lon="37.830502"><ele>158.2</ele><time>2026-07-09T17:58:30Z</time><extensions><gpxtpx:TrackPointExtension><gpxtpx:hr>154</gpxtpx:hr></gpxtpx:TrackPointExtension></extensions></trkpt><trkpt lat="56.045837" lon="37.830482"><ele>158.2</ele><time>2026-07-09T17:58:31Z</time><extensions><gpxtpx:TrackPointExtension><gpxtpx:hr>154</gpxtpx:hr></gpxtpx:TrackPointExtension></extensions></trkpt><trkpt lat="56.04581" lon="37.830462"><ele>158.2</ele><time>2026-07-09T17:58:32Z</time><extensions><gpxtpx:TrackPointExtension><gpxtpx:hr>154</gpxtpx:hr></gpxtpx:TrackPointExtension></extensions></trkpt><trkpt lat="56.045782" lon="37.83044"><ele>158.2</ele><time>2026-07-09T17:58:33Z</time><extensions><gpxtpx:TrackPointExtension><gpxtpx:hr>154</gpxtpx:hr></gpxtpx:TrackPointExtension></extensions></trkpt><trkpt lat="56.045757" lon="37.830417"><ele>158.2</ele><time>2026-07-09T17:58:34Z</time><extensions><gpxtpx:TrackPointExtension><gpxtpx:hr>154</gpxtpx:hr></gpxtpx:TrackPointExtension></extensions></trkpt><trkpt lat="56.045727" lon="37.830398"><ele>158.2</ele><time>2026-07-09T17:58:35Z</time><extensions><gpxtpx:TrackPointExtension><gpxtpx:hr>155</gpxtpx:hr></gpxtpx:TrackPointExtension></extensions></trkpt><trkpt lat="56.0457" lon="37.830387"><ele>158.2</ele><time>2026-07-09T17:58:36Z</time><extensions><gpxtpx:TrackPointExtension><gpxtpx:hr>155</gpxtpx:hr></gpxtpx:TrackPointExtension></extensions></trkpt><trkpt lat="56.045672" lon="37.830377"><ele>158.4</ele><time>2026-07-09T17:58:37Z</time><extensions><gpxtpx:TrackPointExtension><gpxtpx:hr>155</gpxtpx:hr></gpxtpx:TrackPointExtension></extensions></trkpt><trkpt lat="56.045642" lon="37.830357"><ele>158.6</ele><time>2026-07-09T17:58:38Z</time><extensions><gpxtpx:TrackPointExtension><gpxtpx:hr>155</gpxtpx:hr></gpxtpx:TrackPointExtension></extensions></trkpt><trkpt lat="56.045615" lon="37.830347"><ele>158.6</ele><time>2026-07-09T17:58:39Z</time><extensions><gpxtpx:TrackPointExtension><gpxtpx:hr>156</gpxtpx:hr></gpxtpx:TrackPointExtension></extensions></trkpt><trkpt lat="56.045592" lon="37.830325"><ele>158.6</ele><time>2026-07-09T17:58:40Z</time><extensions><gpxtpx:TrackPointExtension><gpxtpx:hr>156</gpxtpx:hr></gpxtpx:TrackPointExtension></extensions></trkpt><trkpt lat="56.045567" lon="37.830297"><ele>158.8</ele><time>2026-07-09T17:58:41Z</time><extensions><gpxtpx:TrackPointExtension><gpxtpx:hr>157</gpxtpx:hr></gpxtpx:TrackPointExtension></extensions></trkpt><trkpt lat="56.045545" lon="37.83027"><ele>158.8</ele><time>2026-07-09T17:58:42Z</time><extensions><gpxtpx:TrackPointExtension><gpxtpx:hr>157</gpxtpx:hr></gpxtpx:TrackPointExtension></extensions></trkpt><trkpt lat="56.04552" lon="37.830243"><ele>158.8</ele><time>2026-07-09T17:58:43Z</time><extensions><gpxtpx:TrackPointExtension><gpxtpx:hr>157</gpxtpx:hr></gpxtpx:TrackPointExtension></extensions></trkpt><trkpt lat="56.045492" lon="37.830217"><ele>158.8</ele><time>2026-07-09T17:58:44Z</time><extensions><gpxtpx:TrackPointExtension><gpxtpx:hr>157</gpxtpx:hr></gpxtpx:TrackPointExtension></extensions></trkpt><trkpt lat="56.04547" lon="37.830195"><ele>158.8</ele><time>2026-07-09T17:58:45Z</time><extensions><gpxtpx:TrackPointExtension><gpxtpx:hr>157</gpxtpx:hr></gpxtpx:TrackPointExtension></extensions></trkpt><trkpt lat="56.045447" lon="37.830177"><ele>159.0</ele><time>2026-07-09T17:58:46Z</time><extensions><gpxtpx:TrackPointExtension><gpxtpx:hr>157</gpxtpx:hr></gpxtpx:TrackPointExtension></extensions></trkpt><trkpt lat="56.045427" lon="37.830157"><ele>159.0</ele><time>2026-07-09T17:58:47Z</time><extensions><gpxtpx:TrackPointExtension><gpxtpx:hr>158</gpxtpx:hr></gpxtpx:TrackPointExtension></extensions></trkpt><trkpt lat="56.045407" lon="37.830127"><ele>159.0</ele><time>2026-07-09T17:58:48Z</time><extensions><gpxtpx:TrackPointExtension><gpxtpx:hr>158</gpxtpx:hr></gpxtpx:TrackPointExtension></extensions></trkpt><trkpt lat="56.045387" lon="37.830105"><ele>159.2</ele><time>2026-07-09T17:58:49Z</time><extensions><gpxtpx:TrackPointExtension><gpxtpx:hr>157</gpxtpx:hr></gpxtpx:TrackPointExtension></extensions></trkpt><trkpt lat="56.045357" lon="37.830077"><ele>159.2</ele><time>2026-07-09T17:58:50Z</time><extensions><gpxtpx:TrackPointExtension><gpxtpx:hr>157</gpxtpx:hr></gpxtpx:TrackPointExtension></extensions></trkpt><trkpt lat="56.045332" lon="37.83005"><ele>159.2</ele><time>2026-07-09T17:58:51Z</time><extensions><gpxtpx:TrackPointExtension><gpxtpx:hr>157</gpxtpx:hr></gpxtpx:TrackPointExtension></extensions></trkpt><trkpt lat="56.045307" lon="37.830025"><ele>159.4</ele><time>2026-07-09T17:58:52Z</time><extensions><gpxtpx:TrackPointExtension><gpxtpx:hr>157</gpxtpx:hr></gpxtpx:TrackPointExtension></extensions></trkpt><trkpt lat="56.045277" lon="37.829997"><ele>159.2</ele><time>2026-07-09T17:58:53Z</time><extensions><gpxtpx:TrackPointExtension><gpxtpx:hr>157</gpxtpx:hr></gpxtpx:TrackPointExtension></extensions></trkpt><trkpt lat="56.045252" lon="37.829977"><ele>159.2</ele><time>2026-07-09T17:58:54Z</time><extensions><gpxtpx:TrackPointExtension><gpxtpx:hr>157</gpxtpx:hr></gpxtpx:TrackPointExtension></extensions></trkpt><trkpt lat="56.045227" lon="37.829947"><ele>159.2</ele><time>2026-07-09T17:58:55Z</time><extensions><gpxtpx:TrackPointExtension><gpxtpx:hr>157</gpxtpx:hr></gpxtpx:TrackPointExtension></extensions></trkpt><trkpt lat="56.045202" lon="37.829927"><ele>159.2</ele><time>2026-07-09T17:58:56Z</time><extensions><gpxtpx:TrackPointExtension><gpxtpx:hr>157</gpxtpx:hr></gpxtpx:TrackPointExtension></extensions></trkpt><trkpt lat="56.045175" lon="37.82991"><ele>159.0</ele><time>2026-07-09T17:58:57Z</time><extensions><gpxtpx:TrackPointExtension><gpxtpx:hr>158</gpxtpx:hr></gpxtpx:TrackPointExtension></extensions></trkpt><trkpt lat="56.045152" lon="37.829887"><ele>159.0</ele><time>2026-07-09T17:58:58Z</time><extensions><gpxtpx:TrackPointExtension><gpxtpx:hr>158</gpxtpx:hr></gpxtpx:TrackPointExtension></extensions></trkpt><trkpt lat="56.045125" lon="37.829862"><ele>159.2</ele><time>2026-07-09T17:58:59Z</time><extensions><gpxtpx:TrackPointExtension><gpxtpx:hr>157</gpxtpx:hr></gpxtpx:TrackPointExtension></extensions></trkpt><trkpt lat="56.045102" lon="37.829835"><ele>159.2</ele><time>2026-07-09T17:59:00Z</time><extensions><gpxtpx:TrackPointExtension><gpxtpx:hr>157</gpxtpx:hr></gpxtpx:TrackPointExtension></extensions></trkpt><trkpt lat="56.045082" lon="37.829802"><ele>159.2</ele><time>2026-07-09T17:59:01Z</time><extensions><gpxtpx:TrackPointExtension><gpxtpx:hr>157</gpxtpx:hr></gpxtpx:TrackPointExtension></extensions></trkpt><trkpt lat="56.045057" lon="37.829772"><ele>159.4</ele><time>2026-07-09T17:59:02Z</time><extensions><gpxtpx:TrackPointExtension><gpxtpx:hr>158</gpxtpx:hr></gpxtpx:TrackPointExtension></extensions></trkpt><trkpt lat="56.04503" lon="37.829745"><ele>159.4</ele><time>2026-07-09T17:59:03Z</time><extensions><gpxtpx:TrackPointExtension><gpxtpx:hr>158</gpxtpx:hr></gpxtpx:TrackPointExtension></extensions></trkpt><trkpt lat="56.045005" lon="37.829717"><ele>159.4</ele><time>2026-07-09T17:59:04Z</time><extensions><gpxtpx:TrackPointExtension><gpxtpx:hr>158</gpxtpx:hr></gpxtpx:TrackPointExtension></extensions></trkpt><trkpt lat="56.044977" lon="37.829685"><ele>159.4</ele><time>2026-07-09T17:59:05Z</time><extensions><gpxtpx:TrackPointExtension><gpxtpx:hr>158</gpxtpx:hr></gpxtpx:TrackPointExtension></extensions></trkpt><trkpt lat="56.044947" lon="37.829652"><ele>159.4</ele><time>2026-07-09T17:59:06Z</time><extensions><gpxtpx:TrackPointExtension><gpxtpx:hr>158</gpxtpx:hr></gpxtpx:TrackPointExtension></extensions></trkpt><trkpt lat="56.04492" lon="37.829622"><ele>159.4</ele><time>2026-07-09T17:59:07Z</time><extensions><gpxtpx:TrackPointExtension><gpxtpx:hr>158</gpxtpx:hr></gpxtpx:TrackPointExtension></extensions></trkpt><trkpt lat="56.04489" lon="37.829587"><ele>159.2</ele><time>2026-07-09T17:59:08Z</time><extensions><gpxtpx:TrackPointExtension><gpxtpx:hr>158</gpxtpx:hr></gpxtpx:TrackPointExtension></extensions></trkpt><trkpt lat="56.044862" lon="37.829557"><ele>159.2</ele><time>2026-07-09T17:59:09Z</time><extensions><gpxtpx:TrackPointExtension><gpxtpx:hr>158</gpxtpx:hr></gpxtpx:TrackPointExtension></extensions></trkpt><trkpt lat="56.044827" lon="37.829535"><ele>159.0</ele><time>2026-07-09T17:59:10Z</time><extensions><gpxtpx:TrackPointExtension><gpxtpx:hr>158</gpxtpx:hr></gpxtpx:TrackPointExtension></extensions></trkpt><trkpt lat="56.044795" lon="37.829512"><ele>159.0</ele><time>2026-07-09T17:59:11Z</time><extensions><gpxtpx:TrackPointExtension><gpxtpx:hr>158</gpxtpx:hr></gpxtpx:TrackPointExtension></extensions></trkpt><trkpt lat="56.044765" lon="37.829487"><ele>158.8</ele><time>2026-07-09T17:59:12Z</time><extensions><gpxtpx:TrackPointExtension><gpxtpx:hr>158</gpxtpx:hr></gpxtpx:TrackPointExtension></extensions></trkpt><trkpt lat="56.044737" lon="37.829467"><ele>158.8</ele><time>2026-07-09T17:59:13Z</time><extensions><gpxtpx:TrackPointExtension><gpxtpx:hr>158</gpxtpx:hr></gpxtpx:TrackPointExtension></extensions></trkpt><trkpt lat="56.044707" lon="37.829445"><ele>158.8</ele><time>2026-07-09T17:59:14Z</time><extensions><gpxtpx:TrackPointExtension><gpxtpx:hr>159</gpxtpx:hr></gpxtpx:TrackPointExtension></extensions></trkpt><trkpt lat="56.04468" lon="37.829422"><ele>159.0</ele><time>2026-07-09T17:59:15Z</time><extensions><gpxtpx:TrackPointExtension><gpxtpx:hr>159</gpxtpx:hr></gpxtpx:TrackPointExtension></extensions></trkpt><trkpt lat="56.044652" lon="37.829392"><ele>158.8</ele><time>2026-07-09T17:59:16Z</time><extensions><gpxtpx:TrackPointExtension><gpxtpx:hr>160</gpxtpx:hr></gpxtpx:TrackPointExtension></extensions></trkpt><trkpt lat="56.04463" lon="37.829357"><ele>158.8</ele><time>2026-07-09T17:59:17Z</time><extensions><gpxtpx:TrackPointExtension><gpxtpx:hr>159</gpxtpx:hr></gpxtpx:TrackPointExtension></extensions></trkpt><trkpt lat="56.044607" lon="37.829312"><ele>158.8</ele><time>2026-07-09T17:59:18Z</time><extensions><gpxtpx:TrackPointExtension><gpxtpx:hr>159</gpxtpx:hr></gpxtpx:TrackPointExtension></extensions></trkpt><trkpt lat="56.04458" lon="37.829265"><ele>158.6</ele><time>2026-07-09T17:59:19Z</time><extensions><gpxtpx:TrackPointExtension><gpxtpx:hr>160</gpxtpx:hr></gpxtpx:TrackPointExtension></extensions></trkpt><trkpt lat="56.044557" lon="37.829227"><ele>158.6</ele><time>2026-07-09T17:59:20Z</time><extensions><gpxtpx:TrackPointExtension><gpxtpx:hr>159</gpxtpx:hr></gpxtpx:TrackPointExtension></extensions></trkpt><trkpt lat="56.04453" lon="37.829192"><ele>158.6</ele><time>2026-07-09T17:59:21Z</time><extensions><gpxtpx:TrackPointExtension><gpxtpx:hr>159</gpxtpx:hr></gpxtpx:TrackPointExtension></extensions></trkpt><trkpt lat="56.044497" lon="37.829165"><ele>158.6</ele><time>2026-07-09T17:59:22Z</time><extensions><gpxtpx:TrackPointExtension><gpxtpx:hr>159</gpxtpx:hr></gpxtpx:TrackPointExtension></extensions></trkpt><trkpt lat="56.04447" lon="37.82914"><ele>158.4</ele><time>2026-07-09T17:59:23Z</time><extensions><gpxtpx:TrackPointExtension><gpxtpx:hr>159</gpxtpx:hr></gpxtpx:TrackPointExtension></extensions></trkpt><trkpt lat="56.04444" lon="37.829107"><ele>158.4</ele><time>2026-07-09T17:59:24Z</time><extensions><gpxtpx:TrackPointExtension><gpxtpx:hr>159</gpxtpx:hr></gpxtpx:TrackPointExtension></extensions></trkpt><trkpt lat="56.04441" lon="37.829077"><ele>158.2</ele><time>2026-07-09T17:59:25Z</time><extensions><gpxtpx:TrackPointExtension><gpxtpx:hr>159</gpxtpx:hr></gpxtpx:TrackPointExtension></extensions></trkpt><trkpt lat="56.044378" lon="37.82905"><ele>158.2</ele><time>2026-07-09T17:59:26Z</time><extensions><gpxtpx:TrackPointExtension><gpxtpx:hr>159</gpxtpx:hr></gpxtpx:TrackPointExtension></extensions></trkpt><trkpt lat="56.04435" lon="37.82902"><ele>158.2</ele><time>2026-07-09T17:59:27Z</time><extensions><gpxtpx:TrackPointExtension><gpxtpx:hr>159</gpxtpx:hr></gpxtpx:TrackPointExtension></extensions></trkpt><trkpt lat="56.044322" lon="37.82899"><ele>158.2</ele><time>2026-07-09T17:59:28Z</time><extensions><gpxtpx:TrackPointExtension><gpxtpx:hr>159</gpxtpx:hr></gpxtpx:TrackPointExtension></extensions></trkpt><trkpt lat="56.044297" lon="37.828962"><ele>158.0</ele><time>2026-07-09T17:59:29Z</time><extensions><gpxtpx:TrackPointExtension><gpxtpx:hr>159</gpxtpx:hr></gpxtpx:TrackPointExtension></extensions></trkpt><trkpt lat="56.044267" lon="37.828932"><ele>158.0</ele><time>2026-07-09T17:59:30Z</time><extensions><gpxtpx:TrackPointExtension><gpxtpx:hr>159</gpxtpx:hr></gpxtpx:TrackPointExtension></extensions></trkpt><trkpt lat="56.04424" lon="37.82891"><ele>157.8</ele><time>2026-07-09T17:59:31Z</time><extensions><gpxtpx:TrackPointExtension><gpxtpx:hr>159</gpxtpx:hr></gpxtpx:TrackPointExtension></extensions></trkpt><trkpt lat="56.044212" lon="37.828892"><ele>157.8</ele><time>2026-07-09T17:59:32Z</time><extensions><gpxtpx:TrackPointExtension><gpxtpx:hr>159</gpxtpx:hr></gpxtpx:TrackPointExtension></extensions></trkpt><trkpt lat="56.044182" lon="37.828872"><ele>157.6</ele><time>2026-07-09T17:59:33Z</time><extensions><gpxtpx:TrackPointExtension><gpxtpx:hr>160</gpxtpx:hr></gpxtpx:TrackPointExtension></extensions></trkpt><trkpt lat="56.044155" lon="37.828852"><ele>157.6</ele><time>2026-07-09T17:59:34Z</time><extensions><gpxtpx:TrackPointExtension><gpxtpx:hr>159</gpxtpx:hr></gpxtpx:TrackPointExtension></extensions></trkpt><trkpt lat="56.044127" lon="37.828832"><ele>157.6</ele><time>2026-07-09T17:59:35Z</time><extensions><gpxtpx:TrackPointExtension><gpxtpx:hr>159</gpxtpx:hr></gpxtpx:TrackPointExtension></extensions></trkpt><trkpt lat="56.044102" lon="37.828807"><ele>157.4</ele><time>2026-07-09T17:59:36Z</time><extensions><gpxtpx:TrackPointExtension><gpxtpx:hr>159</gpxtpx:hr></gpxtpx:TrackPointExtension></extensions></trkpt><trkpt lat="56.044075" lon="37.828782"><ele>157.6</ele><time>2026-07-09T17:59:37Z</time><extensions><gpxtpx:TrackPointExtension><gpxtpx:hr>159</gpxtpx:hr></gpxtpx:TrackPointExtension></extensions></trkpt><trkpt lat="56.04405" lon="37.828755"><ele>157.6</ele><time>2026-07-09T17:59:38Z</time><extensions><gpxtpx:TrackPointExtension><gpxtpx:hr>159</gpxtpx:hr></gpxtpx:TrackPointExtension></extensions></trkpt><trkpt lat="56.044027" lon="37.828717"><ele>157.6</ele><time>2026-07-09T17:59:39Z</time><extensions><gpxtpx:TrackPointExtension><gpxtpx:hr>159</gpxtpx:hr></gpxtpx:TrackPointExtension></extensions></trkpt><trkpt lat="56.044002" lon="37.828692"><ele>157.8</ele><time>2026-07-09T17:59:40Z</time><extensions><gpxtpx:TrackPointExtension><gpxtpx:hr>159</gpxtpx:hr></gpxtpx:TrackPointExtension></extensions></trkpt><trkpt lat="56.043977" lon="37.828662"><ele>157.8</ele><time>2026-07-09T17:59:41Z</time><extensions><gpxtpx:TrackPointExtension><gpxtpx:hr>159</gpxtpx:hr></gpxtpx:TrackPointExtension></extensions></trkpt><trkpt lat="56.04395" lon="37.828635"><ele>157.6</ele><time>2026-07-09T17:59:42Z</time><extensions><gpxtpx:TrackPointExtension><gpxtpx:hr>158</gpxtpx:hr></gpxtpx:TrackPointExtension></extensions></trkpt><trkpt lat="56.043925" lon="37.828607"><ele>157.6</ele><time>2026-07-09T17:59:43Z</time><extensions><gpxtpx:TrackPointExtension><gpxtpx:hr>159</gpxtpx:hr></gpxtpx:TrackPointExtension></extensions></trkpt><trkpt lat="56.043897" lon="37.828577"><ele>157.6</ele><time>2026-07-09T17:59:44Z</time><extensions><gpxtpx:TrackPointExtension><gpxtpx:hr>158</gpxtpx:hr></gpxtpx:TrackPointExtension></extensions></trkpt><trkpt lat="56.043867" lon="37.828547"><ele>157.6</ele><time>2026-07-09T17:59:45Z</time><extensions><gpxtpx:TrackPointExtension><gpxtpx:hr>158</gpxtpx:hr></gpxtpx:TrackPointExtension></extensions></trkpt><trkpt lat="56.043835" lon="37.828527"><ele>157.6</ele><time>2026-07-09T17:59:46Z</time><extensions><gpxtpx:TrackPointExtension><gpxtpx:hr>160</gpxtpx:hr></gpxtpx:TrackPointExtension></extensions></trkpt><trkpt lat="56.043805" lon="37.828505"><ele>157.6</ele><time>2026-07-09T17:59:47Z</time><extensions><gpxtpx:TrackPointExtension><gpxtpx:hr>160</gpxtpx:hr></gpxtpx:TrackPointExtension></extensions></trkpt><trkpt lat="56.043772" lon="37.828487"><ele>157.6</ele><time>2026-07-09T17:59:48Z</time><extensions><gpxtpx:TrackPointExtension><gpxtpx:hr>160</gpxtpx:hr></gpxtpx:TrackPointExtension></extensions></trkpt><trkpt lat="56.043742" lon="37.82848"><ele>157.6</ele><time>2026-07-09T17:59:49Z</time><extensions><gpxtpx:TrackPointExtension><gpxtpx:hr>160</gpxtpx:hr></gpxtpx:TrackPointExtension></extensions></trkpt><trkpt lat="56.043715" lon="37.82847"><ele>157.6</ele><time>2026-07-09T17:59:50Z</time><extensions><gpxtpx:TrackPointExtension><gpxtpx:hr>160</gpxtpx:hr></gpxtpx:TrackPointExtension></extensions></trkpt><trkpt lat="56.043687" lon="37.82846"><ele>157.8</ele><time>2026-07-09T17:59:51Z</time><extensions><gpxtpx:TrackPointExtension><gpxtpx:hr>161</gpxtpx:hr></gpxtpx:TrackPointExtension></extensions></trkpt><trkpt lat="56.04366" lon="37.828452"><ele>157.8</ele><time>2026-07-09T17:59:52Z</time><extensions><gpxtpx:TrackPointExtension><gpxtpx:hr>161</gpxtpx:hr></gpxtpx:TrackPointExtension></extensions></trkpt><trkpt lat="56.043632" lon="37.828447"><ele>157.8</ele><time>2026-07-09T17:59:53Z</time><extensions><gpxtpx:TrackPointExtension><gpxtpx:hr>161</gpxtpx:hr></gpxtpx:TrackPointExtension></extensions></trkpt><trkpt lat="56.043605" lon="37.828437"><ele>157.8</ele><time>2026-07-09T17:59:54Z</time><extensions><gpxtpx:TrackPointExtension><gpxtpx:hr>161</gpxtpx:hr></gpxtpx:TrackPointExtension></extensions></trkpt><trkpt lat="56.043577" lon="37.828422"><ele>157.8</ele><time>2026-07-09T17:59:55Z</time><extensions><gpxtpx:TrackPointExtension><gpxtpx:hr>161</gpxtpx:hr></gpxtpx:TrackPointExtension></extensions></trkpt><trkpt lat="56.043552" lon="37.828402"><ele>158.0</ele><time>2026-07-09T17:59:56Z</time><extensions><gpxtpx:TrackPointExtension><gpxtpx:hr>161</gpxtpx:hr></gpxtpx:TrackPointExtension></extensions></trkpt><trkpt lat="56.043527" lon="37.828377"><ele>157.8</ele><time>2026-07-09T17:59:57Z</time><extensions><gpxtpx:TrackPointExtension><gpxtpx:hr>161</gpxtpx:hr></gpxtpx:TrackPointExtension></extensions></trkpt><trkpt lat="56.043507" lon="37.828347"><ele>158.0</ele><time>2026-07-09T17:59:58Z</time><extensions><gpxtpx:TrackPointExtension><gpxtpx:hr>160</gpxtpx:hr></gpxtpx:TrackPointExtension></extensions></trkpt><trkpt lat="56.043485" lon="37.82831"><ele>158.0</ele><time>2026-07-09T17:59:59Z</time><extensions><gpxtpx:TrackPointExtension><gpxtpx:hr>160</gpxtpx:hr></gpxtpx:TrackPointExtension></extensions></trkpt><trkpt lat="56.04346" lon="37.828272"><ele>158.0</ele><time>2026-07-09T18:00:00Z</time><extensions><gpxtpx:TrackPointExtension><gpxtpx:hr>160</gpxtpx:hr></gpxtpx:TrackPointExtension></extensions></trkpt><trkpt lat="56.043435" lon="37.828245"><ele>158.0</ele><time>2026-07-09T18:00:01Z</time><extensions><gpxtpx:TrackPointExtension><gpxtpx:hr>159</gpxtpx:hr></gpxtpx:TrackPointExtension></extensions></trkpt><trkpt lat="56.043407" lon="37.828227"><ele>158.2</ele><time>2026-07-09T18:00:02Z</time><extensions><gpxtpx:TrackPointExtension><gpxtpx:hr>160</gpxtpx:hr></gpxtpx:TrackPointExtension></extensions></trkpt><trkpt lat="56.043377" lon="37.828217"><ele>158.0</ele><time>2026-07-09T18:00:03Z</time><extensions><gpxtpx:TrackPointExtension><gpxtpx:hr>160</gpxtpx:hr></gpxtpx:TrackPointExtension></extensions></trkpt><trkpt lat="56.043347" lon="37.828207"><ele>158.0</ele><time>2026-07-09T18:00:04Z</time><extensions><gpxtpx:TrackPointExtension><gpxtpx:hr>160</gpxtpx:hr></gpxtpx:TrackPointExtension></extensions></trkpt><trkpt lat="56.04332" lon="37.828195"><ele>158.0</ele><time>2026-07-09T18:00:05Z</time><extensions><gpxtpx:TrackPointExtension><gpxtpx:hr>161</gpxtpx:hr></gpxtpx:TrackPointExtension></extensions></trkpt><trkpt lat="56.043292" lon="37.82818"><ele>158.0</ele><time>2026-07-09T18:00:06Z</time><extensions><gpxtpx:TrackPointExtension><gpxtpx:hr>160</gpxtpx:hr></gpxtpx:TrackPointExtension></extensions></trkpt><trkpt lat="56.043267" lon="37.828162"><ele>158.0</ele><time>2026-07-09T18:00:07Z</time><extensions><gpxtpx:TrackPointExtension><gpxtpx:hr>160</gpxtpx:hr></gpxtpx:TrackPointExtension></extensions></trkpt><trkpt lat="56.043242" lon="37.828145"><ele>158.0</ele><time>2026-07-09T18:00:08Z</time><extensions><gpxtpx:TrackPointExtension><gpxtpx:hr>160</gpxtpx:hr></gpxtpx:TrackPointExtension></extensions></trkpt><trkpt lat="56.043212" lon="37.828132"><ele>158.2</ele><time>2026-07-09T18:00:09Z</time><extensions><gpxtpx:TrackPointExtension><gpxtpx:hr>159</gpxtpx:hr></gpxtpx:TrackPointExtension></extensions></trkpt><trkpt lat="56.043182" lon="37.828122"><ele>158.2</ele><time>2026-07-09T18:00:10Z</time><extensions><gpxtpx:TrackPointExtension><gpxtpx:hr>160</gpxtpx:hr></gpxtpx:TrackPointExtension></extensions></trkpt><trkpt lat="56.043155" lon="37.828117"><ele>158.0</ele><time>2026-07-09T18:00:11Z</time><extensions><gpxtpx:TrackPointExtension><gpxtpx:hr>161</gpxtpx:hr></gpxtpx:TrackPointExtension></extensions></trkpt><trkpt lat="56.043125" lon="37.828117"><ele>157.8</ele><time>2026-07-09T18:00:12Z</time><extensions><gpxtpx:TrackPointExtension><gpxtpx:hr>160</gpxtpx:hr></gpxtpx:TrackPointExtension></extensions></trkpt><trkpt lat="56.043097" lon="37.828117"><ele>157.8</ele><time>2026-07-09T18:00:13Z</time><extensions><gpxtpx:TrackPointExtension><gpxtpx:hr>159</gpxtpx:hr></gpxtpx:TrackPointExtension></extensions></trkpt><trkpt lat="56.043072" lon="37.828122"><ele>157.8</ele><time>2026-07-09T18:00:14Z</time><extensions><gpxtpx:TrackPointExtension><gpxtpx:hr>159</gpxtpx:hr></gpxtpx:TrackPointExtension></extensions></trkpt><trkpt lat="56.043045" lon="37.828132"><ele>157.8</ele><time>2026-07-09T18:00:15Z</time><extensions><gpxtpx:TrackPointExtension><gpxtpx:hr>159</gpxtpx:hr></gpxtpx:TrackPointExtension></extensions></trkpt><trkpt lat="56.043022" lon="37.828147"><ele>157.8</ele><time>2026-07-09T18:00:16Z</time><extensions><gpxtpx:TrackPointExtension><gpxtpx:hr>159</gpxtpx:hr></gpxtpx:TrackPointExtension></extensions></trkpt><trkpt lat="56.042997" lon="37.82816"><ele>157.6</ele><time>2026-07-09T18:00:17Z</time><extensions><gpxtpx:TrackPointExtension><gpxtpx:hr>159</gpxtpx:hr></gpxtpx:TrackPointExtension></extensions></trkpt><trkpt lat="56.04297" lon="37.82817"><ele>157.6</ele><time>2026-07-09T18:00:18Z</time><extensions><gpxtpx:TrackPointExtension><gpxtpx:hr>159</gpxtpx:hr></gpxtpx:TrackPointExtension></extensions></trkpt><trkpt lat="56.042942" lon="37.828182"><ele>157.8</ele><time>2026-07-09T18:00:19Z</time><extensions><gpxtpx:TrackPointExtension><gpxtpx:hr>160</gpxtpx:hr></gpxtpx:TrackPointExtension></extensions></trkpt><trkpt lat="56.042917" lon="37.828192"><ele>157.8</ele><time>2026-07-09T18:00:20Z</time><extensions><gpxtpx:TrackPointExtension><gpxtpx:hr>159</gpxtpx:hr></gpxtpx:TrackPointExtension></extensions></trkpt><trkpt lat="56.042887" lon="37.8282"><ele>157.6</ele><time>2026-07-09T18:00:21Z</time><extensions><gpxtpx:TrackPointExtension><gpxtpx:hr>159</gpxtpx:hr></gpxtpx:TrackPointExtension></extensions></trkpt><trkpt lat="56.042857" lon="37.828202"><ele>157.8</ele><time>2026-07-09T18:00:22Z</time><extensions><gpxtpx:TrackPointExtension><gpxtpx:hr>159</gpxtpx:hr></gpxtpx:TrackPointExtension></extensions></trkpt><trkpt lat="56.04283" lon="37.828197"><ele>157.8</ele><time>2026-07-09T18:00:23Z</time><extensions><gpxtpx:TrackPointExtension><gpxtpx:hr>159</gpxtpx:hr></gpxtpx:TrackPointExtension></extensions></trkpt><trkpt lat="56.042802" lon="37.828187"><ele>157.8</ele><time>2026-07-09T18:00:24Z</time><extensions><gpxtpx:TrackPointExtension><gpxtpx:hr>159</gpxtpx:hr></gpxtpx:TrackPointExtension></extensions></trkpt><trkpt lat="56.042775" lon="37.828172"><ele>157.6</ele><time>2026-07-09T18:00:25Z</time><extensions><gpxtpx:TrackPointExtension><gpxtpx:hr>160</gpxtpx:hr></gpxtpx:TrackPointExtension></extensions></trkpt><trkpt lat="56.04275" lon="37.828147"><ele>157.6</ele><time>2026-07-09T18:00:26Z</time><extensions><gpxtpx:TrackPointExtension><gpxtpx:hr>159</gpxtpx:hr></gpxtpx:TrackPointExtension></extensions></trkpt><trkpt lat="56.042722" lon="37.828127"><ele>157.4</ele><time>2026-07-09T18:00:27Z</time><extensions><gpxtpx:TrackPointExtension><gpxtpx:hr>158</gpxtpx:hr></gpxtpx:TrackPointExtension></extensions></trkpt><trkpt lat="56.0427" lon="37.828107"><ele>157.6</ele><time>2026-07-09T18:00:28Z</time><extensions><gpxtpx:TrackPointExtension><gpxtpx:hr>158</gpxtpx:hr></gpxtpx:TrackPointExtension></extensions></trkpt><trkpt lat="56.042677" lon="37.828092"><ele>157.8</ele><time>2026-07-09T18:00:29Z</time><extensions><gpxtpx:TrackPointExtension><gpxtpx:hr>158</gpxtpx:hr></gpxtpx:TrackPointExtension></extensions></trkpt><trkpt lat="56.042652" lon="37.82807"><ele>157.8</ele><time>2026-07-09T18:00:30Z</time><extensions><gpxtpx:TrackPointExtension><gpxtpx:hr>158</gpxtpx:hr></gpxtpx:TrackPointExtension></extensions></trkpt><trkpt lat="56.042627" lon="37.828048"><ele>157.8</ele><time>2026-07-09T18:00:31Z</time><extensions><gpxtpx:TrackPointExtension><gpxtpx:hr>157</gpxtpx:hr></gpxtpx:TrackPointExtension></extensions></trkpt><trkpt lat="56.04261" lon="37.828032"><ele>157.8</ele><time>2026-07-09T18:00:32Z</time><extensions><gpxtpx:TrackPointExtension><gpxtpx:hr>157</gpxtpx:hr></gpxtpx:TrackPointExtension></extensions></trkpt><trkpt lat="56.042595" lon="37.828012"><ele>158.0</ele><time>2026-07-09T18:00:33Z</time><extensions><gpxtpx:TrackPointExtension><gpxtpx:hr>157</gpxtpx:hr></gpxtpx:TrackPointExtension></extensions></trkpt><trkpt lat="56.042577" lon="37.827985"><ele>158.0</ele><time>2026-07-09T18:00:34Z</time><extensions><gpxtpx:TrackPointExtension><gpxtpx:hr>157</gpxtpx:hr></gpxtpx:TrackPointExtension></extensions></trkpt><trkpt lat="56.042562" lon="37.827955"><ele>158.2</ele><time>2026-07-09T18:00:35Z</time><extensions><gpxtpx:TrackPointExtension><gpxtpx:hr>156</gpxtpx:hr></gpxtpx:TrackPointExtension></extensions></trkpt><trkpt lat="56.042545" lon="37.827937"><ele>158.2</ele><time>2026-07-09T18:00:36Z</time><extensions><gpxtpx:TrackPointExtension><gpxtpx:hr>157</gpxtpx:hr></gpxtpx:TrackPointExtension></extensions></trkpt><trkpt lat="56.042527" lon="37.82792"><ele>158.4</ele><time>2026-07-09T18:00:37Z</time><extensions><gpxtpx:TrackPointExtension><gpxtpx:hr>157</gpxtpx:hr></gpxtpx:TrackPointExtension></extensions></trkpt><trkpt lat="56.042507" lon="37.827897"><ele>158.6</ele><time>2026-07-09T18:00:38Z</time><extensions><gpxtpx:TrackPointExtension><gpxtpx:hr>157</gpxtpx:hr></gpxtpx:TrackPointExtension></extensions></trkpt><trkpt lat="56.042478" lon="37.827877"><ele>158.6</ele><time>2026-07-09T18:00:39Z</time><extensions><gpxtpx:TrackPointExtension><gpxtpx:hr>157</gpxtpx:hr></gpxtpx:TrackPointExtension></extensions></trkpt><trkpt lat="56.042452" lon="37.827852"><ele>158.4</ele><time>2026-07-09T18:00:40Z</time><extensions><gpxtpx:TrackPointExtension><gpxtpx:hr>157</gpxtpx:hr></gpxtpx:TrackPointExtension></extensions></trkpt><trkpt lat="56.04243" lon="37.827832"><ele>158.2</ele><time>2026-07-09T18:00:41Z</time><extensions><gpxtpx:TrackPointExtension><gpxtpx:hr>157</gpxtpx:hr></gpxtpx:TrackPointExtension></extensions></trkpt><trkpt lat="56.042407" lon="37.827817"><ele>158.0</ele><time>2026-07-09T18:00:42Z</time><extensions><gpxtpx:TrackPointExtension><gpxtpx:hr>157</gpxtpx:hr></gpxtpx:TrackPointExtension></extensions></trkpt><trkpt lat="56.042385" lon="37.827802"><ele>157.6</ele><time>2026-07-09T18:00:43Z</time><extensions><gpxtpx:TrackPointExtension><gpxtpx:hr>157</gpxtpx:hr></gpxtpx:TrackPointExtension></extensions></trkpt><trkpt lat="56.042362" lon="37.827787"><ele>157.4</ele><time>2026-07-09T18:00:44Z</time><extensions><gpxtpx:TrackPointExtension><gpxtpx:hr>157</gpxtpx:hr></gpxtpx:TrackPointExtension></extensions></trkpt><trkpt lat="56.042345" lon="37.827752"><ele>157.2</ele><time>2026-07-09T18:00:45Z</time><extensions><gpxtpx:TrackPointExtension><gpxtpx:hr>157</gpxtpx:hr></gpxtpx:TrackPointExtension></extensions></trkpt><trkpt lat="56.042322" lon="37.827737"><ele>157.0</ele><time>2026-07-09T18:00:46Z</time><extensions><gpxtpx:TrackPointExtension><gpxtpx:hr>157</gpxtpx:hr></gpxtpx:TrackPointExtension></extensions></trkpt><trkpt lat="56.042297" lon="37.827727"><ele>156.8</ele><time>2026-07-09T18:00:47Z</time><extensions><gpxtpx:TrackPointExtension><gpxtpx:hr>157</gpxtpx:hr></gpxtpx:TrackPointExtension></extensions></trkpt><trkpt lat="56.042275" lon="37.827717"><ele>156.6</ele><time>2026-07-09T18:00:48Z</time><extensions><gpxtpx:TrackPointExtension><gpxtpx:hr>157</gpxtpx:hr></gpxtpx:TrackPointExtension></extensions></trkpt><trkpt lat="56.042247" lon="37.827715"><ele>156.6</ele><time>2026-07-09T18:00:49Z</time><extensions><gpxtpx:TrackPointExtension><gpxtpx:hr>157</gpxtpx:hr></gpxtpx:TrackPointExtension></extensions></trkpt><trkpt lat="56.042227" lon="37.82771"><ele>156.4</ele><time>2026-07-09T18:00:50Z</time><extensions><gpxtpx:TrackPointExtension><gpxtpx:hr>157</gpxtpx:hr></gpxtpx:TrackPointExtension></extensions></trkpt><trkpt lat="56.042202" lon="37.827697"><ele>156.2</ele><time>2026-07-09T18:00:51Z</time><extensions><gpxtpx:TrackPointExtension><gpxtpx:hr>157</gpxtpx:hr></gpxtpx:TrackPointExtension></extensions></trkpt><trkpt lat="56.042172" lon="37.827672"><ele>156.2</ele><time>2026-07-09T18:00:52Z</time><extensions><gpxtpx:TrackPointExtension><gpxtpx:hr>157</gpxtpx:hr></gpxtpx:TrackPointExtension></extensions></trkpt><trkpt lat="56.042145" lon="37.827655"><ele>156.0</ele><time>2026-07-09T18:00:53Z</time><extensions><gpxtpx:TrackPointExtension><gpxtpx:hr>157</gpxtpx:hr></gpxtpx:TrackPointExtension></extensions></trkpt><trkpt lat="56.042122" lon="37.827642"><ele>156.0</ele><time>2026-07-09T18:00:54Z</time><extensions><gpxtpx:TrackPointExtension><gpxtpx:hr>156</gpxtpx:hr></gpxtpx:TrackPointExtension></extensions></trkpt><trkpt lat="56.042097" lon="37.827627"><ele>156.0</ele><time>2026-07-09T18:00:55Z</time><extensions><gpxtpx:TrackPointExtension><gpxtpx:hr>156</gpxtpx:hr></gpxtpx:TrackPointExtension></extensions></trkpt><trkpt lat="56.042067" lon="37.827607"><ele>156.0</ele><time>2026-07-09T18:00:56Z</time><extensions><gpxtpx:TrackPointExtension><gpxtpx:hr>156</gpxtpx:hr></gpxtpx:TrackPointExtension></extensions></trkpt><trkpt lat="56.042042" lon="37.827598"><ele>155.8</ele><time>2026-07-09T18:00:57Z</time><extensions><gpxtpx:TrackPointExtension><gpxtpx:hr>157</gpxtpx:hr></gpxtpx:TrackPointExtension></extensions></trkpt><trkpt lat="56.042015" lon="37.82759"><ele>155.8</ele><time>2026-07-09T18:00:58Z</time><extensions><gpxtpx:TrackPointExtension><gpxtpx:hr>156</gpxtpx:hr></gpxtpx:TrackPointExtension></extensions></trkpt><trkpt lat="56.041982" lon="37.827582"><ele>155.8</ele><time>2026-07-09T18:00:59Z</time><extensions><gpxtpx:TrackPointExtension><gpxtpx:hr>157</gpxtpx:hr></gpxtpx:TrackPointExtension></extensions></trkpt><trkpt lat="56.041952" lon="37.827567"><ele>155.6</ele><time>2026-07-09T18:01:00Z</time><extensions><gpxtpx:TrackPointExtension><gpxtpx:hr>157</gpxtpx:hr></gpxtpx:TrackPointExtension></extensions></trkpt><trkpt lat="56.04192" lon="37.827567"><ele>155.6</ele><time>2026-07-09T18:01:01Z</time><extensions><gpxtpx:TrackPointExtension><gpxtpx:hr>157</gpxtpx:hr></gpxtpx:TrackPointExtension></extensions></trkpt><trkpt lat="56.041887" lon="37.827562"><ele>155.6</ele><time>2026-07-09T18:01:02Z</time><extensions><gpxtpx:TrackPointExtension><gpxtpx:hr>157</gpxtpx:hr></gpxtpx:TrackPointExtension></extensions></trkpt><trkpt lat="56.041857" lon="37.827552"><ele>155.8</ele><time>2026-07-09T18:01:03Z</time><extensions><gpxtpx:TrackPointExtension><gpxtpx:hr>157</gpxtpx:hr></gpxtpx:TrackPointExtension></extensions></trkpt><trkpt lat="56.041825" lon="37.827547"><ele>155.8</ele><time>2026-07-09T18:01:04Z</time><extensions><gpxtpx:TrackPointExtension><gpxtpx:hr>157</gpxtpx:hr></gpxtpx:TrackPointExtension></extensions></trkpt><trkpt lat="56.041792" lon="37.827542"><ele>155.8</ele><time>2026-07-09T18:01:05Z</time><extensions><gpxtpx:TrackPointExtension><gpxtpx:hr>157</gpxtpx:hr></gpxtpx:TrackPointExtension></extensions></trkpt><trkpt lat="56.041762" lon="37.827547"><ele>155.8</ele><time>2026-07-09T18:01:06Z</time><extensions><gpxtpx:TrackPointExtension><gpxtpx:hr>157</gpxtpx:hr></gpxtpx:TrackPointExtension></extensions></trkpt><trkpt lat="56.04173" lon="37.827555"><ele>155.8</ele><time>2026-07-09T18:01:07Z</time><extensions><gpxtpx:TrackPointExtension><gpxtpx:hr>157</gpxtpx:hr></gpxtpx:TrackPointExtension></extensions></trkpt><trkpt lat="56.0417" lon="37.827565"><ele>155.8</ele><time>2026-07-09T18:01:08Z</time><extensions><gpxtpx:TrackPointExtension><gpxtpx:hr>157</gpxtpx:hr></gpxtpx:TrackPointExtension></extensions></trkpt><trkpt lat="56.041672" lon="37.827582"><ele>155.6</ele><time>2026-07-09T18:01:09Z</time><extensions><gpxtpx:TrackPointExtension><gpxtpx:hr>157</gpxtpx:hr></gpxtpx:TrackPointExtension></extensions></trkpt><trkpt lat="56.041642" lon="37.827592"><ele>155.8</ele><time>2026-07-09T18:01:10Z</time><extensions><gpxtpx:TrackPointExtension><gpxtpx:hr>157</gpxtpx:hr></gpxtpx:TrackPointExtension></extensions></trkpt><trkpt lat="56.041617" lon="37.827602"><ele>155.6</ele><time>2026-07-09T18:01:11Z</time><extensions><gpxtpx:TrackPointExtension><gpxtpx:hr>157</gpxtpx:hr></gpxtpx:TrackPointExtension></extensions></trkpt><trkpt lat="56.041592" lon="37.827612"><ele>155.6</ele><time>2026-07-09T18:01:12Z</time><extensions><gpxtpx:TrackPointExtension><gpxtpx:hr>157</gpxtpx:hr></gpxtpx:TrackPointExtension></extensions></trkpt><trkpt lat="56.041563" lon="37.827622"><ele>155.6</ele><time>2026-07-09T18:01:13Z</time><extensions><gpxtpx:TrackPointExtension><gpxtpx:hr>157</gpxtpx:hr></gpxtpx:TrackPointExtension></extensions></trkpt><trkpt lat="56.04154" lon="37.827622"><ele>155.8</ele><time>2026-07-09T18:01:14Z</time><extensions><gpxtpx:TrackPointExtension><gpxtpx:hr>157</gpxtpx:hr></gpxtpx:TrackPointExtension></extensions></trkpt><trkpt lat="56.04151" lon="37.827622"><ele>155.8</ele><time>2026-07-09T18:01:15Z</time><extensions><gpxtpx:TrackPointExtension><gpxtpx:hr>157</gpxtpx:hr></gpxtpx:TrackPointExtension></extensions></trkpt><trkpt lat="56.041477" lon="37.827627"><ele>155.8</ele><time>2026-07-09T18:01:16Z</time><extensions><gpxtpx:TrackPointExtension><gpxtpx:hr>156</gpxtpx:hr></gpxtpx:TrackPointExtension></extensions></trkpt><trkpt lat="56.041447" lon="37.82763"><ele>155.8</ele><time>2026-07-09T18:01:17Z</time><extensions><gpxtpx:TrackPointExtension><gpxtpx:hr>157</gpxtpx:hr></gpxtpx:TrackPointExtension></extensions></trkpt><trkpt lat="56.041422" lon="37.827645"><ele>155.8</ele><time>2026-07-09T18:01:18Z</time><extensions><gpxtpx:TrackPointExtension><gpxtpx:hr>156</gpxtpx:hr></gpxtpx:TrackPointExtension></extensions></trkpt><trkpt lat="56.041397" lon="37.827672"><ele>156.0</ele><time>2026-07-09T18:01:19Z</time><extensions><gpxtpx:TrackPointExtension><gpxtpx:hr>156</gpxtpx:hr></gpxtpx:TrackPointExtension></extensions></trkpt><trkpt lat="56.041372" lon="37.827695"><ele>156.0</ele><time>2026-07-09T18:01:20Z</time><extensions><gpxtpx:TrackPointExtension><gpxtpx:hr>156</gpxtpx:hr></gpxtpx:TrackPointExtension></extensions></trkpt><trkpt lat="56.041355" lon="37.827725"><ele>156.0</ele><time>2026-07-09T18:01:21Z</time><extensions><gpxtpx:TrackPointExtension><gpxtpx:hr>156</gpxtpx:hr></gpxtpx:TrackPointExtension></extensions></trkpt><trkpt lat="56.041337" lon="37.827757"><ele>156.2</ele><time>2026-07-09T18:01:22Z</time><extensions><gpxtpx:TrackPointExtension><gpxtpx:hr>156</gpxtpx:hr></gpxtpx:TrackPointExtension></extensions></trkpt><trkpt lat="56.041317" lon="37.827787"><ele>156.2</ele><time>2026-07-09T18:01:23Z</time><extensions><gpxtpx:TrackPointExtension><gpxtpx:hr>156</gpxtpx:hr></gpxtpx:TrackPointExtension></extensions></trkpt><trkpt lat="56.041302" lon="37.827827"><ele>156.2</ele><time>2026-07-09T18:01:24Z</time><extensions><gpxtpx:TrackPointExtension><gpxtpx:hr>156</gpxtpx:hr></gpxtpx:TrackPointExtension></extensions></trkpt><trkpt lat="56.04128" lon="37.827867"><ele>156.2</ele><time>2026-07-09T18:01:25Z</time><extensions><gpxtpx:TrackPointExtension><gpxtpx:hr>156</gpxtpx:hr></gpxtpx:TrackPointExtension></extensions></trkpt><trkpt lat="56.041255" lon="37.827902"><ele>156.4</ele><time>2026-07-09T18:01:26Z</time><extensions><gpxtpx:TrackPointExtension><gpxtpx:hr>156</gpxtpx:hr></gpxtpx:TrackPointExtension></extensions></trkpt><trkpt lat="56.041232" lon="37.827932"><ele>156.4</ele><time>2026-07-09T18:01:27Z</time><extensions><gpxtpx:TrackPointExtension><gpxtpx:hr>156</gpxtpx:hr></gpxtpx:TrackPointExtension></extensions></trkpt><trkpt lat="56.041207" lon="37.827967"><ele>156.4</ele><time>2026-07-09T18:01:28Z</time><extensions><gpxtpx:TrackPointExtension><gpxtpx:hr>156</gpxtpx:hr></gpxtpx:TrackPointExtension></extensions></trkpt><trkpt lat="56.041185" lon="37.828002"><ele>156.2</ele><time>2026-07-09T18:01:29Z</time><extensions><gpxtpx:TrackPointExtension><gpxtpx:hr>156</gpxtpx:hr></gpxtpx:TrackPointExtension></extensions></trkpt><trkpt lat="56.041162" lon="37.828035"><ele>156.2</ele><time>2026-07-09T18:01:30Z</time><extensions><gpxtpx:TrackPointExtension><gpxtpx:hr>156</gpxtpx:hr></gpxtpx:TrackPointExtension></extensions></trkpt><trkpt lat="56.041142" lon="37.828077"><ele>156.2</ele><time>2026-07-09T18:01:31Z</time><extensions><gpxtpx:TrackPointExtension><gpxtpx:hr>156</gpxtpx:hr></gpxtpx:TrackPointExtension></extensions></trkpt><trkpt lat="56.041122" lon="37.828117"><ele>156.2</ele><time>2026-07-09T18:01:32Z</time><extensions><gpxtpx:TrackPointExtension><gpxtpx:hr>156</gpxtpx:hr></gpxtpx:TrackPointExtension></extensions></trkpt><trkpt lat="56.041102" lon="37.828162"><ele>156.0</ele><time>2026-07-09T18:01:33Z</time><extensions><gpxtpx:TrackPointExtension><gpxtpx:hr>156</gpxtpx:hr></gpxtpx:TrackPointExtension></extensions></trkpt><trkpt lat="56.041087" lon="37.828215"><ele>156.0</ele><time>2026-07-09T18:01:34Z</time><extensions><gpxtpx:TrackPointExtension><gpxtpx:hr>156</gpxtpx:hr></gpxtpx:TrackPointExtension></extensions></trkpt><trkpt lat="56.041077" lon="37.828257"><ele>156.0</ele><time>2026-07-09T18:01:35Z</time><extensions><gpxtpx:TrackPointExtension><gpxtpx:hr>155</gpxtpx:hr></gpxtpx:TrackPointExtension></extensions></trkpt><trkpt lat="56.041067" lon="37.828307"><ele>155.8</ele><time>2026-07-09T18:01:36Z</time><extensions><gpxtpx:TrackPointExtension><gpxtpx:hr>155</gpxtpx:hr></gpxtpx:TrackPointExtension></extensions></trkpt><trkpt lat="56.041062" lon="37.828362"><ele>155.8</ele><time>2026-07-09T18:01:37Z</time><extensions><gpxtpx:TrackPointExtension><gpxtpx:hr>155</gpxtpx:hr></gpxtpx:TrackPointExtension></extensions></trkpt><trkpt lat="56.041062" lon="37.828405"><ele>155.8</ele><time>2026-07-09T18:01:38Z</time><extensions><gpxtpx:TrackPointExtension><gpxtpx:hr>155</gpxtpx:hr></gpxtpx:TrackPointExtension></extensions></trkpt><trkpt lat="56.041057" lon="37.828442"><ele>155.8</ele><time>2026-07-09T18:01:39Z</time><extensions><gpxtpx:TrackPointExtension><gpxtpx:hr>156</gpxtpx:hr></gpxtpx:TrackPointExtension></extensions></trkpt><trkpt lat="56.041055" lon="37.828482"><ele>155.8</ele><time>2026-07-09T18:01:40Z</time><extensions><gpxtpx:TrackPointExtension><gpxtpx:hr>156</gpxtpx:hr></gpxtpx:TrackPointExtension></extensions></trkpt><trkpt lat="56.041047" lon="37.828527"><ele>155.8</ele><time>2026-07-09T18:01:41Z</time><extensions><gpxtpx:TrackPointExtension><gpxtpx:hr>156</gpxtpx:hr></gpxtpx:TrackPointExtension></extensions></trkpt><trkpt lat="56.041042" lon="37.828572"><ele>155.8</ele><time>2026-07-09T18:01:42Z</time><extensions><gpxtpx:TrackPointExtension><gpxtpx:hr>156</gpxtpx:hr></gpxtpx:TrackPointExtension></extensions></trkpt><trkpt lat="56.041037" lon="37.828627"><ele>155.8</ele><time>2026-07-09T18:01:43Z</time><extensions><gpxtpx:TrackPointExtension><gpxtpx:hr>156</gpxtpx:hr></gpxtpx:TrackPointExtension></extensions></trkpt><trkpt lat="56.041032" lon="37.828675"><ele>155.8</ele><time>2026-07-09T18:01:44Z</time><extensions><gpxtpx:TrackPointExtension><gpxtpx:hr>156</gpxtpx:hr></gpxtpx:TrackPointExtension></extensions></trkpt><trkpt lat="56.041027" lon="37.82872"><ele>155.8</ele><time>2026-07-09T18:01:45Z</time><extensions><gpxtpx:TrackPointExtension><gpxtpx:hr>156</gpxtpx:hr></gpxtpx:TrackPointExtension></extensions></trkpt><trkpt lat="56.041022" lon="37.828777"><ele>155.8</ele><time>2026-07-09T18:01:46Z</time><extensions><gpxtpx:TrackPointExtension><gpxtpx:hr>156</gpxtpx:hr></gpxtpx:TrackPointExtension></extensions></trkpt><trkpt lat="56.041017" lon="37.828827"><ele>156.0</ele><time>2026-07-09T18:01:47Z</time><extensions><gpxtpx:TrackPointExtension><gpxtpx:hr>157</gpxtpx:hr></gpxtpx:TrackPointExtension></extensions></trkpt><trkpt lat="56.04101" lon="37.828882"><ele>155.8</ele><time>2026-07-09T18:01:48Z</time><extensions><gpxtpx:TrackPointExtension><gpxtpx:hr>157</gpxtpx:hr></gpxtpx:TrackPointExtension></extensions></trkpt><trkpt lat="56.04101" lon="37.828937"><ele>155.8</ele><time>2026-07-09T18:01:49Z</time><extensions><gpxtpx:TrackPointExtension><gpxtpx:hr>157</gpxtpx:hr></gpxtpx:TrackPointExtension></extensions></trkpt><trkpt lat="56.041005" lon="37.828977"><ele>155.8</ele><time>2026-07-09T18:01:50Z</time><extensions><gpxtpx:TrackPointExtension><gpxtpx:hr>157</gpxtpx:hr></gpxtpx:TrackPointExtension></extensions></trkpt><trkpt lat="56.040997" lon="37.829022"><ele>155.8</ele><time>2026-07-09T18:01:51Z</time><extensions><gpxtpx:TrackPointExtension><gpxtpx:hr>157</gpxtpx:hr></gpxtpx:TrackPointExtension></extensions></trkpt><trkpt lat="56.040982" lon="37.829067"><ele>155.8</ele><time>2026-07-09T18:01:52Z</time><extensions><gpxtpx:TrackPointExtension><gpxtpx:hr>157</gpxtpx:hr></gpxtpx:TrackPointExtension></extensions></trkpt><trkpt lat="56.040967" lon="37.829112"><ele>156.0</ele><time>2026-07-09T18:01:53Z</time><extensions><gpxtpx:TrackPointExtension><gpxtpx:hr>157</gpxtpx:hr></gpxtpx:TrackPointExtension></extensions></trkpt><trkpt lat="56.040947" lon="37.82915"><ele>156.0</ele><time>2026-07-09T18:01:54Z</time><extensions><gpxtpx:TrackPointExtension><gpxtpx:hr>157</gpxtpx:hr></gpxtpx:TrackPointExtension></extensions></trkpt><trkpt lat="56.040922" lon="37.829192"><ele>156.0</ele><time>2026-07-09T18:01:55Z</time><extensions><gpxtpx:TrackPointExtension><gpxtpx:hr>157</gpxtpx:hr></gpxtpx:TrackPointExtension></extensions></trkpt><trkpt lat="56.040897" lon="37.829227"><ele>156.0</ele><time>2026-07-09T18:01:56Z</time><extensions><gpxtpx:TrackPointExtension><gpxtpx:hr>157</gpxtpx:hr></gpxtpx:TrackPointExtension></extensions></trkpt><trkpt lat="56.040872" lon="37.829272"><ele>156.0</ele><time>2026-07-09T18:01:57Z</time><extensions><gpxtpx:TrackPointExtension><gpxtpx:hr>157</gpxtpx:hr></gpxtpx:TrackPointExtension></extensions></trkpt><trkpt lat="56.040847" lon="37.829315"><ele>155.8</ele><time>2026-07-09T18:01:58Z</time><extensions><gpxtpx:TrackPointExtension><gpxtpx:hr>158</gpxtpx:hr></gpxtpx:TrackPointExtension></extensions></trkpt><trkpt lat="56.040822" lon="37.829367"><ele>155.8</ele><time>2026-07-09T18:01:59Z</time><extensions><gpxtpx:TrackPointExtension><gpxtpx:hr>158</gpxtpx:hr></gpxtpx:TrackPointExtension></extensions></trkpt><trkpt lat="56.0408" lon="37.829412"><ele>155.8</ele><time>2026-07-09T18:02:00Z</time><extensions><gpxtpx:TrackPointExtension><gpxtpx:hr>158</gpxtpx:hr></gpxtpx:TrackPointExtension></extensions></trkpt><trkpt lat="56.04078" lon="37.829462"><ele>155.6</ele><time>2026-07-09T18:02:01Z</time><extensions><gpxtpx:TrackPointExtension><gpxtpx:hr>159</gpxtpx:hr></gpxtpx:TrackPointExtension></extensions></trkpt><trkpt lat="56.040762" lon="37.829507"><ele>155.6</ele><time>2026-07-09T18:02:02Z</time><extensions><gpxtpx:TrackPointExtension><gpxtpx:hr>159</gpxtpx:hr></gpxtpx:TrackPointExtension></extensions></trkpt><trkpt lat="56.040747" lon="37.82955"><ele>155.6</ele><time>2026-07-09T18:02:03Z</time><extensions><gpxtpx:TrackPointExtension><gpxtpx:hr>160</gpxtpx:hr></gpxtpx:TrackPointExtension></extensions></trkpt><trkpt lat="56.040733" lon="37.829597"><ele>155.6</ele><time>2026-07-09T18:02:04Z</time><extensions><gpxtpx:TrackPointExtension><gpxtpx:hr>159</gpxtpx:hr></gpxtpx:TrackPointExtension></extensions></trkpt><trkpt lat="56.040725" lon="37.82965"><ele>155.6</ele><time>2026-07-09T18:02:05Z</time><extensions><gpxtpx:TrackPointExtension><gpxtpx:hr>159</gpxtpx:hr></gpxtpx:TrackPointExtension></extensions></trkpt><trkpt lat="56.04072" lon="37.829697"><ele>155.6</ele><time>2026-07-09T18:02:06Z</time><extensions><gpxtpx:TrackPointExtension><gpxtpx:hr>159</gpxtpx:hr></gpxtpx:TrackPointExtension></extensions></trkpt><trkpt lat="56.040712" lon="37.829742"><ele>155.6</ele><time>2026-07-09T18:02:07Z</time><extensions><gpxtpx:TrackPointExtension><gpxtpx:hr>159</gpxtpx:hr></gpxtpx:TrackPointExtension></extensions></trkpt><trkpt lat="56.040707" lon="37.829787"><ele>155.8</ele><time>2026-07-09T18:02:08Z</time><extensions><gpxtpx:TrackPointExtension><gpxtpx:hr>160</gpxtpx:hr></gpxtpx:TrackPointExtension></extensions></trkpt><trkpt lat="56.040705" lon="37.829832"><ele>155.8</ele><time>2026-07-09T18:02:09Z</time><extensions><gpxtpx:TrackPointExtension><gpxtpx:hr>159</gpxtpx:hr></gpxtpx:TrackPointExtension></extensions></trkpt><trkpt lat="56.040695" lon="37.829882"><ele>155.8</ele><time>2026-07-09T18:02:10Z</time><extensions><gpxtpx:TrackPointExtension><gpxtpx:hr>159</gpxtpx:hr></gpxtpx:TrackPointExtension></extensions></trkpt><trkpt lat="56.040685" lon="37.829917"><ele>156.0</ele><time>2026-07-09T18:02:11Z</time><extensions><gpxtpx:TrackPointExtension><gpxtpx:hr>160</gpxtpx:hr></gpxtpx:TrackPointExtension></extensions></trkpt><trkpt lat="56.040672" lon="37.829965"><ele>156.0</ele><time>2026-07-09T18:02:12Z</time><extensions><gpxtpx:TrackPointExtension><gpxtpx:hr>159</gpxtpx:hr></gpxtpx:TrackPointExtension></extensions></trkpt><trkpt lat="56.040662" lon="37.83001"><ele>156.0</ele><time>2026-07-09T18:02:13Z</time><extensions><gpxtpx:TrackPointExtension><gpxtpx:hr>158</gpxtpx:hr></gpxtpx:TrackPointExtension></extensions></trkpt><trkpt lat="56.040652" lon="37.830057"><ele>156.0</ele><time>2026-07-09T18:02:14Z</time><extensions><gpxtpx:TrackPointExtension><gpxtpx:hr>158</gpxtpx:hr></gpxtpx:TrackPointExtension></extensions></trkpt><trkpt lat="56.040642" lon="37.830105"><ele>156.0</ele><time>2026-07-09T18:02:15Z</time><extensions><gpxtpx:TrackPointExtension><gpxtpx:hr>158</gpxtpx:hr></gpxtpx:TrackPointExtension></extensions></trkpt><trkpt lat="56.040632" lon="37.830157"><ele>155.8</ele><time>2026-07-09T18:02:16Z</time><extensions><gpxtpx:TrackPointExtension><gpxtpx:hr>158</gpxtpx:hr></gpxtpx:TrackPointExtension></extensions></trkpt><trkpt lat="56.040627" lon="37.830202"><ele>155.8</ele><time>2026-07-09T18:02:17Z</time><extensions><gpxtpx:TrackPointExtension><gpxtpx:hr>158</gpxtpx:hr></gpxtpx:TrackPointExtension></extensions></trkpt><trkpt lat="56.040622" lon="37.830243"><ele>155.8</ele><time>2026-07-09T18:02:18Z</time><extensions><gpxtpx:TrackPointExtension><gpxtpx:hr>159</gpxtpx:hr></gpxtpx:TrackPointExtension></extensions></trkpt><trkpt lat="56.04062" lon="37.830287"><ele>155.8</ele><time>2026-07-09T18:02:19Z</time><extensions><gpxtpx:TrackPointExtension><gpxtpx:hr>159</gpxtpx:hr></gpxtpx:TrackPointExtension></extensions></trkpt><trkpt lat="56.040612" lon="37.830337"><ele>155.8</ele><time>2026-07-09T18:02:20Z</time><extensions><gpxtpx:TrackPointExtension><gpxtpx:hr>158</gpxtpx:hr></gpxtpx:TrackPointExtension></extensions></trkpt><trkpt lat="56.040602" lon="37.830377"><ele>155.8</ele><time>2026-07-09T18:02:21Z</time><extensions><gpxtpx:TrackPointExtension><gpxtpx:hr>158</gpxtpx:hr></gpxtpx:TrackPointExtension></extensions></trkpt><trkpt lat="56.040597" lon="37.83043"><ele>155.8</ele><time>2026-07-09T18:02:22Z</time><extensions><gpxtpx:TrackPointExtension><gpxtpx:hr>158</gpxtpx:hr></gpxtpx:TrackPointExtension></extensions></trkpt><trkpt lat="56.040592" lon="37.83048"><ele>156.0</ele><time>2026-07-09T18:02:23Z</time><extensions><gpxtpx:TrackPointExtension><gpxtpx:hr>158</gpxtpx:hr></gpxtpx:TrackPointExtension></extensions></trkpt><trkpt lat="56.040587" lon="37.830525"><ele>156.0</ele><time>2026-07-09T18:02:24Z</time><extensions><gpxtpx:TrackPointExtension><gpxtpx:hr>158</gpxtpx:hr></gpxtpx:TrackPointExtension></extensions></trkpt><trkpt lat="56.040582" lon="37.830567"><ele>156.0</ele><time>2026-07-09T18:02:25Z</time><extensions><gpxtpx:TrackPointExtension><gpxtpx:hr>158</gpxtpx:hr></gpxtpx:TrackPointExtension></extensions></trkpt><trkpt lat="56.040577" lon="37.830615"><ele>156.0</ele><time>2026-07-09T18:02:26Z</time><extensions><gpxtpx:TrackPointExtension><gpxtpx:hr>158</gpxtpx:hr></gpxtpx:TrackPointExtension></extensions></trkpt><trkpt lat="56.04056" lon="37.830667"><ele>156.0</ele><time>2026-07-09T18:02:27Z</time><extensions><gpxtpx:TrackPointExtension><gpxtpx:hr>158</gpxtpx:hr></gpxtpx:TrackPointExtension></extensions></trkpt><trkpt lat="56.040535" lon="37.830727"><ele>155.8</ele><time>2026-07-09T18:02:28Z</time><extensions><gpxtpx:TrackPointExtension><gpxtpx:hr>158</gpxtpx:hr></gpxtpx:TrackPointExtension></extensions></trkpt><trkpt lat="56.040517" lon="37.830777"><ele>155.8</ele><time>2026-07-09T18:02:29Z</time><extensions><gpxtpx:TrackPointExtension><gpxtpx:hr>159</gpxtpx:hr></gpxtpx:TrackPointExtension></extensions></trkpt><trkpt lat="56.040495" lon="37.830827"><ele>155.8</ele><time>2026-07-09T18:02:30Z</time><extensions><gpxtpx:TrackPointExtension><gpxtpx:hr>159</gpxtpx:hr></gpxtpx:TrackPointExtension></extensions></trkpt><trkpt lat="56.040477" lon="37.83087"><ele>155.8</ele><time>2026-07-09T18:02:31Z</time><extensions><gpxtpx:TrackPointExtension><gpxtpx:hr>159</gpxtpx:hr></gpxtpx:TrackPointExtension></extensions></trkpt><trkpt lat="56.040457" lon="37.830912"><ele>155.8</ele><time>2026-07-09T18:02:32Z</time><extensions><gpxtpx:TrackPointExtension><gpxtpx:hr>159</gpxtpx:hr></gpxtpx:TrackPointExtension></extensions></trkpt><trkpt lat="56.040438" lon="37.830957"><ele>155.8</ele><time>2026-07-09T18:02:33Z</time><extensions><gpxtpx:TrackPointExtension><gpxtpx:hr>159</gpxtpx:hr></gpxtpx:TrackPointExtension></extensions></trkpt><trkpt lat="56.040417" lon="37.831012"><ele>155.8</ele><time>2026-07-09T18:02:34Z</time><extensions><gpxtpx:TrackPointExtension><gpxtpx:hr>160</gpxtpx:hr></gpxtpx:TrackPointExtension></extensions></trkpt><trkpt lat="56.040402" lon="37.831055"><ele>155.8</ele><time>2026-07-09T18:02:35Z</time><extensions><gpxtpx:TrackPointExtension><gpxtpx:hr>159</gpxtpx:hr></gpxtpx:TrackPointExtension></extensions></trkpt><trkpt lat="56.040387" lon="37.831097"><ele>155.8</ele><time>2026-07-09T18:02:36Z</time><extensions><gpxtpx:TrackPointExtension><gpxtpx:hr>159</gpxtpx:hr></gpxtpx:TrackPointExtension></extensions></trkpt><trkpt lat="56.040372" lon="37.831145"><ele>155.8</ele><time>2026-07-09T18:02:37Z</time><extensions><gpxtpx:TrackPointExtension><gpxtpx:hr>159</gpxtpx:hr></gpxtpx:TrackPointExtension></extensions></trkpt><trkpt lat="56.040352" lon="37.831192"><ele>155.8</ele><time>2026-07-09T18:02:38Z</time><extensions><gpxtpx:TrackPointExtension><gpxtpx:hr>159</gpxtpx:hr></gpxtpx:TrackPointExtension></extensions></trkpt><trkpt lat="56.040337" lon="37.831235"><ele>155.8</ele><time>2026-07-09T18:02:39Z</time><extensions><gpxtpx:TrackPointExtension><gpxtpx:hr>159</gpxtpx:hr></gpxtpx:TrackPointExtension></extensions></trkpt><trkpt lat="56.040322" lon="37.83128"><ele>155.8</ele><time>2026-07-09T18:02:40Z</time><extensions><gpxtpx:TrackPointExtension><gpxtpx:hr>159</gpxtpx:hr></gpxtpx:TrackPointExtension></extensions></trkpt><trkpt lat="56.040302" lon="37.831327"><ele>155.8</ele><time>2026-07-09T18:02:41Z</time><extensions><gpxtpx:TrackPointExtension><gpxtpx:hr>160</gpxtpx:hr></gpxtpx:TrackPointExtension></extensions></trkpt><trkpt lat="56.040287" lon="37.831367"><ele>155.8</ele><time>2026-07-09T18:02:42Z</time><extensions><gpxtpx:TrackPointExtension><gpxtpx:hr>160</gpxtpx:hr></gpxtpx:TrackPointExtension></extensions></trkpt><trkpt lat="56.040272" lon="37.831402"><ele>155.8</ele><time>2026-07-09T18:02:43Z</time><extensions><gpxtpx:TrackPointExtension><gpxtpx:hr>160</gpxtpx:hr></gpxtpx:TrackPointExtension></extensions></trkpt><trkpt lat="56.040262" lon="37.831437"><ele>155.8</ele><time>2026-07-09T18:02:44Z</time><extensions><gpxtpx:TrackPointExtension><gpxtpx:hr>160</gpxtpx:hr></gpxtpx:TrackPointExtension></extensions></trkpt><trkpt lat="56.04024" lon="37.83148"><ele>155.8</ele><time>2026-07-09T18:02:45Z</time><extensions><gpxtpx:TrackPointExtension><gpxtpx:hr>161</gpxtpx:hr></gpxtpx:TrackPointExtension></extensions></trkpt><trkpt lat="56.040222" lon="37.83152"><ele>155.8</ele><time>2026-07-09T18:02:46Z</time><extensions><gpxtpx:TrackPointExtension><gpxtpx:hr>160</gpxtpx:hr></gpxtpx:TrackPointExtension></extensions></trkpt><trkpt lat="56.040205" lon="37.831572"><ele>155.8</ele><time>2026-07-09T18:02:47Z</time><extensions><gpxtpx:TrackPointExtension><gpxtpx:hr>160</gpxtpx:hr></gpxtpx:TrackPointExtension></extensions></trkpt><trkpt lat="56.040187" lon="37.831615"><ele>155.8</ele><time>2026-07-09T18:02:48Z</time><extensions><gpxtpx:TrackPointExtension><gpxtpx:hr>161</gpxtpx:hr></gpxtpx:TrackPointExtension></extensions></trkpt><trkpt lat="56.040175" lon="37.831655"><ele>155.8</ele><time>2026-07-09T18:02:49Z</time><extensions><gpxtpx:TrackPointExtension><gpxtpx:hr>160</gpxtpx:hr></gpxtpx:TrackPointExtension></extensions></trkpt><trkpt lat="56.040162" lon="37.831697"><ele>155.8</ele><time>2026-07-09T18:02:50Z</time><extensions><gpxtpx:TrackPointExtension><gpxtpx:hr>160</gpxtpx:hr></gpxtpx:TrackPointExtension></extensions></trkpt><trkpt lat="56.040147" lon="37.83174"><ele>155.6</ele><time>2026-07-09T18:02:51Z</time><extensions><gpxtpx:TrackPointExtension><gpxtpx:hr>160</gpxtpx:hr></gpxtpx:TrackPointExtension></extensions></trkpt><trkpt lat="56.040128" lon="37.831787"><ele>155.6</ele><time>2026-07-09T18:02:52Z</time><extensions><gpxtpx:TrackPointExtension><gpxtpx:hr>161</gpxtpx:hr></gpxtpx:TrackPointExtension></extensions></trkpt><trkpt lat="56.040117" lon="37.831832"><ele>155.6</ele><time>2026-07-09T18:02:53Z</time><extensions><gpxtpx:TrackPointExtension><gpxtpx:hr>160</gpxtpx:hr></gpxtpx:TrackPointExtension></extensions></trkpt><trkpt lat="56.0401" lon="37.831875"><ele>155.6</ele><time>2026-07-09T18:02:54Z</time><extensions><gpxtpx:TrackPointExtension><gpxtpx:hr>160</gpxtpx:hr></gpxtpx:TrackPointExtension></extensions></trkpt><trkpt lat="56.040082" lon="37.831917"><ele>155.6</ele><time>2026-07-09T18:02:55Z</time><extensions><gpxtpx:TrackPointExtension><gpxtpx:hr>160</gpxtpx:hr></gpxtpx:TrackPointExtension></extensions></trkpt><trkpt lat="56.040065" lon="37.831957"><ele>155.6</ele><time>2026-07-09T18:02:56Z</time><extensions><gpxtpx:TrackPointExtension><gpxtpx:hr>161</gpxtpx:hr></gpxtpx:TrackPointExtension></extensions></trkpt><trkpt lat="56.040052" lon="37.831987"><ele>155.6</ele><time>2026-07-09T18:02:57Z</time><extensions><gpxtpx:TrackPointExtension><gpxtpx:hr>160</gpxtpx:hr></gpxtpx:TrackPointExtension></extensions></trkpt><trkpt lat="56.040037" lon="37.832027"><ele>155.6</ele><time>2026-07-09T18:02:58Z</time><extensions><gpxtpx:TrackPointExtension><gpxtpx:hr>160</gpxtpx:hr></gpxtpx:TrackPointExtension></extensions></trkpt><trkpt lat="56.04002" lon="37.832067"><ele>155.6</ele><time>2026-07-09T18:02:59Z</time><extensions><gpxtpx:TrackPointExtension><gpxtpx:hr>160</gpxtpx:hr></gpxtpx:TrackPointExtension></extensions></trkpt><trkpt lat="56.040005" lon="37.83211"><ele>155.6</ele><time>2026-07-09T18:03:00Z</time><extensions><gpxtpx:TrackPointExtension><gpxtpx:hr>160</gpxtpx:hr></gpxtpx:TrackPointExtension></extensions></trkpt><trkpt lat="56.039992" lon="37.832147"><ele>155.6</ele><time>2026-07-09T18:03:01Z</time><extensions><gpxtpx:TrackPointExtension><gpxtpx:hr>160</gpxtpx:hr></gpxtpx:TrackPointExtension></extensions></trkpt><trkpt lat="56.039977" lon="37.832185"><ele>155.6</ele><time>2026-07-09T18:03:02Z</time><extensions><gpxtpx:TrackPointExtension><gpxtpx:hr>160</gpxtpx:hr></gpxtpx:TrackPointExtension></extensions></trkpt><trkpt lat="56.039957" lon="37.832225"><ele>155.6</ele><time>2026-07-09T18:03:03Z</time><extensions><gpxtpx:TrackPointExtension><gpxtpx:hr>159</gpxtpx:hr></gpxtpx:TrackPointExtension></extensions></trkpt><trkpt lat="56.039942" lon="37.832267"><ele>155.6</ele><time>2026-07-09T18:03:04Z</time><extensions><gpxtpx:TrackPointExtension><gpxtpx:hr>160</gpxtpx:hr></gpxtpx:TrackPointExtension></extensions></trkpt><trkpt lat="56.039922" lon="37.83231"><ele>155.6</ele><time>2026-07-09T18:03:05Z</time><extensions><gpxtpx:TrackPointExtension><gpxtpx:hr>160</gpxtpx:hr></gpxtpx:TrackPointExtension></extensions></trkpt><trkpt lat="56.039907" lon="37.83235"><ele>155.6</ele><time>2026-07-09T18:03:06Z</time><extensions><gpxtpx:TrackPointExtension><gpxtpx:hr>159</gpxtpx:hr></gpxtpx:TrackPointExtension></extensions></trkpt><trkpt lat="56.039892" lon="37.832387"><ele>155.6</ele><time>2026-07-09T18:03:07Z</time><extensions><gpxtpx:TrackPointExtension><gpxtpx:hr>159</gpxtpx:hr></gpxtpx:TrackPointExtension></extensions></trkpt><trkpt lat="56.039872" lon="37.832437"><ele>155.6</ele><time>2026-07-09T18:03:08Z</time><extensions><gpxtpx:TrackPointExtension><gpxtpx:hr>159</gpxtpx:hr></gpxtpx:TrackPointExtension></extensions></trkpt><trkpt lat="56.039857" lon="37.83248"><ele>155.4</ele><time>2026-07-09T18:03:09Z</time><extensions><gpxtpx:TrackPointExtension><gpxtpx:hr>159</gpxtpx:hr></gpxtpx:TrackPointExtension></extensions></trkpt><trkpt lat="56.039842" lon="37.832523"><ele>155.4</ele><time>2026-07-09T18:03:10Z</time><extensions><gpxtpx:TrackPointExtension><gpxtpx:hr>160</gpxtpx:hr></gpxtpx:TrackPointExtension></extensions></trkpt><trkpt lat="56.039827" lon="37.832572"><ele>155.4</ele><time>2026-07-09T18:03:11Z</time><extensions><gpxtpx:TrackPointExtension><gpxtpx:hr>160</gpxtpx:hr></gpxtpx:TrackPointExtension></extensions></trkpt><trkpt lat="56.039817" lon="37.83261"><ele>155.4</ele><time>2026-07-09T18:03:12Z</time><extensions><gpxtpx:TrackPointExtension><gpxtpx:hr>159</gpxtpx:hr></gpxtpx:TrackPointExtension></extensions></trkpt><trkpt lat="56.039802" lon="37.832657"><ele>155.2</ele><time>2026-07-09T18:03:13Z</time><extensions><gpxtpx:TrackPointExtension><gpxtpx:hr>159</gpxtpx:hr></gpxtpx:TrackPointExtension></extensions></trkpt><trkpt lat="56.039795" lon="37.832697"><ele>155.2</ele><time>2026-07-09T18:03:14Z</time><extensions><gpxtpx:TrackPointExtension><gpxtpx:hr>159</gpxtpx:hr></gpxtpx:TrackPointExtension></extensions></trkpt><trkpt lat="56.039785" lon="37.832737"><ele>155.2</ele><time>2026-07-09T18:03:15Z</time><extensions><gpxtpx:TrackPointExtension><gpxtpx:hr>159</gpxtpx:hr></gpxtpx:TrackPointExtension></extensions></trkpt><trkpt lat="56.039772" lon="37.83278"><ele>155.4</ele><time>2026-07-09T18:03:16Z</time><extensions><gpxtpx:TrackPointExtension><gpxtpx:hr>160</gpxtpx:hr></gpxtpx:TrackPointExtension></extensions></trkpt><trkpt lat="56.039752" lon="37.832818"><ele>155.2</ele><time>2026-07-09T18:03:17Z</time><extensions><gpxtpx:TrackPointExtension><gpxtpx:hr>159</gpxtpx:hr></gpxtpx:TrackPointExtension></extensions></trkpt><trkpt lat="56.039732" lon="37.83286"><ele>155.4</ele><time>2026-07-09T18:03:18Z</time><extensions><gpxtpx:TrackPointExtension><gpxtpx:hr>160</gpxtpx:hr></gpxtpx:TrackPointExtension></extensions></trkpt><trkpt lat="56.039715" lon="37.832897"><ele>155.2</ele><time>2026-07-09T18:03:19Z</time><extensions><gpxtpx:TrackPointExtension><gpxtpx:hr>159</gpxtpx:hr></gpxtpx:TrackPointExtension></extensions></trkpt><trkpt lat="56.039697" lon="37.832932"><ele>155.2</ele><time>2026-07-09T18:03:20Z</time><extensions><gpxtpx:TrackPointExtension><gpxtpx:hr>159</gpxtpx:hr></gpxtpx:TrackPointExtension></extensions></trkpt><trkpt lat="56.039678" lon="37.832967"><ele>155.2</ele><time>2026-07-09T18:03:21Z</time><extensions><gpxtpx:TrackPointExtension><gpxtpx:hr>159</gpxtpx:hr></gpxtpx:TrackPointExtension></extensions></trkpt><trkpt lat="56.039665" lon="37.833012"><ele>155.2</ele><time>2026-07-09T18:03:22Z</time><extensions><gpxtpx:TrackPointExtension><gpxtpx:hr>159</gpxtpx:hr></gpxtpx:TrackPointExtension></extensions></trkpt><trkpt lat="56.039652" lon="37.83305"><ele>155.2</ele><time>2026-07-09T18:03:23Z</time><extensions><gpxtpx:TrackPointExtension><gpxtpx:hr>159</gpxtpx:hr></gpxtpx:TrackPointExtension></extensions></trkpt><trkpt lat="56.03964" lon="37.833087"><ele>155.2</ele><time>2026-07-09T18:03:24Z</time><extensions><gpxtpx:TrackPointExtension><gpxtpx:hr>160</gpxtpx:hr></gpxtpx:TrackPointExtension></extensions></trkpt><trkpt lat="56.039625" lon="37.833137"><ele>155.4</ele><time>2026-07-09T18:03:25Z</time><extensions><gpxtpx:TrackPointExtension><gpxtpx:hr>159</gpxtpx:hr></gpxtpx:TrackPointExtension></extensions></trkpt><trkpt lat="56.039607" lon="37.833177"><ele>155.4</ele><time>2026-07-09T18:03:26Z</time><extensions><gpxtpx:TrackPointExtension><gpxtpx:hr>160</gpxtpx:hr></gpxtpx:TrackPointExtension></extensions></trkpt><trkpt lat="56.03959" lon="37.833217"><ele>155.4</ele><time>2026-07-09T18:03:27Z</time><extensions><gpxtpx:TrackPointExtension><gpxtpx:hr>160</gpxtpx:hr></gpxtpx:TrackPointExtension></extensions></trkpt><trkpt lat="56.03957" lon="37.833257"><ele>155.4</ele><time>2026-07-09T18:03:28Z</time><extensions><gpxtpx:TrackPointExtension><gpxtpx:hr>159</gpxtpx:hr></gpxtpx:TrackPointExtension></extensions></trkpt><trkpt lat="56.039547" lon="37.833287"><ele>155.4</ele><time>2026-07-09T18:03:29Z</time><extensions><gpxtpx:TrackPointExtension><gpxtpx:hr>159</gpxtpx:hr></gpxtpx:TrackPointExtension></extensions></trkpt><trkpt lat="56.039535" lon="37.833327"><ele>155.6</ele><time>2026-07-09T18:03:30Z</time><extensions><gpxtpx:TrackPointExtension><gpxtpx:hr>159</gpxtpx:hr></gpxtpx:TrackPointExtension></extensions></trkpt><trkpt lat="56.039517" lon="37.833367"><ele>155.8</ele><time>2026-07-09T18:03:31Z</time><extensions><gpxtpx:TrackPointExtension><gpxtpx:hr>159</gpxtpx:hr></gpxtpx:TrackPointExtension></extensions></trkpt><trkpt lat="56.039505" lon="37.833405"><ele>155.8</ele><time>2026-07-09T18:03:32Z</time><extensions><gpxtpx:TrackPointExtension><gpxtpx:hr>160</gpxtpx:hr></gpxtpx:TrackPointExtension></extensions></trkpt><trkpt lat="56.039492" lon="37.833437"><ele>156.0</ele><time>2026-07-09T18:03:33Z</time><extensions><gpxtpx:TrackPointExtension><gpxtpx:hr>159</gpxtpx:hr></gpxtpx:TrackPointExtension></extensions></trkpt><trkpt lat="56.039477" lon="37.833482"><ele>156.0</ele><time>2026-07-09T18:03:34Z</time><extensions><gpxtpx:TrackPointExtension><gpxtpx:hr>159</gpxtpx:hr></gpxtpx:TrackPointExtension></extensions></trkpt><trkpt lat="56.039462" lon="37.833525"><ele>156.0</ele><time>2026-07-09T18:03:35Z</time><extensions><gpxtpx:TrackPointExtension><gpxtpx:hr>159</gpxtpx:hr></gpxtpx:TrackPointExtension></extensions></trkpt><trkpt lat="56.039447" lon="37.833565"><ele>156.0</ele><time>2026-07-09T18:03:36Z</time><extensions><gpxtpx:TrackPointExtension><gpxtpx:hr>159</gpxtpx:hr></gpxtpx:TrackPointExtension></extensions></trkpt><trkpt lat="56.039432" lon="37.833602"><ele>155.8</ele><time>2026-07-09T18:03:37Z</time><extensions><gpxtpx:TrackPointExtension><gpxtpx:hr>159</gpxtpx:hr></gpxtpx:TrackPointExtension></extensions></trkpt><trkpt lat="56.03942" lon="37.833642"><ele>155.8</ele><time>2026-07-09T18:03:38Z</time><extensions><gpxtpx:TrackPointExtension><gpxtpx:hr>159</gpxtpx:hr></gpxtpx:TrackPointExtension></extensions></trkpt><trkpt lat="56.039407" lon="37.833682"><ele>155.8</ele><time>2026-07-09T18:03:39Z</time><extensions><gpxtpx:TrackPointExtension><gpxtpx:hr>159</gpxtpx:hr></gpxtpx:TrackPointExtension></extensions></trkpt><trkpt lat="56.039395" lon="37.833727"><ele>156.0</ele><time>2026-07-09T18:03:40Z</time><extensions><gpxtpx:TrackPointExtension><gpxtpx:hr>159</gpxtpx:hr></gpxtpx:TrackPointExtension></extensions></trkpt><trkpt lat="56.039387" lon="37.833772"><ele>156.0</ele><time>2026-07-09T18:03:41Z</time><extensions><gpxtpx:TrackPointExtension><gpxtpx:hr>159</gpxtpx:hr></gpxtpx:TrackPointExtension></extensions></trkpt><trkpt lat="56.039368" lon="37.83382"><ele>155.8</ele><time>2026-07-09T18:03:42Z</time><extensions><gpxtpx:TrackPointExtension><gpxtpx:hr>159</gpxtpx:hr></gpxtpx:TrackPointExtension></extensions></trkpt><trkpt lat="56.039357" lon="37.833862"><ele>155.8</ele><time>2026-07-09T18:03:43Z</time><extensions><gpxtpx:TrackPointExtension><gpxtpx:hr>159</gpxtpx:hr></gpxtpx:TrackPointExtension></extensions></trkpt><trkpt lat="56.039342" lon="37.83391"><ele>155.6</ele><time>2026-07-09T18:03:44Z</time><extensions><gpxtpx:TrackPointExtension><gpxtpx:hr>158</gpxtpx:hr></gpxtpx:TrackPointExtension></extensions></trkpt><trkpt lat="56.03933" lon="37.833952"><ele>155.6</ele><time>2026-07-09T18:03:45Z</time><extensions><gpxtpx:TrackPointExtension><gpxtpx:hr>159</gpxtpx:hr></gpxtpx:TrackPointExtension></extensions></trkpt><trkpt lat="56.039312" lon="37.833995"><ele>155.6</ele><time>2026-07-09T18:03:46Z</time><extensions><gpxtpx:TrackPointExtension><gpxtpx:hr>158</gpxtpx:hr></gpxtpx:TrackPointExtension></extensions></trkpt><trkpt lat="56.039298" lon="37.834045"><ele>155.6</ele><time>2026-07-09T18:03:47Z</time><extensions><gpxtpx:TrackPointExtension><gpxtpx:hr>158</gpxtpx:hr></gpxtpx:TrackPointExtension></extensions></trkpt><trkpt lat="56.039285" lon="37.834102"><ele>155.6</ele><time>2026-07-09T18:03:48Z</time><extensions><gpxtpx:TrackPointExtension><gpxtpx:hr>158</gpxtpx:hr></gpxtpx:TrackPointExtension></extensions></trkpt><trkpt lat="56.039272" lon="37.83415"><ele>155.6</ele><time>2026-07-09T18:03:49Z</time><extensions><gpxtpx:TrackPointExtension><gpxtpx:hr>158</gpxtpx:hr></gpxtpx:TrackPointExtension></extensions></trkpt><trkpt lat="56.03926" lon="37.834182"><ele>155.8</ele><time>2026-07-09T18:03:50Z</time><extensions><gpxtpx:TrackPointExtension><gpxtpx:hr>158</gpxtpx:hr></gpxtpx:TrackPointExtension></extensions></trkpt><trkpt lat="56.03925" lon="37.834235"><ele>155.6</ele><time>2026-07-09T18:03:51Z</time><extensions><gpxtpx:TrackPointExtension><gpxtpx:hr>158</gpxtpx:hr></gpxtpx:TrackPointExtension></extensions></trkpt><trkpt lat="56.039247" lon="37.834285"><ele>155.6</ele><time>2026-07-09T18:03:52Z</time><extensions><gpxtpx:TrackPointExtension><gpxtpx:hr>158</gpxtpx:hr></gpxtpx:TrackPointExtension></extensions></trkpt><trkpt lat="56.039247" lon="37.834335"><ele>155.6</ele><time>2026-07-09T18:03:53Z</time><extensions><gpxtpx:TrackPointExtension><gpxtpx:hr>157</gpxtpx:hr></gpxtpx:TrackPointExtension></extensions></trkpt><trkpt lat="56.039245" lon="37.834387"><ele>155.6</ele><time>2026-07-09T18:03:54Z</time><extensions><gpxtpx:TrackPointExtension><gpxtpx:hr>157</gpxtpx:hr></gpxtpx:TrackPointExtension></extensions></trkpt><trkpt lat="56.039247" lon="37.834447"><ele>155.6</ele><time>2026-07-09T18:03:55Z</time><extensions><gpxtpx:TrackPointExtension><gpxtpx:hr>157</gpxtpx:hr></gpxtpx:TrackPointExtension></extensions></trkpt><trkpt lat="56.039247" lon="37.8345"><ele>155.6</ele><time>2026-07-09T18:03:56Z</time><extensions><gpxtpx:TrackPointExtension><gpxtpx:hr>157</gpxtpx:hr></gpxtpx:TrackPointExtension></extensions></trkpt><trkpt lat="56.039247" lon="37.834542"><ele>155.6</ele><time>2026-07-09T18:03:57Z</time><extensions><gpxtpx:TrackPointExtension><gpxtpx:hr>157</gpxtpx:hr></gpxtpx:TrackPointExtension></extensions></trkpt><trkpt lat="56.039242" lon="37.834587"><ele>155.6</ele><time>2026-07-09T18:03:58Z</time><extensions><gpxtpx:TrackPointExtension><gpxtpx:hr>156</gpxtpx:hr></gpxtpx:TrackPointExtension></extensions></trkpt><trkpt lat="56.039232" lon="37.834642"><ele>155.6</ele><time>2026-07-09T18:03:59Z</time><extensions><gpxtpx:TrackPointExtension><gpxtpx:hr>156</gpxtpx:hr></gpxtpx:TrackPointExtension></extensions></trkpt><trkpt lat="56.039225" lon="37.834695"><ele>155.6</ele><time>2026-07-09T18:04:00Z</time><extensions><gpxtpx:TrackPointExtension><gpxtpx:hr>155</gpxtpx:hr></gpxtpx:TrackPointExtension></extensions></trkpt><trkpt lat="56.039222" lon="37.834745"><ele>155.6</ele><time>2026-07-09T18:04:01Z</time><extensions><gpxtpx:TrackPointExtension><gpxtpx:hr>155</gpxtpx:hr></gpxtpx:TrackPointExtension></extensions></trkpt><trkpt lat="56.039222" lon="37.834795"><ele>155.4</ele><time>2026-07-09T18:04:02Z</time><extensions><gpxtpx:TrackPointExtension><gpxtpx:hr>154</gpxtpx:hr></gpxtpx:TrackPointExtension></extensions></trkpt><trkpt lat="56.03923" lon="37.834837"><ele>155.4</ele><time>2026-07-09T18:04:03Z</time><extensions><gpxtpx:TrackPointExtension><gpxtpx:hr>155</gpxtpx:hr></gpxtpx:TrackPointExtension></extensions></trkpt><trkpt lat="56.03924" lon="37.834882"><ele>155.4</ele><time>2026-07-09T18:04:04Z</time><extensions><gpxtpx:TrackPointExtension><gpxtpx:hr>155</gpxtpx:hr></gpxtpx:TrackPointExtension></extensions></trkpt><trkpt lat="56.039252" lon="37.83492"><ele>155.4</ele><time>2026-07-09T18:04:05Z</time><extensions><gpxtpx:TrackPointExtension><gpxtpx:hr>155</gpxtpx:hr></gpxtpx:TrackPointExtension></extensions></trkpt><trkpt lat="56.039262" lon="37.834962"><ele>155.4</ele><time>2026-07-09T18:04:06Z</time><extensions><gpxtpx:TrackPointExtension><gpxtpx:hr>155</gpxtpx:hr></gpxtpx:TrackPointExtension></extensions></trkpt><trkpt lat="56.039262" lon="37.835012"><ele>155.4</ele><time>2026-07-09T18:04:07Z</time><extensions><gpxtpx:TrackPointExtension><gpxtpx:hr>156</gpxtpx:hr></gpxtpx:TrackPointExtension></extensions></trkpt><trkpt lat="56.039267" lon="37.835062"><ele>155.4</ele><time>2026-07-09T18:04:08Z</time><extensions><gpxtpx:TrackPointExtension><gpxtpx:hr>156</gpxtpx:hr></gpxtpx:TrackPointExtension></extensions></trkpt><trkpt lat="56.03927" lon="37.835117"><ele>155.4</ele><time>2026-07-09T18:04:09Z</time><extensions><gpxtpx:TrackPointExtension><gpxtpx:hr>156</gpxtpx:hr></gpxtpx:TrackPointExtension></extensions></trkpt><trkpt lat="56.039272" lon="37.835167"><ele>155.4</ele><time>2026-07-09T18:04:10Z</time><extensions><gpxtpx:TrackPointExtension><gpxtpx:hr>156</gpxtpx:hr></gpxtpx:TrackPointExtension></extensions></trkpt><trkpt lat="56.039267" lon="37.835227"><ele>155.4</ele><time>2026-07-09T18:04:11Z</time><extensions><gpxtpx:TrackPointExtension><gpxtpx:hr>156</gpxtpx:hr></gpxtpx:TrackPointExtension></extensions></trkpt><trkpt lat="56.03927" lon="37.835282"><ele>155.4</ele><time>2026-07-09T18:04:12Z</time><extensions><gpxtpx:TrackPointExtension><gpxtpx:hr>156</gpxtpx:hr></gpxtpx:TrackPointExtension></extensions></trkpt><trkpt lat="56.03927" lon="37.835332"><ele>155.6</ele><time>2026-07-09T18:04:13Z</time><extensions><gpxtpx:TrackPointExtension><gpxtpx:hr>156</gpxtpx:hr></gpxtpx:TrackPointExtension></extensions></trkpt><trkpt lat="56.039272" lon="37.835382"><ele>155.6</ele><time>2026-07-09T18:04:14Z</time><extensions><gpxtpx:TrackPointExtension><gpxtpx:hr>156</gpxtpx:hr></gpxtpx:TrackPointExtension></extensions></trkpt><trkpt lat="56.039277" lon="37.835437"><ele>155.6</ele><time>2026-07-09T18:04:15Z</time><extensions><gpxtpx:TrackPointExtension><gpxtpx:hr>156</gpxtpx:hr></gpxtpx:TrackPointExtension></extensions></trkpt><trkpt lat="56.039272" lon="37.835492"><ele>155.6</ele><time>2026-07-09T18:04:16Z</time><extensions><gpxtpx:TrackPointExtension><gpxtpx:hr>157</gpxtpx:hr></gpxtpx:TrackPointExtension></extensions></trkpt><trkpt lat="56.039267" lon="37.835547"><ele>155.6</ele><time>2026-07-09T18:04:17Z</time><extensions><gpxtpx:TrackPointExtension><gpxtpx:hr>156</gpxtpx:hr></gpxtpx:TrackPointExtension></extensions></trkpt><trkpt lat="56.039252" lon="37.835607"><ele>155.6</ele><time>2026-07-09T18:04:18Z</time><extensions><gpxtpx:TrackPointExtension><gpxtpx:hr>156</gpxtpx:hr></gpxtpx:TrackPointExtension></extensions></trkpt><trkpt lat="56.039242" lon="37.835652"><ele>155.4</ele><time>2026-07-09T18:04:19Z</time><extensions><gpxtpx:TrackPointExtension><gpxtpx:hr>156</gpxtpx:hr></gpxtpx:TrackPointExtension></extensions></trkpt><trkpt lat="56.039225" lon="37.83571"><ele>155.4</ele><time>2026-07-09T18:04:20Z</time><extensions><gpxtpx:TrackPointExtension><gpxtpx:hr>156</gpxtpx:hr></gpxtpx:TrackPointExtension></extensions></trkpt><trkpt lat="56.039202" lon="37.835747"><ele>155.4</ele><time>2026-07-09T18:04:21Z</time><extensions><gpxtpx:TrackPointExtension><gpxtpx:hr>156</gpxtpx:hr></gpxtpx:TrackPointExtension></extensions></trkpt><trkpt lat="56.039182" lon="37.835777"><ele>155.2</ele><time>2026-07-09T18:04:22Z</time><extensions><gpxtpx:TrackPointExtension><gpxtpx:hr>156</gpxtpx:hr></gpxtpx:TrackPointExtension></extensions></trkpt><trkpt lat="56.039157" lon="37.835807"><ele>155.2</ele><time>2026-07-09T18:04:23Z</time><extensions><gpxtpx:TrackPointExtension><gpxtpx:hr>156</gpxtpx:hr></gpxtpx:TrackPointExtension></extensions></trkpt><trkpt lat="56.03914" lon="37.835847"><ele>155.2</ele><time>2026-07-09T18:04:24Z</time><extensions><gpxtpx:TrackPointExtension><gpxtpx:hr>156</gpxtpx:hr></gpxtpx:TrackPointExtension></extensions></trkpt><trkpt lat="56.03913" lon="37.835892"><ele>155.2</ele><time>2026-07-09T18:04:25Z</time><extensions><gpxtpx:TrackPointExtension><gpxtpx:hr>157</gpxtpx:hr></gpxtpx:TrackPointExtension></extensions></trkpt><trkpt lat="56.039127" lon="37.835942"><ele>155.0</ele><time>2026-07-09T18:04:26Z</time><extensions><gpxtpx:TrackPointExtension><gpxtpx:hr>156</gpxtpx:hr></gpxtpx:TrackPointExtension></extensions></trkpt><trkpt lat="56.039125" lon="37.835987"><ele>155.0</ele><time>2026-07-09T18:04:27Z</time><extensions><gpxtpx:TrackPointExtension><gpxtpx:hr>156</gpxtpx:hr></gpxtpx:TrackPointExtension></extensions></trkpt><trkpt lat="56.039125" lon="37.836032"><ele>155.0</ele><time>2026-07-09T18:04:28Z</time><extensions><gpxtpx:TrackPointExtension><gpxtpx:hr>156</gpxtpx:hr></gpxtpx:TrackPointExtension></extensions></trkpt><trkpt lat="56.03913" lon="37.836077"><ele>155.0</ele><time>2026-07-09T18:04:29Z</time><extensions><gpxtpx:TrackPointExtension><gpxtpx:hr>156</gpxtpx:hr></gpxtpx:TrackPointExtension></extensions></trkpt><trkpt lat="56.039132" lon="37.836112"><ele>155.0</ele><time>2026-07-09T18:04:30Z</time><extensions><gpxtpx:TrackPointExtension><gpxtpx:hr>156</gpxtpx:hr></gpxtpx:TrackPointExtension></extensions></trkpt><trkpt lat="56.039132" lon="37.83616"><ele>155.0</ele><time>2026-07-09T18:04:31Z</time><extensions><gpxtpx:TrackPointExtension><gpxtpx:hr>156</gpxtpx:hr></gpxtpx:TrackPointExtension></extensions></trkpt><trkpt lat="56.03913" lon="37.836207"><ele>155.0</ele><time>2026-07-09T18:04:32Z</time><extensions><gpxtpx:TrackPointExtension><gpxtpx:hr>157</gpxtpx:hr></gpxtpx:TrackPointExtension></extensions></trkpt><trkpt lat="56.039127" lon="37.83625"><ele>155.0</ele><time>2026-07-09T18:04:33Z</time><extensions><gpxtpx:TrackPointExtension><gpxtpx:hr>157</gpxtpx:hr></gpxtpx:TrackPointExtension></extensions></trkpt><trkpt lat="56.03912" lon="37.836292"><ele>155.0</ele><time>2026-07-09T18:04:34Z</time><extensions><gpxtpx:TrackPointExtension><gpxtpx:hr>157</gpxtpx:hr></gpxtpx:TrackPointExtension></extensions></trkpt><trkpt lat="56.039107" lon="37.836342"><ele>155.0</ele><time>2026-07-09T18:04:35Z</time><extensions><gpxtpx:TrackPointExtension><gpxtpx:hr>157</gpxtpx:hr></gpxtpx:TrackPointExtension></extensions></trkpt><trkpt lat="56.039095" lon="37.836392"><ele>155.0</ele><time>2026-07-09T18:04:36Z</time><extensions><gpxtpx:TrackPointExtension><gpxtpx:hr>156</gpxtpx:hr></gpxtpx:TrackPointExtension></extensions></trkpt><trkpt lat="56.039082" lon="37.83644"><ele>155.0</ele><time>2026-07-09T18:04:37Z</time><extensions><gpxtpx:TrackPointExtension><gpxtpx:hr>157</gpxtpx:hr></gpxtpx:TrackPointExtension></extensions></trkpt><trkpt lat="56.03907" lon="37.836487"><ele>155.0</ele><time>2026-07-09T18:04:38Z</time><extensions><gpxtpx:TrackPointExtension><gpxtpx:hr>157</gpxtpx:hr></gpxtpx:TrackPointExtension></extensions></trkpt><trkpt lat="56.039055" lon="37.836532"><ele>155.0</ele><time>2026-07-09T18:04:39Z</time><extensions><gpxtpx:TrackPointExtension><gpxtpx:hr>157</gpxtpx:hr></gpxtpx:TrackPointExtension></extensions></trkpt><trkpt lat="56.039052" lon="37.836582"><ele>155.0</ele><time>2026-07-09T18:04:40Z</time><extensions><gpxtpx:TrackPointExtension><gpxtpx:hr>157</gpxtpx:hr></gpxtpx:TrackPointExtension></extensions></trkpt><trkpt lat="56.039055" lon="37.83664"><ele>155.0</ele><time>2026-07-09T18:04:41Z</time><extensions><gpxtpx:TrackPointExtension><gpxtpx:hr>157</gpxtpx:hr></gpxtpx:TrackPointExtension></extensions></trkpt><trkpt lat="56.03906" lon="37.836695"><ele>155.2</ele><time>2026-07-09T18:04:42Z</time><extensions><gpxtpx:TrackPointExtension><gpxtpx:hr>157</gpxtpx:hr></gpxtpx:TrackPointExtension></extensions></trkpt><trkpt lat="56.039065" lon="37.836752"><ele>155.2</ele><time>2026-07-09T18:04:43Z</time><extensions><gpxtpx:TrackPointExtension><gpxtpx:hr>157</gpxtpx:hr></gpxtpx:TrackPointExtension></extensions></trkpt><trkpt lat="56.03907" lon="37.836797"><ele>155.4</ele><time>2026-07-09T18:04:44Z</time><extensions><gpxtpx:TrackPointExtension><gpxtpx:hr>157</gpxtpx:hr></gpxtpx:TrackPointExtension></extensions></trkpt><trkpt lat="56.03907" lon="37.836852"><ele>155.4</ele><time>2026-07-09T18:04:45Z</time><extensions><gpxtpx:TrackPointExtension><gpxtpx:hr>157</gpxtpx:hr></gpxtpx:TrackPointExtension></extensions></trkpt><trkpt lat="56.039062" lon="37.836907"><ele>155.4</ele><time>2026-07-09T18:04:46Z</time><extensions><gpxtpx:TrackPointExtension><gpxtpx:hr>157</gpxtpx:hr></gpxtpx:TrackPointExtension></extensions></trkpt><trkpt lat="56.039052" lon="37.836952"><ele>155.4</ele><time>2026-07-09T18:04:47Z</time><extensions><gpxtpx:TrackPointExtension><gpxtpx:hr>159</gpxtpx:hr></gpxtpx:TrackPointExtension></extensions></trkpt><trkpt lat="56.039035" lon="37.836995"><ele>155.2</ele><time>2026-07-09T18:04:48Z</time><extensions><gpxtpx:TrackPointExtension><gpxtpx:hr>158</gpxtpx:hr></gpxtpx:TrackPointExtension></extensions></trkpt><trkpt lat="56.039017" lon="37.837032"><ele>155.2</ele><time>2026-07-09T18:04:49Z</time><extensions><gpxtpx:TrackPointExtension><gpxtpx:hr>157</gpxtpx:hr></gpxtpx:TrackPointExtension></extensions></trkpt><trkpt lat="56.038995" lon="37.837062"><ele>155.2</ele><time>2026-07-09T18:04:50Z</time><extensions><gpxtpx:TrackPointExtension><gpxtpx:hr>158</gpxtpx:hr></gpxtpx:TrackPointExtension></extensions></trkpt><trkpt lat="56.038967" lon="37.837077"><ele>155.2</ele><time>2026-07-09T18:04:51Z</time><extensions><gpxtpx:TrackPointExtension><gpxtpx:hr>158</gpxtpx:hr></gpxtpx:TrackPointExtension></extensions></trkpt><trkpt lat="56.038942" lon="37.837082"><ele>155.0</ele><time>2026-07-09T18:04:52Z</time><extensions><gpxtpx:TrackPointExtension><gpxtpx:hr>158</gpxtpx:hr></gpxtpx:TrackPointExtension></extensions></trkpt><trkpt lat="56.038917" lon="37.837077"><ele>155.0</ele><time>2026-07-09T18:04:53Z</time><extensions><gpxtpx:TrackPointExtension><gpxtpx:hr>158</gpxtpx:hr></gpxtpx:TrackPointExtension></extensions></trkpt><trkpt lat="56.03889" lon="37.837062"><ele>155.0</ele><time>2026-07-09T18:04:54Z</time><extensions><gpxtpx:TrackPointExtension><gpxtpx:hr>159</gpxtpx:hr></gpxtpx:TrackPointExtension></extensions></trkpt><trkpt lat="56.038862" lon="37.837052"><ele>155.0</ele><time>2026-07-09T18:04:55Z</time><extensions><gpxtpx:TrackPointExtension><gpxtpx:hr>159</gpxtpx:hr></gpxtpx:TrackPointExtension></extensions></trkpt><trkpt lat="56.03883" lon="37.837047"><ele>155.0</ele><time>2026-07-09T18:04:56Z</time><extensions><gpxtpx:TrackPointExtension><gpxtpx:hr>160</gpxtpx:hr></gpxtpx:TrackPointExtension></extensions></trkpt><trkpt lat="56.038797" lon="37.837055"><ele>155.0</ele><time>2026-07-09T18:04:57Z</time><extensions><gpxtpx:TrackPointExtension><gpxtpx:hr>160</gpxtpx:hr></gpxtpx:TrackPointExtension></extensions></trkpt><trkpt lat="56.03877" lon="37.837077"><ele>155.2</ele><time>2026-07-09T18:04:58Z</time><extensions><gpxtpx:TrackPointExtension><gpxtpx:hr>160</gpxtpx:hr></gpxtpx:TrackPointExtension></extensions></trkpt><trkpt lat="56.038742" lon="37.837112"><ele>155.2</ele><time>2026-07-09T18:04:59Z</time><extensions><gpxtpx:TrackPointExtension><gpxtpx:hr>160</gpxtpx:hr></gpxtpx:TrackPointExtension></extensions></trkpt><trkpt lat="56.038722" lon="37.837152"><ele>155.2</ele><time>2026-07-09T18:05:00Z</time><extensions><gpxtpx:TrackPointExtension><gpxtpx:hr>161</gpxtpx:hr></gpxtpx:TrackPointExtension></extensions></trkpt><trkpt lat="56.038705" lon="37.837197"><ele>155.0</ele><time>2026-07-09T18:05:01Z</time><extensions><gpxtpx:TrackPointExtension><gpxtpx:hr>161</gpxtpx:hr></gpxtpx:TrackPointExtension></extensions></trkpt><trkpt lat="56.038692" lon="37.837237"><ele>155.0</ele><time>2026-07-09T18:05:02Z</time><extensions><gpxtpx:TrackPointExtension><gpxtpx:hr>161</gpxtpx:hr></gpxtpx:TrackPointExtension></extensions></trkpt><trkpt lat="56.03868" lon="37.837282"><ele>155.0</ele><time>2026-07-09T18:05:03Z</time><extensions><gpxtpx:TrackPointExtension><gpxtpx:hr>160</gpxtpx:hr></gpxtpx:TrackPointExtension></extensions></trkpt><trkpt lat="56.03867" lon="37.837327"><ele>155.0</ele><time>2026-07-09T18:05:04Z</time><extensions><gpxtpx:TrackPointExtension><gpxtpx:hr>160</gpxtpx:hr></gpxtpx:TrackPointExtension></extensions></trkpt><trkpt lat="56.038657" lon="37.837367"><ele>154.8</ele><time>2026-07-09T18:05:05Z</time><extensions><gpxtpx:TrackPointExtension><gpxtpx:hr>160</gpxtpx:hr></gpxtpx:TrackPointExtension></extensions></trkpt><trkpt lat="56.038642" lon="37.837407"><ele>154.8</ele><time>2026-07-09T18:05:06Z</time><extensions><gpxtpx:TrackPointExtension><gpxtpx:hr>160</gpxtpx:hr></gpxtpx:TrackPointExtension></extensions></trkpt><trkpt lat="56.038622" lon="37.837442"><ele>154.8</ele><time>2026-07-09T18:05:07Z</time><extensions><gpxtpx:TrackPointExtension><gpxtpx:hr>160</gpxtpx:hr></gpxtpx:TrackPointExtension></extensions></trkpt><trkpt lat="56.038597" lon="37.837467"><ele>154.8</ele><time>2026-07-09T18:05:08Z</time><extensions><gpxtpx:TrackPointExtension><gpxtpx:hr>160</gpxtpx:hr></gpxtpx:TrackPointExtension></extensions></trkpt><trkpt lat="56.038575" lon="37.837477"><ele>154.8</ele><time>2026-07-09T18:05:09Z</time><extensions><gpxtpx:TrackPointExtension><gpxtpx:hr>160</gpxtpx:hr></gpxtpx:TrackPointExtension></extensions></trkpt><trkpt lat="56.038552" lon="37.837472"><ele>154.8</ele><time>2026-07-09T18:05:10Z</time><extensions><gpxtpx:TrackPointExtension><gpxtpx:hr>161</gpxtpx:hr></gpxtpx:TrackPointExtension></extensions></trkpt><trkpt lat="56.038537" lon="37.837457"><ele>154.6</ele><time>2026-07-09T18:05:11Z</time><extensions><gpxtpx:TrackPointExtension><gpxtpx:hr>161</gpxtpx:hr></gpxtpx:TrackPointExtension></extensions></trkpt><trkpt lat="56.038517" lon="37.837432"><ele>154.6</ele><time>2026-07-09T18:05:12Z</time><extensions><gpxtpx:TrackPointExtension><gpxtpx:hr>160</gpxtpx:hr></gpxtpx:TrackPointExtension></extensions></trkpt><trkpt lat="56.038495" lon="37.8374"><ele>154.6</ele><time>2026-07-09T18:05:13Z</time><extensions><gpxtpx:TrackPointExtension><gpxtpx:hr>160</gpxtpx:hr></gpxtpx:TrackPointExtension></extensions></trkpt><trkpt lat="56.038472" lon="37.837363"><ele>154.8</ele><time>2026-07-09T18:05:14Z</time><extensions><gpxtpx:TrackPointExtension><gpxtpx:hr>159</gpxtpx:hr></gpxtpx:TrackPointExtension></extensions></trkpt><trkpt lat="56.038447" lon="37.83733"><ele>154.8</ele><time>2026-07-09T18:05:15Z</time><extensions><gpxtpx:TrackPointExtension><gpxtpx:hr>159</gpxtpx:hr></gpxtpx:TrackPointExtension></extensions></trkpt><trkpt lat="56.03843" lon="37.837292"><ele>154.6</ele><time>2026-07-09T18:05:16Z</time><extensions><gpxtpx:TrackPointExtension><gpxtpx:hr>159</gpxtpx:hr></gpxtpx:TrackPointExtension></extensions></trkpt><trkpt lat="56.038407" lon="37.837252"><ele>154.6</ele><time>2026-07-09T18:05:17Z</time><extensions><gpxtpx:TrackPointExtension><gpxtpx:hr>159</gpxtpx:hr></gpxtpx:TrackPointExtension></extensions></trkpt><trkpt lat="56.038382" lon="37.83722"><ele>154.6</ele><time>2026-07-09T18:05:18Z</time><extensions><gpxtpx:TrackPointExtension><gpxtpx:hr>159</gpxtpx:hr></gpxtpx:TrackPointExtension></extensions></trkpt><trkpt lat="56.038362" lon="37.837187"><ele>154.8</ele><time>2026-07-09T18:05:19Z</time><extensions><gpxtpx:TrackPointExtension><gpxtpx:hr>159</gpxtpx:hr></gpxtpx:TrackPointExtension></extensions></trkpt><trkpt lat="56.038347" lon="37.837155"><ele>154.8</ele><time>2026-07-09T18:05:20Z</time><extensions><gpxtpx:TrackPointExtension><gpxtpx:hr>159</gpxtpx:hr></gpxtpx:TrackPointExtension></extensions></trkpt><trkpt lat="56.038322" lon="37.837122"><ele>154.8</ele><time>2026-07-09T18:05:21Z</time><extensions><gpxtpx:TrackPointExtension><gpxtpx:hr>159</gpxtpx:hr></gpxtpx:TrackPointExtension></extensions></trkpt><trkpt lat="56.0383" lon="37.837085"><ele>154.8</ele><time>2026-07-09T18:05:22Z</time><extensions><gpxtpx:TrackPointExtension><gpxtpx:hr>159</gpxtpx:hr></gpxtpx:TrackPointExtension></extensions></trkpt><trkpt lat="56.038275" lon="37.837055"><ele>154.8</ele><time>2026-07-09T18:05:23Z</time><extensions><gpxtpx:TrackPointExtension><gpxtpx:hr>159</gpxtpx:hr></gpxtpx:TrackPointExtension></extensions></trkpt><trkpt lat="56.038247" lon="37.837032"><ele>154.8</ele><time>2026-07-09T18:05:24Z</time><extensions><gpxtpx:TrackPointExtension><gpxtpx:hr>160</gpxtpx:hr></gpxtpx:TrackPointExtension></extensions></trkpt><trkpt lat="56.038227" lon="37.837017"><ele>155.0</ele><time>2026-07-09T18:05:25Z</time><extensions><gpxtpx:TrackPointExtension><gpxtpx:hr>159</gpxtpx:hr></gpxtpx:TrackPointExtension></extensions></trkpt><trkpt lat="56.038207" lon="37.836982"><ele>155.0</ele><time>2026-07-09T18:05:26Z</time><extensions><gpxtpx:TrackPointExtension><gpxtpx:hr>159</gpxtpx:hr></gpxtpx:TrackPointExtension></extensions></trkpt><trkpt lat="56.03819" lon="37.83695"><ele>155.2</ele><time>2026-07-09T18:05:27Z</time><extensions><gpxtpx:TrackPointExtension><gpxtpx:hr>159</gpxtpx:hr></gpxtpx:TrackPointExtension></extensions></trkpt><trkpt lat="56.038177" lon="37.83691"><ele>155.4</ele><time>2026-07-09T18:05:28Z</time><extensions><gpxtpx:TrackPointExtension><gpxtpx:hr>159</gpxtpx:hr></gpxtpx:TrackPointExtension></extensions></trkpt><trkpt lat="56.038167" lon="37.836857"><ele>155.6</ele><time>2026-07-09T18:05:29Z</time><extensions><gpxtpx:TrackPointExtension><gpxtpx:hr>159</gpxtpx:hr></gpxtpx:TrackPointExtension></extensions></trkpt><trkpt lat="56.038152" lon="37.83681"><ele>155.8</ele><time>2026-07-09T18:05:30Z</time><extensions><gpxtpx:TrackPointExtension><gpxtpx:hr>159</gpxtpx:hr></gpxtpx:TrackPointExtension></extensions></trkpt><trkpt lat="56.038142" lon="37.836757"><ele>155.8</ele><time>2026-07-09T18:05:31Z</time><extensions><gpxtpx:TrackPointExtension><gpxtpx:hr>159</gpxtpx:hr></gpxtpx:TrackPointExtension></extensions></trkpt><trkpt lat="56.038132" lon="37.836712"><ele>156.0</ele><time>2026-07-09T18:05:32Z</time><extensions><gpxtpx:TrackPointExtension><gpxtpx:hr>159</gpxtpx:hr></gpxtpx:TrackPointExtension></extensions></trkpt><trkpt lat="56.03812" lon="37.836667"><ele>156.0</ele><time>2026-07-09T18:05:33Z</time><extensions><gpxtpx:TrackPointExtension><gpxtpx:hr>159</gpxtpx:hr></gpxtpx:TrackPointExtension></extensions></trkpt><trkpt lat="56.038107" lon="37.836627"><ele>156.2</ele><time>2026-07-09T18:05:34Z</time><extensions><gpxtpx:TrackPointExtension><gpxtpx:hr>159</gpxtpx:hr></gpxtpx:TrackPointExtension></extensions></trkpt><trkpt lat="56.038095" lon="37.836592"><ele>156.2</ele><time>2026-07-09T18:05:35Z</time><extensions><gpxtpx:TrackPointExtension><gpxtpx:hr>159</gpxtpx:hr></gpxtpx:TrackPointExtension></extensions></trkpt><trkpt lat="56.038077" lon="37.836557"><ele>156.4</ele><time>2026-07-09T18:05:36Z</time><extensions><gpxtpx:TrackPointExtension><gpxtpx:hr>159</gpxtpx:hr></gpxtpx:TrackPointExtension></extensions></trkpt><trkpt lat="56.038062" lon="37.836525"><ele>156.6</ele><time>2026-07-09T18:05:37Z</time><extensions><gpxtpx:TrackPointExtension><gpxtpx:hr>159</gpxtpx:hr></gpxtpx:TrackPointExtension></extensions></trkpt><trkpt lat="56.038042" lon="37.83649"><ele>156.6</ele><time>2026-07-09T18:05:38Z</time><extensions><gpxtpx:TrackPointExtension><gpxtpx:hr>159</gpxtpx:hr></gpxtpx:TrackPointExtension></extensions></trkpt><trkpt lat="56.038022" lon="37.836447"><ele>156.6</ele><time>2026-07-09T18:05:39Z</time><extensions><gpxtpx:TrackPointExtension><gpxtpx:hr>159</gpxtpx:hr></gpxtpx:TrackPointExtension></extensions></trkpt><trkpt lat="56.038003" lon="37.836407"><ele>156.8</ele><time>2026-07-09T18:05:40Z</time><extensions><gpxtpx:TrackPointExtension><gpxtpx:hr>159</gpxtpx:hr></gpxtpx:TrackPointExtension></extensions></trkpt><trkpt lat="56.037987" lon="37.836367"><ele>156.8</ele><time>2026-07-09T18:05:41Z</time><extensions><gpxtpx:TrackPointExtension><gpxtpx:hr>160</gpxtpx:hr></gpxtpx:TrackPointExtension></extensions></trkpt><trkpt lat="56.037972" lon="37.83633"><ele>157.0</ele><time>2026-07-09T18:05:42Z</time><extensions><gpxtpx:TrackPointExtension><gpxtpx:hr>160</gpxtpx:hr></gpxtpx:TrackPointExtension></extensions></trkpt><trkpt lat="56.037952" lon="37.836287"><ele>157.2</ele><time>2026-07-09T18:05:43Z</time><extensions><gpxtpx:TrackPointExtension><gpxtpx:hr>159</gpxtpx:hr></gpxtpx:TrackPointExtension></extensions></trkpt><trkpt lat="56.037932" lon="37.836245"><ele>157.2</ele><time>2026-07-09T18:05:44Z</time><extensions><gpxtpx:TrackPointExtension><gpxtpx:hr>159</gpxtpx:hr></gpxtpx:TrackPointExtension></extensions></trkpt><trkpt lat="56.03792" lon="37.836217"><ele>157.4</ele><time>2026-07-09T18:05:45Z</time><extensions><gpxtpx:TrackPointExtension><gpxtpx:hr>159</gpxtpx:hr></gpxtpx:TrackPointExtension></extensions></trkpt><trkpt lat="56.037905" lon="37.836187"><ele>157.6</ele><time>2026-07-09T18:05:46Z</time><extensions><gpxtpx:TrackPointExtension><gpxtpx:hr>159</gpxtpx:hr></gpxtpx:TrackPointExtension></extensions></trkpt><trkpt lat="56.037887" lon="37.83616"><ele>157.8</ele><time>2026-07-09T18:05:47Z</time><extensions><gpxtpx:TrackPointExtension><gpxtpx:hr>158</gpxtpx:hr></gpxtpx:TrackPointExtension></extensions></trkpt><trkpt lat="56.03787" lon="37.836132"><ele>157.8</ele><time>2026-07-09T18:05:48Z</time><extensions><gpxtpx:TrackPointExtension><gpxtpx:hr>158</gpxtpx:hr></gpxtpx:TrackPointExtension></extensions></trkpt><trkpt lat="56.03785" lon="37.8361"><ele>158.0</ele><time>2026-07-09T18:05:49Z</time><extensions><gpxtpx:TrackPointExtension><gpxtpx:hr>158</gpxtpx:hr></gpxtpx:TrackPointExtension></extensions></trkpt><trkpt lat="56.037827" lon="37.836067"><ele>158.2</ele><time>2026-07-09T18:05:50Z</time><extensions><gpxtpx:TrackPointExtension><gpxtpx:hr>158</gpxtpx:hr></gpxtpx:TrackPointExtension></extensions></trkpt><trkpt lat="56.03781" lon="37.83603"><ele>158.2</ele><time>2026-07-09T18:05:51Z</time><extensions><gpxtpx:TrackPointExtension><gpxtpx:hr>158</gpxtpx:hr></gpxtpx:TrackPointExtension></extensions></trkpt><trkpt lat="56.037792" lon="37.835998"><ele>158.2</ele><time>2026-07-09T18:05:52Z</time><extensions><gpxtpx:TrackPointExtension><gpxtpx:hr>158</gpxtpx:hr></gpxtpx:TrackPointExtension></extensions></trkpt><trkpt lat="56.03777" lon="37.835957"><ele>158.4</ele><time>2026-07-09T18:05:53Z</time><extensions><gpxtpx:TrackPointExtension><gpxtpx:hr>158</gpxtpx:hr></gpxtpx:TrackPointExtension></extensions></trkpt><trkpt lat="56.037747" lon="37.835922"><ele>158.4</ele><time>2026-07-09T18:05:54Z</time><extensions><gpxtpx:TrackPointExtension><gpxtpx:hr>158</gpxtpx:hr></gpxtpx:TrackPointExtension></extensions></trkpt><trkpt lat="56.03773" lon="37.835892"><ele>158.4</ele><time>2026-07-09T18:05:55Z</time><extensions><gpxtpx:TrackPointExtension><gpxtpx:hr>158</gpxtpx:hr></gpxtpx:TrackPointExtension></extensions></trkpt><trkpt lat="56.037707" lon="37.835858"><ele>158.4</ele><time>2026-07-09T18:05:56Z</time><extensions><gpxtpx:TrackPointExtension><gpxtpx:hr>159</gpxtpx:hr></gpxtpx:TrackPointExtension></extensions></trkpt><trkpt lat="56.037685" lon="37.835822"><ele>158.6</ele><time>2026-07-09T18:05:57Z</time><extensions><gpxtpx:TrackPointExtension><gpxtpx:hr>159</gpxtpx:hr></gpxtpx:TrackPointExtension></extensions></trkpt><trkpt lat="56.037665" lon="37.835785"><ele>158.6</ele><time>2026-07-09T18:05:58Z</time><extensions><gpxtpx:TrackPointExtension><gpxtpx:hr>159</gpxtpx:hr></gpxtpx:TrackPointExtension></extensions></trkpt><trkpt lat="56.037647" lon="37.835757"><ele>158.6</ele><time>2026-07-09T18:05:59Z</time><extensions><gpxtpx:TrackPointExtension><gpxtpx:hr>158</gpxtpx:hr></gpxtpx:TrackPointExtension></extensions></trkpt><trkpt lat="56.037632" lon="37.835732"><ele>158.8</ele><time>2026-07-09T18:06:00Z</time><extensions><gpxtpx:TrackPointExtension><gpxtpx:hr>159</gpxtpx:hr></gpxtpx:TrackPointExtension></extensions></trkpt><trkpt lat="56.037615" lon="37.83571"><ele>158.8</ele><time>2026-07-09T18:06:01Z</time><extensions><gpxtpx:TrackPointExtension><gpxtpx:hr>158</gpxtpx:hr></gpxtpx:TrackPointExtension></extensions></trkpt><trkpt lat="56.037597" lon="37.835675"><ele>158.8</ele><time>2026-07-09T18:06:02Z</time><extensions><gpxtpx:TrackPointExtension><gpxtpx:hr>158</gpxtpx:hr></gpxtpx:TrackPointExtension></extensions></trkpt><trkpt lat="56.037577" lon="37.835642"><ele>159.0</ele><time>2026-07-09T18:06:03Z</time><extensions><gpxtpx:TrackPointExtension><gpxtpx:hr>158</gpxtpx:hr></gpxtpx:TrackPointExtension></extensions></trkpt><trkpt lat="56.03756" lon="37.835617"><ele>159.0</ele><time>2026-07-09T18:06:04Z</time><extensions><gpxtpx:TrackPointExtension><gpxtpx:hr>158</gpxtpx:hr></gpxtpx:TrackPointExtension></extensions></trkpt><trkpt lat="56.037545" lon="37.835587"><ele>159.2</ele><time>2026-07-09T18:06:05Z</time><extensions><gpxtpx:TrackPointExtension><gpxtpx:hr>158</gpxtpx:hr></gpxtpx:TrackPointExtension></extensions></trkpt><trkpt lat="56.037525" lon="37.835552"><ele>159.2</ele><time>2026-07-09T18:06:06Z</time><extensions><gpxtpx:TrackPointExtension><gpxtpx:hr>158</gpxtpx:hr></gpxtpx:TrackPointExtension></extensions></trkpt><trkpt lat="56.037507" lon="37.835517"><ele>159.2</ele><time>2026-07-09T18:06:07Z</time><extensions><gpxtpx:TrackPointExtension><gpxtpx:hr>157</gpxtpx:hr></gpxtpx:TrackPointExtension></extensions></trkpt><trkpt lat="56.037487" lon="37.835482"><ele>159.4</ele><time>2026-07-09T18:06:08Z</time><extensions><gpxtpx:TrackPointExtension><gpxtpx:hr>158</gpxtpx:hr></gpxtpx:TrackPointExtension></extensions></trkpt><trkpt lat="56.037467" lon="37.835455"><ele>159.4</ele><time>2026-07-09T18:06:09Z</time><extensions><gpxtpx:TrackPointExtension><gpxtpx:hr>158</gpxtpx:hr></gpxtpx:TrackPointExtension></extensions></trkpt><trkpt lat="56.037447" lon="37.835422"><ele>159.6</ele><time>2026-07-09T18:06:10Z</time><extensions><gpxtpx:TrackPointExtension><gpxtpx:hr>158</gpxtpx:hr></gpxtpx:TrackPointExtension></extensions></trkpt><trkpt lat="56.037425" lon="37.835387"><ele>159.6</ele><time>2026-07-09T18:06:11Z</time><extensions><gpxtpx:TrackPointExtension><gpxtpx:hr>158</gpxtpx:hr></gpxtpx:TrackPointExtension></extensions></trkpt><trkpt lat="56.037402" lon="37.835347"><ele>159.6</ele><time>2026-07-09T18:06:12Z</time><extensions><gpxtpx:TrackPointExtension><gpxtpx:hr>158</gpxtpx:hr></gpxtpx:TrackPointExtension></extensions></trkpt><trkpt lat="56.037387" lon="37.835317"><ele>159.6</ele><time>2026-07-09T18:06:13Z</time><extensions><gpxtpx:TrackPointExtension><gpxtpx:hr>159</gpxtpx:hr></gpxtpx:TrackPointExtension></extensions></trkpt><trkpt lat="56.037367" lon="37.83529"><ele>159.6</ele><time>2026-07-09T18:06:14Z</time><extensions><gpxtpx:TrackPointExtension><gpxtpx:hr>158</gpxtpx:hr></gpxtpx:TrackPointExtension></extensions></trkpt><trkpt lat="56.037345" lon="37.835257"><ele>159.8</ele><time>2026-07-09T18:06:15Z</time><extensions><gpxtpx:TrackPointExtension><gpxtpx:hr>158</gpxtpx:hr></gpxtpx:TrackPointExtension></extensions></trkpt><trkpt lat="56.037327" lon="37.835232"><ele>159.6</ele><time>2026-07-09T18:06:16Z</time><extensions><gpxtpx:TrackPointExtension><gpxtpx:hr>158</gpxtpx:hr></gpxtpx:TrackPointExtension></extensions></trkpt><trkpt lat="56.037307" lon="37.835202"><ele>159.8</ele><time>2026-07-09T18:06:17Z</time><extensions><gpxtpx:TrackPointExtension><gpxtpx:hr>158</gpxtpx:hr></gpxtpx:TrackPointExtension></extensions></trkpt><trkpt lat="56.037287" lon="37.835167"><ele>159.8</ele><time>2026-07-09T18:06:18Z</time><extensions><gpxtpx:TrackPointExtension><gpxtpx:hr>158</gpxtpx:hr></gpxtpx:TrackPointExtension></extensions></trkpt><trkpt lat="56.037272" lon="37.835135"><ele>159.8</ele><time>2026-07-09T18:06:19Z</time><extensions><gpxtpx:TrackPointExtension><gpxtpx:hr>158</gpxtpx:hr></gpxtpx:TrackPointExtension></extensions></trkpt><trkpt lat="56.037252" lon="37.835092"><ele>159.8</ele><time>2026-07-09T18:06:20Z</time><extensions><gpxtpx:TrackPointExtension><gpxtpx:hr>158</gpxtpx:hr></gpxtpx:TrackPointExtension></extensions></trkpt><trkpt lat="56.037232" lon="37.835057"><ele>159.8</ele><time>2026-07-09T18:06:21Z</time><extensions><gpxtpx:TrackPointExtension><gpxtpx:hr>158</gpxtpx:hr></gpxtpx:TrackPointExtension></extensions></trkpt><trkpt lat="56.037212" lon="37.835027"><ele>159.8</ele><time>2026-07-09T18:06:22Z</time><extensions><gpxtpx:TrackPointExtension><gpxtpx:hr>158</gpxtpx:hr></gpxtpx:TrackPointExtension></extensions></trkpt><trkpt lat="56.037195" lon="37.834995"><ele>159.8</ele><time>2026-07-09T18:06:23Z</time><extensions><gpxtpx:TrackPointExtension><gpxtpx:hr>158</gpxtpx:hr></gpxtpx:TrackPointExtension></extensions></trkpt><trkpt lat="56.037177" lon="37.834957"><ele>160.0</ele><time>2026-07-09T18:06:24Z</time><extensions><gpxtpx:TrackPointExtension><gpxtpx:hr>158</gpxtpx:hr></gpxtpx:TrackPointExtension></extensions></trkpt><trkpt lat="56.037157" lon="37.83492"><ele>160.0</ele><time>2026-07-09T18:06:25Z</time><extensions><gpxtpx:TrackPointExtension><gpxtpx:hr>158</gpxtpx:hr></gpxtpx:TrackPointExtension></extensions></trkpt><trkpt lat="56.037137" lon="37.83488"><ele>160.0</ele><time>2026-07-09T18:06:26Z</time><extensions><gpxtpx:TrackPointExtension><gpxtpx:hr>158</gpxtpx:hr></gpxtpx:TrackPointExtension></extensions></trkpt><trkpt lat="56.037115" lon="37.834837"><ele>160.0</ele><time>2026-07-09T18:06:27Z</time><extensions><gpxtpx:TrackPointExtension><gpxtpx:hr>158</gpxtpx:hr></gpxtpx:TrackPointExtension></extensions></trkpt><trkpt lat="56.037095" lon="37.83481"><ele>160.0</ele><time>2026-07-09T18:06:28Z</time><extensions><gpxtpx:TrackPointExtension><gpxtpx:hr>157</gpxtpx:hr></gpxtpx:TrackPointExtension></extensions></trkpt><trkpt lat="56.037075" lon="37.834797"><ele>159.8</ele><time>2026-07-09T18:06:29Z</time><extensions><gpxtpx:TrackPointExtension><gpxtpx:hr>157</gpxtpx:hr></gpxtpx:TrackPointExtension></extensions></trkpt><trkpt lat="56.037057" lon="37.83481"><ele>159.6</ele><time>2026-07-09T18:06:31Z</time><extensions><gpxtpx:TrackPointExtension><gpxtpx:hr>156</gpxtpx:hr></gpxtpx:TrackPointExtension></extensions></trkpt><trkpt lat="56.037067" lon="37.83484"><ele>159.6</ele><time>2026-07-09T18:06:33Z</time><extensions><gpxtpx:TrackPointExtension><gpxtpx:hr>155</gpxtpx:hr></gpxtpx:TrackPointExtension></extensions></trkpt><trkpt lat="56.03708" lon="37.834862"><ele>159.6</ele><time>2026-07-09T18:06:34Z</time><extensions><gpxtpx:TrackPointExtension><gpxtpx:hr>155</gpxtpx:hr></gpxtpx:TrackPointExtension></extensions></trkpt><trkpt lat="56.037102" lon="37.834887"><ele>159.6</ele><time>2026-07-09T18:06:35Z</time><extensions><gpxtpx:TrackPointExtension><gpxtpx:hr>154</gpxtpx:hr></gpxtpx:TrackPointExtension></extensions></trkpt><trkpt lat="56.037122" lon="37.834912"><ele>159.8</ele><time>2026-07-09T18:06:36Z</time><extensions><gpxtpx:TrackPointExtension><gpxtpx:hr>154</gpxtpx:hr></gpxtpx:TrackPointExtension></extensions></trkpt><trkpt lat="56.037145" lon="37.834947"><ele>159.6</ele><time>2026-07-09T18:06:37Z</time><extensions><gpxtpx:TrackPointExtension><gpxtpx:hr>154</gpxtpx:hr></gpxtpx:TrackPointExtension></extensions></trkpt><trkpt lat="56.037167" lon="37.834982"><ele>159.6</ele><time>2026-07-09T18:06:38Z</time><extensions><gpxtpx:TrackPointExtension><gpxtpx:hr>154</gpxtpx:hr></gpxtpx:TrackPointExtension></extensions></trkpt><trkpt lat="56.037192" lon="37.835025"><ele>159.8</ele><time>2026-07-09T18:06:39Z</time><extensions><gpxtpx:TrackPointExtension><gpxtpx:hr>154</gpxtpx:hr></gpxtpx:TrackPointExtension></extensions></trkpt><trkpt lat="56.037222" lon="37.835067"><ele>159.8</ele><time>2026-07-09T18:06:40Z</time><extensions><gpxtpx:TrackPointExtension><gpxtpx:hr>155</gpxtpx:hr></gpxtpx:TrackPointExtension></extensions></trkpt><trkpt lat="56.037245" lon="37.835098"><ele>159.8</ele><time>2026-07-09T18:06:41Z</time><extensions><gpxtpx:TrackPointExtension><gpxtpx:hr>155</gpxtpx:hr></gpxtpx:TrackPointExtension></extensions></trkpt><trkpt lat="56.03727" lon="37.835132"><ele>159.8</ele><time>2026-07-09T18:06:42Z</time><extensions><gpxtpx:TrackPointExtension><gpxtpx:hr>155</gpxtpx:hr></gpxtpx:TrackPointExtension></extensions></trkpt><trkpt lat="56.037297" lon="37.835177"><ele>159.8</ele><time>2026-07-09T18:06:43Z</time><extensions><gpxtpx:TrackPointExtension><gpxtpx:hr>155</gpxtpx:hr></gpxtpx:TrackPointExtension></extensions></trkpt><trkpt lat="56.037322" lon="37.835215"><ele>159.8</ele><time>2026-07-09T18:06:44Z</time><extensions><gpxtpx:TrackPointExtension><gpxtpx:hr>155</gpxtpx:hr></gpxtpx:TrackPointExtension></extensions></trkpt><trkpt lat="56.037345" lon="37.83526"><ele>159.8</ele><time>2026-07-09T18:06:45Z</time><extensions><gpxtpx:TrackPointExtension><gpxtpx:hr>155</gpxtpx:hr></gpxtpx:TrackPointExtension></extensions></trkpt><trkpt lat="56.037367" lon="37.835297"><ele>159.6</ele><time>2026-07-09T18:06:46Z</time><extensions><gpxtpx:TrackPointExtension><gpxtpx:hr>155</gpxtpx:hr></gpxtpx:TrackPointExtension></extensions></trkpt><trkpt lat="56.037387" lon="37.835337"><ele>159.6</ele><time>2026-07-09T18:06:47Z</time><extensions><gpxtpx:TrackPointExtension><gpxtpx:hr>155</gpxtpx:hr></gpxtpx:TrackPointExtension></extensions></trkpt><trkpt lat="56.037405" lon="37.835367"><ele>159.6</ele><time>2026-07-09T18:06:48Z</time><extensions><gpxtpx:TrackPointExtension><gpxtpx:hr>155</gpxtpx:hr></gpxtpx:TrackPointExtension></extensions></trkpt><trkpt lat="56.037427" lon="37.835402"><ele>159.4</ele><time>2026-07-09T18:06:49Z</time><extensions><gpxtpx:TrackPointExtension><gpxtpx:hr>155</gpxtpx:hr></gpxtpx:TrackPointExtension></extensions></trkpt><trkpt lat="56.037445" lon="37.835437"><ele>159.4</ele><time>2026-07-09T18:06:50Z</time><extensions><gpxtpx:TrackPointExtension><gpxtpx:hr>155</gpxtpx:hr></gpxtpx:TrackPointExtension></extensions></trkpt><trkpt lat="56.037462" lon="37.835475"><ele>159.4</ele><time>2026-07-09T18:06:51Z</time><extensions><gpxtpx:TrackPointExtension><gpxtpx:hr>155</gpxtpx:hr></gpxtpx:TrackPointExtension></extensions></trkpt><trkpt lat="56.037482" lon="37.83551"><ele>159.4</ele><time>2026-07-09T18:06:52Z</time><extensions><gpxtpx:TrackPointExtension><gpxtpx:hr>156</gpxtpx:hr></gpxtpx:TrackPointExtension></extensions></trkpt><trkpt lat="56.0375" lon="37.835542"><ele>159.2</ele><time>2026-07-09T18:06:53Z</time><extensions><gpxtpx:TrackPointExtension><gpxtpx:hr>156</gpxtpx:hr></gpxtpx:TrackPointExtension></extensions></trkpt><trkpt lat="56.037525" lon="37.835587"><ele>159.2</ele><time>2026-07-09T18:06:54Z</time><extensions><gpxtpx:TrackPointExtension><gpxtpx:hr>156</gpxtpx:hr></gpxtpx:TrackPointExtension></extensions></trkpt><trkpt lat="56.037547" lon="37.835627"><ele>159.2</ele><time>2026-07-09T18:06:55Z</time><extensions><gpxtpx:TrackPointExtension><gpxtpx:hr>156</gpxtpx:hr></gpxtpx:TrackPointExtension></extensions></trkpt><trkpt lat="56.037567" lon="37.835662"><ele>159.0</ele><time>2026-07-09T18:06:56Z</time><extensions><gpxtpx:TrackPointExtension><gpxtpx:hr>156</gpxtpx:hr></gpxtpx:TrackPointExtension></extensions></trkpt><trkpt lat="56.037587" lon="37.835692"><ele>158.8</ele><time>2026-07-09T18:06:57Z</time><extensions><gpxtpx:TrackPointExtension><gpxtpx:hr>157</gpxtpx:hr></gpxtpx:TrackPointExtension></extensions></trkpt><trkpt lat="56.03761" lon="37.835732"><ele>158.8</ele><time>2026-07-09T18:06:58Z</time><extensions><gpxtpx:TrackPointExtension><gpxtpx:hr>157</gpxtpx:hr></gpxtpx:TrackPointExtension></extensions></trkpt><trkpt lat="56.037627" lon="37.835767"><ele>158.8</ele><time>2026-07-09T18:06:59Z</time><extensions><gpxtpx:TrackPointExtension><gpxtpx:hr>156</gpxtpx:hr></gpxtpx:TrackPointExtension></extensions></trkpt><trkpt lat="56.037645" lon="37.835802"><ele>158.8</ele><time>2026-07-09T18:07:00Z</time><extensions><gpxtpx:TrackPointExtension><gpxtpx:hr>157</gpxtpx:hr></gpxtpx:TrackPointExtension></extensions></trkpt><trkpt lat="56.037657" lon="37.835832"><ele>158.8</ele><time>2026-07-09T18:07:01Z</time><extensions><gpxtpx:TrackPointExtension><gpxtpx:hr>157</gpxtpx:hr></gpxtpx:TrackPointExtension></extensions></trkpt><trkpt lat="56.037675" lon="37.835862"><ele>158.6</ele><time>2026-07-09T18:07:02Z</time><extensions><gpxtpx:TrackPointExtension><gpxtpx:hr>157</gpxtpx:hr></gpxtpx:TrackPointExtension></extensions></trkpt><trkpt lat="56.037697" lon="37.835897"><ele>158.4</ele><time>2026-07-09T18:07:03Z</time><extensions><gpxtpx:TrackPointExtension><gpxtpx:hr>157</gpxtpx:hr></gpxtpx:TrackPointExtension></extensions></trkpt><trkpt lat="56.037732" lon="37.835952"><ele>158.4</ele><time>2026-07-09T18:07:04Z</time><extensions><gpxtpx:TrackPointExtension><gpxtpx:hr>157</gpxtpx:hr></gpxtpx:TrackPointExtension></extensions></trkpt><trkpt lat="56.037762" lon="37.836007"><ele>158.2</ele><time>2026-07-09T18:07:05Z</time><extensions><gpxtpx:TrackPointExtension><gpxtpx:hr>158</gpxtpx:hr></gpxtpx:TrackPointExtension></extensions></trkpt><trkpt lat="56.037782" lon="37.83605"><ele>158.2</ele><time>2026-07-09T18:07:06Z</time><extensions><gpxtpx:TrackPointExtension><gpxtpx:hr>158</gpxtpx:hr></gpxtpx:TrackPointExtension></extensions></trkpt><trkpt lat="56.037802" lon="37.83609"><ele>158.2</ele><time>2026-07-09T18:07:07Z</time><extensions><gpxtpx:TrackPointExtension><gpxtpx:hr>159</gpxtpx:hr></gpxtpx:TrackPointExtension></extensions></trkpt><trkpt lat="56.03783" lon="37.836132"><ele>158.0</ele><time>2026-07-09T18:07:08Z</time><extensions><gpxtpx:TrackPointExtension><gpxtpx:hr>159</gpxtpx:hr></gpxtpx:TrackPointExtension></extensions></trkpt><trkpt lat="56.03786" lon="37.836172"><ele>158.0</ele><time>2026-07-09T18:07:09Z</time><extensions><gpxtpx:TrackPointExtension><gpxtpx:hr>158</gpxtpx:hr></gpxtpx:TrackPointExtension></extensions></trkpt><trkpt lat="56.037885" lon="37.836215"><ele>157.8</ele><time>2026-07-09T18:07:10Z</time><extensions><gpxtpx:TrackPointExtension><gpxtpx:hr>158</gpxtpx:hr></gpxtpx:TrackPointExtension></extensions></trkpt><trkpt lat="56.037912" lon="37.836252"><ele>157.8</ele><time>2026-07-09T18:07:11Z</time><extensions><gpxtpx:TrackPointExtension><gpxtpx:hr>158</gpxtpx:hr></gpxtpx:TrackPointExtension></extensions></trkpt><trkpt lat="56.03794" lon="37.836302"><ele>157.6</ele><time>2026-07-09T18:07:12Z</time><extensions><gpxtpx:TrackPointExtension><gpxtpx:hr>160</gpxtpx:hr></gpxtpx:TrackPointExtension></extensions></trkpt><trkpt lat="56.037965" lon="37.836347"><ele>157.4</ele><time>2026-07-09T18:07:13Z</time><extensions><gpxtpx:TrackPointExtension><gpxtpx:hr>160</gpxtpx:hr></gpxtpx:TrackPointExtension></extensions></trkpt><trkpt lat="56.037992" lon="37.83639"><ele>157.4</ele><time>2026-07-09T18:07:14Z</time><extensions><gpxtpx:TrackPointExtension><gpxtpx:hr>160</gpxtpx:hr></gpxtpx:TrackPointExtension></extensions></trkpt><trkpt lat="56.03802" lon="37.836437"><ele>157.0</ele><time>2026-07-09T18:07:15Z</time><extensions><gpxtpx:TrackPointExtension><gpxtpx:hr>160</gpxtpx:hr></gpxtpx:TrackPointExtension></extensions></trkpt><trkpt lat="56.038042" lon="37.836485"><ele>157.0</ele><time>2026-07-09T18:07:16Z</time><extensions><gpxtpx:TrackPointExtension><gpxtpx:hr>160</gpxtpx:hr></gpxtpx:TrackPointExtension></extensions></trkpt><trkpt lat="56.038065" lon="37.836533"><ele>156.6</ele><time>2026-07-09T18:07:17Z</time><extensions><gpxtpx:TrackPointExtension><gpxtpx:hr>160</gpxtpx:hr></gpxtpx:TrackPointExtension></extensions></trkpt><trkpt lat="56.038087" lon="37.836575"><ele>156.6</ele><time>2026-07-09T18:07:18Z</time><extensions><gpxtpx:TrackPointExtension><gpxtpx:hr>160</gpxtpx:hr></gpxtpx:TrackPointExtension></extensions></trkpt><trkpt lat="56.038102" lon="37.836617"><ele>156.4</ele><time>2026-07-09T18:07:19Z</time><extensions><gpxtpx:TrackPointExtension><gpxtpx:hr>160</gpxtpx:hr></gpxtpx:TrackPointExtension></extensions></trkpt><trkpt lat="56.038115" lon="37.836662"><ele>156.2</ele><time>2026-07-09T18:07:20Z</time><extensions><gpxtpx:TrackPointExtension><gpxtpx:hr>159</gpxtpx:hr></gpxtpx:TrackPointExtension></extensions></trkpt><trkpt lat="56.038127" lon="37.836717"><ele>156.2</ele><time>2026-07-09T18:07:21Z</time><extensions><gpxtpx:TrackPointExtension><gpxtpx:hr>160</gpxtpx:hr></gpxtpx:TrackPointExtension></extensions></trkpt><trkpt lat="56.038135" lon="37.836767"><ele>156.0</ele><time>2026-07-09T18:07:22Z</time><extensions><gpxtpx:TrackPointExtension><gpxtpx:hr>160</gpxtpx:hr></gpxtpx:TrackPointExtension></extensions></trkpt><trkpt lat="56.038142" lon="37.836822"><ele>156.0</ele><time>2026-07-09T18:07:23Z</time><extensions><gpxtpx:TrackPointExtension><gpxtpx:hr>160</gpxtpx:hr></gpxtpx:TrackPointExtension></extensions></trkpt><trkpt lat="56.038145" lon="37.83687"><ele>155.8</ele><time>2026-07-09T18:07:24Z</time><extensions><gpxtpx:TrackPointExtension><gpxtpx:hr>160</gpxtpx:hr></gpxtpx:TrackPointExtension></extensions></trkpt><trkpt lat="56.038142" lon="37.836917"><ele>155.8</ele><time>2026-07-09T18:07:25Z</time><extensions><gpxtpx:TrackPointExtension><gpxtpx:hr>159</gpxtpx:hr></gpxtpx:TrackPointExtension></extensions></trkpt><trkpt lat="56.038142" lon="37.836972"><ele>155.6</ele><time>2026-07-09T18:07:26Z</time><extensions><gpxtpx:TrackPointExtension><gpxtpx:hr>159</gpxtpx:hr></gpxtpx:TrackPointExtension></extensions></trkpt><trkpt lat="56.038132" lon="37.837017"><ele>155.6</ele><time>2026-07-09T18:07:27Z</time><extensions><gpxtpx:TrackPointExtension><gpxtpx:hr>159</gpxtpx:hr></gpxtpx:TrackPointExtension></extensions></trkpt><trkpt lat="56.03812" lon="37.837065"><ele>155.4</ele><time>2026-07-09T18:07:28Z</time><extensions><gpxtpx:TrackPointExtension><gpxtpx:hr>160</gpxtpx:hr></gpxtpx:TrackPointExtension></extensions></trkpt><trkpt lat="56.038107" lon="37.837105"><ele>155.4</ele><time>2026-07-09T18:07:29Z</time><extensions><gpxtpx:TrackPointExtension><gpxtpx:hr>160</gpxtpx:hr></gpxtpx:TrackPointExtension></extensions></trkpt><trkpt lat="56.038085" lon="37.837152"><ele>155.4</ele><time>2026-07-09T18:07:30Z</time><extensions><gpxtpx:TrackPointExtension><gpxtpx:hr>159</gpxtpx:hr></gpxtpx:TrackPointExtension></extensions></trkpt><trkpt lat="56.038067" lon="37.837202"><ele>155.4</ele><time>2026-07-09T18:07:31Z</time><extensions><gpxtpx:TrackPointExtension><gpxtpx:hr>158</gpxtpx:hr></gpxtpx:TrackPointExtension></extensions></trkpt><trkpt lat="56.038047" lon="37.837257"><ele>155.4</ele><time>2026-07-09T18:07:32Z</time><extensions><gpxtpx:TrackPointExtension><gpxtpx:hr>158</gpxtpx:hr></gpxtpx:TrackPointExtension></extensions></trkpt><trkpt lat="56.038022" lon="37.837305"><ele>155.4</ele><time>2026-07-09T18:07:33Z</time><extensions><gpxtpx:TrackPointExtension><gpxtpx:hr>158</gpxtpx:hr></gpxtpx:TrackPointExtension></extensions></trkpt><trkpt lat="56.038002" lon="37.837347"><ele>155.4</ele><time>2026-07-09T18:07:34Z</time><extensions><gpxtpx:TrackPointExtension><gpxtpx:hr>158</gpxtpx:hr></gpxtpx:TrackPointExtension></extensions></trkpt><trkpt lat="56.037975" lon="37.837387"><ele>155.4</ele><time>2026-07-09T18:07:35Z</time><extensions><gpxtpx:TrackPointExtension><gpxtpx:hr>158</gpxtpx:hr></gpxtpx:TrackPointExtension></extensions></trkpt><trkpt lat="56.037952" lon="37.837427"><ele>155.4</ele><time>2026-07-09T18:07:36Z</time><extensions><gpxtpx:TrackPointExtension><gpxtpx:hr>158</gpxtpx:hr></gpxtpx:TrackPointExtension></extensions></trkpt><trkpt lat="56.03793" lon="37.837465"><ele>155.2</ele><time>2026-07-09T18:07:37Z</time><extensions><gpxtpx:TrackPointExtension><gpxtpx:hr>158</gpxtpx:hr></gpxtpx:TrackPointExtension></extensions></trkpt><trkpt lat="56.037907" lon="37.837507"><ele>155.2</ele><time>2026-07-09T18:07:38Z</time><extensions><gpxtpx:TrackPointExtension><gpxtpx:hr>158</gpxtpx:hr></gpxtpx:TrackPointExtension></extensions></trkpt><trkpt lat="56.037882" lon="37.83755"><ele>155.2</ele><time>2026-07-09T18:07:39Z</time><extensions><gpxtpx:TrackPointExtension><gpxtpx:hr>158</gpxtpx:hr></gpxtpx:TrackPointExtension></extensions></trkpt><trkpt lat="56.037857" lon="37.83759"><ele>155.2</ele><time>2026-07-09T18:07:40Z</time><extensions><gpxtpx:TrackPointExtension><gpxtpx:hr>159</gpxtpx:hr></gpxtpx:TrackPointExtension></extensions></trkpt><trkpt lat="56.037837" lon="37.837627"><ele>155.0</ele><time>2026-07-09T18:07:41Z</time><extensions><gpxtpx:TrackPointExtension><gpxtpx:hr>158</gpxtpx:hr></gpxtpx:TrackPointExtension></extensions></trkpt><trkpt lat="56.037817" lon="37.837672"><ele>155.0</ele><time>2026-07-09T18:07:42Z</time><extensions><gpxtpx:TrackPointExtension><gpxtpx:hr>158</gpxtpx:hr></gpxtpx:TrackPointExtension></extensions></trkpt><trkpt lat="56.037797" lon="37.837712"><ele>155.0</ele><time>2026-07-09T18:07:43Z</time><extensions><gpxtpx:TrackPointExtension><gpxtpx:hr>158</gpxtpx:hr></gpxtpx:TrackPointExtension></extensions></trkpt><trkpt lat="56.037778" lon="37.837747"><ele>154.8</ele><time>2026-07-09T18:07:44Z</time><extensions><gpxtpx:TrackPointExtension><gpxtpx:hr>158</gpxtpx:hr></gpxtpx:TrackPointExtension></extensions></trkpt><trkpt lat="56.037762" lon="37.837785"><ele>155.0</ele><time>2026-07-09T18:07:45Z</time><extensions><gpxtpx:TrackPointExtension><gpxtpx:hr>158</gpxtpx:hr></gpxtpx:TrackPointExtension></extensions></trkpt><trkpt lat="56.037745" lon="37.837815"><ele>155.0</ele><time>2026-07-09T18:07:46Z</time><extensions><gpxtpx:TrackPointExtension><gpxtpx:hr>158</gpxtpx:hr></gpxtpx:TrackPointExtension></extensions></trkpt><trkpt lat="56.037727" lon="37.837852"><ele>155.0</ele><time>2026-07-09T18:07:47Z</time><extensions><gpxtpx:TrackPointExtension><gpxtpx:hr>157</gpxtpx:hr></gpxtpx:TrackPointExtension></extensions></trkpt><trkpt lat="56.037708" lon="37.837882"><ele>155.0</ele><time>2026-07-09T18:07:48Z</time><extensions><gpxtpx:TrackPointExtension><gpxtpx:hr>158</gpxtpx:hr></gpxtpx:TrackPointExtension></extensions></trkpt><trkpt lat="56.037697" lon="37.837917"><ele>155.0</ele><time>2026-07-09T18:07:49Z</time><extensions><gpxtpx:TrackPointExtension><gpxtpx:hr>158</gpxtpx:hr></gpxtpx:TrackPointExtension></extensions></trkpt><trkpt lat="56.03768" lon="37.837957"><ele>154.8</ele><time>2026-07-09T18:07:50Z</time><extensions><gpxtpx:TrackPointExtension><gpxtpx:hr>158</gpxtpx:hr></gpxtpx:TrackPointExtension></extensions></trkpt><trkpt lat="56.037665" lon="37.837997"><ele>154.8</ele><time>2026-07-09T18:07:51Z</time><extensions><gpxtpx:TrackPointExtension><gpxtpx:hr>158</gpxtpx:hr></gpxtpx:TrackPointExtension></extensions></trkpt><trkpt lat="56.037642" lon="37.838047"><ele>154.8</ele><time>2026-07-09T18:07:52Z</time><extensions><gpxtpx:TrackPointExtension><gpxtpx:hr>157</gpxtpx:hr></gpxtpx:TrackPointExtension></extensions></trkpt><trkpt lat="56.037622" lon="37.838095"><ele>154.8</ele><time>2026-07-09T18:07:53Z</time><extensions><gpxtpx:TrackPointExtension><gpxtpx:hr>156</gpxtpx:hr></gpxtpx:TrackPointExtension></extensions></trkpt><trkpt lat="56.037602" lon="37.838142"><ele>154.8</ele><time>2026-07-09T18:07:54Z</time><extensions><gpxtpx:TrackPointExtension><gpxtpx:hr>155</gpxtpx:hr></gpxtpx:TrackPointExtension></extensions></trkpt><trkpt lat="56.037587" lon="37.838192"><ele>154.8</ele><time>2026-07-09T18:07:55Z</time><extensions><gpxtpx:TrackPointExtension><gpxtpx:hr>155</gpxtpx:hr></gpxtpx:TrackPointExtension></extensions></trkpt><trkpt lat="56.037567" lon="37.838237"><ele>154.8</ele><time>2026-07-09T18:07:56Z</time><extensions><gpxtpx:TrackPointExtension><gpxtpx:hr>155</gpxtpx:hr></gpxtpx:TrackPointExtension></extensions></trkpt><trkpt lat="56.037547" lon="37.838287"><ele>154.8</ele><time>2026-07-09T18:07:57Z</time><extensions><gpxtpx:TrackPointExtension><gpxtpx:hr>155</gpxtpx:hr></gpxtpx:TrackPointExtension></extensions></trkpt><trkpt lat="56.03753" lon="37.838332"><ele>154.8</ele><time>2026-07-09T18:07:58Z</time><extensions><gpxtpx:TrackPointExtension><gpxtpx:hr>155</gpxtpx:hr></gpxtpx:TrackPointExtension></extensions></trkpt><trkpt lat="56.03751" lon="37.838382"><ele>154.8</ele><time>2026-07-09T18:07:59Z</time><extensions><gpxtpx:TrackPointExtension><gpxtpx:hr>155</gpxtpx:hr></gpxtpx:TrackPointExtension></extensions></trkpt><trkpt lat="56.037492" lon="37.838427"><ele>154.8</ele><time>2026-07-09T18:08:00Z</time><extensions><gpxtpx:TrackPointExtension><gpxtpx:hr>155</gpxtpx:hr></gpxtpx:TrackPointExtension></extensions></trkpt><trkpt lat="56.037477" lon="37.838477"><ele>154.8</ele><time>2026-07-09T18:08:01Z</time><extensions><gpxtpx:TrackPointExtension><gpxtpx:hr>156</gpxtpx:hr></gpxtpx:TrackPointExtension></extensions></trkpt><trkpt lat="56.037457" lon="37.83852"><ele>154.8</ele><time>2026-07-09T18:08:02Z</time><extensions><gpxtpx:TrackPointExtension><gpxtpx:hr>156</gpxtpx:hr></gpxtpx:TrackPointExtension></extensions></trkpt><trkpt lat="56.037442" lon="37.83856"><ele>155.0</ele><time>2026-07-09T18:08:03Z</time><extensions><gpxtpx:TrackPointExtension><gpxtpx:hr>156</gpxtpx:hr></gpxtpx:TrackPointExtension></extensions></trkpt><trkpt lat="56.037422" lon="37.838607"><ele>154.8</ele><time>2026-07-09T18:08:04Z</time><extensions><gpxtpx:TrackPointExtension><gpxtpx:hr>156</gpxtpx:hr></gpxtpx:TrackPointExtension></extensions></trkpt><trkpt lat="56.037407" lon="37.838655"><ele>154.8</ele><time>2026-07-09T18:08:05Z</time><extensions><gpxtpx:TrackPointExtension><gpxtpx:hr>156</gpxtpx:hr></gpxtpx:TrackPointExtension></extensions></trkpt><trkpt lat="56.037392" lon="37.838695"><ele>155.0</ele><time>2026-07-09T18:08:06Z</time><extensions><gpxtpx:TrackPointExtension><gpxtpx:hr>156</gpxtpx:hr></gpxtpx:TrackPointExtension></extensions></trkpt><trkpt lat="56.037377" lon="37.838742"><ele>155.0</ele><time>2026-07-09T18:08:07Z</time><extensions><gpxtpx:TrackPointExtension><gpxtpx:hr>156</gpxtpx:hr></gpxtpx:TrackPointExtension></extensions></trkpt><trkpt lat="56.03736" lon="37.838782"><ele>154.8</ele><time>2026-07-09T18:08:08Z</time><extensions><gpxtpx:TrackPointExtension><gpxtpx:hr>155</gpxtpx:hr></gpxtpx:TrackPointExtension></extensions></trkpt><trkpt lat="56.037345" lon="37.838825"><ele>154.8</ele><time>2026-07-09T18:08:09Z</time><extensions><gpxtpx:TrackPointExtension><gpxtpx:hr>156</gpxtpx:hr></gpxtpx:TrackPointExtension></extensions></trkpt><trkpt lat="56.037328" lon="37.83887"><ele>154.6</ele><time>2026-07-09T18:08:10Z</time><extensions><gpxtpx:TrackPointExtension><gpxtpx:hr>156</gpxtpx:hr></gpxtpx:TrackPointExtension></extensions></trkpt><trkpt lat="56.037312" lon="37.838917"><ele>154.6</ele><time>2026-07-09T18:08:11Z</time><extensions><gpxtpx:TrackPointExtension><gpxtpx:hr>156</gpxtpx:hr></gpxtpx:TrackPointExtension></extensions></trkpt><trkpt lat="56.037297" lon="37.838967"><ele>154.4</ele><time>2026-07-09T18:08:12Z</time><extensions><gpxtpx:TrackPointExtension><gpxtpx:hr>156</gpxtpx:hr></gpxtpx:TrackPointExtension></extensions></trkpt><trkpt lat="56.037282" lon="37.839012"><ele>154.4</ele><time>2026-07-09T18:08:13Z</time><extensions><gpxtpx:TrackPointExtension><gpxtpx:hr>156</gpxtpx:hr></gpxtpx:TrackPointExtension></extensions></trkpt><trkpt lat="56.037262" lon="37.83906"><ele>154.2</ele><time>2026-07-09T18:08:14Z</time><extensions><gpxtpx:TrackPointExtension><gpxtpx:hr>156</gpxtpx:hr></gpxtpx:TrackPointExtension></extensions></trkpt><trkpt lat="56.037242" lon="37.839115"><ele>154.2</ele><time>2026-07-09T18:08:15Z</time><extensions><gpxtpx:TrackPointExtension><gpxtpx:hr>156</gpxtpx:hr></gpxtpx:TrackPointExtension></extensions></trkpt><trkpt lat="56.037222" lon="37.839162"><ele>154.2</ele><time>2026-07-09T18:08:16Z</time><extensions><gpxtpx:TrackPointExtension><gpxtpx:hr>156</gpxtpx:hr></gpxtpx:TrackPointExtension></extensions></trkpt><trkpt lat="56.037207" lon="37.839212"><ele>154.2</ele><time>2026-07-09T18:08:17Z</time><extensions><gpxtpx:TrackPointExtension><gpxtpx:hr>156</gpxtpx:hr></gpxtpx:TrackPointExtension></extensions></trkpt><trkpt lat="56.037192" lon="37.839252"><ele>154.2</ele><time>2026-07-09T18:08:18Z</time><extensions><gpxtpx:TrackPointExtension><gpxtpx:hr>155</gpxtpx:hr></gpxtpx:TrackPointExtension></extensions></trkpt><trkpt lat="56.037172" lon="37.839297"><ele>154.2</ele><time>2026-07-09T18:08:19Z</time><extensions><gpxtpx:TrackPointExtension><gpxtpx:hr>156</gpxtpx:hr></gpxtpx:TrackPointExtension></extensions></trkpt><trkpt lat="56.037157" lon="37.839342"><ele>154.2</ele><time>2026-07-09T18:08:20Z</time><extensions><gpxtpx:TrackPointExtension><gpxtpx:hr>156</gpxtpx:hr></gpxtpx:TrackPointExtension></extensions></trkpt><trkpt lat="56.037147" lon="37.839385"><ele>154.2</ele><time>2026-07-09T18:08:21Z</time><extensions><gpxtpx:TrackPointExtension><gpxtpx:hr>156</gpxtpx:hr></gpxtpx:TrackPointExtension></extensions></trkpt><trkpt lat="56.03713" lon="37.839432"><ele>154.0</ele><time>2026-07-09T18:08:22Z</time><extensions><gpxtpx:TrackPointExtension><gpxtpx:hr>156</gpxtpx:hr></gpxtpx:TrackPointExtension></extensions></trkpt><trkpt lat="56.03712" lon="37.83948"><ele>154.0</ele><time>2026-07-09T18:08:23Z</time><extensions><gpxtpx:TrackPointExtension><gpxtpx:hr>156</gpxtpx:hr></gpxtpx:TrackPointExtension></extensions></trkpt><trkpt lat="56.037107" lon="37.839532"><ele>154.0</ele><time>2026-07-09T18:08:24Z</time><extensions><gpxtpx:TrackPointExtension><gpxtpx:hr>156</gpxtpx:hr></gpxtpx:TrackPointExtension></extensions></trkpt><trkpt lat="56.037092" lon="37.839597"><ele>154.0</ele><time>2026-07-09T18:08:25Z</time><extensions><gpxtpx:TrackPointExtension><gpxtpx:hr>157</gpxtpx:hr></gpxtpx:TrackPointExtension></extensions></trkpt><trkpt lat="56.037077" lon="37.839652"><ele>154.0</ele><time>2026-07-09T18:08:26Z</time><extensions><gpxtpx:TrackPointExtension><gpxtpx:hr>157</gpxtpx:hr></gpxtpx:TrackPointExtension></extensions></trkpt><trkpt lat="56.037062" lon="37.839702"><ele>153.8</ele><time>2026-07-09T18:08:27Z</time><extensions><gpxtpx:TrackPointExtension><gpxtpx:hr>157</gpxtpx:hr></gpxtpx:TrackPointExtension></extensions></trkpt><trkpt lat="56.037047" lon="37.839752"><ele>153.8</ele><time>2026-07-09T18:08:28Z</time><extensions><gpxtpx:TrackPointExtension><gpxtpx:hr>158</gpxtpx:hr></gpxtpx:TrackPointExtension></extensions></trkpt><trkpt lat="56.03703" lon="37.839802"><ele>153.8</ele><time>2026-07-09T18:08:29Z</time><extensions><gpxtpx:TrackPointExtension><gpxtpx:hr>158</gpxtpx:hr></gpxtpx:TrackPointExtension></extensions></trkpt><trkpt lat="56.037017" lon="37.839855"><ele>153.8</ele><time>2026-07-09T18:08:30Z</time><extensions><gpxtpx:TrackPointExtension><gpxtpx:hr>157</gpxtpx:hr></gpxtpx:TrackPointExtension></extensions></trkpt><trkpt lat="56.037007" lon="37.839905"><ele>153.8</ele><time>2026-07-09T18:08:31Z</time><extensions><gpxtpx:TrackPointExtension><gpxtpx:hr>157</gpxtpx:hr></gpxtpx:TrackPointExtension></extensions></trkpt><trkpt lat="56.036997" lon="37.839952"><ele>153.8</ele><time>2026-07-09T18:08:32Z</time><extensions><gpxtpx:TrackPointExtension><gpxtpx:hr>158</gpxtpx:hr></gpxtpx:TrackPointExtension></extensions></trkpt><trkpt lat="56.036992" lon="37.840002"><ele>153.8</ele><time>2026-07-09T18:08:33Z</time><extensions><gpxtpx:TrackPointExtension><gpxtpx:hr>158</gpxtpx:hr></gpxtpx:TrackPointExtension></extensions></trkpt><trkpt lat="56.036982" lon="37.840055"><ele>153.8</ele><time>2026-07-09T18:08:34Z</time><extensions><gpxtpx:TrackPointExtension><gpxtpx:hr>158</gpxtpx:hr></gpxtpx:TrackPointExtension></extensions></trkpt><trkpt lat="56.036972" lon="37.840107"><ele>154.0</ele><time>2026-07-09T18:08:35Z</time><extensions><gpxtpx:TrackPointExtension><gpxtpx:hr>158</gpxtpx:hr></gpxtpx:TrackPointExtension></extensions></trkpt><trkpt lat="56.036972" lon="37.840165"><ele>154.2</ele><time>2026-07-09T18:08:36Z</time><extensions><gpxtpx:TrackPointExtension><gpxtpx:hr>158</gpxtpx:hr></gpxtpx:TrackPointExtension></extensions></trkpt><trkpt lat="56.036977" lon="37.840225"><ele>154.2</ele><time>2026-07-09T18:08:37Z</time><extensions><gpxtpx:TrackPointExtension><gpxtpx:hr>158</gpxtpx:hr></gpxtpx:TrackPointExtension></extensions></trkpt><trkpt lat="56.03698" lon="37.840287"><ele>154.2</ele><time>2026-07-09T18:08:38Z</time><extensions><gpxtpx:TrackPointExtension><gpxtpx:hr>158</gpxtpx:hr></gpxtpx:TrackPointExtension></extensions></trkpt><trkpt lat="56.036985" lon="37.840337"><ele>154.2</ele><time>2026-07-09T18:08:39Z</time><extensions><gpxtpx:TrackPointExtension><gpxtpx:hr>158</gpxtpx:hr></gpxtpx:TrackPointExtension></extensions></trkpt><trkpt lat="56.036992" lon="37.840387"><ele>154.0</ele><time>2026-07-09T18:08:40Z</time><extensions><gpxtpx:TrackPointExtension><gpxtpx:hr>158</gpxtpx:hr></gpxtpx:TrackPointExtension></extensions></trkpt><trkpt lat="56.037002" lon="37.840435"><ele>154.0</ele><time>2026-07-09T18:08:41Z</time><extensions><gpxtpx:TrackPointExtension><gpxtpx:hr>158</gpxtpx:hr></gpxtpx:TrackPointExtension></extensions></trkpt><trkpt lat="56.037017" lon="37.840477"><ele>154.0</ele><time>2026-07-09T18:08:42Z</time><extensions><gpxtpx:TrackPointExtension><gpxtpx:hr>158</gpxtpx:hr></gpxtpx:TrackPointExtension></extensions></trkpt><trkpt lat="56.037032" lon="37.840522"><ele>154.0</ele><time>2026-07-09T18:08:43Z</time><extensions><gpxtpx:TrackPointExtension><gpxtpx:hr>159</gpxtpx:hr></gpxtpx:TrackPointExtension></extensions></trkpt><trkpt lat="56.037047" lon="37.840567"><ele>154.0</ele><time>2026-07-09T18:08:44Z</time><extensions><gpxtpx:TrackPointExtension><gpxtpx:hr>158</gpxtpx:hr></gpxtpx:TrackPointExtension></extensions></trkpt><trkpt lat="56.037057" lon="37.840617"><ele>154.0</ele><time>2026-07-09T18:08:45Z</time><extensions><gpxtpx:TrackPointExtension><gpxtpx:hr>158</gpxtpx:hr></gpxtpx:TrackPointExtension></extensions></trkpt><trkpt lat="56.037067" lon="37.840672"><ele>153.8</ele><time>2026-07-09T18:08:46Z</time><extensions><gpxtpx:TrackPointExtension><gpxtpx:hr>158</gpxtpx:hr></gpxtpx:TrackPointExtension></extensions></trkpt><trkpt lat="56.037077" lon="37.84073"><ele>153.8</ele><time>2026-07-09T18:08:47Z</time><extensions><gpxtpx:TrackPointExtension><gpxtpx:hr>159</gpxtpx:hr></gpxtpx:TrackPointExtension></extensions></trkpt><trkpt lat="56.037085" lon="37.840782"><ele>154.0</ele><time>2026-07-09T18:08:48Z</time><extensions><gpxtpx:TrackPointExtension><gpxtpx:hr>159</gpxtpx:hr></gpxtpx:TrackPointExtension></extensions></trkpt><trkpt lat="56.037095" lon="37.840827"><ele>154.0</ele><time>2026-07-09T18:08:49Z</time><extensions><gpxtpx:TrackPointExtension><gpxtpx:hr>159</gpxtpx:hr></gpxtpx:TrackPointExtension></extensions></trkpt><trkpt lat="56.037102" lon="37.840872"><ele>154.0</ele><time>2026-07-09T18:08:50Z</time><extensions><gpxtpx:TrackPointExtension><gpxtpx:hr>158</gpxtpx:hr></gpxtpx:TrackPointExtension></extensions></trkpt><trkpt lat="56.037112" lon="37.840917"><ele>154.0</ele><time>2026-07-09T18:08:51Z</time><extensions><gpxtpx:TrackPointExtension><gpxtpx:hr>158</gpxtpx:hr></gpxtpx:TrackPointExtension></extensions></trkpt><trkpt lat="56.037125" lon="37.840957"><ele>154.0</ele><time>2026-07-09T18:08:52Z</time><extensions><gpxtpx:TrackPointExtension><gpxtpx:hr>158</gpxtpx:hr></gpxtpx:TrackPointExtension></extensions></trkpt><trkpt lat="56.037137" lon="37.840997"><ele>154.0</ele><time>2026-07-09T18:08:53Z</time><extensions><gpxtpx:TrackPointExtension><gpxtpx:hr>158</gpxtpx:hr></gpxtpx:TrackPointExtension></extensions></trkpt><trkpt lat="56.03715" lon="37.841032"><ele>154.2</ele><time>2026-07-09T18:08:54Z</time><extensions><gpxtpx:TrackPointExtension><gpxtpx:hr>160</gpxtpx:hr></gpxtpx:TrackPointExtension></extensions></trkpt><trkpt lat="56.037165" lon="37.841075"><ele>154.2</ele><time>2026-07-09T18:08:55Z</time><extensions><gpxtpx:TrackPointExtension><gpxtpx:hr>160</gpxtpx:hr></gpxtpx:TrackPointExtension></extensions></trkpt><trkpt lat="56.037177" lon="37.841115"><ele>154.4</ele><time>2026-07-09T18:08:56Z</time><extensions><gpxtpx:TrackPointExtension><gpxtpx:hr>160</gpxtpx:hr></gpxtpx:TrackPointExtension></extensions></trkpt><trkpt lat="56.037187" lon="37.841162"><ele>154.4</ele><time>2026-07-09T18:08:57Z</time><extensions><gpxtpx:TrackPointExtension><gpxtpx:hr>160</gpxtpx:hr></gpxtpx:TrackPointExtension></extensions></trkpt><trkpt lat="56.0372" lon="37.841202"><ele>154.6</ele><time>2026-07-09T18:08:58Z</time><extensions><gpxtpx:TrackPointExtension><gpxtpx:hr>159</gpxtpx:hr></gpxtpx:TrackPointExtension></extensions></trkpt><trkpt lat="56.037212" lon="37.841252"><ele>154.6</ele><time>2026-07-09T18:08:59Z</time><extensions><gpxtpx:TrackPointExtension><gpxtpx:hr>159</gpxtpx:hr></gpxtpx:TrackPointExtension></extensions></trkpt><trkpt lat="56.037225" lon="37.8413"><ele>154.8</ele><time>2026-07-09T18:09:00Z</time><extensions><gpxtpx:TrackPointExtension><gpxtpx:hr>159</gpxtpx:hr></gpxtpx:TrackPointExtension></extensions></trkpt><trkpt lat="56.037237" lon="37.841342"><ele>155.0</ele><time>2026-07-09T18:09:01Z</time><extensions><gpxtpx:TrackPointExtension><gpxtpx:hr>159</gpxtpx:hr></gpxtpx:TrackPointExtension></extensions></trkpt><trkpt lat="56.03725" lon="37.841382"><ele>155.4</ele><time>2026-07-09T18:09:02Z</time><extensions><gpxtpx:TrackPointExtension><gpxtpx:hr>159</gpxtpx:hr></gpxtpx:TrackPointExtension></extensions></trkpt><trkpt lat="56.037262" lon="37.841422"><ele>155.4</ele><time>2026-07-09T18:09:03Z</time><extensions><gpxtpx:TrackPointExtension><gpxtpx:hr>159</gpxtpx:hr></gpxtpx:TrackPointExtension></extensions></trkpt><trkpt lat="56.037272" lon="37.841457"><ele>155.4</ele><time>2026-07-09T18:09:04Z</time><extensions><gpxtpx:TrackPointExtension><gpxtpx:hr>159</gpxtpx:hr></gpxtpx:TrackPointExtension></extensions></trkpt><trkpt lat="56.037287" lon="37.8415"><ele>155.4</ele><time>2026-07-09T18:09:05Z</time><extensions><gpxtpx:TrackPointExtension><gpxtpx:hr>160</gpxtpx:hr></gpxtpx:TrackPointExtension></extensions></trkpt><trkpt lat="56.037295" lon="37.841542"><ele>155.4</ele><time>2026-07-09T18:09:06Z</time><extensions><gpxtpx:TrackPointExtension><gpxtpx:hr>159</gpxtpx:hr></gpxtpx:TrackPointExtension></extensions></trkpt><trkpt lat="56.037302" lon="37.841577"><ele>155.4</ele><time>2026-07-09T18:09:07Z</time><extensions><gpxtpx:TrackPointExtension><gpxtpx:hr>159</gpxtpx:hr></gpxtpx:TrackPointExtension></extensions></trkpt><trkpt lat="56.037317" lon="37.841617"><ele>155.4</ele><time>2026-07-09T18:09:08Z</time><extensions><gpxtpx:TrackPointExtension><gpxtpx:hr>159</gpxtpx:hr></gpxtpx:TrackPointExtension></extensions></trkpt><trkpt lat="56.037328" lon="37.841655"><ele>155.4</ele><time>2026-07-09T18:09:09Z</time><extensions><gpxtpx:TrackPointExtension><gpxtpx:hr>159</gpxtpx:hr></gpxtpx:TrackPointExtension></extensions></trkpt><trkpt lat="56.037342" lon="37.841697"><ele>155.4</ele><time>2026-07-09T18:09:10Z</time><extensions><gpxtpx:TrackPointExtension><gpxtpx:hr>159</gpxtpx:hr></gpxtpx:TrackPointExtension></extensions></trkpt><trkpt lat="56.037357" lon="37.84174"><ele>155.4</ele><time>2026-07-09T18:09:11Z</time><extensions><gpxtpx:TrackPointExtension><gpxtpx:hr>158</gpxtpx:hr></gpxtpx:TrackPointExtension></extensions></trkpt><trkpt lat="56.037372" lon="37.841785"><ele>155.6</ele><time>2026-07-09T18:09:12Z</time><extensions><gpxtpx:TrackPointExtension><gpxtpx:hr>158</gpxtpx:hr></gpxtpx:TrackPointExtension></extensions></trkpt><trkpt lat="56.037387" lon="37.841825"><ele>155.6</ele><time>2026-07-09T18:09:13Z</time><extensions><gpxtpx:TrackPointExtension><gpxtpx:hr>158</gpxtpx:hr></gpxtpx:TrackPointExtension></extensions></trkpt><trkpt lat="56.037402" lon="37.841877"><ele>155.6</ele><time>2026-07-09T18:09:14Z</time><extensions><gpxtpx:TrackPointExtension><gpxtpx:hr>158</gpxtpx:hr></gpxtpx:TrackPointExtension></extensions></trkpt><trkpt lat="56.037412" lon="37.84192"><ele>155.6</ele><time>2026-07-09T18:09:15Z</time><extensions><gpxtpx:TrackPointExtension><gpxtpx:hr>158</gpxtpx:hr></gpxtpx:TrackPointExtension></extensions></trkpt><trkpt lat="56.037427" lon="37.841965"><ele>155.8</ele><time>2026-07-09T18:09:16Z</time><extensions><gpxtpx:TrackPointExtension><gpxtpx:hr>158</gpxtpx:hr></gpxtpx:TrackPointExtension></extensions></trkpt><trkpt lat="56.037435" lon="37.842007"><ele>155.8</ele><time>2026-07-09T18:09:17Z</time><extensions><gpxtpx:TrackPointExtension><gpxtpx:hr>158</gpxtpx:hr></gpxtpx:TrackPointExtension></extensions></trkpt><trkpt lat="56.037442" lon="37.842047"><ele>155.8</ele><time>2026-07-09T18:09:18Z</time><extensions><gpxtpx:TrackPointExtension><gpxtpx:hr>158</gpxtpx:hr></gpxtpx:TrackPointExtension></extensions></trkpt><trkpt lat="56.037452" lon="37.84208"><ele>155.8</ele><time>2026-07-09T18:09:19Z</time><extensions><gpxtpx:TrackPointExtension><gpxtpx:hr>159</gpxtpx:hr></gpxtpx:TrackPointExtension></extensions></trkpt><trkpt lat="56.037462" lon="37.842117"><ele>156.0</ele><time>2026-07-09T18:09:20Z</time><extensions><gpxtpx:TrackPointExtension><gpxtpx:hr>158</gpxtpx:hr></gpxtpx:TrackPointExtension></extensions></trkpt><trkpt lat="56.037472" lon="37.842162"><ele>156.0</ele><time>2026-07-09T18:09:21Z</time><extensions><gpxtpx:TrackPointExtension><gpxtpx:hr>158</gpxtpx:hr></gpxtpx:TrackPointExtension></extensions></trkpt><trkpt lat="56.037483" lon="37.8422"><ele>156.0</ele><time>2026-07-09T18:09:22Z</time><extensions><gpxtpx:TrackPointExtension><gpxtpx:hr>157</gpxtpx:hr></gpxtpx:TrackPointExtension></extensions></trkpt><trkpt lat="56.037502" lon="37.842237"><ele>156.0</ele><time>2026-07-09T18:09:23Z</time><extensions><gpxtpx:TrackPointExtension><gpxtpx:hr>157</gpxtpx:hr></gpxtpx:TrackPointExtension></extensions></trkpt><trkpt lat="56.037512" lon="37.842275"><ele>156.2</ele><time>2026-07-09T18:09:24Z</time><extensions><gpxtpx:TrackPointExtension><gpxtpx:hr>157</gpxtpx:hr></gpxtpx:TrackPointExtension></extensions></trkpt><trkpt lat="56.037522" lon="37.842312"><ele>156.2</ele><time>2026-07-09T18:09:25Z</time><extensions><gpxtpx:TrackPointExtension><gpxtpx:hr>157</gpxtpx:hr></gpxtpx:TrackPointExtension></extensions></trkpt><trkpt lat="56.037527" lon="37.842357"><ele>156.2</ele><time>2026-07-09T18:09:26Z</time><extensions><gpxtpx:TrackPointExtension><gpxtpx:hr>157</gpxtpx:hr></gpxtpx:TrackPointExtension></extensions></trkpt><trkpt lat="56.037537" lon="37.842397"><ele>156.2</ele><time>2026-07-09T18:09:27Z</time><extensions><gpxtpx:TrackPointExtension><gpxtpx:hr>157</gpxtpx:hr></gpxtpx:TrackPointExtension></extensions></trkpt><trkpt lat="56.037545" lon="37.842447"><ele>156.2</ele><time>2026-07-09T18:09:28Z</time><extensions><gpxtpx:TrackPointExtension><gpxtpx:hr>157</gpxtpx:hr></gpxtpx:TrackPointExtension></extensions></trkpt><trkpt lat="56.037557" lon="37.842492"><ele>156.2</ele><time>2026-07-09T18:09:29Z</time><extensions><gpxtpx:TrackPointExtension><gpxtpx:hr>157</gpxtpx:hr></gpxtpx:TrackPointExtension></extensions></trkpt><trkpt lat="56.037567" lon="37.842537"><ele>156.2</ele><time>2026-07-09T18:09:30Z</time><extensions><gpxtpx:TrackPointExtension><gpxtpx:hr>157</gpxtpx:hr></gpxtpx:TrackPointExtension></extensions></trkpt><trkpt lat="56.03758" lon="37.842582"><ele>156.4</ele><time>2026-07-09T18:09:31Z</time><extensions><gpxtpx:TrackPointExtension><gpxtpx:hr>157</gpxtpx:hr></gpxtpx:TrackPointExtension></extensions></trkpt><trkpt lat="56.037597" lon="37.84263"><ele>156.4</ele><time>2026-07-09T18:09:32Z</time><extensions><gpxtpx:TrackPointExtension><gpxtpx:hr>157</gpxtpx:hr></gpxtpx:TrackPointExtension></extensions></trkpt><trkpt lat="56.037612" lon="37.842668"><ele>156.4</ele><time>2026-07-09T18:09:33Z</time><extensions><gpxtpx:TrackPointExtension><gpxtpx:hr>157</gpxtpx:hr></gpxtpx:TrackPointExtension></extensions></trkpt><trkpt lat="56.03763" lon="37.842705"><ele>156.4</ele><time>2026-07-09T18:09:34Z</time><extensions><gpxtpx:TrackPointExtension><gpxtpx:hr>157</gpxtpx:hr></gpxtpx:TrackPointExtension></extensions></trkpt><trkpt lat="56.037642" lon="37.842745"><ele>156.4</ele><time>2026-07-09T18:09:35Z</time><extensions><gpxtpx:TrackPointExtension><gpxtpx:hr>157</gpxtpx:hr></gpxtpx:TrackPointExtension></extensions></trkpt><trkpt lat="56.037652" lon="37.842787"><ele>156.6</ele><time>2026-07-09T18:09:36Z</time><extensions><gpxtpx:TrackPointExtension><gpxtpx:hr>157</gpxtpx:hr></gpxtpx:TrackPointExtension></extensions></trkpt><trkpt lat="56.03766" lon="37.84283"><ele>156.6</ele><time>2026-07-09T18:09:37Z</time><extensions><gpxtpx:TrackPointExtension><gpxtpx:hr>157</gpxtpx:hr></gpxtpx:TrackPointExtension></extensions></trkpt><trkpt lat="56.03767" lon="37.842872"><ele>156.8</ele><time>2026-07-09T18:09:38Z</time><extensions><gpxtpx:TrackPointExtension><gpxtpx:hr>157</gpxtpx:hr></gpxtpx:TrackPointExtension></extensions></trkpt><trkpt lat="56.037682" lon="37.842922"><ele>156.8</ele><time>2026-07-09T18:09:39Z</time><extensions><gpxtpx:TrackPointExtension><gpxtpx:hr>158</gpxtpx:hr></gpxtpx:TrackPointExtension></extensions></trkpt><trkpt lat="56.037692" lon="37.842967"><ele>156.8</ele><time>2026-07-09T18:09:40Z</time><extensions><gpxtpx:TrackPointExtension><gpxtpx:hr>157</gpxtpx:hr></gpxtpx:TrackPointExtension></extensions></trkpt><trkpt lat="56.037705" lon="37.843012"><ele>156.8</ele><time>2026-07-09T18:09:41Z</time><extensions><gpxtpx:TrackPointExtension><gpxtpx:hr>158</gpxtpx:hr></gpxtpx:TrackPointExtension></extensions></trkpt><trkpt lat="56.03772" lon="37.843052"><ele>156.8</ele><time>2026-07-09T18:09:42Z</time><extensions><gpxtpx:TrackPointExtension><gpxtpx:hr>158</gpxtpx:hr></gpxtpx:TrackPointExtension></extensions></trkpt><trkpt lat="56.037732" lon="37.843095"><ele>157.0</ele><time>2026-07-09T18:09:43Z</time><extensions><gpxtpx:TrackPointExtension><gpxtpx:hr>158</gpxtpx:hr></gpxtpx:TrackPointExtension></extensions></trkpt><trkpt lat="56.037745" lon="37.843132"><ele>157.0</ele><time>2026-07-09T18:09:44Z</time><extensions><gpxtpx:TrackPointExtension><gpxtpx:hr>158</gpxtpx:hr></gpxtpx:TrackPointExtension></extensions></trkpt><trkpt lat="56.037762" lon="37.843175"><ele>157.0</ele><time>2026-07-09T18:09:45Z</time><extensions><gpxtpx:TrackPointExtension><gpxtpx:hr>158</gpxtpx:hr></gpxtpx:TrackPointExtension></extensions></trkpt><trkpt lat="56.037772" lon="37.843217"><ele>157.0</ele><time>2026-07-09T18:09:46Z</time><extensions><gpxtpx:TrackPointExtension><gpxtpx:hr>158</gpxtpx:hr></gpxtpx:TrackPointExtension></extensions></trkpt><trkpt lat="56.037782" lon="37.843262"><ele>157.0</ele><time>2026-07-09T18:09:47Z</time><extensions><gpxtpx:TrackPointExtension><gpxtpx:hr>158</gpxtpx:hr></gpxtpx:TrackPointExtension></extensions></trkpt><trkpt lat="56.037797" lon="37.843307"><ele>157.0</ele><time>2026-07-09T18:09:48Z</time><extensions><gpxtpx:TrackPointExtension><gpxtpx:hr>158</gpxtpx:hr></gpxtpx:TrackPointExtension></extensions></trkpt><trkpt lat="56.037805" lon="37.843355"><ele>157.2</ele><time>2026-07-09T18:09:49Z</time><extensions><gpxtpx:TrackPointExtension><gpxtpx:hr>158</gpxtpx:hr></gpxtpx:TrackPointExtension></extensions></trkpt><trkpt lat="56.037812" lon="37.843407"><ele>157.2</ele><time>2026-07-09T18:09:50Z</time><extensions><gpxtpx:TrackPointExtension><gpxtpx:hr>158</gpxtpx:hr></gpxtpx:TrackPointExtension></extensions></trkpt><trkpt lat="56.037822" lon="37.84345"><ele>157.4</ele><time>2026-07-09T18:09:51Z</time><extensions><gpxtpx:TrackPointExtension><gpxtpx:hr>159</gpxtpx:hr></gpxtpx:TrackPointExtension></extensions></trkpt><trkpt lat="56.037837" lon="37.843487"><ele>157.4</ele><time>2026-07-09T18:09:52Z</time><extensions><gpxtpx:TrackPointExtension><gpxtpx:hr>158</gpxtpx:hr></gpxtpx:TrackPointExtension></extensions></trkpt><trkpt lat="56.037847" lon="37.843527"><ele>157.4</ele><time>2026-07-09T18:09:53Z</time><extensions><gpxtpx:TrackPointExtension><gpxtpx:hr>158</gpxtpx:hr></gpxtpx:TrackPointExtension></extensions></trkpt><trkpt lat="56.037855" lon="37.843567"><ele>157.6</ele><time>2026-07-09T18:09:54Z</time><extensions><gpxtpx:TrackPointExtension><gpxtpx:hr>158</gpxtpx:hr></gpxtpx:TrackPointExtension></extensions></trkpt><trkpt lat="56.037862" lon="37.84361"><ele>157.6</ele><time>2026-07-09T18:09:55Z</time><extensions><gpxtpx:TrackPointExtension><gpxtpx:hr>158</gpxtpx:hr></gpxtpx:TrackPointExtension></extensions></trkpt><trkpt lat="56.037872" lon="37.843647"><ele>157.8</ele><time>2026-07-09T18:09:56Z</time><extensions><gpxtpx:TrackPointExtension><gpxtpx:hr>158</gpxtpx:hr></gpxtpx:TrackPointExtension></extensions></trkpt><trkpt lat="56.037882" lon="37.843692"><ele>158.0</ele><time>2026-07-09T18:09:57Z</time><extensions><gpxtpx:TrackPointExtension><gpxtpx:hr>158</gpxtpx:hr></gpxtpx:TrackPointExtension></extensions></trkpt><trkpt lat="56.037892" lon="37.843738"><ele>158.2</ele><time>2026-07-09T18:09:58Z</time><extensions><gpxtpx:TrackPointExtension><gpxtpx:hr>158</gpxtpx:hr></gpxtpx:TrackPointExtension></extensions></trkpt><trkpt lat="56.037902" lon="37.843785"><ele>158.4</ele><time>2026-07-09T18:09:59Z</time><extensions><gpxtpx:TrackPointExtension><gpxtpx:hr>158</gpxtpx:hr></gpxtpx:TrackPointExtension></extensions></trkpt><trkpt lat="56.037912" lon="37.84383"><ele>158.4</ele><time>2026-07-09T18:10:00Z</time><extensions><gpxtpx:TrackPointExtension><gpxtpx:hr>158</gpxtpx:hr></gpxtpx:TrackPointExtension></extensions></trkpt><trkpt lat="56.037927" lon="37.843872"><ele>158.4</ele><time>2026-07-09T18:10:01Z</time><extensions><gpxtpx:TrackPointExtension><gpxtpx:hr>158</gpxtpx:hr></gpxtpx:TrackPointExtension></extensions></trkpt><trkpt lat="56.037937" lon="37.84391"><ele>158.6</ele><time>2026-07-09T18:10:02Z</time><extensions><gpxtpx:TrackPointExtension><gpxtpx:hr>158</gpxtpx:hr></gpxtpx:TrackPointExtension></extensions></trkpt><trkpt lat="56.03795" lon="37.843945"><ele>158.6</ele><time>2026-07-09T18:10:03Z</time><extensions><gpxtpx:TrackPointExtension><gpxtpx:hr>158</gpxtpx:hr></gpxtpx:TrackPointExtension></extensions></trkpt><trkpt lat="56.03796" lon="37.843987"><ele>158.8</ele><time>2026-07-09T18:10:04Z</time><extensions><gpxtpx:TrackPointExtension><gpxtpx:hr>158</gpxtpx:hr></gpxtpx:TrackPointExtension></extensions></trkpt><trkpt lat="56.037972" lon="37.844027"><ele>158.8</ele><time>2026-07-09T18:10:05Z</time><extensions><gpxtpx:TrackPointExtension><gpxtpx:hr>158</gpxtpx:hr></gpxtpx:TrackPointExtension></extensions></trkpt><trkpt lat="56.037982" lon="37.844062"><ele>158.8</ele><time>2026-07-09T18:10:06Z</time><extensions><gpxtpx:TrackPointExtension><gpxtpx:hr>157</gpxtpx:hr></gpxtpx:TrackPointExtension></extensions></trkpt><trkpt lat="56.037995" lon="37.844102"><ele>159.0</ele><time>2026-07-09T18:10:07Z</time><extensions><gpxtpx:TrackPointExtension><gpxtpx:hr>157</gpxtpx:hr></gpxtpx:TrackPointExtension></extensions></trkpt><trkpt lat="56.038007" lon="37.844137"><ele>159.0</ele><time>2026-07-09T18:10:08Z</time><extensions><gpxtpx:TrackPointExtension><gpxtpx:hr>157</gpxtpx:hr></gpxtpx:TrackPointExtension></extensions></trkpt><trkpt lat="56.038022" lon="37.844177"><ele>159.2</ele><time>2026-07-09T18:10:09Z</time><extensions><gpxtpx:TrackPointExtension><gpxtpx:hr>157</gpxtpx:hr></gpxtpx:TrackPointExtension></extensions></trkpt><trkpt lat="56.038032" lon="37.844207"><ele>159.2</ele><time>2026-07-09T18:10:10Z</time><extensions><gpxtpx:TrackPointExtension><gpxtpx:hr>157</gpxtpx:hr></gpxtpx:TrackPointExtension></extensions></trkpt><trkpt lat="56.038042" lon="37.844247"><ele>159.4</ele><time>2026-07-09T18:10:11Z</time><extensions><gpxtpx:TrackPointExtension><gpxtpx:hr>157</gpxtpx:hr></gpxtpx:TrackPointExtension></extensions></trkpt><trkpt lat="56.03805" lon="37.844282"><ele>159.4</ele><time>2026-07-09T18:10:12Z</time><extensions><gpxtpx:TrackPointExtension><gpxtpx:hr>156</gpxtpx:hr></gpxtpx:TrackPointExtension></extensions></trkpt><trkpt lat="56.038057" lon="37.844317"><ele>159.6</ele><time>2026-07-09T18:10:13Z</time><extensions><gpxtpx:TrackPointExtension><gpxtpx:hr>157</gpxtpx:hr></gpxtpx:TrackPointExtension></extensions></trkpt><trkpt lat="56.038067" lon="37.844352"><ele>159.8</ele><time>2026-07-09T18:10:14Z</time><extensions><gpxtpx:TrackPointExtension><gpxtpx:hr>156</gpxtpx:hr></gpxtpx:TrackPointExtension></extensions></trkpt><trkpt lat="56.038077" lon="37.844382"><ele>160.0</ele><time>2026-07-09T18:10:15Z</time><extensions><gpxtpx:TrackPointExtension><gpxtpx:hr>157</gpxtpx:hr></gpxtpx:TrackPointExtension></extensions></trkpt><trkpt lat="56.038088" lon="37.844422"><ele>160.0</ele><time>2026-07-09T18:10:16Z</time><extensions><gpxtpx:TrackPointExtension><gpxtpx:hr>157</gpxtpx:hr></gpxtpx:TrackPointExtension></extensions></trkpt><trkpt lat="56.038102" lon="37.844452"><ele>160.2</ele><time>2026-07-09T18:10:17Z</time><extensions><gpxtpx:TrackPointExtension><gpxtpx:hr>157</gpxtpx:hr></gpxtpx:TrackPointExtension></extensions></trkpt><trkpt lat="56.038112" lon="37.844485"><ele>160.4</ele><time>2026-07-09T18:10:18Z</time><extensions><gpxtpx:TrackPointExtension><gpxtpx:hr>157</gpxtpx:hr></gpxtpx:TrackPointExtension></extensions></trkpt><trkpt lat="56.038122" lon="37.844522"><ele>160.4</ele><time>2026-07-09T18:10:19Z</time><extensions><gpxtpx:TrackPointExtension><gpxtpx:hr>157</gpxtpx:hr></gpxtpx:TrackPointExtension></extensions></trkpt><trkpt lat="56.038127" lon="37.844562"><ele>160.6</ele><time>2026-07-09T18:10:20Z</time><extensions><gpxtpx:TrackPointExtension><gpxtpx:hr>157</gpxtpx:hr></gpxtpx:TrackPointExtension></extensions></trkpt><trkpt lat="56.038137" lon="37.844595"><ele>160.8</ele><time>2026-07-09T18:10:21Z</time><extensions><gpxtpx:TrackPointExtension><gpxtpx:hr>156</gpxtpx:hr></gpxtpx:TrackPointExtension></extensions></trkpt><trkpt lat="56.038142" lon="37.84463"><ele>161.0</ele><time>2026-07-09T18:10:22Z</time><extensions><gpxtpx:TrackPointExtension><gpxtpx:hr>156</gpxtpx:hr></gpxtpx:TrackPointExtension></extensions></trkpt><trkpt lat="56.038152" lon="37.844662"><ele>161.2</ele><time>2026-07-09T18:10:23Z</time><extensions><gpxtpx:TrackPointExtension><gpxtpx:hr>156</gpxtpx:hr></gpxtpx:TrackPointExtension></extensions></trkpt><trkpt lat="56.038165" lon="37.844717"><ele>161.6</ele><time>2026-07-09T18:10:25Z</time><extensions><gpxtpx:TrackPointExtension><gpxtpx:hr>155</gpxtpx:hr></gpxtpx:TrackPointExtension></extensions></trkpt><trkpt lat="56.038172" lon="37.844752"><ele>161.6</ele><time>2026-07-09T18:10:26Z</time><extensions><gpxtpx:TrackPointExtension><gpxtpx:hr>155</gpxtpx:hr></gpxtpx:TrackPointExtension></extensions></trkpt><trkpt lat="56.038182" lon="37.844782"><ele>161.8</ele><time>2026-07-09T18:10:27Z</time><extensions><gpxtpx:TrackPointExtension><gpxtpx:hr>155</gpxtpx:hr></gpxtpx:TrackPointExtension></extensions></trkpt><trkpt lat="56.038192" lon="37.844817"><ele>162.0</ele><time>2026-07-09T18:10:28Z</time><extensions><gpxtpx:TrackPointExtension><gpxtpx:hr>155</gpxtpx:hr></gpxtpx:TrackPointExtension></extensions></trkpt><trkpt lat="56.0382" lon="37.844847"><ele>162.2</ele><time>2026-07-09T18:10:29Z</time><extensions><gpxtpx:TrackPointExtension><gpxtpx:hr>154</gpxtpx:hr></gpxtpx:TrackPointExtension></extensions></trkpt><trkpt lat="56.038212" lon="37.844877"><ele>162.4</ele><time>2026-07-09T18:10:30Z</time><extensions><gpxtpx:TrackPointExtension><gpxtpx:hr>154</gpxtpx:hr></gpxtpx:TrackPointExtension></extensions></trkpt><trkpt lat="56.038225" lon="37.844907"><ele>162.6</ele><time>2026-07-09T18:10:31Z</time><extensions><gpxtpx:TrackPointExtension><gpxtpx:hr>155</gpxtpx:hr></gpxtpx:TrackPointExtension></extensions></trkpt><trkpt lat="56.038232" lon="37.844937"><ele>162.8</ele><time>2026-07-09T18:10:32Z</time><extensions><gpxtpx:TrackPointExtension><gpxtpx:hr>154</gpxtpx:hr></gpxtpx:TrackPointExtension></extensions></trkpt><trkpt lat="56.038242" lon="37.844972"><ele>163.0</ele><time>2026-07-09T18:10:33Z</time><extensions><gpxtpx:TrackPointExtension><gpxtpx:hr>154</gpxtpx:hr></gpxtpx:TrackPointExtension></extensions></trkpt><trkpt lat="56.038252" lon="37.845002"><ele>163.2</ele><time>2026-07-09T18:10:34Z</time><extensions><gpxtpx:TrackPointExtension><gpxtpx:hr>154</gpxtpx:hr></gpxtpx:TrackPointExtension></extensions></trkpt><trkpt lat="56.038257" lon="37.845037"><ele>163.4</ele><time>2026-07-09T18:10:35Z</time><extensions><gpxtpx:TrackPointExtension><gpxtpx:hr>154</gpxtpx:hr></gpxtpx:TrackPointExtension></extensions></trkpt><trkpt lat="56.038265" lon="37.845067"><ele>163.4</ele><time>2026-07-09T18:10:36Z</time><extensions><gpxtpx:TrackPointExtension><gpxtpx:hr>154</gpxtpx:hr></gpxtpx:TrackPointExtension></extensions></trkpt><trkpt lat="56.038285" lon="37.84512"><ele>163.8</ele><time>2026-07-09T18:10:38Z</time><extensions><gpxtpx:TrackPointExtension><gpxtpx:hr>154</gpxtpx:hr></gpxtpx:TrackPointExtension></extensions></trkpt><trkpt lat="56.0383" lon="37.84518"><ele>164.2</ele><time>2026-07-09T18:10:40Z</time><extensions><gpxtpx:TrackPointExtension><gpxtpx:hr>155</gpxtpx:hr></gpxtpx:TrackPointExtension></extensions></trkpt><trkpt lat="56.038312" lon="37.845207"><ele>164.4</ele><time>2026-07-09T18:10:41Z</time><extensions><gpxtpx:TrackPointExtension><gpxtpx:hr>154</gpxtpx:hr></gpxtpx:TrackPointExtension></extensions></trkpt><trkpt lat="56.038322" lon="37.845237"><ele>164.6</ele><time>2026-07-09T18:10:42Z</time><extensions><gpxtpx:TrackPointExtension><gpxtpx:hr>155</gpxtpx:hr></gpxtpx:TrackPointExtension></extensions></trkpt><trkpt lat="56.038337" lon="37.845262"><ele>164.8</ele><time>2026-07-09T18:10:43Z</time><extensions><gpxtpx:TrackPointExtension><gpxtpx:hr>154</gpxtpx:hr></gpxtpx:TrackPointExtension></extensions></trkpt><trkpt lat="56.038345" lon="37.8453"><ele>165.0</ele><time>2026-07-09T18:10:44Z</time><extensions><gpxtpx:TrackPointExtension><gpxtpx:hr>154</gpxtpx:hr></gpxtpx:TrackPointExtension></extensions></trkpt><trkpt lat="56.038352" lon="37.845337"><ele>165.0</ele><time>2026-07-09T18:10:45Z</time><extensions><gpxtpx:TrackPointExtension><gpxtpx:hr>154</gpxtpx:hr></gpxtpx:TrackPointExtension></extensions></trkpt><trkpt lat="56.038362" lon="37.845372"><ele>165.2</ele><time>2026-07-09T18:10:46Z</time><extensions><gpxtpx:TrackPointExtension><gpxtpx:hr>154</gpxtpx:hr></gpxtpx:TrackPointExtension></extensions></trkpt><trkpt lat="56.038372" lon="37.845402"><ele>165.6</ele><time>2026-07-09T18:10:47Z</time><extensions><gpxtpx:TrackPointExtension><gpxtpx:hr>154</gpxtpx:hr></gpxtpx:TrackPointExtension></extensions></trkpt><trkpt lat="56.038383" lon="37.845445"><ele>165.6</ele><time>2026-07-09T18:10:48Z</time><extensions><gpxtpx:TrackPointExtension><gpxtpx:hr>154</gpxtpx:hr></gpxtpx:TrackPointExtension></extensions></trkpt><trkpt lat="56.038397" lon="37.845475"><ele>165.8</ele><time>2026-07-09T18:10:49Z</time><extensions><gpxtpx:TrackPointExtension><gpxtpx:hr>155</gpxtpx:hr></gpxtpx:TrackPointExtension></extensions></trkpt><trkpt lat="56.038407" lon="37.84553"><ele>166.2</ele><time>2026-07-09T18:10:51Z</time><extensions><gpxtpx:TrackPointExtension><gpxtpx:hr>154</gpxtpx:hr></gpxtpx:TrackPointExtension></extensions></trkpt><trkpt lat="56.038415" lon="37.845587"><ele>166.4</ele><time>2026-07-09T18:10:53Z</time><extensions><gpxtpx:TrackPointExtension><gpxtpx:hr>155</gpxtpx:hr></gpxtpx:TrackPointExtension></extensions></trkpt><trkpt lat="56.038432" lon="37.845642"><ele>166.6</ele><time>2026-07-09T18:10:55Z</time><extensions><gpxtpx:TrackPointExtension><gpxtpx:hr>155</gpxtpx:hr></gpxtpx:TrackPointExtension></extensions></trkpt><trkpt lat="56.038442" lon="37.84567"><ele>166.8</ele><time>2026-07-09T18:10:56Z</time><extensions><gpxtpx:TrackPointExtension><gpxtpx:hr>155</gpxtpx:hr></gpxtpx:TrackPointExtension></extensions></trkpt><trkpt lat="56.038452" lon="37.845735"><ele>167.2</ele><time>2026-07-09T18:10:58Z</time><extensions><gpxtpx:TrackPointExtension><gpxtpx:hr>155</gpxtpx:hr></gpxtpx:TrackPointExtension></extensions></trkpt><trkpt lat="56.038455" lon="37.845772"><ele>167.2</ele><time>2026-07-09T18:10:59Z</time><extensions><gpxtpx:TrackPointExtension><gpxtpx:hr>155</gpxtpx:hr></gpxtpx:TrackPointExtension></extensions></trkpt><trkpt lat="56.038462" lon="37.845805"><ele>167.4</ele><time>2026-07-09T18:11:00Z</time><extensions><gpxtpx:TrackPointExtension><gpxtpx:hr>154</gpxtpx:hr></gpxtpx:TrackPointExtension></extensions></trkpt><trkpt lat="56.038472" lon="37.845842"><ele>167.6</ele><time>2026-07-09T18:11:01Z</time><extensions><gpxtpx:TrackPointExtension><gpxtpx:hr>154</gpxtpx:hr></gpxtpx:TrackPointExtension></extensions></trkpt><trkpt lat="56.038485" lon="37.845875"><ele>167.8</ele><time>2026-07-09T18:11:02Z</time><extensions><gpxtpx:TrackPointExtension><gpxtpx:hr>154</gpxtpx:hr></gpxtpx:TrackPointExtension></extensions></trkpt><trkpt lat="56.038492" lon="37.845915"><ele>168.0</ele><time>2026-07-09T18:11:03Z</time><extensions><gpxtpx:TrackPointExtension><gpxtpx:hr>154</gpxtpx:hr></gpxtpx:TrackPointExtension></extensions></trkpt><trkpt lat="56.038502" lon="37.845955"><ele>168.2</ele><time>2026-07-09T18:11:04Z</time><extensions><gpxtpx:TrackPointExtension><gpxtpx:hr>155</gpxtpx:hr></gpxtpx:TrackPointExtension></extensions></trkpt><trkpt lat="56.038517" lon="37.845992"><ele>168.2</ele><time>2026-07-09T18:11:05Z</time><extensions><gpxtpx:TrackPointExtension><gpxtpx:hr>155</gpxtpx:hr></gpxtpx:TrackPointExtension></extensions></trkpt><trkpt lat="56.038532" lon="37.84603"><ele>168.4</ele><time>2026-07-09T18:11:06Z</time><extensions><gpxtpx:TrackPointExtension><gpxtpx:hr>155</gpxtpx:hr></gpxtpx:TrackPointExtension></extensions></trkpt><trkpt lat="56.038542" lon="37.846065"><ele>168.4</ele><time>2026-07-09T18:11:07Z</time><extensions><gpxtpx:TrackPointExtension><gpxtpx:hr>155</gpxtpx:hr></gpxtpx:TrackPointExtension></extensions></trkpt><trkpt lat="56.038552" lon="37.846097"><ele>168.6</ele><time>2026-07-09T18:11:08Z</time><extensions><gpxtpx:TrackPointExtension><gpxtpx:hr>155</gpxtpx:hr></gpxtpx:TrackPointExtension></extensions></trkpt><trkpt lat="56.038562" lon="37.846132"><ele>168.6</ele><time>2026-07-09T18:11:09Z</time><extensions><gpxtpx:TrackPointExtension><gpxtpx:hr>155</gpxtpx:hr></gpxtpx:TrackPointExtension></extensions></trkpt><trkpt lat="56.038575" lon="37.846162"><ele>168.6</ele><time>2026-07-09T18:11:10Z</time><extensions><gpxtpx:TrackPointExtension><gpxtpx:hr>155</gpxtpx:hr></gpxtpx:TrackPointExtension></extensions></trkpt><trkpt lat="56.038582" lon="37.846195"><ele>168.8</ele><time>2026-07-09T18:11:11Z</time><extensions><gpxtpx:TrackPointExtension><gpxtpx:hr>155</gpxtpx:hr></gpxtpx:TrackPointExtension></extensions></trkpt><trkpt lat="56.038595" lon="37.846232"><ele>168.8</ele><time>2026-07-09T18:11:12Z</time><extensions><gpxtpx:TrackPointExtension><gpxtpx:hr>156</gpxtpx:hr></gpxtpx:TrackPointExtension></extensions></trkpt><trkpt lat="56.038607" lon="37.846275"><ele>168.8</ele><time>2026-07-09T18:11:13Z</time><extensions><gpxtpx:TrackPointExtension><gpxtpx:hr>156</gpxtpx:hr></gpxtpx:TrackPointExtension></extensions></trkpt><trkpt lat="56.038617" lon="37.846322"><ele>168.8</ele><time>2026-07-09T18:11:14Z</time><extensions><gpxtpx:TrackPointExtension><gpxtpx:hr>156</gpxtpx:hr></gpxtpx:TrackPointExtension></extensions></trkpt><trkpt lat="56.038625" lon="37.846367"><ele>168.8</ele><time>2026-07-09T18:11:15Z</time><extensions><gpxtpx:TrackPointExtension><gpxtpx:hr>156</gpxtpx:hr></gpxtpx:TrackPointExtension></extensions></trkpt><trkpt lat="56.038637" lon="37.846405"><ele>168.8</ele><time>2026-07-09T18:11:16Z</time><extensions><gpxtpx:TrackPointExtension><gpxtpx:hr>156</gpxtpx:hr></gpxtpx:TrackPointExtension></extensions></trkpt><trkpt lat="56.038647" lon="37.846442"><ele>168.8</ele><time>2026-07-09T18:11:17Z</time><extensions><gpxtpx:TrackPointExtension><gpxtpx:hr>156</gpxtpx:hr></gpxtpx:TrackPointExtension></extensions></trkpt><trkpt lat="56.038657" lon="37.846482"><ele>169.0</ele><time>2026-07-09T18:11:18Z</time><extensions><gpxtpx:TrackPointExtension><gpxtpx:hr>156</gpxtpx:hr></gpxtpx:TrackPointExtension></extensions></trkpt><trkpt lat="56.038667" lon="37.846522"><ele>169.0</ele><time>2026-07-09T18:11:19Z</time><extensions><gpxtpx:TrackPointExtension><gpxtpx:hr>155</gpxtpx:hr></gpxtpx:TrackPointExtension></extensions></trkpt><trkpt lat="56.03868" lon="37.846557"><ele>169.0</ele><time>2026-07-09T18:11:20Z</time><extensions><gpxtpx:TrackPointExtension><gpxtpx:hr>155</gpxtpx:hr></gpxtpx:TrackPointExtension></extensions></trkpt><trkpt lat="56.038692" lon="37.846592"><ele>169.0</ele><time>2026-07-09T18:11:21Z</time><extensions><gpxtpx:TrackPointExtension><gpxtpx:hr>155</gpxtpx:hr></gpxtpx:TrackPointExtension></extensions></trkpt><trkpt lat="56.038702" lon="37.846632"><ele>169.2</ele><time>2026-07-09T18:11:22Z</time><extensions><gpxtpx:TrackPointExtension><gpxtpx:hr>155</gpxtpx:hr></gpxtpx:TrackPointExtension></extensions></trkpt><trkpt lat="56.038712" lon="37.846667"><ele>169.2</ele><time>2026-07-09T18:11:23Z</time><extensions><gpxtpx:TrackPointExtension><gpxtpx:hr>154</gpxtpx:hr></gpxtpx:TrackPointExtension></extensions></trkpt><trkpt lat="56.038727" lon="37.846712"><ele>169.2</ele><time>2026-07-09T18:11:24Z</time><extensions><gpxtpx:TrackPointExtension><gpxtpx:hr>154</gpxtpx:hr></gpxtpx:TrackPointExtension></extensions></trkpt><trkpt lat="56.03874" lon="37.84675"><ele>169.0</ele><time>2026-07-09T18:11:25Z</time><extensions><gpxtpx:TrackPointExtension><gpxtpx:hr>154</gpxtpx:hr></gpxtpx:TrackPointExtension></extensions></trkpt><trkpt lat="56.038752" lon="37.846792"><ele>169.0</ele><time>2026-07-09T18:11:26Z</time><extensions><gpxtpx:TrackPointExtension><gpxtpx:hr>155</gpxtpx:hr></gpxtpx:TrackPointExtension></extensions></trkpt><trkpt lat="56.038767" lon="37.846832"><ele>169.2</ele><time>2026-07-09T18:11:27Z</time><extensions><gpxtpx:TrackPointExtension><gpxtpx:hr>154</gpxtpx:hr></gpxtpx:TrackPointExtension></extensions></trkpt><trkpt lat="56.038777" lon="37.84688"><ele>169.0</ele><time>2026-07-09T18:11:28Z</time><extensions><gpxtpx:TrackPointExtension><gpxtpx:hr>155</gpxtpx:hr></gpxtpx:TrackPointExtension></extensions></trkpt><trkpt lat="56.038792" lon="37.846927"><ele>169.2</ele><time>2026-07-09T18:11:29Z</time><extensions><gpxtpx:TrackPointExtension><gpxtpx:hr>154</gpxtpx:hr></gpxtpx:TrackPointExtension></extensions></trkpt><trkpt lat="56.038807" lon="37.846977"><ele>169.2</ele><time>2026-07-09T18:11:30Z</time><extensions><gpxtpx:TrackPointExtension><gpxtpx:hr>155</gpxtpx:hr></gpxtpx:TrackPointExtension></extensions></trkpt><trkpt lat="56.038822" lon="37.84703"><ele>169.2</ele><time>2026-07-09T18:11:31Z</time><extensions><gpxtpx:TrackPointExtension><gpxtpx:hr>155</gpxtpx:hr></gpxtpx:TrackPointExtension></extensions></trkpt><trkpt lat="56.038832" lon="37.847082"><ele>169.2</ele><time>2026-07-09T18:11:32Z</time><extensions><gpxtpx:TrackPointExtension><gpxtpx:hr>155</gpxtpx:hr></gpxtpx:TrackPointExtension></extensions></trkpt><trkpt lat="56.038842" lon="37.847127"><ele>169.2</ele><time>2026-07-09T18:11:33Z</time><extensions><gpxtpx:TrackPointExtension><gpxtpx:hr>155</gpxtpx:hr></gpxtpx:TrackPointExtension></extensions></trkpt><trkpt lat="56.038847" lon="37.847177"><ele>169.2</ele><time>2026-07-09T18:11:34Z</time><extensions><gpxtpx:TrackPointExtension><gpxtpx:hr>156</gpxtpx:hr></gpxtpx:TrackPointExtension></extensions></trkpt><trkpt lat="56.038852" lon="37.847217"><ele>169.2</ele><time>2026-07-09T18:11:35Z</time><extensions><gpxtpx:TrackPointExtension><gpxtpx:hr>156</gpxtpx:hr></gpxtpx:TrackPointExtension></extensions></trkpt><trkpt lat="56.03886" lon="37.847265"><ele>169.2</ele><time>2026-07-09T18:11:36Z</time><extensions><gpxtpx:TrackPointExtension><gpxtpx:hr>155</gpxtpx:hr></gpxtpx:TrackPointExtension></extensions></trkpt><trkpt lat="56.03887" lon="37.847312"><ele>169.2</ele><time>2026-07-09T18:11:37Z</time><extensions><gpxtpx:TrackPointExtension><gpxtpx:hr>155</gpxtpx:hr></gpxtpx:TrackPointExtension></extensions></trkpt><trkpt lat="56.038885" lon="37.847352"><ele>169.2</ele><time>2026-07-09T18:11:38Z</time><extensions><gpxtpx:TrackPointExtension><gpxtpx:hr>155</gpxtpx:hr></gpxtpx:TrackPointExtension></extensions></trkpt><trkpt lat="56.0389" lon="37.847397"><ele>169.2</ele><time>2026-07-09T18:11:39Z</time><extensions><gpxtpx:TrackPointExtension><gpxtpx:hr>155</gpxtpx:hr></gpxtpx:TrackPointExtension></extensions></trkpt><trkpt lat="56.03891" lon="37.847445"><ele>169.2</ele><time>2026-07-09T18:11:40Z</time><extensions><gpxtpx:TrackPointExtension><gpxtpx:hr>155</gpxtpx:hr></gpxtpx:TrackPointExtension></extensions></trkpt><trkpt lat="56.038925" lon="37.847495"><ele>169.2</ele><time>2026-07-09T18:11:41Z</time><extensions><gpxtpx:TrackPointExtension><gpxtpx:hr>155</gpxtpx:hr></gpxtpx:TrackPointExtension></extensions></trkpt><trkpt lat="56.038935" lon="37.847532"><ele>169.2</ele><time>2026-07-09T18:11:42Z</time><extensions><gpxtpx:TrackPointExtension><gpxtpx:hr>155</gpxtpx:hr></gpxtpx:TrackPointExtension></extensions></trkpt><trkpt lat="56.038942" lon="37.847575"><ele>169.2</ele><time>2026-07-09T18:11:43Z</time><extensions><gpxtpx:TrackPointExtension><gpxtpx:hr>155</gpxtpx:hr></gpxtpx:TrackPointExtension></extensions></trkpt><trkpt lat="56.038955" lon="37.847622"><ele>169.2</ele><time>2026-07-09T18:11:44Z</time><extensions><gpxtpx:TrackPointExtension><gpxtpx:hr>155</gpxtpx:hr></gpxtpx:TrackPointExtension></extensions></trkpt><trkpt lat="56.038965" lon="37.847662"><ele>169.2</ele><time>2026-07-09T18:11:45Z</time><extensions><gpxtpx:TrackPointExtension><gpxtpx:hr>155</gpxtpx:hr></gpxtpx:TrackPointExtension></extensions></trkpt><trkpt lat="56.038977" lon="37.84771"><ele>169.4</ele><time>2026-07-09T18:11:46Z</time><extensions><gpxtpx:TrackPointExtension><gpxtpx:hr>155</gpxtpx:hr></gpxtpx:TrackPointExtension></extensions></trkpt><trkpt lat="56.038987" lon="37.847762"><ele>169.4</ele><time>2026-07-09T18:11:47Z</time><extensions><gpxtpx:TrackPointExtension><gpxtpx:hr>155</gpxtpx:hr></gpxtpx:TrackPointExtension></extensions></trkpt><trkpt lat="56.039002" lon="37.847805"><ele>169.2</ele><time>2026-07-09T18:11:48Z</time><extensions><gpxtpx:TrackPointExtension><gpxtpx:hr>155</gpxtpx:hr></gpxtpx:TrackPointExtension></extensions></trkpt><trkpt lat="56.039015" lon="37.847847"><ele>169.4</ele><time>2026-07-09T18:11:49Z</time><extensions><gpxtpx:TrackPointExtension><gpxtpx:hr>155</gpxtpx:hr></gpxtpx:TrackPointExtension></extensions></trkpt><trkpt lat="56.039027" lon="37.847897"><ele>169.4</ele><time>2026-07-09T18:11:50Z</time><extensions><gpxtpx:TrackPointExtension><gpxtpx:hr>154</gpxtpx:hr></gpxtpx:TrackPointExtension></extensions></trkpt><trkpt lat="56.039042" lon="37.84794"><ele>169.4</ele><time>2026-07-09T18:11:51Z</time><extensions><gpxtpx:TrackPointExtension><gpxtpx:hr>154</gpxtpx:hr></gpxtpx:TrackPointExtension></extensions></trkpt><trkpt lat="56.039052" lon="37.847987"><ele>169.4</ele><time>2026-07-09T18:11:52Z</time><extensions><gpxtpx:TrackPointExtension><gpxtpx:hr>155</gpxtpx:hr></gpxtpx:TrackPointExtension></extensions></trkpt><trkpt lat="56.039067" lon="37.848032"><ele>169.4</ele><time>2026-07-09T18:11:53Z</time><extensions><gpxtpx:TrackPointExtension><gpxtpx:hr>155</gpxtpx:hr></gpxtpx:TrackPointExtension></extensions></trkpt><trkpt lat="56.039085" lon="37.848082"><ele>169.4</ele><time>2026-07-09T18:11:54Z</time><extensions><gpxtpx:TrackPointExtension><gpxtpx:hr>155</gpxtpx:hr></gpxtpx:TrackPointExtension></extensions></trkpt><trkpt lat="56.039097" lon="37.848122"><ele>169.4</ele><time>2026-07-09T18:11:55Z</time><extensions><gpxtpx:TrackPointExtension><gpxtpx:hr>155</gpxtpx:hr></gpxtpx:TrackPointExtension></extensions></trkpt><trkpt lat="56.039112" lon="37.848162"><ele>169.4</ele><time>2026-07-09T18:11:56Z</time><extensions><gpxtpx:TrackPointExtension><gpxtpx:hr>155</gpxtpx:hr></gpxtpx:TrackPointExtension></extensions></trkpt><trkpt lat="56.039125" lon="37.848205"><ele>169.4</ele><time>2026-07-09T18:11:57Z</time><extensions><gpxtpx:TrackPointExtension><gpxtpx:hr>155</gpxtpx:hr></gpxtpx:TrackPointExtension></extensions></trkpt><trkpt lat="56.039142" lon="37.848242"><ele>169.4</ele><time>2026-07-09T18:11:58Z</time><extensions><gpxtpx:TrackPointExtension><gpxtpx:hr>155</gpxtpx:hr></gpxtpx:TrackPointExtension></extensions></trkpt><trkpt lat="56.039152" lon="37.848282"><ele>169.4</ele><time>2026-07-09T18:11:59Z</time><extensions><gpxtpx:TrackPointExtension><gpxtpx:hr>155</gpxtpx:hr></gpxtpx:TrackPointExtension></extensions></trkpt><trkpt lat="56.039162" lon="37.848327"><ele>169.4</ele><time>2026-07-09T18:12:00Z</time><extensions><gpxtpx:TrackPointExtension><gpxtpx:hr>156</gpxtpx:hr></gpxtpx:TrackPointExtension></extensions></trkpt><trkpt lat="56.039177" lon="37.84837"><ele>169.4</ele><time>2026-07-09T18:12:01Z</time><extensions><gpxtpx:TrackPointExtension><gpxtpx:hr>156</gpxtpx:hr></gpxtpx:TrackPointExtension></extensions></trkpt><trkpt lat="56.039192" lon="37.848417"><ele>169.4</ele><time>2026-07-09T18:12:02Z</time><extensions><gpxtpx:TrackPointExtension><gpxtpx:hr>156</gpxtpx:hr></gpxtpx:TrackPointExtension></extensions></trkpt><trkpt lat="56.03921" lon="37.848455"><ele>169.4</ele><time>2026-07-09T18:12:03Z</time><extensions><gpxtpx:TrackPointExtension><gpxtpx:hr>156</gpxtpx:hr></gpxtpx:TrackPointExtension></extensions></trkpt><trkpt lat="56.039222" lon="37.848507"><ele>169.6</ele><time>2026-07-09T18:12:04Z</time><extensions><gpxtpx:TrackPointExtension><gpxtpx:hr>156</gpxtpx:hr></gpxtpx:TrackPointExtension></extensions></trkpt><trkpt lat="56.039235" lon="37.848557"><ele>169.6</ele><time>2026-07-09T18:12:05Z</time><extensions><gpxtpx:TrackPointExtension><gpxtpx:hr>157</gpxtpx:hr></gpxtpx:TrackPointExtension></extensions></trkpt><trkpt lat="56.039247" lon="37.848605"><ele>169.6</ele><time>2026-07-09T18:12:06Z</time><extensions><gpxtpx:TrackPointExtension><gpxtpx:hr>157</gpxtpx:hr></gpxtpx:TrackPointExtension></extensions></trkpt><trkpt lat="56.039262" lon="37.848655"><ele>169.6</ele><time>2026-07-09T18:12:07Z</time><extensions><gpxtpx:TrackPointExtension><gpxtpx:hr>157</gpxtpx:hr></gpxtpx:TrackPointExtension></extensions></trkpt><trkpt lat="56.039275" lon="37.848707"><ele>169.6</ele><time>2026-07-09T18:12:08Z</time><extensions><gpxtpx:TrackPointExtension><gpxtpx:hr>157</gpxtpx:hr></gpxtpx:TrackPointExtension></extensions></trkpt><trkpt lat="56.039285" lon="37.848752"><ele>169.6</ele><time>2026-07-09T18:12:09Z</time><extensions><gpxtpx:TrackPointExtension><gpxtpx:hr>158</gpxtpx:hr></gpxtpx:TrackPointExtension></extensions></trkpt><trkpt lat="56.039297" lon="37.8488"><ele>169.6</ele><time>2026-07-09T18:12:10Z</time><extensions><gpxtpx:TrackPointExtension><gpxtpx:hr>158</gpxtpx:hr></gpxtpx:TrackPointExtension></extensions></trkpt><trkpt lat="56.039312" lon="37.848837"><ele>169.6</ele><time>2026-07-09T18:12:11Z</time><extensions><gpxtpx:TrackPointExtension><gpxtpx:hr>158</gpxtpx:hr></gpxtpx:TrackPointExtension></extensions></trkpt><trkpt lat="56.039317" lon="37.84888"><ele>169.6</ele><time>2026-07-09T18:12:12Z</time><extensions><gpxtpx:TrackPointExtension><gpxtpx:hr>158</gpxtpx:hr></gpxtpx:TrackPointExtension></extensions></trkpt><trkpt lat="56.03933" lon="37.848925"><ele>169.6</ele><time>2026-07-09T18:12:13Z</time><extensions><gpxtpx:TrackPointExtension><gpxtpx:hr>158</gpxtpx:hr></gpxtpx:TrackPointExtension></extensions></trkpt><trkpt lat="56.039342" lon="37.848962"><ele>169.6</ele><time>2026-07-09T18:12:14Z</time><extensions><gpxtpx:TrackPointExtension><gpxtpx:hr>159</gpxtpx:hr></gpxtpx:TrackPointExtension></extensions></trkpt><trkpt lat="56.039357" lon="37.849002"><ele>169.6</ele><time>2026-07-09T18:12:15Z</time><extensions><gpxtpx:TrackPointExtension><gpxtpx:hr>159</gpxtpx:hr></gpxtpx:TrackPointExtension></extensions></trkpt><trkpt lat="56.039372" lon="37.84904"><ele>169.6</ele><time>2026-07-09T18:12:16Z</time><extensions><gpxtpx:TrackPointExtension><gpxtpx:hr>159</gpxtpx:hr></gpxtpx:TrackPointExtension></extensions></trkpt><trkpt lat="56.039382" lon="37.84908"><ele>169.6</ele><time>2026-07-09T18:12:17Z</time><extensions><gpxtpx:TrackPointExtension><gpxtpx:hr>159</gpxtpx:hr></gpxtpx:TrackPointExtension></extensions></trkpt><trkpt lat="56.039392" lon="37.84913"><ele>169.6</ele><time>2026-07-09T18:12:18Z</time><extensions><gpxtpx:TrackPointExtension><gpxtpx:hr>159</gpxtpx:hr></gpxtpx:TrackPointExtension></extensions></trkpt><trkpt lat="56.039405" lon="37.849175"><ele>169.6</ele><time>2026-07-09T18:12:19Z</time><extensions><gpxtpx:TrackPointExtension><gpxtpx:hr>160</gpxtpx:hr></gpxtpx:TrackPointExtension></extensions></trkpt><trkpt lat="56.039417" lon="37.849225"><ele>169.6</ele><time>2026-07-09T18:12:20Z</time><extensions><gpxtpx:TrackPointExtension><gpxtpx:hr>160</gpxtpx:hr></gpxtpx:TrackPointExtension></extensions></trkpt><trkpt lat="56.03943" lon="37.84928"><ele>169.6</ele><time>2026-07-09T18:12:21Z</time><extensions><gpxtpx:TrackPointExtension><gpxtpx:hr>160</gpxtpx:hr></gpxtpx:TrackPointExtension></extensions></trkpt><trkpt lat="56.039442" lon="37.849327"><ele>169.6</ele><time>2026-07-09T18:12:22Z</time><extensions><gpxtpx:TrackPointExtension><gpxtpx:hr>160</gpxtpx:hr></gpxtpx:TrackPointExtension></extensions></trkpt><trkpt lat="56.039452" lon="37.849367"><ele>169.6</ele><time>2026-07-09T18:12:23Z</time><extensions><gpxtpx:TrackPointExtension><gpxtpx:hr>161</gpxtpx:hr></gpxtpx:TrackPointExtension></extensions></trkpt><trkpt lat="56.03946" lon="37.849417"><ele>169.6</ele><time>2026-07-09T18:12:24Z</time><extensions><gpxtpx:TrackPointExtension><gpxtpx:hr>160</gpxtpx:hr></gpxtpx:TrackPointExtension></extensions></trkpt><trkpt lat="56.039467" lon="37.849462"><ele>169.6</ele><time>2026-07-09T18:12:25Z</time><extensions><gpxtpx:TrackPointExtension><gpxtpx:hr>161</gpxtpx:hr></gpxtpx:TrackPointExtension></extensions></trkpt><trkpt lat="56.039482" lon="37.84951"><ele>169.6</ele><time>2026-07-09T18:12:26Z</time><extensions><gpxtpx:TrackPointExtension><gpxtpx:hr>160</gpxtpx:hr></gpxtpx:TrackPointExtension></extensions></trkpt><trkpt lat="56.039492" lon="37.849557"><ele>169.6</ele><time>2026-07-09T18:12:27Z</time><extensions><gpxtpx:TrackPointExtension><gpxtpx:hr>158</gpxtpx:hr></gpxtpx:TrackPointExtension></extensions></trkpt><trkpt lat="56.039512" lon="37.849612"><ele>169.4</ele><time>2026-07-09T18:12:28Z</time><extensions><gpxtpx:TrackPointExtension><gpxtpx:hr>158</gpxtpx:hr></gpxtpx:TrackPointExtension></extensions></trkpt><trkpt lat="56.039527" lon="37.849657"><ele>169.4</ele><time>2026-07-09T18:12:29Z</time><extensions><gpxtpx:TrackPointExtension><gpxtpx:hr>158</gpxtpx:hr></gpxtpx:TrackPointExtension></extensions></trkpt><trkpt lat="56.039542" lon="37.849702"><ele>169.4</ele><time>2026-07-09T18:12:30Z</time><extensions><gpxtpx:TrackPointExtension><gpxtpx:hr>157</gpxtpx:hr></gpxtpx:TrackPointExtension></extensions></trkpt><trkpt lat="56.039562" lon="37.849742"><ele>169.4</ele><time>2026-07-09T18:12:31Z</time><extensions><gpxtpx:TrackPointExtension><gpxtpx:hr>157</gpxtpx:hr></gpxtpx:TrackPointExtension></extensions></trkpt><trkpt lat="56.039582" lon="37.849775"><ele>169.4</ele><time>2026-07-09T18:12:32Z</time><extensions><gpxtpx:TrackPointExtension><gpxtpx:hr>156</gpxtpx:hr></gpxtpx:TrackPointExtension></extensions></trkpt><trkpt lat="56.039597" lon="37.849807"><ele>169.4</ele><time>2026-07-09T18:12:33Z</time><extensions><gpxtpx:TrackPointExtension><gpxtpx:hr>156</gpxtpx:hr></gpxtpx:TrackPointExtension></extensions></trkpt><trkpt lat="56.039612" lon="37.849845"><ele>169.4</ele><time>2026-07-09T18:12:34Z</time><extensions><gpxtpx:TrackPointExtension><gpxtpx:hr>156</gpxtpx:hr></gpxtpx:TrackPointExtension></extensions></trkpt><trkpt lat="56.039622" lon="37.849895"><ele>169.4</ele><time>2026-07-09T18:12:35Z</time><extensions><gpxtpx:TrackPointExtension><gpxtpx:hr>155</gpxtpx:hr></gpxtpx:TrackPointExtension></extensions></trkpt><trkpt lat="56.039632" lon="37.849947"><ele>169.4</ele><time>2026-07-09T18:12:36Z</time><extensions><gpxtpx:TrackPointExtension><gpxtpx:hr>155</gpxtpx:hr></gpxtpx:TrackPointExtension></extensions></trkpt><trkpt lat="56.039647" lon="37.849997"><ele>169.4</ele><time>2026-07-09T18:12:37Z</time><extensions><gpxtpx:TrackPointExtension><gpxtpx:hr>154</gpxtpx:hr></gpxtpx:TrackPointExtension></extensions></trkpt><trkpt lat="56.03966" lon="37.85005"><ele>169.4</ele><time>2026-07-09T18:12:38Z</time><extensions><gpxtpx:TrackPointExtension><gpxtpx:hr>154</gpxtpx:hr></gpxtpx:TrackPointExtension></extensions></trkpt><trkpt lat="56.039677" lon="37.850095"><ele>169.4</ele><time>2026-07-09T18:12:39Z</time><extensions><gpxtpx:TrackPointExtension><gpxtpx:hr>154</gpxtpx:hr></gpxtpx:TrackPointExtension></extensions></trkpt><trkpt lat="56.039692" lon="37.850152"><ele>169.4</ele><time>2026-07-09T18:12:40Z</time><extensions><gpxtpx:TrackPointExtension><gpxtpx:hr>155</gpxtpx:hr></gpxtpx:TrackPointExtension></extensions></trkpt><trkpt lat="56.039712" lon="37.850205"><ele>169.2</ele><time>2026-07-09T18:12:41Z</time><extensions><gpxtpx:TrackPointExtension><gpxtpx:hr>155</gpxtpx:hr></gpxtpx:TrackPointExtension></extensions></trkpt><trkpt lat="56.03973" lon="37.850252"><ele>169.2</ele><time>2026-07-09T18:12:42Z</time><extensions><gpxtpx:TrackPointExtension><gpxtpx:hr>155</gpxtpx:hr></gpxtpx:TrackPointExtension></extensions></trkpt><trkpt lat="56.039742" lon="37.850292"><ele>169.2</ele><time>2026-07-09T18:12:43Z</time><extensions><gpxtpx:TrackPointExtension><gpxtpx:hr>154</gpxtpx:hr></gpxtpx:TrackPointExtension></extensions></trkpt><trkpt lat="56.039757" lon="37.85035"><ele>169.2</ele><time>2026-07-09T18:12:44Z</time><extensions><gpxtpx:TrackPointExtension><gpxtpx:hr>154</gpxtpx:hr></gpxtpx:TrackPointExtension></extensions></trkpt><trkpt lat="56.03977" lon="37.8504"><ele>169.2</ele><time>2026-07-09T18:12:45Z</time><extensions><gpxtpx:TrackPointExtension><gpxtpx:hr>154</gpxtpx:hr></gpxtpx:TrackPointExtension></extensions></trkpt><trkpt lat="56.039775" lon="37.850457"><ele>169.2</ele><time>2026-07-09T18:12:46Z</time><extensions><gpxtpx:TrackPointExtension><gpxtpx:hr>154</gpxtpx:hr></gpxtpx:TrackPointExtension></extensions></trkpt><trkpt lat="56.039782" lon="37.850512"><ele>169.2</ele><time>2026-07-09T18:12:47Z</time><extensions><gpxtpx:TrackPointExtension><gpxtpx:hr>155</gpxtpx:hr></gpxtpx:TrackPointExtension></extensions></trkpt><trkpt lat="56.039792" lon="37.850577"><ele>169.2</ele><time>2026-07-09T18:12:48Z</time><extensions><gpxtpx:TrackPointExtension><gpxtpx:hr>155</gpxtpx:hr></gpxtpx:TrackPointExtension></extensions></trkpt><trkpt lat="56.039797" lon="37.850633"><ele>169.2</ele><time>2026-07-09T18:12:49Z</time><extensions><gpxtpx:TrackPointExtension><gpxtpx:hr>155</gpxtpx:hr></gpxtpx:TrackPointExtension></extensions></trkpt><trkpt lat="56.039805" lon="37.850687"><ele>169.4</ele><time>2026-07-09T18:12:50Z</time><extensions><gpxtpx:TrackPointExtension><gpxtpx:hr>156</gpxtpx:hr></gpxtpx:TrackPointExtension></extensions></trkpt><trkpt lat="56.039815" lon="37.850737"><ele>169.2</ele><time>2026-07-09T18:12:51Z</time><extensions><gpxtpx:TrackPointExtension><gpxtpx:hr>156</gpxtpx:hr></gpxtpx:TrackPointExtension></extensions></trkpt><trkpt lat="56.039827" lon="37.850782"><ele>169.2</ele><time>2026-07-09T18:12:52Z</time><extensions><gpxtpx:TrackPointExtension><gpxtpx:hr>156</gpxtpx:hr></gpxtpx:TrackPointExtension></extensions></trkpt><trkpt lat="56.039845" lon="37.850837"><ele>169.2</ele><time>2026-07-09T18:12:53Z</time><extensions><gpxtpx:TrackPointExtension><gpxtpx:hr>156</gpxtpx:hr></gpxtpx:TrackPointExtension></extensions></trkpt><trkpt lat="56.039857" lon="37.850885"><ele>169.2</ele><time>2026-07-09T18:12:54Z</time><extensions><gpxtpx:TrackPointExtension><gpxtpx:hr>155</gpxtpx:hr></gpxtpx:TrackPointExtension></extensions></trkpt><trkpt lat="56.039867" lon="37.850942"><ele>169.0</ele><time>2026-07-09T18:12:55Z</time><extensions><gpxtpx:TrackPointExtension><gpxtpx:hr>155</gpxtpx:hr></gpxtpx:TrackPointExtension></extensions></trkpt><trkpt lat="56.039877" lon="37.850982"><ele>169.0</ele><time>2026-07-09T18:12:56Z</time><extensions><gpxtpx:TrackPointExtension><gpxtpx:hr>155</gpxtpx:hr></gpxtpx:TrackPointExtension></extensions></trkpt><trkpt lat="56.039885" lon="37.851032"><ele>169.0</ele><time>2026-07-09T18:12:57Z</time><extensions><gpxtpx:TrackPointExtension><gpxtpx:hr>155</gpxtpx:hr></gpxtpx:TrackPointExtension></extensions></trkpt><trkpt lat="56.039887" lon="37.851087"><ele>169.0</ele><time>2026-07-09T18:12:58Z</time><extensions><gpxtpx:TrackPointExtension><gpxtpx:hr>155</gpxtpx:hr></gpxtpx:TrackPointExtension></extensions></trkpt><trkpt lat="56.039895" lon="37.851137"><ele>169.0</ele><time>2026-07-09T18:12:59Z</time><extensions><gpxtpx:TrackPointExtension><gpxtpx:hr>155</gpxtpx:hr></gpxtpx:TrackPointExtension></extensions></trkpt><trkpt lat="56.039903" lon="37.851187"><ele>169.0</ele><time>2026-07-09T18:13:00Z</time><extensions><gpxtpx:TrackPointExtension><gpxtpx:hr>155</gpxtpx:hr></gpxtpx:TrackPointExtension></extensions></trkpt><trkpt lat="56.039917" lon="37.851235"><ele>169.0</ele><time>2026-07-09T18:13:01Z</time><extensions><gpxtpx:TrackPointExtension><gpxtpx:hr>156</gpxtpx:hr></gpxtpx:TrackPointExtension></extensions></trkpt><trkpt lat="56.039932" lon="37.851275"><ele>169.0</ele><time>2026-07-09T18:13:02Z</time><extensions><gpxtpx:TrackPointExtension><gpxtpx:hr>156</gpxtpx:hr></gpxtpx:TrackPointExtension></extensions></trkpt><trkpt lat="56.039947" lon="37.851322"><ele>168.8</ele><time>2026-07-09T18:13:03Z</time><extensions><gpxtpx:TrackPointExtension><gpxtpx:hr>156</gpxtpx:hr></gpxtpx:TrackPointExtension></extensions></trkpt><trkpt lat="56.039965" lon="37.851372"><ele>169.0</ele><time>2026-07-09T18:13:04Z</time><extensions><gpxtpx:TrackPointExtension><gpxtpx:hr>157</gpxtpx:hr></gpxtpx:TrackPointExtension></extensions></trkpt><trkpt lat="56.039982" lon="37.851417"><ele>169.0</ele><time>2026-07-09T18:13:05Z</time><extensions><gpxtpx:TrackPointExtension><gpxtpx:hr>157</gpxtpx:hr></gpxtpx:TrackPointExtension></extensions></trkpt><trkpt lat="56.04" lon="37.851463"><ele>169.0</ele><time>2026-07-09T18:13:06Z</time><extensions><gpxtpx:TrackPointExtension><gpxtpx:hr>158</gpxtpx:hr></gpxtpx:TrackPointExtension></extensions></trkpt><trkpt lat="56.040017" lon="37.851512"><ele>169.0</ele><time>2026-07-09T18:13:07Z</time><extensions><gpxtpx:TrackPointExtension><gpxtpx:hr>158</gpxtpx:hr></gpxtpx:TrackPointExtension></extensions></trkpt><trkpt lat="56.040032" lon="37.851557"><ele>169.2</ele><time>2026-07-09T18:13:08Z</time><extensions><gpxtpx:TrackPointExtension><gpxtpx:hr>158</gpxtpx:hr></gpxtpx:TrackPointExtension></extensions></trkpt><trkpt lat="56.040052" lon="37.8516"><ele>169.2</ele><time>2026-07-09T18:13:09Z</time><extensions><gpxtpx:TrackPointExtension><gpxtpx:hr>157</gpxtpx:hr></gpxtpx:TrackPointExtension></extensions></trkpt><trkpt lat="56.04007" lon="37.85164"><ele>169.2</ele><time>2026-07-09T18:13:10Z</time><extensions><gpxtpx:TrackPointExtension><gpxtpx:hr>157</gpxtpx:hr></gpxtpx:TrackPointExtension></extensions></trkpt><trkpt lat="56.040082" lon="37.851682"><ele>169.2</ele><time>2026-07-09T18:13:11Z</time><extensions><gpxtpx:TrackPointExtension><gpxtpx:hr>157</gpxtpx:hr></gpxtpx:TrackPointExtension></extensions></trkpt><trkpt lat="56.040097" lon="37.851735"><ele>169.2</ele><time>2026-07-09T18:13:12Z</time><extensions><gpxtpx:TrackPointExtension><gpxtpx:hr>156</gpxtpx:hr></gpxtpx:TrackPointExtension></extensions></trkpt><trkpt lat="56.04011" lon="37.85179"><ele>169.0</ele><time>2026-07-09T18:13:13Z</time><extensions><gpxtpx:TrackPointExtension><gpxtpx:hr>156</gpxtpx:hr></gpxtpx:TrackPointExtension></extensions></trkpt><trkpt lat="56.040127" lon="37.851832"><ele>169.0</ele><time>2026-07-09T18:13:14Z</time><extensions><gpxtpx:TrackPointExtension><gpxtpx:hr>157</gpxtpx:hr></gpxtpx:TrackPointExtension></extensions></trkpt><trkpt lat="56.040137" lon="37.851882"><ele>169.0</ele><time>2026-07-09T18:13:15Z</time><extensions><gpxtpx:TrackPointExtension><gpxtpx:hr>157</gpxtpx:hr></gpxtpx:TrackPointExtension></extensions></trkpt><trkpt lat="56.04015" lon="37.851932"><ele>169.0</ele><time>2026-07-09T18:13:16Z</time><extensions><gpxtpx:TrackPointExtension><gpxtpx:hr>157</gpxtpx:hr></gpxtpx:TrackPointExtension></extensions></trkpt><trkpt lat="56.04016" lon="37.851987"><ele>169.0</ele><time>2026-07-09T18:13:17Z</time><extensions><gpxtpx:TrackPointExtension><gpxtpx:hr>157</gpxtpx:hr></gpxtpx:TrackPointExtension></extensions></trkpt><trkpt lat="56.040167" lon="37.852042"><ele>169.2</ele><time>2026-07-09T18:13:18Z</time><extensions><gpxtpx:TrackPointExtension><gpxtpx:hr>157</gpxtpx:hr></gpxtpx:TrackPointExtension></extensions></trkpt><trkpt lat="56.040177" lon="37.8521"><ele>169.0</ele><time>2026-07-09T18:13:19Z</time><extensions><gpxtpx:TrackPointExtension><gpxtpx:hr>159</gpxtpx:hr></gpxtpx:TrackPointExtension></extensions></trkpt><trkpt lat="56.040187" lon="37.852152"><ele>169.0</ele><time>2026-07-09T18:13:20Z</time><extensions><gpxtpx:TrackPointExtension><gpxtpx:hr>159</gpxtpx:hr></gpxtpx:TrackPointExtension></extensions></trkpt><trkpt lat="56.0402" lon="37.852197"><ele>169.0</ele><time>2026-07-09T18:13:21Z</time><extensions><gpxtpx:TrackPointExtension><gpxtpx:hr>159</gpxtpx:hr></gpxtpx:TrackPointExtension></extensions></trkpt><trkpt lat="56.040215" lon="37.85224"><ele>169.0</ele><time>2026-07-09T18:13:22Z</time><extensions><gpxtpx:TrackPointExtension><gpxtpx:hr>160</gpxtpx:hr></gpxtpx:TrackPointExtension></extensions></trkpt><trkpt lat="56.04023" lon="37.852282"><ele>169.0</ele><time>2026-07-09T18:13:23Z</time><extensions><gpxtpx:TrackPointExtension><gpxtpx:hr>159</gpxtpx:hr></gpxtpx:TrackPointExtension></extensions></trkpt><trkpt lat="56.040247" lon="37.852322"><ele>169.0</ele><time>2026-07-09T18:13:24Z</time><extensions><gpxtpx:TrackPointExtension><gpxtpx:hr>159</gpxtpx:hr></gpxtpx:TrackPointExtension></extensions></trkpt><trkpt lat="56.040265" lon="37.852365"><ele>169.0</ele><time>2026-07-09T18:13:25Z</time><extensions><gpxtpx:TrackPointExtension><gpxtpx:hr>158</gpxtpx:hr></gpxtpx:TrackPointExtension></extensions></trkpt><trkpt lat="56.040282" lon="37.852412"><ele>169.0</ele><time>2026-07-09T18:13:26Z</time><extensions><gpxtpx:TrackPointExtension><gpxtpx:hr>158</gpxtpx:hr></gpxtpx:TrackPointExtension></extensions></trkpt><trkpt lat="56.040302" lon="37.852462"><ele>168.8</ele><time>2026-07-09T18:13:27Z</time><extensions><gpxtpx:TrackPointExtension><gpxtpx:hr>157</gpxtpx:hr></gpxtpx:TrackPointExtension></extensions></trkpt><trkpt lat="56.040317" lon="37.852512"><ele>168.8</ele><time>2026-07-09T18:13:28Z</time><extensions><gpxtpx:TrackPointExtension><gpxtpx:hr>157</gpxtpx:hr></gpxtpx:TrackPointExtension></extensions></trkpt><trkpt lat="56.040332" lon="37.85256"><ele>168.8</ele><time>2026-07-09T18:13:29Z</time><extensions><gpxtpx:TrackPointExtension><gpxtpx:hr>156</gpxtpx:hr></gpxtpx:TrackPointExtension></extensions></trkpt><trkpt lat="56.040342" lon="37.852602"><ele>168.8</ele><time>2026-07-09T18:13:30Z</time><extensions><gpxtpx:TrackPointExtension><gpxtpx:hr>156</gpxtpx:hr></gpxtpx:TrackPointExtension></extensions></trkpt><trkpt lat="56.040352" lon="37.852647"><ele>168.8</ele><time>2026-07-09T18:13:31Z</time><extensions><gpxtpx:TrackPointExtension><gpxtpx:hr>156</gpxtpx:hr></gpxtpx:TrackPointExtension></extensions></trkpt><trkpt lat="56.040367" lon="37.852682"><ele>168.8</ele><time>2026-07-09T18:13:32Z</time><extensions><gpxtpx:TrackPointExtension><gpxtpx:hr>155</gpxtpx:hr></gpxtpx:TrackPointExtension></extensions></trkpt><trkpt lat="56.040382" lon="37.852727"><ele>168.8</ele><time>2026-07-09T18:13:33Z</time><extensions><gpxtpx:TrackPointExtension><gpxtpx:hr>155</gpxtpx:hr></gpxtpx:TrackPointExtension></extensions></trkpt><trkpt lat="56.0404" lon="37.852772"><ele>168.6</ele><time>2026-07-09T18:13:34Z</time><extensions><gpxtpx:TrackPointExtension><gpxtpx:hr>155</gpxtpx:hr></gpxtpx:TrackPointExtension></extensions></trkpt><trkpt lat="56.040415" lon="37.852817"><ele>168.6</ele><time>2026-07-09T18:13:35Z</time><extensions><gpxtpx:TrackPointExtension><gpxtpx:hr>155</gpxtpx:hr></gpxtpx:TrackPointExtension></extensions></trkpt><trkpt lat="56.040432" lon="37.852862"><ele>168.6</ele><time>2026-07-09T18:13:36Z</time><extensions><gpxtpx:TrackPointExtension><gpxtpx:hr>156</gpxtpx:hr></gpxtpx:TrackPointExtension></extensions></trkpt><trkpt lat="56.040452" lon="37.85291"><ele>168.6</ele><time>2026-07-09T18:13:37Z</time><extensions><gpxtpx:TrackPointExtension><gpxtpx:hr>156</gpxtpx:hr></gpxtpx:TrackPointExtension></extensions></trkpt><trkpt lat="56.04047" lon="37.85295"><ele>168.6</ele><time>2026-07-09T18:13:38Z</time><extensions><gpxtpx:TrackPointExtension><gpxtpx:hr>156</gpxtpx:hr></gpxtpx:TrackPointExtension></extensions></trkpt><trkpt lat="56.040482" lon="37.85299"><ele>168.4</ele><time>2026-07-09T18:13:39Z</time><extensions><gpxtpx:TrackPointExtension><gpxtpx:hr>156</gpxtpx:hr></gpxtpx:TrackPointExtension></extensions></trkpt><trkpt lat="56.04049" lon="37.853035"><ele>168.4</ele><time>2026-07-09T18:13:40Z</time><extensions><gpxtpx:TrackPointExtension><gpxtpx:hr>156</gpxtpx:hr></gpxtpx:TrackPointExtension></extensions></trkpt><trkpt lat="56.0405" lon="37.853085"><ele>168.4</ele><time>2026-07-09T18:13:41Z</time><extensions><gpxtpx:TrackPointExtension><gpxtpx:hr>155</gpxtpx:hr></gpxtpx:TrackPointExtension></extensions></trkpt><trkpt lat="56.040507" lon="37.853137"><ele>168.4</ele><time>2026-07-09T18:13:42Z</time><extensions><gpxtpx:TrackPointExtension><gpxtpx:hr>156</gpxtpx:hr></gpxtpx:TrackPointExtension></extensions></trkpt><trkpt lat="56.040522" lon="37.853182"><ele>168.4</ele><time>2026-07-09T18:13:43Z</time><extensions><gpxtpx:TrackPointExtension><gpxtpx:hr>156</gpxtpx:hr></gpxtpx:TrackPointExtension></extensions></trkpt><trkpt lat="56.040532" lon="37.853232"><ele>168.6</ele><time>2026-07-09T18:13:44Z</time><extensions><gpxtpx:TrackPointExtension><gpxtpx:hr>157</gpxtpx:hr></gpxtpx:TrackPointExtension></extensions></trkpt><trkpt lat="56.040545" lon="37.853272"><ele>168.6</ele><time>2026-07-09T18:13:45Z</time><extensions><gpxtpx:TrackPointExtension><gpxtpx:hr>157</gpxtpx:hr></gpxtpx:TrackPointExtension></extensions></trkpt><trkpt lat="56.040557" lon="37.853322"><ele>168.6</ele><time>2026-07-09T18:13:46Z</time><extensions><gpxtpx:TrackPointExtension><gpxtpx:hr>157</gpxtpx:hr></gpxtpx:TrackPointExtension></extensions></trkpt><trkpt lat="56.040572" lon="37.853367"><ele>168.6</ele><time>2026-07-09T18:13:47Z</time><extensions><gpxtpx:TrackPointExtension><gpxtpx:hr>157</gpxtpx:hr></gpxtpx:TrackPointExtension></extensions></trkpt><trkpt lat="56.040587" lon="37.853395"><ele>168.6</ele><time>2026-07-09T18:13:48Z</time><extensions><gpxtpx:TrackPointExtension><gpxtpx:hr>156</gpxtpx:hr></gpxtpx:TrackPointExtension></extensions></trkpt><trkpt lat="56.040607" lon="37.853372"><ele>168.4</ele><time>2026-07-09T18:13:50Z</time><extensions><gpxtpx:TrackPointExtension><gpxtpx:hr>157</gpxtpx:hr></gpxtpx:TrackPointExtension></extensions></trkpt><trkpt lat="56.040602" lon="37.853337"><ele>168.4</ele><time>2026-07-09T18:13:51Z</time><extensions><gpxtpx:TrackPointExtension><gpxtpx:hr>157</gpxtpx:hr></gpxtpx:TrackPointExtension></extensions></trkpt><trkpt lat="56.040592" lon="37.853297"><ele>168.4</ele><time>2026-07-09T18:13:52Z</time><extensions><gpxtpx:TrackPointExtension><gpxtpx:hr>157</gpxtpx:hr></gpxtpx:TrackPointExtension></extensions></trkpt><trkpt lat="56.040585" lon="37.853255"><ele>168.4</ele><time>2026-07-09T18:13:53Z</time><extensions><gpxtpx:TrackPointExtension><gpxtpx:hr>156</gpxtpx:hr></gpxtpx:TrackPointExtension></extensions></trkpt><trkpt lat="56.040572" lon="37.853207"><ele>168.6</ele><time>2026-07-09T18:13:54Z</time><extensions><gpxtpx:TrackPointExtension><gpxtpx:hr>156</gpxtpx:hr></gpxtpx:TrackPointExtension></extensions></trkpt><trkpt lat="56.040557" lon="37.853157"><ele>168.6</ele><time>2026-07-09T18:13:55Z</time><extensions><gpxtpx:TrackPointExtension><gpxtpx:hr>156</gpxtpx:hr></gpxtpx:TrackPointExtension></extensions></trkpt><trkpt lat="56.04054" lon="37.853102"><ele>168.6</ele><time>2026-07-09T18:13:56Z</time><extensions><gpxtpx:TrackPointExtension><gpxtpx:hr>156</gpxtpx:hr></gpxtpx:TrackPointExtension></extensions></trkpt><trkpt lat="56.040527" lon="37.853052"><ele>168.6</ele><time>2026-07-09T18:13:57Z</time><extensions><gpxtpx:TrackPointExtension><gpxtpx:hr>157</gpxtpx:hr></gpxtpx:TrackPointExtension></extensions></trkpt><trkpt lat="56.040515" lon="37.853007"><ele>168.6</ele><time>2026-07-09T18:13:58Z</time><extensions><gpxtpx:TrackPointExtension><gpxtpx:hr>157</gpxtpx:hr></gpxtpx:TrackPointExtension></extensions></trkpt><trkpt lat="56.040497" lon="37.85296"><ele>168.6</ele><time>2026-07-09T18:13:59Z</time><extensions><gpxtpx:TrackPointExtension><gpxtpx:hr>157</gpxtpx:hr></gpxtpx:TrackPointExtension></extensions></trkpt><trkpt lat="56.040485" lon="37.852912"><ele>168.6</ele><time>2026-07-09T18:14:00Z</time><extensions><gpxtpx:TrackPointExtension><gpxtpx:hr>157</gpxtpx:hr></gpxtpx:TrackPointExtension></extensions></trkpt><trkpt lat="56.040472" lon="37.852862"><ele>168.6</ele><time>2026-07-09T18:14:01Z</time><extensions><gpxtpx:TrackPointExtension><gpxtpx:hr>157</gpxtpx:hr></gpxtpx:TrackPointExtension></extensions></trkpt><trkpt lat="56.04046" lon="37.852807"><ele>168.6</ele><time>2026-07-09T18:14:02Z</time><extensions><gpxtpx:TrackPointExtension><gpxtpx:hr>157</gpxtpx:hr></gpxtpx:TrackPointExtension></extensions></trkpt><trkpt lat="56.040447" lon="37.852757"><ele>168.8</ele><time>2026-07-09T18:14:03Z</time><extensions><gpxtpx:TrackPointExtension><gpxtpx:hr>157</gpxtpx:hr></gpxtpx:TrackPointExtension></extensions></trkpt><trkpt lat="56.040437" lon="37.852707"><ele>168.8</ele><time>2026-07-09T18:14:04Z</time><extensions><gpxtpx:TrackPointExtension><gpxtpx:hr>157</gpxtpx:hr></gpxtpx:TrackPointExtension></extensions></trkpt><trkpt lat="56.040422" lon="37.852657"><ele>169.0</ele><time>2026-07-09T18:14:05Z</time><extensions><gpxtpx:TrackPointExtension><gpxtpx:hr>157</gpxtpx:hr></gpxtpx:TrackPointExtension></extensions></trkpt><trkpt lat="56.04041" lon="37.85261"><ele>169.0</ele><time>2026-07-09T18:14:06Z</time><extensions><gpxtpx:TrackPointExtension><gpxtpx:hr>157</gpxtpx:hr></gpxtpx:TrackPointExtension></extensions></trkpt><trkpt lat="56.040392" lon="37.852557"><ele>169.0</ele><time>2026-07-09T18:14:07Z</time><extensions><gpxtpx:TrackPointExtension><gpxtpx:hr>157</gpxtpx:hr></gpxtpx:TrackPointExtension></extensions></trkpt><trkpt lat="56.040377" lon="37.85251"><ele>168.8</ele><time>2026-07-09T18:14:08Z</time><extensions><gpxtpx:TrackPointExtension><gpxtpx:hr>157</gpxtpx:hr></gpxtpx:TrackPointExtension></extensions></trkpt><trkpt lat="56.040365" lon="37.852465"><ele>168.8</ele><time>2026-07-09T18:14:09Z</time><extensions><gpxtpx:TrackPointExtension><gpxtpx:hr>157</gpxtpx:hr></gpxtpx:TrackPointExtension></extensions></trkpt><trkpt lat="56.040352" lon="37.852417"><ele>168.8</ele><time>2026-07-09T18:14:10Z</time><extensions><gpxtpx:TrackPointExtension><gpxtpx:hr>156</gpxtpx:hr></gpxtpx:TrackPointExtension></extensions></trkpt><trkpt lat="56.040337" lon="37.852367"><ele>168.6</ele><time>2026-07-09T18:14:11Z</time><extensions><gpxtpx:TrackPointExtension><gpxtpx:hr>155</gpxtpx:hr></gpxtpx:TrackPointExtension></extensions></trkpt><trkpt lat="56.040325" lon="37.852327"><ele>168.4</ele><time>2026-07-09T18:14:12Z</time><extensions><gpxtpx:TrackPointExtension><gpxtpx:hr>155</gpxtpx:hr></gpxtpx:TrackPointExtension></extensions></trkpt><trkpt lat="56.040312" lon="37.852287"><ele>168.4</ele><time>2026-07-09T18:14:13Z</time><extensions><gpxtpx:TrackPointExtension><gpxtpx:hr>155</gpxtpx:hr></gpxtpx:TrackPointExtension></extensions></trkpt><trkpt lat="56.040297" lon="37.852247"><ele>168.4</ele><time>2026-07-09T18:14:14Z</time><extensions><gpxtpx:TrackPointExtension><gpxtpx:hr>154</gpxtpx:hr></gpxtpx:TrackPointExtension></extensions></trkpt><trkpt lat="56.040282" lon="37.85221"><ele>168.4</ele><time>2026-07-09T18:14:15Z</time><extensions><gpxtpx:TrackPointExtension><gpxtpx:hr>155</gpxtpx:hr></gpxtpx:TrackPointExtension></extensions></trkpt><trkpt lat="56.040272" lon="37.852165"><ele>168.4</ele><time>2026-07-09T18:14:16Z</time><extensions><gpxtpx:TrackPointExtension><gpxtpx:hr>155</gpxtpx:hr></gpxtpx:TrackPointExtension></extensions></trkpt><trkpt lat="56.040262" lon="37.852122"><ele>168.4</ele><time>2026-07-09T18:14:17Z</time><extensions><gpxtpx:TrackPointExtension><gpxtpx:hr>154</gpxtpx:hr></gpxtpx:TrackPointExtension></extensions></trkpt><trkpt lat="56.04025" lon="37.852075"><ele>168.4</ele><time>2026-07-09T18:14:18Z</time><extensions><gpxtpx:TrackPointExtension><gpxtpx:hr>154</gpxtpx:hr></gpxtpx:TrackPointExtension></extensions></trkpt><trkpt lat="56.040237" lon="37.852022"><ele>168.6</ele><time>2026-07-09T18:14:19Z</time><extensions><gpxtpx:TrackPointExtension><gpxtpx:hr>154</gpxtpx:hr></gpxtpx:TrackPointExtension></extensions></trkpt><trkpt lat="56.040227" lon="37.851977"><ele>168.4</ele><time>2026-07-09T18:14:20Z</time><extensions><gpxtpx:TrackPointExtension><gpxtpx:hr>154</gpxtpx:hr></gpxtpx:TrackPointExtension></extensions></trkpt><trkpt lat="56.040217" lon="37.85193"><ele>168.4</ele><time>2026-07-09T18:14:21Z</time><extensions><gpxtpx:TrackPointExtension><gpxtpx:hr>154</gpxtpx:hr></gpxtpx:TrackPointExtension></extensions></trkpt><trkpt lat="56.040207" lon="37.85188"><ele>168.6</ele><time>2026-07-09T18:14:22Z</time><extensions><gpxtpx:TrackPointExtension><gpxtpx:hr>154</gpxtpx:hr></gpxtpx:TrackPointExtension></extensions></trkpt><trkpt lat="56.040197" lon="37.85183"><ele>168.6</ele><time>2026-07-09T18:14:23Z</time><extensions><gpxtpx:TrackPointExtension><gpxtpx:hr>154</gpxtpx:hr></gpxtpx:TrackPointExtension></extensions></trkpt><trkpt lat="56.040187" lon="37.851782"><ele>168.6</ele><time>2026-07-09T18:14:24Z</time><extensions><gpxtpx:TrackPointExtension><gpxtpx:hr>154</gpxtpx:hr></gpxtpx:TrackPointExtension></extensions></trkpt><trkpt lat="56.040177" lon="37.85173"><ele>168.8</ele><time>2026-07-09T18:14:25Z</time><extensions><gpxtpx:TrackPointExtension><gpxtpx:hr>154</gpxtpx:hr></gpxtpx:TrackPointExtension></extensions></trkpt><trkpt lat="56.040167" lon="37.85168"><ele>168.8</ele><time>2026-07-09T18:14:26Z</time><extensions><gpxtpx:TrackPointExtension><gpxtpx:hr>153</gpxtpx:hr></gpxtpx:TrackPointExtension></extensions></trkpt><trkpt lat="56.040155" lon="37.851632"><ele>168.8</ele><time>2026-07-09T18:14:27Z</time><extensions><gpxtpx:TrackPointExtension><gpxtpx:hr>154</gpxtpx:hr></gpxtpx:TrackPointExtension></extensions></trkpt><trkpt lat="56.040145" lon="37.851592"><ele>168.8</ele><time>2026-07-09T18:14:28Z</time><extensions><gpxtpx:TrackPointExtension><gpxtpx:hr>154</gpxtpx:hr></gpxtpx:TrackPointExtension></extensions></trkpt><trkpt lat="56.040132" lon="37.85155"><ele>168.8</ele><time>2026-07-09T18:14:29Z</time><extensions><gpxtpx:TrackPointExtension><gpxtpx:hr>154</gpxtpx:hr></gpxtpx:TrackPointExtension></extensions></trkpt><trkpt lat="56.040117" lon="37.851487"><ele>168.8</ele><time>2026-07-09T18:14:30Z</time><extensions><gpxtpx:TrackPointExtension><gpxtpx:hr>154</gpxtpx:hr></gpxtpx:TrackPointExtension></extensions></trkpt><trkpt lat="56.040102" lon="37.851442"><ele>168.8</ele><time>2026-07-09T18:14:31Z</time><extensions><gpxtpx:TrackPointExtension><gpxtpx:hr>154</gpxtpx:hr></gpxtpx:TrackPointExtension></extensions></trkpt><trkpt lat="56.040082" lon="37.851392"><ele>169.0</ele><time>2026-07-09T18:14:32Z</time><extensions><gpxtpx:TrackPointExtension><gpxtpx:hr>154</gpxtpx:hr></gpxtpx:TrackPointExtension></extensions></trkpt><trkpt lat="56.04007" lon="37.85134"><ele>169.0</ele><time>2026-07-09T18:14:33Z</time><extensions><gpxtpx:TrackPointExtension><gpxtpx:hr>154</gpxtpx:hr></gpxtpx:TrackPointExtension></extensions></trkpt><trkpt lat="56.040055" lon="37.85129"><ele>169.2</ele><time>2026-07-09T18:14:34Z</time><extensions><gpxtpx:TrackPointExtension><gpxtpx:hr>155</gpxtpx:hr></gpxtpx:TrackPointExtension></extensions></trkpt><trkpt lat="56.04004" lon="37.851237"><ele>169.2</ele><time>2026-07-09T18:14:35Z</time><extensions><gpxtpx:TrackPointExtension><gpxtpx:hr>154</gpxtpx:hr></gpxtpx:TrackPointExtension></extensions></trkpt><trkpt lat="56.040025" lon="37.851197"><ele>169.4</ele><time>2026-07-09T18:14:36Z</time><extensions><gpxtpx:TrackPointExtension><gpxtpx:hr>154</gpxtpx:hr></gpxtpx:TrackPointExtension></extensions></trkpt><trkpt lat="56.040012" lon="37.851155"><ele>169.4</ele><time>2026-07-09T18:14:37Z</time><extensions><gpxtpx:TrackPointExtension><gpxtpx:hr>153</gpxtpx:hr></gpxtpx:TrackPointExtension></extensions></trkpt><trkpt lat="56.039997" lon="37.851105"><ele>169.2</ele><time>2026-07-09T18:14:38Z</time><extensions><gpxtpx:TrackPointExtension><gpxtpx:hr>153</gpxtpx:hr></gpxtpx:TrackPointExtension></extensions></trkpt><trkpt lat="56.039977" lon="37.851057"><ele>169.2</ele><time>2026-07-09T18:14:39Z</time><extensions><gpxtpx:TrackPointExtension><gpxtpx:hr>153</gpxtpx:hr></gpxtpx:TrackPointExtension></extensions></trkpt><trkpt lat="56.039965" lon="37.85101"><ele>169.2</ele><time>2026-07-09T18:14:40Z</time><extensions><gpxtpx:TrackPointExtension><gpxtpx:hr>152</gpxtpx:hr></gpxtpx:TrackPointExtension></extensions></trkpt><trkpt lat="56.039952" lon="37.85096"><ele>169.4</ele><time>2026-07-09T18:14:41Z</time><extensions><gpxtpx:TrackPointExtension><gpxtpx:hr>153</gpxtpx:hr></gpxtpx:TrackPointExtension></extensions></trkpt><trkpt lat="56.039937" lon="37.850917"><ele>169.4</ele><time>2026-07-09T18:14:42Z</time><extensions><gpxtpx:TrackPointExtension><gpxtpx:hr>153</gpxtpx:hr></gpxtpx:TrackPointExtension></extensions></trkpt><trkpt lat="56.039922" lon="37.850872"><ele>169.2</ele><time>2026-07-09T18:14:43Z</time><extensions><gpxtpx:TrackPointExtension><gpxtpx:hr>153</gpxtpx:hr></gpxtpx:TrackPointExtension></extensions></trkpt><trkpt lat="56.039907" lon="37.850825"><ele>169.2</ele><time>2026-07-09T18:14:44Z</time><extensions><gpxtpx:TrackPointExtension><gpxtpx:hr>153</gpxtpx:hr></gpxtpx:TrackPointExtension></extensions></trkpt><trkpt lat="56.039892" lon="37.850772"><ele>169.0</ele><time>2026-07-09T18:14:45Z</time><extensions><gpxtpx:TrackPointExtension><gpxtpx:hr>153</gpxtpx:hr></gpxtpx:TrackPointExtension></extensions></trkpt><trkpt lat="56.039872" lon="37.85072"><ele>169.0</ele><time>2026-07-09T18:14:46Z</time><extensions><gpxtpx:TrackPointExtension><gpxtpx:hr>154</gpxtpx:hr></gpxtpx:TrackPointExtension></extensions></trkpt><trkpt lat="56.039855" lon="37.850667"><ele>169.0</ele><time>2026-07-09T18:14:47Z</time><extensions><gpxtpx:TrackPointExtension><gpxtpx:hr>153</gpxtpx:hr></gpxtpx:TrackPointExtension></extensions></trkpt><trkpt lat="56.039837" lon="37.85062"><ele>169.0</ele><time>2026-07-09T18:14:48Z</time><extensions><gpxtpx:TrackPointExtension><gpxtpx:hr>153</gpxtpx:hr></gpxtpx:TrackPointExtension></extensions></trkpt><trkpt lat="56.039825" lon="37.85057"><ele>169.0</ele><time>2026-07-09T18:14:49Z</time><extensions><gpxtpx:TrackPointExtension><gpxtpx:hr>153</gpxtpx:hr></gpxtpx:TrackPointExtension></extensions></trkpt><trkpt lat="56.03981" lon="37.85052"><ele>168.8</ele><time>2026-07-09T18:14:50Z</time><extensions><gpxtpx:TrackPointExtension><gpxtpx:hr>152</gpxtpx:hr></gpxtpx:TrackPointExtension></extensions></trkpt><trkpt lat="56.039797" lon="37.850477"><ele>169.0</ele><time>2026-07-09T18:14:51Z</time><extensions><gpxtpx:TrackPointExtension><gpxtpx:hr>152</gpxtpx:hr></gpxtpx:TrackPointExtension></extensions></trkpt><trkpt lat="56.039782" lon="37.85043"><ele>169.0</ele><time>2026-07-09T18:14:52Z</time><extensions><gpxtpx:TrackPointExtension><gpxtpx:hr>153</gpxtpx:hr></gpxtpx:TrackPointExtension></extensions></trkpt><trkpt lat="56.03977" lon="37.850387"><ele>168.8</ele><time>2026-07-09T18:14:53Z</time><extensions><gpxtpx:TrackPointExtension><gpxtpx:hr>153</gpxtpx:hr></gpxtpx:TrackPointExtension></extensions></trkpt><trkpt lat="56.039752" lon="37.850335"><ele>168.8</ele><time>2026-07-09T18:14:54Z</time><extensions><gpxtpx:TrackPointExtension><gpxtpx:hr>153</gpxtpx:hr></gpxtpx:TrackPointExtension></extensions></trkpt><trkpt lat="56.039737" lon="37.850275"><ele>168.8</ele><time>2026-07-09T18:14:55Z</time><extensions><gpxtpx:TrackPointExtension><gpxtpx:hr>153</gpxtpx:hr></gpxtpx:TrackPointExtension></extensions></trkpt><trkpt lat="56.03972" lon="37.850222"><ele>168.8</ele><time>2026-07-09T18:14:56Z</time><extensions><gpxtpx:TrackPointExtension><gpxtpx:hr>154</gpxtpx:hr></gpxtpx:TrackPointExtension></extensions></trkpt><trkpt lat="56.039707" lon="37.850175"><ele>168.8</ele><time>2026-07-09T18:14:57Z</time><extensions><gpxtpx:TrackPointExtension><gpxtpx:hr>154</gpxtpx:hr></gpxtpx:TrackPointExtension></extensions></trkpt><trkpt lat="56.039692" lon="37.85013"><ele>168.8</ele><time>2026-07-09T18:14:58Z</time><extensions><gpxtpx:TrackPointExtension><gpxtpx:hr>154</gpxtpx:hr></gpxtpx:TrackPointExtension></extensions></trkpt><trkpt lat="56.039678" lon="37.850087"><ele>169.0</ele><time>2026-07-09T18:14:59Z</time><extensions><gpxtpx:TrackPointExtension><gpxtpx:hr>155</gpxtpx:hr></gpxtpx:TrackPointExtension></extensions></trkpt><trkpt lat="56.039665" lon="37.850042"><ele>168.8</ele><time>2026-07-09T18:15:00Z</time><extensions><gpxtpx:TrackPointExtension><gpxtpx:hr>155</gpxtpx:hr></gpxtpx:TrackPointExtension></extensions></trkpt><trkpt lat="56.039652" lon="37.849992"><ele>168.8</ele><time>2026-07-09T18:15:01Z</time><extensions><gpxtpx:TrackPointExtension><gpxtpx:hr>155</gpxtpx:hr></gpxtpx:TrackPointExtension></extensions></trkpt><trkpt lat="56.039642" lon="37.84995"><ele>168.8</ele><time>2026-07-09T18:15:02Z</time><extensions><gpxtpx:TrackPointExtension><gpxtpx:hr>155</gpxtpx:hr></gpxtpx:TrackPointExtension></extensions></trkpt><trkpt lat="56.039632" lon="37.849907"><ele>168.8</ele><time>2026-07-09T18:15:03Z</time><extensions><gpxtpx:TrackPointExtension><gpxtpx:hr>154</gpxtpx:hr></gpxtpx:TrackPointExtension></extensions></trkpt><trkpt lat="56.039622" lon="37.849877"><ele>168.8</ele><time>2026-07-09T18:15:04Z</time><extensions><gpxtpx:TrackPointExtension><gpxtpx:hr>154</gpxtpx:hr></gpxtpx:TrackPointExtension></extensions></trkpt><trkpt lat="56.03961" lon="37.849832"><ele>168.8</ele><time>2026-07-09T18:15:05Z</time><extensions><gpxtpx:TrackPointExtension><gpxtpx:hr>154</gpxtpx:hr></gpxtpx:TrackPointExtension></extensions></trkpt><trkpt lat="56.039593" lon="37.849795"><ele>168.8</ele><time>2026-07-09T18:15:06Z</time><extensions><gpxtpx:TrackPointExtension><gpxtpx:hr>154</gpxtpx:hr></gpxtpx:TrackPointExtension></extensions></trkpt><trkpt lat="56.03958" lon="37.849752"><ele>168.8</ele><time>2026-07-09T18:15:07Z</time><extensions><gpxtpx:TrackPointExtension><gpxtpx:hr>155</gpxtpx:hr></gpxtpx:TrackPointExtension></extensions></trkpt><trkpt lat="56.039572" lon="37.849707"><ele>168.8</ele><time>2026-07-09T18:15:08Z</time><extensions><gpxtpx:TrackPointExtension><gpxtpx:hr>155</gpxtpx:hr></gpxtpx:TrackPointExtension></extensions></trkpt><trkpt lat="56.039562" lon="37.849655"><ele>169.0</ele><time>2026-07-09T18:15:09Z</time><extensions><gpxtpx:TrackPointExtension><gpxtpx:hr>155</gpxtpx:hr></gpxtpx:TrackPointExtension></extensions></trkpt><trkpt lat="56.039555" lon="37.849605"><ele>169.0</ele><time>2026-07-09T18:15:10Z</time><extensions><gpxtpx:TrackPointExtension><gpxtpx:hr>154</gpxtpx:hr></gpxtpx:TrackPointExtension></extensions></trkpt><trkpt lat="56.039547" lon="37.849557"><ele>169.0</ele><time>2026-07-09T18:15:11Z</time><extensions><gpxtpx:TrackPointExtension><gpxtpx:hr>154</gpxtpx:hr></gpxtpx:TrackPointExtension></extensions></trkpt><trkpt lat="56.039532" lon="37.849507"><ele>169.0</ele><time>2026-07-09T18:15:12Z</time><extensions><gpxtpx:TrackPointExtension><gpxtpx:hr>154</gpxtpx:hr></gpxtpx:TrackPointExtension></extensions></trkpt><trkpt lat="56.039522" lon="37.849455"><ele>169.0</ele><time>2026-07-09T18:15:13Z</time><extensions><gpxtpx:TrackPointExtension><gpxtpx:hr>154</gpxtpx:hr></gpxtpx:TrackPointExtension></extensions></trkpt><trkpt lat="56.03951" lon="37.849397"><ele>169.0</ele><time>2026-07-09T18:15:14Z</time><extensions><gpxtpx:TrackPointExtension><gpxtpx:hr>154</gpxtpx:hr></gpxtpx:TrackPointExtension></extensions></trkpt><trkpt lat="56.039497" lon="37.849347"><ele>169.0</ele><time>2026-07-09T18:15:15Z</time><extensions><gpxtpx:TrackPointExtension><gpxtpx:hr>155</gpxtpx:hr></gpxtpx:TrackPointExtension></extensions></trkpt><trkpt lat="56.039485" lon="37.849302"><ele>169.0</ele><time>2026-07-09T18:15:16Z</time><extensions><gpxtpx:TrackPointExtension><gpxtpx:hr>155</gpxtpx:hr></gpxtpx:TrackPointExtension></extensions></trkpt><trkpt lat="56.039472" lon="37.849257"><ele>169.0</ele><time>2026-07-09T18:15:17Z</time><extensions><gpxtpx:TrackPointExtension><gpxtpx:hr>155</gpxtpx:hr></gpxtpx:TrackPointExtension></extensions></trkpt><trkpt lat="56.039462" lon="37.849212"><ele>169.0</ele><time>2026-07-09T18:15:18Z</time><extensions><gpxtpx:TrackPointExtension><gpxtpx:hr>154</gpxtpx:hr></gpxtpx:TrackPointExtension></extensions></trkpt><trkpt lat="56.039447" lon="37.849177"><ele>169.0</ele><time>2026-07-09T18:15:19Z</time><extensions><gpxtpx:TrackPointExtension><gpxtpx:hr>154</gpxtpx:hr></gpxtpx:TrackPointExtension></extensions></trkpt><trkpt lat="56.039432" lon="37.849135"><ele>169.0</ele><time>2026-07-09T18:15:20Z</time><extensions><gpxtpx:TrackPointExtension><gpxtpx:hr>154</gpxtpx:hr></gpxtpx:TrackPointExtension></extensions></trkpt><trkpt lat="56.039425" lon="37.849087"><ele>169.0</ele><time>2026-07-09T18:15:21Z</time><extensions><gpxtpx:TrackPointExtension><gpxtpx:hr>155</gpxtpx:hr></gpxtpx:TrackPointExtension></extensions></trkpt><trkpt lat="56.039412" lon="37.84904"><ele>168.8</ele><time>2026-07-09T18:15:22Z</time><extensions><gpxtpx:TrackPointExtension><gpxtpx:hr>155</gpxtpx:hr></gpxtpx:TrackPointExtension></extensions></trkpt><trkpt lat="56.0394" lon="37.848982"><ele>168.8</ele><time>2026-07-09T18:15:23Z</time><extensions><gpxtpx:TrackPointExtension><gpxtpx:hr>155</gpxtpx:hr></gpxtpx:TrackPointExtension></extensions></trkpt><trkpt lat="56.039387" lon="37.848935"><ele>168.8</ele><time>2026-07-09T18:15:24Z</time><extensions><gpxtpx:TrackPointExtension><gpxtpx:hr>155</gpxtpx:hr></gpxtpx:TrackPointExtension></extensions></trkpt><trkpt lat="56.039377" lon="37.848887"><ele>168.8</ele><time>2026-07-09T18:15:25Z</time><extensions><gpxtpx:TrackPointExtension><gpxtpx:hr>155</gpxtpx:hr></gpxtpx:TrackPointExtension></extensions></trkpt><trkpt lat="56.039362" lon="37.84884"><ele>168.8</ele><time>2026-07-09T18:15:26Z</time><extensions><gpxtpx:TrackPointExtension><gpxtpx:hr>155</gpxtpx:hr></gpxtpx:TrackPointExtension></extensions></trkpt><trkpt lat="56.03935" lon="37.848797"><ele>168.8</ele><time>2026-07-09T18:15:27Z</time><extensions><gpxtpx:TrackPointExtension><gpxtpx:hr>154</gpxtpx:hr></gpxtpx:TrackPointExtension></extensions></trkpt><trkpt lat="56.03934" lon="37.848762"><ele>168.8</ele><time>2026-07-09T18:15:28Z</time><extensions><gpxtpx:TrackPointExtension><gpxtpx:hr>154</gpxtpx:hr></gpxtpx:TrackPointExtension></extensions></trkpt><trkpt lat="56.039325" lon="37.848712"><ele>168.8</ele><time>2026-07-09T18:15:29Z</time><extensions><gpxtpx:TrackPointExtension><gpxtpx:hr>155</gpxtpx:hr></gpxtpx:TrackPointExtension></extensions></trkpt><trkpt lat="56.03931" lon="37.848663"><ele>169.0</ele><time>2026-07-09T18:15:30Z</time><extensions><gpxtpx:TrackPointExtension><gpxtpx:hr>155</gpxtpx:hr></gpxtpx:TrackPointExtension></extensions></trkpt><trkpt lat="56.039297" lon="37.848612"><ele>169.0</ele><time>2026-07-09T18:15:31Z</time><extensions><gpxtpx:TrackPointExtension><gpxtpx:hr>155</gpxtpx:hr></gpxtpx:TrackPointExtension></extensions></trkpt><trkpt lat="56.039282" lon="37.848555"><ele>168.8</ele><time>2026-07-09T18:15:32Z</time><extensions><gpxtpx:TrackPointExtension><gpxtpx:hr>156</gpxtpx:hr></gpxtpx:TrackPointExtension></extensions></trkpt><trkpt lat="56.039267" lon="37.848507"><ele>168.8</ele><time>2026-07-09T18:15:33Z</time><extensions><gpxtpx:TrackPointExtension><gpxtpx:hr>156</gpxtpx:hr></gpxtpx:TrackPointExtension></extensions></trkpt><trkpt lat="56.03925" lon="37.848472"><ele>168.8</ele><time>2026-07-09T18:15:34Z</time><extensions><gpxtpx:TrackPointExtension><gpxtpx:hr>157</gpxtpx:hr></gpxtpx:TrackPointExtension></extensions></trkpt><trkpt lat="56.039235" lon="37.848432"><ele>168.8</ele><time>2026-07-09T18:15:35Z</time><extensions><gpxtpx:TrackPointExtension><gpxtpx:hr>157</gpxtpx:hr></gpxtpx:TrackPointExtension></extensions></trkpt><trkpt lat="56.039227" lon="37.848395"><ele>168.8</ele><time>2026-07-09T18:15:36Z</time><extensions><gpxtpx:TrackPointExtension><gpxtpx:hr>156</gpxtpx:hr></gpxtpx:TrackPointExtension></extensions></trkpt><trkpt lat="56.039217" lon="37.848345"><ele>168.8</ele><time>2026-07-09T18:15:37Z</time><extensions><gpxtpx:TrackPointExtension><gpxtpx:hr>156</gpxtpx:hr></gpxtpx:TrackPointExtension></extensions></trkpt><trkpt lat="56.039205" lon="37.848302"><ele>168.8</ele><time>2026-07-09T18:15:38Z</time><extensions><gpxtpx:TrackPointExtension><gpxtpx:hr>156</gpxtpx:hr></gpxtpx:TrackPointExtension></extensions></trkpt><trkpt lat="56.03919" lon="37.848252"><ele>168.8</ele><time>2026-07-09T18:15:39Z</time><extensions><gpxtpx:TrackPointExtension><gpxtpx:hr>156</gpxtpx:hr></gpxtpx:TrackPointExtension></extensions></trkpt><trkpt lat="56.039177" lon="37.848198"><ele>168.8</ele><time>2026-07-09T18:15:40Z</time><extensions><gpxtpx:TrackPointExtension><gpxtpx:hr>156</gpxtpx:hr></gpxtpx:TrackPointExtension></extensions></trkpt><trkpt lat="56.039162" lon="37.848152"><ele>168.8</ele><time>2026-07-09T18:15:41Z</time><extensions><gpxtpx:TrackPointExtension><gpxtpx:hr>155</gpxtpx:hr></gpxtpx:TrackPointExtension></extensions></trkpt><trkpt lat="56.039152" lon="37.8481"><ele>169.0</ele><time>2026-07-09T18:15:42Z</time><extensions><gpxtpx:TrackPointExtension><gpxtpx:hr>155</gpxtpx:hr></gpxtpx:TrackPointExtension></extensions></trkpt><trkpt lat="56.039137" lon="37.84805"><ele>169.0</ele><time>2026-07-09T18:15:43Z</time><extensions><gpxtpx:TrackPointExtension><gpxtpx:hr>155</gpxtpx:hr></gpxtpx:TrackPointExtension></extensions></trkpt><trkpt lat="56.039125" lon="37.847997"><ele>169.0</ele><time>2026-07-09T18:15:44Z</time><extensions><gpxtpx:TrackPointExtension><gpxtpx:hr>155</gpxtpx:hr></gpxtpx:TrackPointExtension></extensions></trkpt><trkpt lat="56.03911" lon="37.847947"><ele>168.8</ele><time>2026-07-09T18:15:45Z</time><extensions><gpxtpx:TrackPointExtension><gpxtpx:hr>155</gpxtpx:hr></gpxtpx:TrackPointExtension></extensions></trkpt><trkpt lat="56.039095" lon="37.847895"><ele>168.8</ele><time>2026-07-09T18:15:46Z</time><extensions><gpxtpx:TrackPointExtension><gpxtpx:hr>155</gpxtpx:hr></gpxtpx:TrackPointExtension></extensions></trkpt><trkpt lat="56.03908" lon="37.847845"><ele>168.8</ele><time>2026-07-09T18:15:47Z</time><extensions><gpxtpx:TrackPointExtension><gpxtpx:hr>155</gpxtpx:hr></gpxtpx:TrackPointExtension></extensions></trkpt><trkpt lat="56.039067" lon="37.84779"><ele>168.8</ele><time>2026-07-09T18:15:48Z</time><extensions><gpxtpx:TrackPointExtension><gpxtpx:hr>155</gpxtpx:hr></gpxtpx:TrackPointExtension></extensions></trkpt><trkpt lat="56.039052" lon="37.847737"><ele>169.0</ele><time>2026-07-09T18:15:49Z</time><extensions><gpxtpx:TrackPointExtension><gpxtpx:hr>155</gpxtpx:hr></gpxtpx:TrackPointExtension></extensions></trkpt><trkpt lat="56.039037" lon="37.847687"><ele>169.0</ele><time>2026-07-09T18:15:50Z</time><extensions><gpxtpx:TrackPointExtension><gpxtpx:hr>155</gpxtpx:hr></gpxtpx:TrackPointExtension></extensions></trkpt><trkpt lat="56.039022" lon="37.847635"><ele>168.8</ele><time>2026-07-09T18:15:51Z</time><extensions><gpxtpx:TrackPointExtension><gpxtpx:hr>155</gpxtpx:hr></gpxtpx:TrackPointExtension></extensions></trkpt><trkpt lat="56.03901" lon="37.847585"><ele>168.8</ele><time>2026-07-09T18:15:52Z</time><extensions><gpxtpx:TrackPointExtension><gpxtpx:hr>155</gpxtpx:hr></gpxtpx:TrackPointExtension></extensions></trkpt><trkpt lat="56.038997" lon="37.84753"><ele>168.8</ele><time>2026-07-09T18:15:53Z</time><extensions><gpxtpx:TrackPointExtension><gpxtpx:hr>155</gpxtpx:hr></gpxtpx:TrackPointExtension></extensions></trkpt><trkpt lat="56.038987" lon="37.847482"><ele>168.8</ele><time>2026-07-09T18:15:54Z</time><extensions><gpxtpx:TrackPointExtension><gpxtpx:hr>154</gpxtpx:hr></gpxtpx:TrackPointExtension></extensions></trkpt><trkpt lat="56.038972" lon="37.847435"><ele>168.8</ele><time>2026-07-09T18:15:55Z</time><extensions><gpxtpx:TrackPointExtension><gpxtpx:hr>154</gpxtpx:hr></gpxtpx:TrackPointExtension></extensions></trkpt><trkpt lat="56.038955" lon="37.84739"><ele>168.8</ele><time>2026-07-09T18:15:56Z</time><extensions><gpxtpx:TrackPointExtension><gpxtpx:hr>154</gpxtpx:hr></gpxtpx:TrackPointExtension></extensions></trkpt><trkpt lat="56.038942" lon="37.847342"><ele>168.8</ele><time>2026-07-09T18:15:57Z</time><extensions><gpxtpx:TrackPointExtension><gpxtpx:hr>154</gpxtpx:hr></gpxtpx:TrackPointExtension></extensions></trkpt><trkpt lat="56.038932" lon="37.847287"><ele>168.8</ele><time>2026-07-09T18:15:58Z</time><extensions><gpxtpx:TrackPointExtension><gpxtpx:hr>154</gpxtpx:hr></gpxtpx:TrackPointExtension></extensions></trkpt><trkpt lat="56.038915" lon="37.847232"><ele>168.8</ele><time>2026-07-09T18:15:59Z</time><extensions><gpxtpx:TrackPointExtension><gpxtpx:hr>154</gpxtpx:hr></gpxtpx:TrackPointExtension></extensions></trkpt><trkpt lat="56.038895" lon="37.847177"><ele>168.8</ele><time>2026-07-09T18:16:00Z</time><extensions><gpxtpx:TrackPointExtension><gpxtpx:hr>154</gpxtpx:hr></gpxtpx:TrackPointExtension></extensions></trkpt><trkpt lat="56.038877" lon="37.847122"><ele>168.8</ele><time>2026-07-09T18:16:01Z</time><extensions><gpxtpx:TrackPointExtension><gpxtpx:hr>155</gpxtpx:hr></gpxtpx:TrackPointExtension></extensions></trkpt><trkpt lat="56.038862" lon="37.847062"><ele>168.8</ele><time>2026-07-09T18:16:02Z</time><extensions><gpxtpx:TrackPointExtension><gpxtpx:hr>155</gpxtpx:hr></gpxtpx:TrackPointExtension></extensions></trkpt><trkpt lat="56.038847" lon="37.847012"><ele>168.6</ele><time>2026-07-09T18:16:03Z</time><extensions><gpxtpx:TrackPointExtension><gpxtpx:hr>155</gpxtpx:hr></gpxtpx:TrackPointExtension></extensions></trkpt><trkpt lat="56.038835" lon="37.846962"><ele>168.6</ele><time>2026-07-09T18:16:04Z</time><extensions><gpxtpx:TrackPointExtension><gpxtpx:hr>155</gpxtpx:hr></gpxtpx:TrackPointExtension></extensions></trkpt><trkpt lat="56.038817" lon="37.846912"><ele>168.6</ele><time>2026-07-09T18:16:05Z</time><extensions><gpxtpx:TrackPointExtension><gpxtpx:hr>155</gpxtpx:hr></gpxtpx:TrackPointExtension></extensions></trkpt><trkpt lat="56.038807" lon="37.846865"><ele>168.6</ele><time>2026-07-09T18:16:06Z</time><extensions><gpxtpx:TrackPointExtension><gpxtpx:hr>156</gpxtpx:hr></gpxtpx:TrackPointExtension></extensions></trkpt><trkpt lat="56.038792" lon="37.846815"><ele>168.6</ele><time>2026-07-09T18:16:07Z</time><extensions><gpxtpx:TrackPointExtension><gpxtpx:hr>155</gpxtpx:hr></gpxtpx:TrackPointExtension></extensions></trkpt><trkpt lat="56.038777" lon="37.846762"><ele>168.6</ele><time>2026-07-09T18:16:08Z</time><extensions><gpxtpx:TrackPointExtension><gpxtpx:hr>155</gpxtpx:hr></gpxtpx:TrackPointExtension></extensions></trkpt><trkpt lat="56.03876" lon="37.846712"><ele>168.6</ele><time>2026-07-09T18:16:09Z</time><extensions><gpxtpx:TrackPointExtension><gpxtpx:hr>155</gpxtpx:hr></gpxtpx:TrackPointExtension></extensions></trkpt><trkpt lat="56.038745" lon="37.846662"><ele>168.6</ele><time>2026-07-09T18:16:10Z</time><extensions><gpxtpx:TrackPointExtension><gpxtpx:hr>155</gpxtpx:hr></gpxtpx:TrackPointExtension></extensions></trkpt><trkpt lat="56.038732" lon="37.846617"><ele>168.6</ele><time>2026-07-09T18:16:11Z</time><extensions><gpxtpx:TrackPointExtension><gpxtpx:hr>155</gpxtpx:hr></gpxtpx:TrackPointExtension></extensions></trkpt><trkpt lat="56.03872" lon="37.846572"><ele>168.6</ele><time>2026-07-09T18:16:12Z</time><extensions><gpxtpx:TrackPointExtension><gpxtpx:hr>156</gpxtpx:hr></gpxtpx:TrackPointExtension></extensions></trkpt><trkpt lat="56.038707" lon="37.84652"><ele>168.6</ele><time>2026-07-09T18:16:13Z</time><extensions><gpxtpx:TrackPointExtension><gpxtpx:hr>156</gpxtpx:hr></gpxtpx:TrackPointExtension></extensions></trkpt><trkpt lat="56.038692" lon="37.846468"><ele>168.6</ele><time>2026-07-09T18:16:14Z</time><extensions><gpxtpx:TrackPointExtension><gpxtpx:hr>156</gpxtpx:hr></gpxtpx:TrackPointExtension></extensions></trkpt><trkpt lat="56.038677" lon="37.846422"><ele>168.6</ele><time>2026-07-09T18:16:15Z</time><extensions><gpxtpx:TrackPointExtension><gpxtpx:hr>156</gpxtpx:hr></gpxtpx:TrackPointExtension></extensions></trkpt><trkpt lat="56.038665" lon="37.846375"><ele>168.6</ele><time>2026-07-09T18:16:16Z</time><extensions><gpxtpx:TrackPointExtension><gpxtpx:hr>157</gpxtpx:hr></gpxtpx:TrackPointExtension></extensions></trkpt><trkpt lat="56.038652" lon="37.84633"><ele>168.6</ele><time>2026-07-09T18:16:17Z</time><extensions><gpxtpx:TrackPointExtension><gpxtpx:hr>157</gpxtpx:hr></gpxtpx:TrackPointExtension></extensions></trkpt><trkpt lat="56.03864" lon="37.846277"><ele>168.8</ele><time>2026-07-09T18:16:18Z</time><extensions><gpxtpx:TrackPointExtension><gpxtpx:hr>157</gpxtpx:hr></gpxtpx:TrackPointExtension></extensions></trkpt><trkpt lat="56.038627" lon="37.846227"><ele>169.0</ele><time>2026-07-09T18:16:19Z</time><extensions><gpxtpx:TrackPointExtension><gpxtpx:hr>157</gpxtpx:hr></gpxtpx:TrackPointExtension></extensions></trkpt><trkpt lat="56.038615" lon="37.846177"><ele>169.0</ele><time>2026-07-09T18:16:20Z</time><extensions><gpxtpx:TrackPointExtension><gpxtpx:hr>157</gpxtpx:hr></gpxtpx:TrackPointExtension></extensions></trkpt><trkpt lat="56.0386" lon="37.846127"><ele>169.0</ele><time>2026-07-09T18:16:21Z</time><extensions><gpxtpx:TrackPointExtension><gpxtpx:hr>158</gpxtpx:hr></gpxtpx:TrackPointExtension></extensions></trkpt><trkpt lat="56.038585" lon="37.846082"><ele>168.8</ele><time>2026-07-09T18:16:22Z</time><extensions><gpxtpx:TrackPointExtension><gpxtpx:hr>158</gpxtpx:hr></gpxtpx:TrackPointExtension></extensions></trkpt><trkpt lat="56.03857" lon="37.846032"><ele>168.8</ele><time>2026-07-09T18:16:23Z</time><extensions><gpxtpx:TrackPointExtension><gpxtpx:hr>158</gpxtpx:hr></gpxtpx:TrackPointExtension></extensions></trkpt><trkpt lat="56.038555" lon="37.845985"><ele>168.8</ele><time>2026-07-09T18:16:24Z</time><extensions><gpxtpx:TrackPointExtension><gpxtpx:hr>157</gpxtpx:hr></gpxtpx:TrackPointExtension></extensions></trkpt><trkpt lat="56.038538" lon="37.845942"><ele>168.6</ele><time>2026-07-09T18:16:25Z</time><extensions><gpxtpx:TrackPointExtension><gpxtpx:hr>157</gpxtpx:hr></gpxtpx:TrackPointExtension></extensions></trkpt><trkpt lat="56.03853" lon="37.845902"><ele>168.4</ele><time>2026-07-09T18:16:26Z</time><extensions><gpxtpx:TrackPointExtension><gpxtpx:hr>157</gpxtpx:hr></gpxtpx:TrackPointExtension></extensions></trkpt><trkpt lat="56.038522" lon="37.845857"><ele>168.4</ele><time>2026-07-09T18:16:27Z</time><extensions><gpxtpx:TrackPointExtension><gpxtpx:hr>156</gpxtpx:hr></gpxtpx:TrackPointExtension></extensions></trkpt><trkpt lat="56.038507" lon="37.845807"><ele>168.4</ele><time>2026-07-09T18:16:28Z</time><extensions><gpxtpx:TrackPointExtension><gpxtpx:hr>156</gpxtpx:hr></gpxtpx:TrackPointExtension></extensions></trkpt><trkpt lat="56.038495" lon="37.845755"><ele>168.4</ele><time>2026-07-09T18:16:29Z</time><extensions><gpxtpx:TrackPointExtension><gpxtpx:hr>157</gpxtpx:hr></gpxtpx:TrackPointExtension></extensions></trkpt><trkpt lat="56.038482" lon="37.8457"><ele>168.2</ele><time>2026-07-09T18:16:30Z</time><extensions><gpxtpx:TrackPointExtension><gpxtpx:hr>157</gpxtpx:hr></gpxtpx:TrackPointExtension></extensions></trkpt><trkpt lat="56.038467" lon="37.845645"><ele>168.0</ele><time>2026-07-09T18:16:31Z</time><extensions><gpxtpx:TrackPointExtension><gpxtpx:hr>157</gpxtpx:hr></gpxtpx:TrackPointExtension></extensions></trkpt><trkpt lat="56.038455" lon="37.845587"><ele>168.0</ele><time>2026-07-09T18:16:32Z</time><extensions><gpxtpx:TrackPointExtension><gpxtpx:hr>157</gpxtpx:hr></gpxtpx:TrackPointExtension></extensions></trkpt><trkpt lat="56.038442" lon="37.845547"><ele>167.8</ele><time>2026-07-09T18:16:33Z</time><extensions><gpxtpx:TrackPointExtension><gpxtpx:hr>157</gpxtpx:hr></gpxtpx:TrackPointExtension></extensions></trkpt><trkpt lat="56.038427" lon="37.845497"><ele>167.8</ele><time>2026-07-09T18:16:34Z</time><extensions><gpxtpx:TrackPointExtension><gpxtpx:hr>157</gpxtpx:hr></gpxtpx:TrackPointExtension></extensions></trkpt><trkpt lat="56.038412" lon="37.845445"><ele>167.6</ele><time>2026-07-09T18:16:35Z</time><extensions><gpxtpx:TrackPointExtension><gpxtpx:hr>157</gpxtpx:hr></gpxtpx:TrackPointExtension></extensions></trkpt><trkpt lat="56.038395" lon="37.845397"><ele>167.4</ele><time>2026-07-09T18:16:36Z</time><extensions><gpxtpx:TrackPointExtension><gpxtpx:hr>157</gpxtpx:hr></gpxtpx:TrackPointExtension></extensions></trkpt><trkpt lat="56.038382" lon="37.845355"><ele>167.4</ele><time>2026-07-09T18:16:37Z</time><extensions><gpxtpx:TrackPointExtension><gpxtpx:hr>157</gpxtpx:hr></gpxtpx:TrackPointExtension></extensions></trkpt><trkpt lat="56.038367" lon="37.845302"><ele>167.2</ele><time>2026-07-09T18:16:38Z</time><extensions><gpxtpx:TrackPointExtension><gpxtpx:hr>157</gpxtpx:hr></gpxtpx:TrackPointExtension></extensions></trkpt><trkpt lat="56.038352" lon="37.845243"><ele>166.8</ele><time>2026-07-09T18:16:39Z</time><extensions><gpxtpx:TrackPointExtension><gpxtpx:hr>157</gpxtpx:hr></gpxtpx:TrackPointExtension></extensions></trkpt><trkpt lat="56.038337" lon="37.845187"><ele>166.6</ele><time>2026-07-09T18:16:40Z</time><extensions><gpxtpx:TrackPointExtension><gpxtpx:hr>157</gpxtpx:hr></gpxtpx:TrackPointExtension></extensions></trkpt><trkpt lat="56.038322" lon="37.84513"><ele>166.4</ele><time>2026-07-09T18:16:41Z</time><extensions><gpxtpx:TrackPointExtension><gpxtpx:hr>156</gpxtpx:hr></gpxtpx:TrackPointExtension></extensions></trkpt><trkpt lat="56.038307" lon="37.845072"><ele>166.2</ele><time>2026-07-09T18:16:42Z</time><extensions><gpxtpx:TrackPointExtension><gpxtpx:hr>156</gpxtpx:hr></gpxtpx:TrackPointExtension></extensions></trkpt><trkpt lat="56.038292" lon="37.845022"><ele>166.0</ele><time>2026-07-09T18:16:43Z</time><extensions><gpxtpx:TrackPointExtension><gpxtpx:hr>156</gpxtpx:hr></gpxtpx:TrackPointExtension></extensions></trkpt><trkpt lat="56.038275" lon="37.84497"><ele>165.6</ele><time>2026-07-09T18:16:44Z</time><extensions><gpxtpx:TrackPointExtension><gpxtpx:hr>155</gpxtpx:hr></gpxtpx:TrackPointExtension></extensions></trkpt><trkpt lat="56.038262" lon="37.84491"><ele>165.4</ele><time>2026-07-09T18:16:45Z</time><extensions><gpxtpx:TrackPointExtension><gpxtpx:hr>155</gpxtpx:hr></gpxtpx:TrackPointExtension></extensions></trkpt><trkpt lat="56.038247" lon="37.844855"><ele>165.2</ele><time>2026-07-09T18:16:46Z</time><extensions><gpxtpx:TrackPointExtension><gpxtpx:hr>154</gpxtpx:hr></gpxtpx:TrackPointExtension></extensions></trkpt><trkpt lat="56.038232" lon="37.844797"><ele>164.8</ele><time>2026-07-09T18:16:47Z</time><extensions><gpxtpx:TrackPointExtension><gpxtpx:hr>154</gpxtpx:hr></gpxtpx:TrackPointExtension></extensions></trkpt><trkpt lat="56.038217" lon="37.844737"><ele>164.6</ele><time>2026-07-09T18:16:48Z</time><extensions><gpxtpx:TrackPointExtension><gpxtpx:hr>154</gpxtpx:hr></gpxtpx:TrackPointExtension></extensions></trkpt><trkpt lat="56.038205" lon="37.844682"><ele>164.2</ele><time>2026-07-09T18:16:49Z</time><extensions><gpxtpx:TrackPointExtension><gpxtpx:hr>154</gpxtpx:hr></gpxtpx:TrackPointExtension></extensions></trkpt><trkpt lat="56.038187" lon="37.84462"><ele>163.8</ele><time>2026-07-09T18:16:50Z</time><extensions><gpxtpx:TrackPointExtension><gpxtpx:hr>154</gpxtpx:hr></gpxtpx:TrackPointExtension></extensions></trkpt><trkpt lat="56.038172" lon="37.844555"><ele>163.6</ele><time>2026-07-09T18:16:51Z</time><extensions><gpxtpx:TrackPointExtension><gpxtpx:hr>154</gpxtpx:hr></gpxtpx:TrackPointExtension></extensions></trkpt><trkpt lat="56.038157" lon="37.844492"><ele>163.2</ele><time>2026-07-09T18:16:52Z</time><extensions><gpxtpx:TrackPointExtension><gpxtpx:hr>155</gpxtpx:hr></gpxtpx:TrackPointExtension></extensions></trkpt><trkpt lat="56.03814" lon="37.844422"><ele>163.0</ele><time>2026-07-09T18:16:53Z</time><extensions><gpxtpx:TrackPointExtension><gpxtpx:hr>155</gpxtpx:hr></gpxtpx:TrackPointExtension></extensions></trkpt><trkpt lat="56.038122" lon="37.84436"><ele>162.6</ele><time>2026-07-09T18:16:54Z</time><extensions><gpxtpx:TrackPointExtension><gpxtpx:hr>155</gpxtpx:hr></gpxtpx:TrackPointExtension></extensions></trkpt><trkpt lat="56.038107" lon="37.8443"><ele>162.4</ele><time>2026-07-09T18:16:55Z</time><extensions><gpxtpx:TrackPointExtension><gpxtpx:hr>155</gpxtpx:hr></gpxtpx:TrackPointExtension></extensions></trkpt><trkpt lat="56.038087" lon="37.844235"><ele>162.0</ele><time>2026-07-09T18:16:56Z</time><extensions><gpxtpx:TrackPointExtension><gpxtpx:hr>155</gpxtpx:hr></gpxtpx:TrackPointExtension></extensions></trkpt><trkpt lat="56.038072" lon="37.844167"><ele>161.6</ele><time>2026-07-09T18:16:57Z</time><extensions><gpxtpx:TrackPointExtension><gpxtpx:hr>155</gpxtpx:hr></gpxtpx:TrackPointExtension></extensions></trkpt><trkpt lat="56.038055" lon="37.844107"><ele>161.4</ele><time>2026-07-09T18:16:58Z</time><extensions><gpxtpx:TrackPointExtension><gpxtpx:hr>155</gpxtpx:hr></gpxtpx:TrackPointExtension></extensions></trkpt><trkpt lat="56.03804" lon="37.844052"><ele>161.0</ele><time>2026-07-09T18:16:59Z</time><extensions><gpxtpx:TrackPointExtension><gpxtpx:hr>155</gpxtpx:hr></gpxtpx:TrackPointExtension></extensions></trkpt><trkpt lat="56.038022" lon="37.843997"><ele>160.6</ele><time>2026-07-09T18:17:00Z</time><extensions><gpxtpx:TrackPointExtension><gpxtpx:hr>155</gpxtpx:hr></gpxtpx:TrackPointExtension></extensions></trkpt><trkpt lat="56.038007" lon="37.843942"><ele>160.4</ele><time>2026-07-09T18:17:01Z</time><extensions><gpxtpx:TrackPointExtension><gpxtpx:hr>155</gpxtpx:hr></gpxtpx:TrackPointExtension></extensions></trkpt><trkpt lat="56.03799" lon="37.843887"><ele>160.0</ele><time>2026-07-09T18:17:02Z</time><extensions><gpxtpx:TrackPointExtension><gpxtpx:hr>154</gpxtpx:hr></gpxtpx:TrackPointExtension></extensions></trkpt><trkpt lat="56.037977" lon="37.84384"><ele>159.8</ele><time>2026-07-09T18:17:03Z</time><extensions><gpxtpx:TrackPointExtension><gpxtpx:hr>154</gpxtpx:hr></gpxtpx:TrackPointExtension></extensions></trkpt><trkpt lat="56.03796" lon="37.843787"><ele>159.8</ele><time>2026-07-09T18:17:04Z</time><extensions><gpxtpx:TrackPointExtension><gpxtpx:hr>154</gpxtpx:hr></gpxtpx:TrackPointExtension></extensions></trkpt><trkpt lat="56.037945" lon="37.843735"><ele>159.6</ele><time>2026-07-09T18:17:05Z</time><extensions><gpxtpx:TrackPointExtension><gpxtpx:hr>155</gpxtpx:hr></gpxtpx:TrackPointExtension></extensions></trkpt><trkpt lat="56.037932" lon="37.843677"><ele>159.4</ele><time>2026-07-09T18:17:06Z</time><extensions><gpxtpx:TrackPointExtension><gpxtpx:hr>155</gpxtpx:hr></gpxtpx:TrackPointExtension></extensions></trkpt><trkpt lat="56.037917" lon="37.843622"><ele>159.0</ele><time>2026-07-09T18:17:07Z</time><extensions><gpxtpx:TrackPointExtension><gpxtpx:hr>156</gpxtpx:hr></gpxtpx:TrackPointExtension></extensions></trkpt><trkpt lat="56.037902" lon="37.843572"><ele>158.8</ele><time>2026-07-09T18:17:08Z</time><extensions><gpxtpx:TrackPointExtension><gpxtpx:hr>156</gpxtpx:hr></gpxtpx:TrackPointExtension></extensions></trkpt><trkpt lat="56.037887" lon="37.843522"><ele>158.6</ele><time>2026-07-09T18:17:09Z</time><extensions><gpxtpx:TrackPointExtension><gpxtpx:hr>157</gpxtpx:hr></gpxtpx:TrackPointExtension></extensions></trkpt><trkpt lat="56.037877" lon="37.843472"><ele>158.6</ele><time>2026-07-09T18:17:10Z</time><extensions><gpxtpx:TrackPointExtension><gpxtpx:hr>156</gpxtpx:hr></gpxtpx:TrackPointExtension></extensions></trkpt><trkpt lat="56.037862" lon="37.843417"><ele>158.4</ele><time>2026-07-09T18:17:11Z</time><extensions><gpxtpx:TrackPointExtension><gpxtpx:hr>156</gpxtpx:hr></gpxtpx:TrackPointExtension></extensions></trkpt><trkpt lat="56.03785" lon="37.843352"><ele>158.2</ele><time>2026-07-09T18:17:12Z</time><extensions><gpxtpx:TrackPointExtension><gpxtpx:hr>156</gpxtpx:hr></gpxtpx:TrackPointExtension></extensions></trkpt><trkpt lat="56.037837" lon="37.843302"><ele>158.0</ele><time>2026-07-09T18:17:13Z</time><extensions><gpxtpx:TrackPointExtension><gpxtpx:hr>156</gpxtpx:hr></gpxtpx:TrackPointExtension></extensions></trkpt><trkpt lat="56.037825" lon="37.843257"><ele>158.0</ele><time>2026-07-09T18:17:14Z</time><extensions><gpxtpx:TrackPointExtension><gpxtpx:hr>156</gpxtpx:hr></gpxtpx:TrackPointExtension></extensions></trkpt><trkpt lat="56.03781" lon="37.843212"><ele>158.0</ele><time>2026-07-09T18:17:15Z</time><extensions><gpxtpx:TrackPointExtension><gpxtpx:hr>155</gpxtpx:hr></gpxtpx:TrackPointExtension></extensions></trkpt><trkpt lat="56.037792" lon="37.843162"><ele>157.8</ele><time>2026-07-09T18:17:16Z</time><extensions><gpxtpx:TrackPointExtension><gpxtpx:hr>155</gpxtpx:hr></gpxtpx:TrackPointExtension></extensions></trkpt><trkpt lat="56.037775" lon="37.843107"><ele>157.6</ele><time>2026-07-09T18:17:17Z</time><extensions><gpxtpx:TrackPointExtension><gpxtpx:hr>154</gpxtpx:hr></gpxtpx:TrackPointExtension></extensions></trkpt><trkpt lat="56.037757" lon="37.843062"><ele>157.4</ele><time>2026-07-09T18:17:18Z</time><extensions><gpxtpx:TrackPointExtension><gpxtpx:hr>154</gpxtpx:hr></gpxtpx:TrackPointExtension></extensions></trkpt><trkpt lat="56.03774" lon="37.84302"><ele>157.4</ele><time>2026-07-09T18:17:19Z</time><extensions><gpxtpx:TrackPointExtension><gpxtpx:hr>154</gpxtpx:hr></gpxtpx:TrackPointExtension></extensions></trkpt><trkpt lat="56.037727" lon="37.842978"><ele>157.2</ele><time>2026-07-09T18:17:20Z</time><extensions><gpxtpx:TrackPointExtension><gpxtpx:hr>154</gpxtpx:hr></gpxtpx:TrackPointExtension></extensions></trkpt><trkpt lat="56.037715" lon="37.842937"><ele>157.2</ele><time>2026-07-09T18:17:21Z</time><extensions><gpxtpx:TrackPointExtension><gpxtpx:hr>153</gpxtpx:hr></gpxtpx:TrackPointExtension></extensions></trkpt><trkpt lat="56.0377" lon="37.842887"><ele>157.0</ele><time>2026-07-09T18:17:22Z</time><extensions><gpxtpx:TrackPointExtension><gpxtpx:hr>154</gpxtpx:hr></gpxtpx:TrackPointExtension></extensions></trkpt><trkpt lat="56.037687" lon="37.842842"><ele>157.0</ele><time>2026-07-09T18:17:23Z</time><extensions><gpxtpx:TrackPointExtension><gpxtpx:hr>154</gpxtpx:hr></gpxtpx:TrackPointExtension></extensions></trkpt><trkpt lat="56.037677" lon="37.8428"><ele>157.0</ele><time>2026-07-09T18:17:24Z</time><extensions><gpxtpx:TrackPointExtension><gpxtpx:hr>154</gpxtpx:hr></gpxtpx:TrackPointExtension></extensions></trkpt><trkpt lat="56.037665" lon="37.842752"><ele>156.8</ele><time>2026-07-09T18:17:25Z</time><extensions><gpxtpx:TrackPointExtension><gpxtpx:hr>154</gpxtpx:hr></gpxtpx:TrackPointExtension></extensions></trkpt><trkpt lat="56.037655" lon="37.842697"><ele>156.8</ele><time>2026-07-09T18:17:26Z</time><extensions><gpxtpx:TrackPointExtension><gpxtpx:hr>154</gpxtpx:hr></gpxtpx:TrackPointExtension></extensions></trkpt><trkpt lat="56.037647" lon="37.84265"><ele>156.6</ele><time>2026-07-09T18:17:27Z</time><extensions><gpxtpx:TrackPointExtension><gpxtpx:hr>154</gpxtpx:hr></gpxtpx:TrackPointExtension></extensions></trkpt><trkpt lat="56.037635" lon="37.842598"><ele>156.6</ele><time>2026-07-09T18:17:28Z</time><extensions><gpxtpx:TrackPointExtension><gpxtpx:hr>154</gpxtpx:hr></gpxtpx:TrackPointExtension></extensions></trkpt><trkpt lat="56.037622" lon="37.842555"><ele>156.6</ele><time>2026-07-09T18:17:29Z</time><extensions><gpxtpx:TrackPointExtension><gpxtpx:hr>154</gpxtpx:hr></gpxtpx:TrackPointExtension></extensions></trkpt><trkpt lat="56.037612" lon="37.842517"><ele>156.6</ele><time>2026-07-09T18:17:30Z</time><extensions><gpxtpx:TrackPointExtension><gpxtpx:hr>155</gpxtpx:hr></gpxtpx:TrackPointExtension></extensions></trkpt><trkpt lat="56.037602" lon="37.842472"><ele>156.4</ele><time>2026-07-09T18:17:31Z</time><extensions><gpxtpx:TrackPointExtension><gpxtpx:hr>154</gpxtpx:hr></gpxtpx:TrackPointExtension></extensions></trkpt><trkpt lat="56.037587" lon="37.842425"><ele>156.4</ele><time>2026-07-09T18:17:32Z</time><extensions><gpxtpx:TrackPointExtension><gpxtpx:hr>154</gpxtpx:hr></gpxtpx:TrackPointExtension></extensions></trkpt><trkpt lat="56.037577" lon="37.842377"><ele>156.2</ele><time>2026-07-09T18:17:33Z</time><extensions><gpxtpx:TrackPointExtension><gpxtpx:hr>154</gpxtpx:hr></gpxtpx:TrackPointExtension></extensions></trkpt><trkpt lat="56.037565" lon="37.842327"><ele>156.2</ele><time>2026-07-09T18:17:34Z</time><extensions><gpxtpx:TrackPointExtension><gpxtpx:hr>154</gpxtpx:hr></gpxtpx:TrackPointExtension></extensions></trkpt><trkpt lat="56.037553" lon="37.842277"><ele>156.2</ele><time>2026-07-09T18:17:35Z</time><extensions><gpxtpx:TrackPointExtension><gpxtpx:hr>155</gpxtpx:hr></gpxtpx:TrackPointExtension></extensions></trkpt><trkpt lat="56.037542" lon="37.842232"><ele>156.2</ele><time>2026-07-09T18:17:36Z</time><extensions><gpxtpx:TrackPointExtension><gpxtpx:hr>155</gpxtpx:hr></gpxtpx:TrackPointExtension></extensions></trkpt><trkpt lat="56.037527" lon="37.842195"><ele>156.2</ele><time>2026-07-09T18:17:37Z</time><extensions><gpxtpx:TrackPointExtension><gpxtpx:hr>155</gpxtpx:hr></gpxtpx:TrackPointExtension></extensions></trkpt><trkpt lat="56.037512" lon="37.842145"><ele>156.2</ele><time>2026-07-09T18:17:38Z</time><extensions><gpxtpx:TrackPointExtension><gpxtpx:hr>155</gpxtpx:hr></gpxtpx:TrackPointExtension></extensions></trkpt><trkpt lat="56.037497" lon="37.842097"><ele>156.2</ele><time>2026-07-09T18:17:39Z</time><extensions><gpxtpx:TrackPointExtension><gpxtpx:hr>155</gpxtpx:hr></gpxtpx:TrackPointExtension></extensions></trkpt><trkpt lat="56.03748" lon="37.84205"><ele>156.0</ele><time>2026-07-09T18:17:40Z</time><extensions><gpxtpx:TrackPointExtension><gpxtpx:hr>155</gpxtpx:hr></gpxtpx:TrackPointExtension></extensions></trkpt><trkpt lat="56.037467" lon="37.842"><ele>156.0</ele><time>2026-07-09T18:17:41Z</time><extensions><gpxtpx:TrackPointExtension><gpxtpx:hr>155</gpxtpx:hr></gpxtpx:TrackPointExtension></extensions></trkpt><trkpt lat="56.037452" lon="37.84195"><ele>156.0</ele><time>2026-07-09T18:17:42Z</time><extensions><gpxtpx:TrackPointExtension><gpxtpx:hr>154</gpxtpx:hr></gpxtpx:TrackPointExtension></extensions></trkpt><trkpt lat="56.037437" lon="37.841897"><ele>155.8</ele><time>2026-07-09T18:17:43Z</time><extensions><gpxtpx:TrackPointExtension><gpxtpx:hr>154</gpxtpx:hr></gpxtpx:TrackPointExtension></extensions></trkpt><trkpt lat="56.037422" lon="37.841842"><ele>155.8</ele><time>2026-07-09T18:17:44Z</time><extensions><gpxtpx:TrackPointExtension><gpxtpx:hr>155</gpxtpx:hr></gpxtpx:TrackPointExtension></extensions></trkpt><trkpt lat="56.03741" lon="37.84179"><ele>155.8</ele><time>2026-07-09T18:17:45Z</time><extensions><gpxtpx:TrackPointExtension><gpxtpx:hr>154</gpxtpx:hr></gpxtpx:TrackPointExtension></extensions></trkpt><trkpt lat="56.037397" lon="37.84174"><ele>155.8</ele><time>2026-07-09T18:17:46Z</time><extensions><gpxtpx:TrackPointExtension><gpxtpx:hr>154</gpxtpx:hr></gpxtpx:TrackPointExtension></extensions></trkpt><trkpt lat="56.037382" lon="37.841692"><ele>155.8</ele><time>2026-07-09T18:17:47Z</time><extensions><gpxtpx:TrackPointExtension><gpxtpx:hr>155</gpxtpx:hr></gpxtpx:TrackPointExtension></extensions></trkpt><trkpt lat="56.037372" lon="37.841642"><ele>155.6</ele><time>2026-07-09T18:17:48Z</time><extensions><gpxtpx:TrackPointExtension><gpxtpx:hr>155</gpxtpx:hr></gpxtpx:TrackPointExtension></extensions></trkpt><trkpt lat="56.03736" lon="37.841595"><ele>155.6</ele><time>2026-07-09T18:17:49Z</time><extensions><gpxtpx:TrackPointExtension><gpxtpx:hr>154</gpxtpx:hr></gpxtpx:TrackPointExtension></extensions></trkpt><trkpt lat="56.037347" lon="37.841545"><ele>155.6</ele><time>2026-07-09T18:17:50Z</time><extensions><gpxtpx:TrackPointExtension><gpxtpx:hr>154</gpxtpx:hr></gpxtpx:TrackPointExtension></extensions></trkpt><trkpt lat="56.037332" lon="37.841495"><ele>155.4</ele><time>2026-07-09T18:17:51Z</time><extensions><gpxtpx:TrackPointExtension><gpxtpx:hr>154</gpxtpx:hr></gpxtpx:TrackPointExtension></extensions></trkpt><trkpt lat="56.03732" lon="37.84145"><ele>155.4</ele><time>2026-07-09T18:17:52Z</time><extensions><gpxtpx:TrackPointExtension><gpxtpx:hr>154</gpxtpx:hr></gpxtpx:TrackPointExtension></extensions></trkpt><trkpt lat="56.037307" lon="37.841402"><ele>155.4</ele><time>2026-07-09T18:17:53Z</time><extensions><gpxtpx:TrackPointExtension><gpxtpx:hr>155</gpxtpx:hr></gpxtpx:TrackPointExtension></extensions></trkpt><trkpt lat="56.037292" lon="37.841355"><ele>155.4</ele><time>2026-07-09T18:17:54Z</time><extensions><gpxtpx:TrackPointExtension><gpxtpx:hr>154</gpxtpx:hr></gpxtpx:TrackPointExtension></extensions></trkpt><trkpt lat="56.037277" lon="37.841303"><ele>155.4</ele><time>2026-07-09T18:17:55Z</time><extensions><gpxtpx:TrackPointExtension><gpxtpx:hr>155</gpxtpx:hr></gpxtpx:TrackPointExtension></extensions></trkpt><trkpt lat="56.037262" lon="37.84125"><ele>155.4</ele><time>2026-07-09T18:17:56Z</time><extensions><gpxtpx:TrackPointExtension><gpxtpx:hr>155</gpxtpx:hr></gpxtpx:TrackPointExtension></extensions></trkpt><trkpt lat="56.037252" lon="37.841195"><ele>155.2</ele><time>2026-07-09T18:17:57Z</time><extensions><gpxtpx:TrackPointExtension><gpxtpx:hr>155</gpxtpx:hr></gpxtpx:TrackPointExtension></extensions></trkpt><trkpt lat="56.037237" lon="37.84114"><ele>155.2</ele><time>2026-07-09T18:17:58Z</time><extensions><gpxtpx:TrackPointExtension><gpxtpx:hr>155</gpxtpx:hr></gpxtpx:TrackPointExtension></extensions></trkpt><trkpt lat="56.037225" lon="37.84109"><ele>155.2</ele><time>2026-07-09T18:17:59Z</time><extensions><gpxtpx:TrackPointExtension><gpxtpx:hr>154</gpxtpx:hr></gpxtpx:TrackPointExtension></extensions></trkpt><trkpt lat="56.03721" lon="37.84104"><ele>155.0</ele><time>2026-07-09T18:18:00Z</time><extensions><gpxtpx:TrackPointExtension><gpxtpx:hr>154</gpxtpx:hr></gpxtpx:TrackPointExtension></extensions></trkpt><trkpt lat="56.037197" lon="37.840992"><ele>155.0</ele><time>2026-07-09T18:18:01Z</time><extensions><gpxtpx:TrackPointExtension><gpxtpx:hr>154</gpxtpx:hr></gpxtpx:TrackPointExtension></extensions></trkpt><trkpt lat="56.037182" lon="37.840937"><ele>154.8</ele><time>2026-07-09T18:18:02Z</time><extensions><gpxtpx:TrackPointExtension><gpxtpx:hr>154</gpxtpx:hr></gpxtpx:TrackPointExtension></extensions></trkpt><trkpt lat="56.037165" lon="37.840887"><ele>154.8</ele><time>2026-07-09T18:18:03Z</time><extensions><gpxtpx:TrackPointExtension><gpxtpx:hr>154</gpxtpx:hr></gpxtpx:TrackPointExtension></extensions></trkpt><trkpt lat="56.037147" lon="37.84084"><ele>154.8</ele><time>2026-07-09T18:18:04Z</time><extensions><gpxtpx:TrackPointExtension><gpxtpx:hr>153</gpxtpx:hr></gpxtpx:TrackPointExtension></extensions></trkpt><trkpt lat="56.037132" lon="37.840792"><ele>154.8</ele><time>2026-07-09T18:18:05Z</time><extensions><gpxtpx:TrackPointExtension><gpxtpx:hr>153</gpxtpx:hr></gpxtpx:TrackPointExtension></extensions></trkpt><trkpt lat="56.037117" lon="37.840747"><ele>154.6</ele><time>2026-07-09T18:18:06Z</time><extensions><gpxtpx:TrackPointExtension><gpxtpx:hr>153</gpxtpx:hr></gpxtpx:TrackPointExtension></extensions></trkpt><trkpt lat="56.037102" lon="37.84069"><ele>154.6</ele><time>2026-07-09T18:18:07Z</time><extensions><gpxtpx:TrackPointExtension><gpxtpx:hr>153</gpxtpx:hr></gpxtpx:TrackPointExtension></extensions></trkpt><trkpt lat="56.037087" lon="37.84064"><ele>154.6</ele><time>2026-07-09T18:18:08Z</time><extensions><gpxtpx:TrackPointExtension><gpxtpx:hr>154</gpxtpx:hr></gpxtpx:TrackPointExtension></extensions></trkpt><trkpt lat="56.037075" lon="37.84059"><ele>154.4</ele><time>2026-07-09T18:18:09Z</time><extensions><gpxtpx:TrackPointExtension><gpxtpx:hr>154</gpxtpx:hr></gpxtpx:TrackPointExtension></extensions></trkpt><trkpt lat="56.03706" lon="37.840537"><ele>154.4</ele><time>2026-07-09T18:18:10Z</time><extensions><gpxtpx:TrackPointExtension><gpxtpx:hr>154</gpxtpx:hr></gpxtpx:TrackPointExtension></extensions></trkpt><trkpt lat="56.037047" lon="37.840487"><ele>154.2</ele><time>2026-07-09T18:18:11Z</time><extensions><gpxtpx:TrackPointExtension><gpxtpx:hr>154</gpxtpx:hr></gpxtpx:TrackPointExtension></extensions></trkpt><trkpt lat="56.037032" lon="37.840432"><ele>154.2</ele><time>2026-07-09T18:18:12Z</time><extensions><gpxtpx:TrackPointExtension><gpxtpx:hr>154</gpxtpx:hr></gpxtpx:TrackPointExtension></extensions></trkpt><trkpt lat="56.037022" lon="37.840377"><ele>154.0</ele><time>2026-07-09T18:18:13Z</time><extensions><gpxtpx:TrackPointExtension><gpxtpx:hr>154</gpxtpx:hr></gpxtpx:TrackPointExtension></extensions></trkpt><trkpt lat="56.037015" lon="37.840322"><ele>154.2</ele><time>2026-07-09T18:18:14Z</time><extensions><gpxtpx:TrackPointExtension><gpxtpx:hr>154</gpxtpx:hr></gpxtpx:TrackPointExtension></extensions></trkpt><trkpt lat="56.03701" lon="37.84027"><ele>154.2</ele><time>2026-07-09T18:18:15Z</time><extensions><gpxtpx:TrackPointExtension><gpxtpx:hr>154</gpxtpx:hr></gpxtpx:TrackPointExtension></extensions></trkpt><trkpt lat="56.037002" lon="37.840217"><ele>154.0</ele><time>2026-07-09T18:18:16Z</time><extensions><gpxtpx:TrackPointExtension><gpxtpx:hr>154</gpxtpx:hr></gpxtpx:TrackPointExtension></extensions></trkpt><trkpt lat="56.037" lon="37.840157"><ele>154.0</ele><time>2026-07-09T18:18:17Z</time><extensions><gpxtpx:TrackPointExtension><gpxtpx:hr>155</gpxtpx:hr></gpxtpx:TrackPointExtension></extensions></trkpt><trkpt lat="56.037002" lon="37.8401"><ele>154.0</ele><time>2026-07-09T18:18:18Z</time><extensions><gpxtpx:TrackPointExtension><gpxtpx:hr>155</gpxtpx:hr></gpxtpx:TrackPointExtension></extensions></trkpt><trkpt lat="56.037005" lon="37.840047"><ele>153.8</ele><time>2026-07-09T18:18:19Z</time><extensions><gpxtpx:TrackPointExtension><gpxtpx:hr>154</gpxtpx:hr></gpxtpx:TrackPointExtension></extensions></trkpt><trkpt lat="56.03701" lon="37.84"><ele>153.8</ele><time>2026-07-09T18:18:20Z</time><extensions><gpxtpx:TrackPointExtension><gpxtpx:hr>153</gpxtpx:hr></gpxtpx:TrackPointExtension></extensions></trkpt><trkpt lat="56.037017" lon="37.839957"><ele>153.8</ele><time>2026-07-09T18:18:21Z</time><extensions><gpxtpx:TrackPointExtension><gpxtpx:hr>153</gpxtpx:hr></gpxtpx:TrackPointExtension></extensions></trkpt><trkpt lat="56.037027" lon="37.839907"><ele>154.0</ele><time>2026-07-09T18:18:22Z</time><extensions><gpxtpx:TrackPointExtension><gpxtpx:hr>154</gpxtpx:hr></gpxtpx:TrackPointExtension></extensions></trkpt><trkpt lat="56.037035" lon="37.839852"><ele>154.0</ele><time>2026-07-09T18:18:23Z</time><extensions><gpxtpx:TrackPointExtension><gpxtpx:hr>154</gpxtpx:hr></gpxtpx:TrackPointExtension></extensions></trkpt><trkpt lat="56.037042" lon="37.839797"><ele>154.0</ele><time>2026-07-09T18:18:24Z</time><extensions><gpxtpx:TrackPointExtension><gpxtpx:hr>154</gpxtpx:hr></gpxtpx:TrackPointExtension></extensions></trkpt><trkpt lat="56.037052" lon="37.839742"><ele>153.8</ele><time>2026-07-09T18:18:25Z</time><extensions><gpxtpx:TrackPointExtension><gpxtpx:hr>154</gpxtpx:hr></gpxtpx:TrackPointExtension></extensions></trkpt><trkpt lat="56.037067" lon="37.839695"><ele>153.8</ele><time>2026-07-09T18:18:26Z</time><extensions><gpxtpx:TrackPointExtension><gpxtpx:hr>154</gpxtpx:hr></gpxtpx:TrackPointExtension></extensions></trkpt><trkpt lat="56.037082" lon="37.839647"><ele>153.8</ele><time>2026-07-09T18:18:27Z</time><extensions><gpxtpx:TrackPointExtension><gpxtpx:hr>154</gpxtpx:hr></gpxtpx:TrackPointExtension></extensions></trkpt><trkpt lat="56.0371" lon="37.839605"><ele>153.8</ele><time>2026-07-09T18:18:28Z</time><extensions><gpxtpx:TrackPointExtension><gpxtpx:hr>154</gpxtpx:hr></gpxtpx:TrackPointExtension></extensions></trkpt><trkpt lat="56.037115" lon="37.839555"><ele>153.8</ele><time>2026-07-09T18:18:29Z</time><extensions><gpxtpx:TrackPointExtension><gpxtpx:hr>154</gpxtpx:hr></gpxtpx:TrackPointExtension></extensions></trkpt><trkpt lat="56.037127" lon="37.839512"><ele>153.6</ele><time>2026-07-09T18:18:30Z</time><extensions><gpxtpx:TrackPointExtension><gpxtpx:hr>155</gpxtpx:hr></gpxtpx:TrackPointExtension></extensions></trkpt><trkpt lat="56.037142" lon="37.839465"><ele>153.6</ele><time>2026-07-09T18:18:31Z</time><extensions><gpxtpx:TrackPointExtension><gpxtpx:hr>155</gpxtpx:hr></gpxtpx:TrackPointExtension></extensions></trkpt><trkpt lat="56.037152" lon="37.839418"><ele>153.6</ele><time>2026-07-09T18:18:32Z</time><extensions><gpxtpx:TrackPointExtension><gpxtpx:hr>154</gpxtpx:hr></gpxtpx:TrackPointExtension></extensions></trkpt><trkpt lat="56.037162" lon="37.839372"><ele>153.6</ele><time>2026-07-09T18:18:33Z</time><extensions><gpxtpx:TrackPointExtension><gpxtpx:hr>154</gpxtpx:hr></gpxtpx:TrackPointExtension></extensions></trkpt><trkpt lat="56.037172" lon="37.839325"><ele>153.6</ele><time>2026-07-09T18:18:34Z</time><extensions><gpxtpx:TrackPointExtension><gpxtpx:hr>154</gpxtpx:hr></gpxtpx:TrackPointExtension></extensions></trkpt><trkpt lat="56.037182" lon="37.839275"><ele>153.6</ele><time>2026-07-09T18:18:35Z</time><extensions><gpxtpx:TrackPointExtension><gpxtpx:hr>154</gpxtpx:hr></gpxtpx:TrackPointExtension></extensions></trkpt><trkpt lat="56.037195" lon="37.839232"><ele>153.6</ele><time>2026-07-09T18:18:36Z</time><extensions><gpxtpx:TrackPointExtension><gpxtpx:hr>155</gpxtpx:hr></gpxtpx:TrackPointExtension></extensions></trkpt><trkpt lat="56.03721" lon="37.839185"><ele>153.6</ele><time>2026-07-09T18:18:37Z</time><extensions><gpxtpx:TrackPointExtension><gpxtpx:hr>155</gpxtpx:hr></gpxtpx:TrackPointExtension></extensions></trkpt><trkpt lat="56.037227" lon="37.839142"><ele>153.6</ele><time>2026-07-09T18:18:38Z</time><extensions><gpxtpx:TrackPointExtension><gpxtpx:hr>155</gpxtpx:hr></gpxtpx:TrackPointExtension></extensions></trkpt><trkpt lat="56.037242" lon="37.839097"><ele>153.8</ele><time>2026-07-09T18:18:39Z</time><extensions><gpxtpx:TrackPointExtension><gpxtpx:hr>155</gpxtpx:hr></gpxtpx:TrackPointExtension></extensions></trkpt><trkpt lat="56.037255" lon="37.839055"><ele>153.8</ele><time>2026-07-09T18:18:40Z</time><extensions><gpxtpx:TrackPointExtension><gpxtpx:hr>155</gpxtpx:hr></gpxtpx:TrackPointExtension></extensions></trkpt><trkpt lat="56.037267" lon="37.839007"><ele>153.8</ele><time>2026-07-09T18:18:41Z</time><extensions><gpxtpx:TrackPointExtension><gpxtpx:hr>156</gpxtpx:hr></gpxtpx:TrackPointExtension></extensions></trkpt><trkpt lat="56.037282" lon="37.838965"><ele>153.8</ele><time>2026-07-09T18:18:42Z</time><extensions><gpxtpx:TrackPointExtension><gpxtpx:hr>156</gpxtpx:hr></gpxtpx:TrackPointExtension></extensions></trkpt><trkpt lat="56.037295" lon="37.83892"><ele>154.0</ele><time>2026-07-09T18:18:43Z</time><extensions><gpxtpx:TrackPointExtension><gpxtpx:hr>156</gpxtpx:hr></gpxtpx:TrackPointExtension></extensions></trkpt><trkpt lat="56.037312" lon="37.838877"><ele>154.2</ele><time>2026-07-09T18:18:44Z</time><extensions><gpxtpx:TrackPointExtension><gpxtpx:hr>156</gpxtpx:hr></gpxtpx:TrackPointExtension></extensions></trkpt><trkpt lat="56.037328" lon="37.838832"><ele>154.2</ele><time>2026-07-09T18:18:45Z</time><extensions><gpxtpx:TrackPointExtension><gpxtpx:hr>156</gpxtpx:hr></gpxtpx:TrackPointExtension></extensions></trkpt><trkpt lat="56.037345" lon="37.838792"><ele>154.2</ele><time>2026-07-09T18:18:46Z</time><extensions><gpxtpx:TrackPointExtension><gpxtpx:hr>156</gpxtpx:hr></gpxtpx:TrackPointExtension></extensions></trkpt><trkpt lat="56.037357" lon="37.83875"><ele>154.2</ele><time>2026-07-09T18:18:47Z</time><extensions><gpxtpx:TrackPointExtension><gpxtpx:hr>156</gpxtpx:hr></gpxtpx:TrackPointExtension></extensions></trkpt><trkpt lat="56.037377" lon="37.838705"><ele>154.2</ele><time>2026-07-09T18:18:48Z</time><extensions><gpxtpx:TrackPointExtension><gpxtpx:hr>156</gpxtpx:hr></gpxtpx:TrackPointExtension></extensions></trkpt><trkpt lat="56.037395" lon="37.838662"><ele>154.2</ele><time>2026-07-09T18:18:49Z</time><extensions><gpxtpx:TrackPointExtension><gpxtpx:hr>155</gpxtpx:hr></gpxtpx:TrackPointExtension></extensions></trkpt><trkpt lat="56.037412" lon="37.83862"><ele>154.2</ele><time>2026-07-09T18:18:50Z</time><extensions><gpxtpx:TrackPointExtension><gpxtpx:hr>155</gpxtpx:hr></gpxtpx:TrackPointExtension></extensions></trkpt><trkpt lat="56.037427" lon="37.838572"><ele>154.2</ele><time>2026-07-09T18:18:51Z</time><extensions><gpxtpx:TrackPointExtension><gpxtpx:hr>155</gpxtpx:hr></gpxtpx:TrackPointExtension></extensions></trkpt><trkpt lat="56.037447" lon="37.838527"><ele>154.2</ele><time>2026-07-09T18:18:52Z</time><extensions><gpxtpx:TrackPointExtension><gpxtpx:hr>154</gpxtpx:hr></gpxtpx:TrackPointExtension></extensions></trkpt><trkpt lat="56.037462" lon="37.838487"><ele>154.2</ele><time>2026-07-09T18:18:53Z</time><extensions><gpxtpx:TrackPointExtension><gpxtpx:hr>154</gpxtpx:hr></gpxtpx:TrackPointExtension></extensions></trkpt><trkpt lat="56.037482" lon="37.83844"><ele>154.2</ele><time>2026-07-09T18:18:54Z</time><extensions><gpxtpx:TrackPointExtension><gpxtpx:hr>154</gpxtpx:hr></gpxtpx:TrackPointExtension></extensions></trkpt><trkpt lat="56.037497" lon="37.838397"><ele>154.2</ele><time>2026-07-09T18:18:55Z</time><extensions><gpxtpx:TrackPointExtension><gpxtpx:hr>154</gpxtpx:hr></gpxtpx:TrackPointExtension></extensions></trkpt><trkpt lat="56.037517" lon="37.838352"><ele>154.2</ele><time>2026-07-09T18:18:56Z</time><extensions><gpxtpx:TrackPointExtension><gpxtpx:hr>153</gpxtpx:hr></gpxtpx:TrackPointExtension></extensions></trkpt><trkpt lat="56.037537" lon="37.838317"><ele>154.4</ele><time>2026-07-09T18:18:57Z</time><extensions><gpxtpx:TrackPointExtension><gpxtpx:hr>153</gpxtpx:hr></gpxtpx:TrackPointExtension></extensions></trkpt><trkpt lat="56.037557" lon="37.838275"><ele>154.4</ele><time>2026-07-09T18:18:58Z</time><extensions><gpxtpx:TrackPointExtension><gpxtpx:hr>153</gpxtpx:hr></gpxtpx:TrackPointExtension></extensions></trkpt><trkpt lat="56.03757" lon="37.83823"><ele>154.4</ele><time>2026-07-09T18:18:59Z</time><extensions><gpxtpx:TrackPointExtension><gpxtpx:hr>154</gpxtpx:hr></gpxtpx:TrackPointExtension></extensions></trkpt><trkpt lat="56.037582" lon="37.838192"><ele>154.4</ele><time>2026-07-09T18:19:00Z</time><extensions><gpxtpx:TrackPointExtension><gpxtpx:hr>154</gpxtpx:hr></gpxtpx:TrackPointExtension></extensions></trkpt><trkpt lat="56.037597" lon="37.83815"><ele>154.2</ele><time>2026-07-09T18:19:01Z</time><extensions><gpxtpx:TrackPointExtension><gpxtpx:hr>155</gpxtpx:hr></gpxtpx:TrackPointExtension></extensions></trkpt><trkpt lat="56.037617" lon="37.838107"><ele>154.2</ele><time>2026-07-09T18:19:02Z</time><extensions><gpxtpx:TrackPointExtension><gpxtpx:hr>156</gpxtpx:hr></gpxtpx:TrackPointExtension></extensions></trkpt><trkpt lat="56.037637" lon="37.838065"><ele>154.2</ele><time>2026-07-09T18:19:03Z</time><extensions><gpxtpx:TrackPointExtension><gpxtpx:hr>156</gpxtpx:hr></gpxtpx:TrackPointExtension></extensions></trkpt><trkpt lat="56.037652" lon="37.838017"><ele>154.2</ele><time>2026-07-09T18:19:04Z</time><extensions><gpxtpx:TrackPointExtension><gpxtpx:hr>156</gpxtpx:hr></gpxtpx:TrackPointExtension></extensions></trkpt><trkpt lat="56.037667" lon="37.837977"><ele>154.2</ele><time>2026-07-09T18:19:05Z</time><extensions><gpxtpx:TrackPointExtension><gpxtpx:hr>157</gpxtpx:hr></gpxtpx:TrackPointExtension></extensions></trkpt><trkpt lat="56.037687" lon="37.837942"><ele>154.2</ele><time>2026-07-09T18:19:06Z</time><extensions><gpxtpx:TrackPointExtension><gpxtpx:hr>157</gpxtpx:hr></gpxtpx:TrackPointExtension></extensions></trkpt><trkpt lat="56.037702" lon="37.837902"><ele>154.4</ele><time>2026-07-09T18:19:07Z</time><extensions><gpxtpx:TrackPointExtension><gpxtpx:hr>157</gpxtpx:hr></gpxtpx:TrackPointExtension></extensions></trkpt><trkpt lat="56.037717" lon="37.837862"><ele>154.4</ele><time>2026-07-09T18:19:08Z</time><extensions><gpxtpx:TrackPointExtension><gpxtpx:hr>157</gpxtpx:hr></gpxtpx:TrackPointExtension></extensions></trkpt><trkpt lat="56.03773" lon="37.837817"><ele>154.4</ele><time>2026-07-09T18:19:09Z</time><extensions><gpxtpx:TrackPointExtension><gpxtpx:hr>157</gpxtpx:hr></gpxtpx:TrackPointExtension></extensions></trkpt><trkpt lat="56.037745" lon="37.837777"><ele>154.6</ele><time>2026-07-09T18:19:10Z</time><extensions><gpxtpx:TrackPointExtension><gpxtpx:hr>157</gpxtpx:hr></gpxtpx:TrackPointExtension></extensions></trkpt><trkpt lat="56.037762" lon="37.83774"><ele>154.6</ele><time>2026-07-09T18:19:11Z</time><extensions><gpxtpx:TrackPointExtension><gpxtpx:hr>157</gpxtpx:hr></gpxtpx:TrackPointExtension></extensions></trkpt><trkpt lat="56.037782" lon="37.837697"><ele>154.6</ele><time>2026-07-09T18:19:12Z</time><extensions><gpxtpx:TrackPointExtension><gpxtpx:hr>157</gpxtpx:hr></gpxtpx:TrackPointExtension></extensions></trkpt><trkpt lat="56.037802" lon="37.83766"><ele>154.6</ele><time>2026-07-09T18:19:13Z</time><extensions><gpxtpx:TrackPointExtension><gpxtpx:hr>158</gpxtpx:hr></gpxtpx:TrackPointExtension></extensions></trkpt><trkpt lat="56.037825" lon="37.837617"><ele>154.4</ele><time>2026-07-09T18:19:14Z</time><extensions><gpxtpx:TrackPointExtension><gpxtpx:hr>158</gpxtpx:hr></gpxtpx:TrackPointExtension></extensions></trkpt><trkpt lat="56.037852" lon="37.837577"><ele>154.6</ele><time>2026-07-09T18:19:15Z</time><extensions><gpxtpx:TrackPointExtension><gpxtpx:hr>158</gpxtpx:hr></gpxtpx:TrackPointExtension></extensions></trkpt><trkpt lat="56.03788" lon="37.837535"><ele>154.6</ele><time>2026-07-09T18:19:16Z</time><extensions><gpxtpx:TrackPointExtension><gpxtpx:hr>157</gpxtpx:hr></gpxtpx:TrackPointExtension></extensions></trkpt><trkpt lat="56.037905" lon="37.837502"><ele>154.6</ele><time>2026-07-09T18:19:17Z</time><extensions><gpxtpx:TrackPointExtension><gpxtpx:hr>158</gpxtpx:hr></gpxtpx:TrackPointExtension></extensions></trkpt><trkpt lat="56.037932" lon="37.837462"><ele>154.6</ele><time>2026-07-09T18:19:18Z</time><extensions><gpxtpx:TrackPointExtension><gpxtpx:hr>158</gpxtpx:hr></gpxtpx:TrackPointExtension></extensions></trkpt><trkpt lat="56.037957" lon="37.837422"><ele>154.6</ele><time>2026-07-09T18:19:19Z</time><extensions><gpxtpx:TrackPointExtension><gpxtpx:hr>158</gpxtpx:hr></gpxtpx:TrackPointExtension></extensions></trkpt><trkpt lat="56.037977" lon="37.837385"><ele>154.6</ele><time>2026-07-09T18:19:20Z</time><extensions><gpxtpx:TrackPointExtension><gpxtpx:hr>157</gpxtpx:hr></gpxtpx:TrackPointExtension></extensions></trkpt><trkpt lat="56.038" lon="37.837337"><ele>154.6</ele><time>2026-07-09T18:19:21Z</time><extensions><gpxtpx:TrackPointExtension><gpxtpx:hr>157</gpxtpx:hr></gpxtpx:TrackPointExtension></extensions></trkpt><trkpt lat="56.038017" lon="37.837297"><ele>154.8</ele><time>2026-07-09T18:19:22Z</time><extensions><gpxtpx:TrackPointExtension><gpxtpx:hr>158</gpxtpx:hr></gpxtpx:TrackPointExtension></extensions></trkpt><trkpt lat="56.038037" lon="37.83726"><ele>154.8</ele><time>2026-07-09T18:19:23Z</time><extensions><gpxtpx:TrackPointExtension><gpxtpx:hr>158</gpxtpx:hr></gpxtpx:TrackPointExtension></extensions></trkpt><trkpt lat="56.038055" lon="37.837217"><ele>154.8</ele><time>2026-07-09T18:19:24Z</time><extensions><gpxtpx:TrackPointExtension><gpxtpx:hr>158</gpxtpx:hr></gpxtpx:TrackPointExtension></extensions></trkpt><trkpt lat="56.038075" lon="37.837177"><ele>154.8</ele><time>2026-07-09T18:19:25Z</time><extensions><gpxtpx:TrackPointExtension><gpxtpx:hr>158</gpxtpx:hr></gpxtpx:TrackPointExtension></extensions></trkpt><trkpt lat="56.038092" lon="37.837135"><ele>154.8</ele><time>2026-07-09T18:19:26Z</time><extensions><gpxtpx:TrackPointExtension><gpxtpx:hr>158</gpxtpx:hr></gpxtpx:TrackPointExtension></extensions></trkpt><trkpt lat="56.038107" lon="37.837097"><ele>154.8</ele><time>2026-07-09T18:19:27Z</time><extensions><gpxtpx:TrackPointExtension><gpxtpx:hr>158</gpxtpx:hr></gpxtpx:TrackPointExtension></extensions></trkpt><trkpt lat="56.03812" lon="37.837057"><ele>154.8</ele><time>2026-07-09T18:19:28Z</time><extensions><gpxtpx:TrackPointExtension><gpxtpx:hr>157</gpxtpx:hr></gpxtpx:TrackPointExtension></extensions></trkpt><trkpt lat="56.038132" lon="37.837017"><ele>154.8</ele><time>2026-07-09T18:19:29Z</time><extensions><gpxtpx:TrackPointExtension><gpxtpx:hr>157</gpxtpx:hr></gpxtpx:TrackPointExtension></extensions></trkpt><trkpt lat="56.03814" lon="37.836987"><ele>154.8</ele><time>2026-07-09T18:19:30Z</time><extensions><gpxtpx:TrackPointExtension><gpxtpx:hr>157</gpxtpx:hr></gpxtpx:TrackPointExtension></extensions></trkpt><trkpt lat="56.038132" lon="37.83703"><ele>154.8</ele><time>2026-07-09T18:19:34Z</time><extensions><gpxtpx:TrackPointExtension><gpxtpx:hr>157</gpxtpx:hr></gpxtpx:TrackPointExtension></extensions></trkpt><trkpt lat="56.03812" lon="37.837067"><ele>154.8</ele><time>2026-07-09T18:19:35Z</time><extensions><gpxtpx:TrackPointExtension><gpxtpx:hr>158</gpxtpx:hr></gpxtpx:TrackPointExtension></extensions></trkpt><trkpt lat="56.038105" lon="37.837112"><ele>154.8</ele><time>2026-07-09T18:19:36Z</time><extensions><gpxtpx:TrackPointExtension><gpxtpx:hr>158</gpxtpx:hr></gpxtpx:TrackPointExtension></extensions></trkpt><trkpt lat="56.038085" lon="37.837162"><ele>154.8</ele><time>2026-07-09T18:19:37Z</time><extensions><gpxtpx:TrackPointExtension><gpxtpx:hr>158</gpxtpx:hr></gpxtpx:TrackPointExtension></extensions></trkpt><trkpt lat="56.038065" lon="37.837207"><ele>154.8</ele><time>2026-07-09T18:19:38Z</time><extensions><gpxtpx:TrackPointExtension><gpxtpx:hr>159</gpxtpx:hr></gpxtpx:TrackPointExtension></extensions></trkpt><trkpt lat="56.03804" lon="37.837257"><ele>154.8</ele><time>2026-07-09T18:19:39Z</time><extensions><gpxtpx:TrackPointExtension><gpxtpx:hr>159</gpxtpx:hr></gpxtpx:TrackPointExtension></extensions></trkpt><trkpt lat="56.038012" lon="37.8373"><ele>154.8</ele><time>2026-07-09T18:19:40Z</time><extensions><gpxtpx:TrackPointExtension><gpxtpx:hr>159</gpxtpx:hr></gpxtpx:TrackPointExtension></extensions></trkpt><trkpt lat="56.037987" lon="37.837345"><ele>154.8</ele><time>2026-07-09T18:19:41Z</time><extensions><gpxtpx:TrackPointExtension><gpxtpx:hr>158</gpxtpx:hr></gpxtpx:TrackPointExtension></extensions></trkpt><trkpt lat="56.03797" lon="37.837385"><ele>154.8</ele><time>2026-07-09T18:19:42Z</time><extensions><gpxtpx:TrackPointExtension><gpxtpx:hr>158</gpxtpx:hr></gpxtpx:TrackPointExtension></extensions></trkpt><trkpt lat="56.037945" lon="37.837422"><ele>154.8</ele><time>2026-07-09T18:19:43Z</time><extensions><gpxtpx:TrackPointExtension><gpxtpx:hr>158</gpxtpx:hr></gpxtpx:TrackPointExtension></extensions></trkpt><trkpt lat="56.037922" lon="37.837457"><ele>154.8</ele><time>2026-07-09T18:19:44Z</time><extensions><gpxtpx:TrackPointExtension><gpxtpx:hr>157</gpxtpx:hr></gpxtpx:TrackPointExtension></extensions></trkpt><trkpt lat="56.037897" lon="37.837497"><ele>154.6</ele><time>2026-07-09T18:19:45Z</time><extensions><gpxtpx:TrackPointExtension><gpxtpx:hr>157</gpxtpx:hr></gpxtpx:TrackPointExtension></extensions></trkpt><trkpt lat="56.03787" lon="37.837532"><ele>154.6</ele><time>2026-07-09T18:19:46Z</time><extensions><gpxtpx:TrackPointExtension><gpxtpx:hr>157</gpxtpx:hr></gpxtpx:TrackPointExtension></extensions></trkpt><trkpt lat="56.037842" lon="37.837565"><ele>154.6</ele><time>2026-07-09T18:19:47Z</time><extensions><gpxtpx:TrackPointExtension><gpxtpx:hr>156</gpxtpx:hr></gpxtpx:TrackPointExtension></extensions></trkpt><trkpt lat="56.037815" lon="37.837602"><ele>154.6</ele><time>2026-07-09T18:19:48Z</time><extensions><gpxtpx:TrackPointExtension><gpxtpx:hr>156</gpxtpx:hr></gpxtpx:TrackPointExtension></extensions></trkpt><trkpt lat="56.037797" lon="37.837642"><ele>154.4</ele><time>2026-07-09T18:19:49Z</time><extensions><gpxtpx:TrackPointExtension><gpxtpx:hr>156</gpxtpx:hr></gpxtpx:TrackPointExtension></extensions></trkpt><trkpt lat="56.037777" lon="37.837682"><ele>154.4</ele><time>2026-07-09T18:19:50Z</time><extensions><gpxtpx:TrackPointExtension><gpxtpx:hr>156</gpxtpx:hr></gpxtpx:TrackPointExtension></extensions></trkpt><trkpt lat="56.037752" lon="37.837717"><ele>154.4</ele><time>2026-07-09T18:19:51Z</time><extensions><gpxtpx:TrackPointExtension><gpxtpx:hr>156</gpxtpx:hr></gpxtpx:TrackPointExtension></extensions></trkpt><trkpt lat="56.037732" lon="37.83776"><ele>154.4</ele><time>2026-07-09T18:19:52Z</time><extensions><gpxtpx:TrackPointExtension><gpxtpx:hr>156</gpxtpx:hr></gpxtpx:TrackPointExtension></extensions></trkpt><trkpt lat="56.037715" lon="37.837797"><ele>154.4</ele><time>2026-07-09T18:19:53Z</time><extensions><gpxtpx:TrackPointExtension><gpxtpx:hr>156</gpxtpx:hr></gpxtpx:TrackPointExtension></extensions></trkpt><trkpt lat="56.037692" lon="37.837832"><ele>154.4</ele><time>2026-07-09T18:19:54Z</time><extensions><gpxtpx:TrackPointExtension><gpxtpx:hr>157</gpxtpx:hr></gpxtpx:TrackPointExtension></extensions></trkpt><trkpt lat="56.037677" lon="37.837872"><ele>154.4</ele><time>2026-07-09T18:19:55Z</time><extensions><gpxtpx:TrackPointExtension><gpxtpx:hr>157</gpxtpx:hr></gpxtpx:TrackPointExtension></extensions></trkpt><trkpt lat="56.03766" lon="37.837907"><ele>154.4</ele><time>2026-07-09T18:19:56Z</time><extensions><gpxtpx:TrackPointExtension><gpxtpx:hr>156</gpxtpx:hr></gpxtpx:TrackPointExtension></extensions></trkpt><trkpt lat="56.037647" lon="37.837945"><ele>154.4</ele><time>2026-07-09T18:19:57Z</time><extensions><gpxtpx:TrackPointExtension><gpxtpx:hr>156</gpxtpx:hr></gpxtpx:TrackPointExtension></extensions></trkpt><trkpt lat="56.037632" lon="37.83799"><ele>154.4</ele><time>2026-07-09T18:19:58Z</time><extensions><gpxtpx:TrackPointExtension><gpxtpx:hr>157</gpxtpx:hr></gpxtpx:TrackPointExtension></extensions></trkpt><trkpt lat="56.037617" lon="37.838035"><ele>154.4</ele><time>2026-07-09T18:19:59Z</time><extensions><gpxtpx:TrackPointExtension><gpxtpx:hr>157</gpxtpx:hr></gpxtpx:TrackPointExtension></extensions></trkpt><trkpt lat="56.037602" lon="37.838077"><ele>154.4</ele><time>2026-07-09T18:20:00Z</time><extensions><gpxtpx:TrackPointExtension><gpxtpx:hr>156</gpxtpx:hr></gpxtpx:TrackPointExtension></extensions></trkpt><trkpt lat="56.037587" lon="37.838117"><ele>154.4</ele><time>2026-07-09T18:20:01Z</time><extensions><gpxtpx:TrackPointExtension><gpxtpx:hr>156</gpxtpx:hr></gpxtpx:TrackPointExtension></extensions></trkpt><trkpt lat="56.037572" lon="37.838157"><ele>154.6</ele><time>2026-07-09T18:20:02Z</time><extensions><gpxtpx:TrackPointExtension><gpxtpx:hr>155</gpxtpx:hr></gpxtpx:TrackPointExtension></extensions></trkpt><trkpt lat="56.037552" lon="37.838205"><ele>154.6</ele><time>2026-07-09T18:20:03Z</time><extensions><gpxtpx:TrackPointExtension><gpxtpx:hr>155</gpxtpx:hr></gpxtpx:TrackPointExtension></extensions></trkpt><trkpt lat="56.037535" lon="37.83825"><ele>154.6</ele><time>2026-07-09T18:20:04Z</time><extensions><gpxtpx:TrackPointExtension><gpxtpx:hr>156</gpxtpx:hr></gpxtpx:TrackPointExtension></extensions></trkpt><trkpt lat="56.037517" lon="37.838297"><ele>154.6</ele><time>2026-07-09T18:20:05Z</time><extensions><gpxtpx:TrackPointExtension><gpxtpx:hr>156</gpxtpx:hr></gpxtpx:TrackPointExtension></extensions></trkpt><trkpt lat="56.037502" lon="37.838345"><ele>154.6</ele><time>2026-07-09T18:20:06Z</time><extensions><gpxtpx:TrackPointExtension><gpxtpx:hr>156</gpxtpx:hr></gpxtpx:TrackPointExtension></extensions></trkpt><trkpt lat="56.037482" lon="37.838385"><ele>154.6</ele><time>2026-07-09T18:20:07Z</time><extensions><gpxtpx:TrackPointExtension><gpxtpx:hr>156</gpxtpx:hr></gpxtpx:TrackPointExtension></extensions></trkpt><trkpt lat="56.037467" lon="37.838427"><ele>154.8</ele><time>2026-07-09T18:20:08Z</time><extensions><gpxtpx:TrackPointExtension><gpxtpx:hr>156</gpxtpx:hr></gpxtpx:TrackPointExtension></extensions></trkpt><trkpt lat="56.037452" lon="37.83847"><ele>154.8</ele><time>2026-07-09T18:20:09Z</time><extensions><gpxtpx:TrackPointExtension><gpxtpx:hr>157</gpxtpx:hr></gpxtpx:TrackPointExtension></extensions></trkpt><trkpt lat="56.037437" lon="37.838515"><ele>154.8</ele><time>2026-07-09T18:20:10Z</time><extensions><gpxtpx:TrackPointExtension><gpxtpx:hr>157</gpxtpx:hr></gpxtpx:TrackPointExtension></extensions></trkpt><trkpt lat="56.03742" lon="37.838562"><ele>154.6</ele><time>2026-07-09T18:20:11Z</time><extensions><gpxtpx:TrackPointExtension><gpxtpx:hr>156</gpxtpx:hr></gpxtpx:TrackPointExtension></extensions></trkpt><trkpt lat="56.037407" lon="37.838602"><ele>154.6</ele><time>2026-07-09T18:20:12Z</time><extensions><gpxtpx:TrackPointExtension><gpxtpx:hr>156</gpxtpx:hr></gpxtpx:TrackPointExtension></extensions></trkpt><trkpt lat="56.03739" lon="37.838647"><ele>154.6</ele><time>2026-07-09T18:20:13Z</time><extensions><gpxtpx:TrackPointExtension><gpxtpx:hr>156</gpxtpx:hr></gpxtpx:TrackPointExtension></extensions></trkpt><trkpt lat="56.037372" lon="37.838697"><ele>154.6</ele><time>2026-07-09T18:20:14Z</time><extensions><gpxtpx:TrackPointExtension><gpxtpx:hr>155</gpxtpx:hr></gpxtpx:TrackPointExtension></extensions></trkpt><trkpt lat="56.037357" lon="37.838737"><ele>154.6</ele><time>2026-07-09T18:20:15Z</time><extensions><gpxtpx:TrackPointExtension><gpxtpx:hr>155</gpxtpx:hr></gpxtpx:TrackPointExtension></extensions></trkpt><trkpt lat="56.03734" lon="37.838782"><ele>154.6</ele><time>2026-07-09T18:20:16Z</time><extensions><gpxtpx:TrackPointExtension><gpxtpx:hr>154</gpxtpx:hr></gpxtpx:TrackPointExtension></extensions></trkpt><trkpt lat="56.037325" lon="37.83883"><ele>154.4</ele><time>2026-07-09T18:20:17Z</time><extensions><gpxtpx:TrackPointExtension><gpxtpx:hr>155</gpxtpx:hr></gpxtpx:TrackPointExtension></extensions></trkpt><trkpt lat="56.037307" lon="37.838872"><ele>154.4</ele><time>2026-07-09T18:20:18Z</time><extensions><gpxtpx:TrackPointExtension><gpxtpx:hr>155</gpxtpx:hr></gpxtpx:TrackPointExtension></extensions></trkpt><trkpt lat="56.037292" lon="37.83892"><ele>154.2</ele><time>2026-07-09T18:20:19Z</time><extensions><gpxtpx:TrackPointExtension><gpxtpx:hr>155</gpxtpx:hr></gpxtpx:TrackPointExtension></extensions></trkpt><trkpt lat="56.037277" lon="37.838965"><ele>154.2</ele><time>2026-07-09T18:20:20Z</time><extensions><gpxtpx:TrackPointExtension><gpxtpx:hr>155</gpxtpx:hr></gpxtpx:TrackPointExtension></extensions></trkpt><trkpt lat="56.03726" lon="37.83902"><ele>154.2</ele><time>2026-07-09T18:20:21Z</time><extensions><gpxtpx:TrackPointExtension><gpxtpx:hr>156</gpxtpx:hr></gpxtpx:TrackPointExtension></extensions></trkpt><trkpt lat="56.03724" lon="37.839067"><ele>154.2</ele><time>2026-07-09T18:20:22Z</time><extensions><gpxtpx:TrackPointExtension><gpxtpx:hr>155</gpxtpx:hr></gpxtpx:TrackPointExtension></extensions></trkpt><trkpt lat="56.037222" lon="37.839115"><ele>154.2</ele><time>2026-07-09T18:20:23Z</time><extensions><gpxtpx:TrackPointExtension><gpxtpx:hr>154</gpxtpx:hr></gpxtpx:TrackPointExtension></extensions></trkpt><trkpt lat="56.037205" lon="37.839162"><ele>154.2</ele><time>2026-07-09T18:20:24Z</time><extensions><gpxtpx:TrackPointExtension><gpxtpx:hr>154</gpxtpx:hr></gpxtpx:TrackPointExtension></extensions></trkpt><trkpt lat="56.037182" lon="37.839215"><ele>154.2</ele><time>2026-07-09T18:20:25Z</time><extensions><gpxtpx:TrackPointExtension><gpxtpx:hr>155</gpxtpx:hr></gpxtpx:TrackPointExtension></extensions></trkpt><trkpt lat="56.037162" lon="37.839262"><ele>154.2</ele><time>2026-07-09T18:20:26Z</time><extensions><gpxtpx:TrackPointExtension><gpxtpx:hr>155</gpxtpx:hr></gpxtpx:TrackPointExtension></extensions></trkpt><trkpt lat="56.037147" lon="37.839312"><ele>154.0</ele><time>2026-07-09T18:20:27Z</time><extensions><gpxtpx:TrackPointExtension><gpxtpx:hr>155</gpxtpx:hr></gpxtpx:TrackPointExtension></extensions></trkpt><trkpt lat="56.037132" lon="37.83936"><ele>154.0</ele><time>2026-07-09T18:20:28Z</time><extensions><gpxtpx:TrackPointExtension><gpxtpx:hr>155</gpxtpx:hr></gpxtpx:TrackPointExtension></extensions></trkpt><trkpt lat="56.037115" lon="37.839405"><ele>154.0</ele><time>2026-07-09T18:20:29Z</time><extensions><gpxtpx:TrackPointExtension><gpxtpx:hr>155</gpxtpx:hr></gpxtpx:TrackPointExtension></extensions></trkpt><trkpt lat="56.037097" lon="37.839457"><ele>154.0</ele><time>2026-07-09T18:20:30Z</time><extensions><gpxtpx:TrackPointExtension><gpxtpx:hr>155</gpxtpx:hr></gpxtpx:TrackPointExtension></extensions></trkpt><trkpt lat="56.037082" lon="37.839507"><ele>154.0</ele><time>2026-07-09T18:20:31Z</time><extensions><gpxtpx:TrackPointExtension><gpxtpx:hr>155</gpxtpx:hr></gpxtpx:TrackPointExtension></extensions></trkpt><trkpt lat="56.03707" lon="37.839567"><ele>154.0</ele><time>2026-07-09T18:20:32Z</time><extensions><gpxtpx:TrackPointExtension><gpxtpx:hr>155</gpxtpx:hr></gpxtpx:TrackPointExtension></extensions></trkpt><trkpt lat="56.037057" lon="37.839625"><ele>153.8</ele><time>2026-07-09T18:20:33Z</time><extensions><gpxtpx:TrackPointExtension><gpxtpx:hr>154</gpxtpx:hr></gpxtpx:TrackPointExtension></extensions></trkpt><trkpt lat="56.037052" lon="37.839682"><ele>153.8</ele><time>2026-07-09T18:20:34Z</time><extensions><gpxtpx:TrackPointExtension><gpxtpx:hr>154</gpxtpx:hr></gpxtpx:TrackPointExtension></extensions></trkpt><trkpt lat="56.037042" lon="37.83973"><ele>153.8</ele><time>2026-07-09T18:20:35Z</time><extensions><gpxtpx:TrackPointExtension><gpxtpx:hr>153</gpxtpx:hr></gpxtpx:TrackPointExtension></extensions></trkpt><trkpt lat="56.037032" lon="37.839782"><ele>153.8</ele><time>2026-07-09T18:20:36Z</time><extensions><gpxtpx:TrackPointExtension><gpxtpx:hr>153</gpxtpx:hr></gpxtpx:TrackPointExtension></extensions></trkpt><trkpt lat="56.037018" lon="37.839827"><ele>153.6</ele><time>2026-07-09T18:20:37Z</time><extensions><gpxtpx:TrackPointExtension><gpxtpx:hr>154</gpxtpx:hr></gpxtpx:TrackPointExtension></extensions></trkpt><trkpt lat="56.037007" lon="37.839882"><ele>153.6</ele><time>2026-07-09T18:20:38Z</time><extensions><gpxtpx:TrackPointExtension><gpxtpx:hr>154</gpxtpx:hr></gpxtpx:TrackPointExtension></extensions></trkpt><trkpt lat="56.036997" lon="37.839942"><ele>153.6</ele><time>2026-07-09T18:20:39Z</time><extensions><gpxtpx:TrackPointExtension><gpxtpx:hr>154</gpxtpx:hr></gpxtpx:TrackPointExtension></extensions></trkpt><trkpt lat="56.036985" lon="37.84"><ele>153.6</ele><time>2026-07-09T18:20:40Z</time><extensions><gpxtpx:TrackPointExtension><gpxtpx:hr>154</gpxtpx:hr></gpxtpx:TrackPointExtension></extensions></trkpt><trkpt lat="56.036977" lon="37.840052"><ele>153.8</ele><time>2026-07-09T18:20:41Z</time><extensions><gpxtpx:TrackPointExtension><gpxtpx:hr>154</gpxtpx:hr></gpxtpx:TrackPointExtension></extensions></trkpt><trkpt lat="56.036972" lon="37.840107"><ele>153.8</ele><time>2026-07-09T18:20:42Z</time><extensions><gpxtpx:TrackPointExtension><gpxtpx:hr>153</gpxtpx:hr></gpxtpx:TrackPointExtension></extensions></trkpt><trkpt lat="56.03697" lon="37.84016"><ele>154.0</ele><time>2026-07-09T18:20:43Z</time><extensions><gpxtpx:TrackPointExtension><gpxtpx:hr>153</gpxtpx:hr></gpxtpx:TrackPointExtension></extensions></trkpt><trkpt lat="56.036972" lon="37.840215"><ele>154.0</ele><time>2026-07-09T18:20:44Z</time><extensions><gpxtpx:TrackPointExtension><gpxtpx:hr>153</gpxtpx:hr></gpxtpx:TrackPointExtension></extensions></trkpt><trkpt lat="56.036977" lon="37.84027"><ele>154.0</ele><time>2026-07-09T18:20:45Z</time><extensions><gpxtpx:TrackPointExtension><gpxtpx:hr>153</gpxtpx:hr></gpxtpx:TrackPointExtension></extensions></trkpt><trkpt lat="56.03698" lon="37.840327"><ele>154.0</ele><time>2026-07-09T18:20:46Z</time><extensions><gpxtpx:TrackPointExtension><gpxtpx:hr>154</gpxtpx:hr></gpxtpx:TrackPointExtension></extensions></trkpt><trkpt lat="56.036982" lon="37.840387"><ele>154.0</ele><time>2026-07-09T18:20:47Z</time><extensions><gpxtpx:TrackPointExtension><gpxtpx:hr>154</gpxtpx:hr></gpxtpx:TrackPointExtension></extensions></trkpt><trkpt lat="56.036982" lon="37.840437"><ele>154.0</ele><time>2026-07-09T18:20:48Z</time><extensions><gpxtpx:TrackPointExtension><gpxtpx:hr>154</gpxtpx:hr></gpxtpx:TrackPointExtension></extensions></trkpt><trkpt lat="56.03699" lon="37.840482"><ele>154.0</ele><time>2026-07-09T18:20:49Z</time><extensions><gpxtpx:TrackPointExtension><gpxtpx:hr>154</gpxtpx:hr></gpxtpx:TrackPointExtension></extensions></trkpt><trkpt lat="56.036997" lon="37.840532"><ele>154.0</ele><time>2026-07-09T18:20:50Z</time><extensions><gpxtpx:TrackPointExtension><gpxtpx:hr>154</gpxtpx:hr></gpxtpx:TrackPointExtension></extensions></trkpt><trkpt lat="56.037007" lon="37.840577"><ele>154.0</ele><time>2026-07-09T18:20:51Z</time><extensions><gpxtpx:TrackPointExtension><gpxtpx:hr>154</gpxtpx:hr></gpxtpx:TrackPointExtension></extensions></trkpt><trkpt lat="56.037017" lon="37.840622"><ele>154.0</ele><time>2026-07-09T18:20:52Z</time><extensions><gpxtpx:TrackPointExtension><gpxtpx:hr>155</gpxtpx:hr></gpxtpx:TrackPointExtension></extensions></trkpt><trkpt lat="56.037027" lon="37.840667"><ele>153.8</ele><time>2026-07-09T18:20:53Z</time><extensions><gpxtpx:TrackPointExtension><gpxtpx:hr>155</gpxtpx:hr></gpxtpx:TrackPointExtension></extensions></trkpt><trkpt lat="56.037037" lon="37.84072"><ele>153.8</ele><time>2026-07-09T18:20:54Z</time><extensions><gpxtpx:TrackPointExtension><gpxtpx:hr>155</gpxtpx:hr></gpxtpx:TrackPointExtension></extensions></trkpt><trkpt lat="56.037052" lon="37.84076"><ele>154.0</ele><time>2026-07-09T18:20:55Z</time><extensions><gpxtpx:TrackPointExtension><gpxtpx:hr>156</gpxtpx:hr></gpxtpx:TrackPointExtension></extensions></trkpt><trkpt lat="56.037067" lon="37.840797"><ele>154.2</ele><time>2026-07-09T18:20:56Z</time><extensions><gpxtpx:TrackPointExtension><gpxtpx:hr>156</gpxtpx:hr></gpxtpx:TrackPointExtension></extensions></trkpt><trkpt lat="56.037077" lon="37.840827"><ele>154.4</ele><time>2026-07-09T18:20:57Z</time><extensions><gpxtpx:TrackPointExtension><gpxtpx:hr>156</gpxtpx:hr></gpxtpx:TrackPointExtension></extensions></trkpt><trkpt lat="56.037092" lon="37.84087"><ele>154.4</ele><time>2026-07-09T18:20:58Z</time><extensions><gpxtpx:TrackPointExtension><gpxtpx:hr>156</gpxtpx:hr></gpxtpx:TrackPointExtension></extensions></trkpt><trkpt lat="56.037107" lon="37.840907"><ele>154.4</ele><time>2026-07-09T18:20:59Z</time><extensions><gpxtpx:TrackPointExtension><gpxtpx:hr>156</gpxtpx:hr></gpxtpx:TrackPointExtension></extensions></trkpt><trkpt lat="56.037117" lon="37.84094"><ele>154.2</ele><time>2026-07-09T18:21:00Z</time><extensions><gpxtpx:TrackPointExtension><gpxtpx:hr>156</gpxtpx:hr></gpxtpx:TrackPointExtension></extensions></trkpt><trkpt lat="56.037127" lon="37.840977"><ele>154.2</ele><time>2026-07-09T18:21:01Z</time><extensions><gpxtpx:TrackPointExtension><gpxtpx:hr>156</gpxtpx:hr></gpxtpx:TrackPointExtension></extensions></trkpt><trkpt lat="56.037142" lon="37.841017"><ele>154.4</ele><time>2026-07-09T18:21:02Z</time><extensions><gpxtpx:TrackPointExtension><gpxtpx:hr>156</gpxtpx:hr></gpxtpx:TrackPointExtension></extensions></trkpt><trkpt lat="56.037155" lon="37.841057"><ele>154.4</ele><time>2026-07-09T18:21:03Z</time><extensions><gpxtpx:TrackPointExtension><gpxtpx:hr>155</gpxtpx:hr></gpxtpx:TrackPointExtension></extensions></trkpt><trkpt lat="56.03717" lon="37.84111"><ele>154.4</ele><time>2026-07-09T18:21:04Z</time><extensions><gpxtpx:TrackPointExtension><gpxtpx:hr>155</gpxtpx:hr></gpxtpx:TrackPointExtension></extensions></trkpt><trkpt lat="56.037182" lon="37.841162"><ele>154.6</ele><time>2026-07-09T18:21:05Z</time><extensions><gpxtpx:TrackPointExtension><gpxtpx:hr>154</gpxtpx:hr></gpxtpx:TrackPointExtension></extensions></trkpt><trkpt lat="56.037195" lon="37.841212"><ele>154.6</ele><time>2026-07-09T18:21:06Z</time><extensions><gpxtpx:TrackPointExtension><gpxtpx:hr>155</gpxtpx:hr></gpxtpx:TrackPointExtension></extensions></trkpt><trkpt lat="56.037205" lon="37.841262"><ele>154.8</ele><time>2026-07-09T18:21:07Z</time><extensions><gpxtpx:TrackPointExtension><gpxtpx:hr>154</gpxtpx:hr></gpxtpx:TrackPointExtension></extensions></trkpt><trkpt lat="56.037217" lon="37.841303"><ele>154.8</ele><time>2026-07-09T18:21:08Z</time><extensions><gpxtpx:TrackPointExtension><gpxtpx:hr>154</gpxtpx:hr></gpxtpx:TrackPointExtension></extensions></trkpt><trkpt lat="56.037225" lon="37.841342"><ele>154.8</ele><time>2026-07-09T18:21:09Z</time><extensions><gpxtpx:TrackPointExtension><gpxtpx:hr>155</gpxtpx:hr></gpxtpx:TrackPointExtension></extensions></trkpt><trkpt lat="56.037237" lon="37.841382"><ele>154.8</ele><time>2026-07-09T18:21:10Z</time><extensions><gpxtpx:TrackPointExtension><gpxtpx:hr>155</gpxtpx:hr></gpxtpx:TrackPointExtension></extensions></trkpt><trkpt lat="56.037245" lon="37.841422"><ele>155.0</ele><time>2026-07-09T18:21:11Z</time><extensions><gpxtpx:TrackPointExtension><gpxtpx:hr>155</gpxtpx:hr></gpxtpx:TrackPointExtension></extensions></trkpt><trkpt lat="56.037252" lon="37.841458"><ele>155.2</ele><time>2026-07-09T18:21:12Z</time><extensions><gpxtpx:TrackPointExtension><gpxtpx:hr>155</gpxtpx:hr></gpxtpx:TrackPointExtension></extensions></trkpt><trkpt lat="56.037262" lon="37.841497"><ele>155.2</ele><time>2026-07-09T18:21:13Z</time><extensions><gpxtpx:TrackPointExtension><gpxtpx:hr>155</gpxtpx:hr></gpxtpx:TrackPointExtension></extensions></trkpt><trkpt lat="56.037275" lon="37.84154"><ele>155.2</ele><time>2026-07-09T18:21:14Z</time><extensions><gpxtpx:TrackPointExtension><gpxtpx:hr>155</gpxtpx:hr></gpxtpx:TrackPointExtension></extensions></trkpt><trkpt lat="56.037287" lon="37.841582"><ele>155.2</ele><time>2026-07-09T18:21:15Z</time><extensions><gpxtpx:TrackPointExtension><gpxtpx:hr>156</gpxtpx:hr></gpxtpx:TrackPointExtension></extensions></trkpt><trkpt lat="56.037297" lon="37.841627"><ele>155.4</ele><time>2026-07-09T18:21:16Z</time><extensions><gpxtpx:TrackPointExtension><gpxtpx:hr>156</gpxtpx:hr></gpxtpx:TrackPointExtension></extensions></trkpt><trkpt lat="56.037307" lon="37.841667"><ele>155.4</ele><time>2026-07-09T18:21:17Z</time><extensions><gpxtpx:TrackPointExtension><gpxtpx:hr>156</gpxtpx:hr></gpxtpx:TrackPointExtension></extensions></trkpt><trkpt lat="56.03732" lon="37.841697"><ele>155.4</ele><time>2026-07-09T18:21:18Z</time><extensions><gpxtpx:TrackPointExtension><gpxtpx:hr>156</gpxtpx:hr></gpxtpx:TrackPointExtension></extensions></trkpt><trkpt lat="56.037335" lon="37.84174"><ele>155.6</ele><time>2026-07-09T18:21:19Z</time><extensions><gpxtpx:TrackPointExtension><gpxtpx:hr>156</gpxtpx:hr></gpxtpx:TrackPointExtension></extensions></trkpt><trkpt lat="56.037347" lon="37.841787"><ele>155.6</ele><time>2026-07-09T18:21:20Z</time><extensions><gpxtpx:TrackPointExtension><gpxtpx:hr>156</gpxtpx:hr></gpxtpx:TrackPointExtension></extensions></trkpt><trkpt lat="56.037362" lon="37.841835"><ele>155.6</ele><time>2026-07-09T18:21:21Z</time><extensions><gpxtpx:TrackPointExtension><gpxtpx:hr>156</gpxtpx:hr></gpxtpx:TrackPointExtension></extensions></trkpt><trkpt lat="56.037372" lon="37.841872"><ele>155.6</ele><time>2026-07-09T18:21:22Z</time><extensions><gpxtpx:TrackPointExtension><gpxtpx:hr>156</gpxtpx:hr></gpxtpx:TrackPointExtension></extensions></trkpt><trkpt lat="56.037385" lon="37.841915"><ele>155.8</ele><time>2026-07-09T18:21:23Z</time><extensions><gpxtpx:TrackPointExtension><gpxtpx:hr>155</gpxtpx:hr></gpxtpx:TrackPointExtension></extensions></trkpt><trkpt lat="56.037397" lon="37.841957"><ele>155.8</ele><time>2026-07-09T18:21:24Z</time><extensions><gpxtpx:TrackPointExtension><gpxtpx:hr>155</gpxtpx:hr></gpxtpx:TrackPointExtension></extensions></trkpt><trkpt lat="56.037402" lon="37.842007"><ele>155.8</ele><time>2026-07-09T18:21:25Z</time><extensions><gpxtpx:TrackPointExtension><gpxtpx:hr>155</gpxtpx:hr></gpxtpx:TrackPointExtension></extensions></trkpt><trkpt lat="56.037412" lon="37.84206"><ele>155.8</ele><time>2026-07-09T18:21:26Z</time><extensions><gpxtpx:TrackPointExtension><gpxtpx:hr>155</gpxtpx:hr></gpxtpx:TrackPointExtension></extensions></trkpt><trkpt lat="56.037422" lon="37.842112"><ele>155.8</ele><time>2026-07-09T18:21:27Z</time><extensions><gpxtpx:TrackPointExtension><gpxtpx:hr>155</gpxtpx:hr></gpxtpx:TrackPointExtension></extensions></trkpt><trkpt lat="56.037432" lon="37.84216"><ele>155.8</ele><time>2026-07-09T18:21:28Z</time><extensions><gpxtpx:TrackPointExtension><gpxtpx:hr>155</gpxtpx:hr></gpxtpx:TrackPointExtension></extensions></trkpt><trkpt lat="56.037447" lon="37.842202"><ele>156.0</ele><time>2026-07-09T18:21:29Z</time><extensions><gpxtpx:TrackPointExtension><gpxtpx:hr>155</gpxtpx:hr></gpxtpx:TrackPointExtension></extensions></trkpt><trkpt lat="56.037457" lon="37.842247"><ele>156.0</ele><time>2026-07-09T18:21:30Z</time><extensions><gpxtpx:TrackPointExtension><gpxtpx:hr>155</gpxtpx:hr></gpxtpx:TrackPointExtension></extensions></trkpt><trkpt lat="56.037475" lon="37.842288"><ele>156.0</ele><time>2026-07-09T18:21:31Z</time><extensions><gpxtpx:TrackPointExtension><gpxtpx:hr>155</gpxtpx:hr></gpxtpx:TrackPointExtension></extensions></trkpt><trkpt lat="56.037492" lon="37.842335"><ele>156.2</ele><time>2026-07-09T18:21:32Z</time><extensions><gpxtpx:TrackPointExtension><gpxtpx:hr>155</gpxtpx:hr></gpxtpx:TrackPointExtension></extensions></trkpt><trkpt lat="56.037507" lon="37.84238"><ele>156.2</ele><time>2026-07-09T18:21:33Z</time><extensions><gpxtpx:TrackPointExtension><gpxtpx:hr>155</gpxtpx:hr></gpxtpx:TrackPointExtension></extensions></trkpt><trkpt lat="56.03752" lon="37.84242"><ele>156.2</ele><time>2026-07-09T18:21:34Z</time><extensions><gpxtpx:TrackPointExtension><gpxtpx:hr>155</gpxtpx:hr></gpxtpx:TrackPointExtension></extensions></trkpt><trkpt lat="56.037532" lon="37.84246"><ele>156.2</ele><time>2026-07-09T18:21:35Z</time><extensions><gpxtpx:TrackPointExtension><gpxtpx:hr>155</gpxtpx:hr></gpxtpx:TrackPointExtension></extensions></trkpt><trkpt lat="56.037547" lon="37.842502"><ele>156.2</ele><time>2026-07-09T18:21:36Z</time><extensions><gpxtpx:TrackPointExtension><gpxtpx:hr>155</gpxtpx:hr></gpxtpx:TrackPointExtension></extensions></trkpt><trkpt lat="56.03756" lon="37.842542"><ele>156.4</ele><time>2026-07-09T18:21:37Z</time><extensions><gpxtpx:TrackPointExtension><gpxtpx:hr>154</gpxtpx:hr></gpxtpx:TrackPointExtension></extensions></trkpt><trkpt lat="56.037575" lon="37.842587"><ele>156.4</ele><time>2026-07-09T18:21:38Z</time><extensions><gpxtpx:TrackPointExtension><gpxtpx:hr>154</gpxtpx:hr></gpxtpx:TrackPointExtension></extensions></trkpt><trkpt lat="56.037587" lon="37.842632"><ele>156.4</ele><time>2026-07-09T18:21:39Z</time><extensions><gpxtpx:TrackPointExtension><gpxtpx:hr>155</gpxtpx:hr></gpxtpx:TrackPointExtension></extensions></trkpt><trkpt lat="56.037597" lon="37.842675"><ele>156.4</ele><time>2026-07-09T18:21:40Z</time><extensions><gpxtpx:TrackPointExtension><gpxtpx:hr>155</gpxtpx:hr></gpxtpx:TrackPointExtension></extensions></trkpt><trkpt lat="56.037612" lon="37.842725"><ele>156.6</ele><time>2026-07-09T18:21:41Z</time><extensions><gpxtpx:TrackPointExtension><gpxtpx:hr>155</gpxtpx:hr></gpxtpx:TrackPointExtension></extensions></trkpt><trkpt lat="56.037627" lon="37.842767"><ele>156.6</ele><time>2026-07-09T18:21:42Z</time><extensions><gpxtpx:TrackPointExtension><gpxtpx:hr>155</gpxtpx:hr></gpxtpx:TrackPointExtension></extensions></trkpt><trkpt lat="56.037637" lon="37.842812"><ele>156.6</ele><time>2026-07-09T18:21:43Z</time><extensions><gpxtpx:TrackPointExtension><gpxtpx:hr>155</gpxtpx:hr></gpxtpx:TrackPointExtension></extensions></trkpt><trkpt lat="56.037652" lon="37.842857"><ele>156.6</ele><time>2026-07-09T18:21:44Z</time><extensions><gpxtpx:TrackPointExtension><gpxtpx:hr>155</gpxtpx:hr></gpxtpx:TrackPointExtension></extensions></trkpt><trkpt lat="56.037667" lon="37.842902"><ele>156.6</ele><time>2026-07-09T18:21:45Z</time><extensions><gpxtpx:TrackPointExtension><gpxtpx:hr>155</gpxtpx:hr></gpxtpx:TrackPointExtension></extensions></trkpt><trkpt lat="56.037677" lon="37.842947"><ele>156.6</ele><time>2026-07-09T18:21:46Z</time><extensions><gpxtpx:TrackPointExtension><gpxtpx:hr>155</gpxtpx:hr></gpxtpx:TrackPointExtension></extensions></trkpt><trkpt lat="56.037692" lon="37.842995"><ele>156.8</ele><time>2026-07-09T18:21:47Z</time><extensions><gpxtpx:TrackPointExtension><gpxtpx:hr>156</gpxtpx:hr></gpxtpx:TrackPointExtension></extensions></trkpt><trkpt lat="56.037702" lon="37.843037"><ele>156.8</ele><time>2026-07-09T18:21:48Z</time><extensions><gpxtpx:TrackPointExtension><gpxtpx:hr>156</gpxtpx:hr></gpxtpx:TrackPointExtension></extensions></trkpt><trkpt lat="56.037715" lon="37.843082"><ele>156.8</ele><time>2026-07-09T18:21:49Z</time><extensions><gpxtpx:TrackPointExtension><gpxtpx:hr>156</gpxtpx:hr></gpxtpx:TrackPointExtension></extensions></trkpt><trkpt lat="56.037727" lon="37.843137"><ele>157.0</ele><time>2026-07-09T18:21:50Z</time><extensions><gpxtpx:TrackPointExtension><gpxtpx:hr>156</gpxtpx:hr></gpxtpx:TrackPointExtension></extensions></trkpt><trkpt lat="56.037737" lon="37.84318"><ele>157.0</ele><time>2026-07-09T18:21:51Z</time><extensions><gpxtpx:TrackPointExtension><gpxtpx:hr>156</gpxtpx:hr></gpxtpx:TrackPointExtension></extensions></trkpt><trkpt lat="56.037742" lon="37.843227"><ele>157.0</ele><time>2026-07-09T18:21:52Z</time><extensions><gpxtpx:TrackPointExtension><gpxtpx:hr>156</gpxtpx:hr></gpxtpx:TrackPointExtension></extensions></trkpt><trkpt lat="56.03775" lon="37.843272"><ele>157.2</ele><time>2026-07-09T18:21:53Z</time><extensions><gpxtpx:TrackPointExtension><gpxtpx:hr>156</gpxtpx:hr></gpxtpx:TrackPointExtension></extensions></trkpt><trkpt lat="56.037765" lon="37.84331"><ele>157.2</ele><time>2026-07-09T18:21:54Z</time><extensions><gpxtpx:TrackPointExtension><gpxtpx:hr>157</gpxtpx:hr></gpxtpx:TrackPointExtension></extensions></trkpt><trkpt lat="56.037772" lon="37.843352"><ele>157.4</ele><time>2026-07-09T18:21:55Z</time><extensions><gpxtpx:TrackPointExtension><gpxtpx:hr>157</gpxtpx:hr></gpxtpx:TrackPointExtension></extensions></trkpt><trkpt lat="56.037782" lon="37.843397"><ele>157.4</ele><time>2026-07-09T18:21:56Z</time><extensions><gpxtpx:TrackPointExtension><gpxtpx:hr>157</gpxtpx:hr></gpxtpx:TrackPointExtension></extensions></trkpt><trkpt lat="56.037795" lon="37.843437"><ele>157.4</ele><time>2026-07-09T18:21:57Z</time><extensions><gpxtpx:TrackPointExtension><gpxtpx:hr>157</gpxtpx:hr></gpxtpx:TrackPointExtension></extensions></trkpt><trkpt lat="56.0378" lon="37.843475"><ele>157.4</ele><time>2026-07-09T18:21:58Z</time><extensions><gpxtpx:TrackPointExtension><gpxtpx:hr>157</gpxtpx:hr></gpxtpx:TrackPointExtension></extensions></trkpt><trkpt lat="56.037807" lon="37.843513"><ele>157.6</ele><time>2026-07-09T18:21:59Z</time><extensions><gpxtpx:TrackPointExtension><gpxtpx:hr>157</gpxtpx:hr></gpxtpx:TrackPointExtension></extensions></trkpt><trkpt lat="56.037815" lon="37.843552"><ele>157.6</ele><time>2026-07-09T18:22:00Z</time><extensions><gpxtpx:TrackPointExtension><gpxtpx:hr>157</gpxtpx:hr></gpxtpx:TrackPointExtension></extensions></trkpt><trkpt lat="56.037827" lon="37.843583"><ele>157.6</ele><time>2026-07-09T18:22:01Z</time><extensions><gpxtpx:TrackPointExtension><gpxtpx:hr>157</gpxtpx:hr></gpxtpx:TrackPointExtension></extensions></trkpt><trkpt lat="56.037847" lon="37.843627"><ele>157.8</ele><time>2026-07-09T18:22:02Z</time><extensions><gpxtpx:TrackPointExtension><gpxtpx:hr>157</gpxtpx:hr></gpxtpx:TrackPointExtension></extensions></trkpt><trkpt lat="56.037867" lon="37.843657"><ele>157.8</ele><time>2026-07-09T18:22:03Z</time><extensions><gpxtpx:TrackPointExtension><gpxtpx:hr>157</gpxtpx:hr></gpxtpx:TrackPointExtension></extensions></trkpt><trkpt lat="56.037882" lon="37.84368"><ele>157.8</ele><time>2026-07-09T18:22:04Z</time><extensions><gpxtpx:TrackPointExtension><gpxtpx:hr>158</gpxtpx:hr></gpxtpx:TrackPointExtension></extensions></trkpt><trkpt lat="56.037902" lon="37.843685"><ele>158.0</ele><time>2026-07-09T18:22:05Z</time><extensions><gpxtpx:TrackPointExtension><gpxtpx:hr>158</gpxtpx:hr></gpxtpx:TrackPointExtension></extensions></trkpt><trkpt lat="56.037927" lon="37.84367"><ele>158.0</ele><time>2026-07-09T18:22:06Z</time><extensions><gpxtpx:TrackPointExtension><gpxtpx:hr>158</gpxtpx:hr></gpxtpx:TrackPointExtension></extensions></trkpt><trkpt lat="56.037955" lon="37.843652"><ele>158.2</ele><time>2026-07-09T18:22:07Z</time><extensions><gpxtpx:TrackPointExtension><gpxtpx:hr>158</gpxtpx:hr></gpxtpx:TrackPointExtension></extensions></trkpt><trkpt lat="56.037987" lon="37.843625"><ele>158.2</ele><time>2026-07-09T18:22:08Z</time><extensions><gpxtpx:TrackPointExtension><gpxtpx:hr>158</gpxtpx:hr></gpxtpx:TrackPointExtension></extensions></trkpt><trkpt lat="56.038012" lon="37.843597"><ele>158.2</ele><time>2026-07-09T18:22:09Z</time><extensions><gpxtpx:TrackPointExtension><gpxtpx:hr>158</gpxtpx:hr></gpxtpx:TrackPointExtension></extensions></trkpt><trkpt lat="56.038037" lon="37.843567"><ele>158.2</ele><time>2026-07-09T18:22:10Z</time><extensions><gpxtpx:TrackPointExtension><gpxtpx:hr>157</gpxtpx:hr></gpxtpx:TrackPointExtension></extensions></trkpt><trkpt lat="56.03806" lon="37.843535"><ele>158.2</ele><time>2026-07-09T18:22:11Z</time><extensions><gpxtpx:TrackPointExtension><gpxtpx:hr>158</gpxtpx:hr></gpxtpx:TrackPointExtension></extensions></trkpt><trkpt lat="56.038087" lon="37.843492"><ele>158.2</ele><time>2026-07-09T18:22:12Z</time><extensions><gpxtpx:TrackPointExtension><gpxtpx:hr>157</gpxtpx:hr></gpxtpx:TrackPointExtension></extensions></trkpt><trkpt lat="56.038117" lon="37.843462"><ele>158.4</ele><time>2026-07-09T18:22:13Z</time><extensions><gpxtpx:TrackPointExtension><gpxtpx:hr>157</gpxtpx:hr></gpxtpx:TrackPointExtension></extensions></trkpt><trkpt lat="56.038152" lon="37.843435"><ele>158.4</ele><time>2026-07-09T18:22:14Z</time><extensions><gpxtpx:TrackPointExtension><gpxtpx:hr>156</gpxtpx:hr></gpxtpx:TrackPointExtension></extensions></trkpt><trkpt lat="56.038182" lon="37.843422"><ele>158.4</ele><time>2026-07-09T18:22:15Z</time><extensions><gpxtpx:TrackPointExtension><gpxtpx:hr>156</gpxtpx:hr></gpxtpx:TrackPointExtension></extensions></trkpt><trkpt lat="56.038215" lon="37.843402"><ele>158.4</ele><time>2026-07-09T18:22:16Z</time><extensions><gpxtpx:TrackPointExtension><gpxtpx:hr>157</gpxtpx:hr></gpxtpx:TrackPointExtension></extensions></trkpt><trkpt lat="56.038242" lon="37.843375"><ele>158.4</ele><time>2026-07-09T18:22:17Z</time><extensions><gpxtpx:TrackPointExtension><gpxtpx:hr>157</gpxtpx:hr></gpxtpx:TrackPointExtension></extensions></trkpt><trkpt lat="56.038262" lon="37.843352"><ele>158.4</ele><time>2026-07-09T18:22:18Z</time><extensions><gpxtpx:TrackPointExtension><gpxtpx:hr>156</gpxtpx:hr></gpxtpx:TrackPointExtension></extensions></trkpt><trkpt lat="56.038287" lon="37.843322"><ele>158.4</ele><time>2026-07-09T18:22:19Z</time><extensions><gpxtpx:TrackPointExtension><gpxtpx:hr>156</gpxtpx:hr></gpxtpx:TrackPointExtension></extensions></trkpt><trkpt lat="56.038317" lon="37.843292"><ele>158.4</ele><time>2026-07-09T18:22:20Z</time><extensions><gpxtpx:TrackPointExtension><gpxtpx:hr>156</gpxtpx:hr></gpxtpx:TrackPointExtension></extensions></trkpt><trkpt lat="56.038347" lon="37.843262"><ele>158.6</ele><time>2026-07-09T18:22:21Z</time><extensions><gpxtpx:TrackPointExtension><gpxtpx:hr>155</gpxtpx:hr></gpxtpx:TrackPointExtension></extensions></trkpt><trkpt lat="56.038377" lon="37.84323"><ele>158.6</ele><time>2026-07-09T18:22:22Z</time><extensions><gpxtpx:TrackPointExtension><gpxtpx:hr>155</gpxtpx:hr></gpxtpx:TrackPointExtension></extensions></trkpt><trkpt lat="56.038402" lon="37.843207"><ele>158.6</ele><time>2026-07-09T18:22:23Z</time><extensions><gpxtpx:TrackPointExtension><gpxtpx:hr>155</gpxtpx:hr></gpxtpx:TrackPointExtension></extensions></trkpt><trkpt lat="56.03843" lon="37.843185"><ele>158.6</ele><time>2026-07-09T18:22:24Z</time><extensions><gpxtpx:TrackPointExtension><gpxtpx:hr>155</gpxtpx:hr></gpxtpx:TrackPointExtension></extensions></trkpt><trkpt lat="56.038455" lon="37.843162"><ele>158.6</ele><time>2026-07-09T18:22:25Z</time><extensions><gpxtpx:TrackPointExtension><gpxtpx:hr>155</gpxtpx:hr></gpxtpx:TrackPointExtension></extensions></trkpt><trkpt lat="56.038482" lon="37.843133"><ele>158.8</ele><time>2026-07-09T18:22:26Z</time><extensions><gpxtpx:TrackPointExtension><gpxtpx:hr>155</gpxtpx:hr></gpxtpx:TrackPointExtension></extensions></trkpt><trkpt lat="56.038507" lon="37.843107"><ele>158.8</ele><time>2026-07-09T18:22:27Z</time><extensions><gpxtpx:TrackPointExtension><gpxtpx:hr>155</gpxtpx:hr></gpxtpx:TrackPointExtension></extensions></trkpt><trkpt lat="56.038527" lon="37.843082"><ele>158.8</ele><time>2026-07-09T18:22:28Z</time><extensions><gpxtpx:TrackPointExtension><gpxtpx:hr>155</gpxtpx:hr></gpxtpx:TrackPointExtension></extensions></trkpt><trkpt lat="56.038547" lon="37.843065"><ele>158.8</ele><time>2026-07-09T18:22:29Z</time><extensions><gpxtpx:TrackPointExtension><gpxtpx:hr>156</gpxtpx:hr></gpxtpx:TrackPointExtension></extensions></trkpt><trkpt lat="56.038567" lon="37.843057"><ele>158.8</ele><time>2026-07-09T18:22:30Z</time><extensions><gpxtpx:TrackPointExtension><gpxtpx:hr>156</gpxtpx:hr></gpxtpx:TrackPointExtension></extensions></trkpt><trkpt lat="56.038532" lon="37.843087"><ele>159.0</ele><time>2026-07-09T18:22:34Z</time><extensions><gpxtpx:TrackPointExtension><gpxtpx:hr>155</gpxtpx:hr></gpxtpx:TrackPointExtension></extensions></trkpt><trkpt lat="56.038502" lon="37.843105"><ele>158.8</ele><time>2026-07-09T18:22:35Z</time><extensions><gpxtpx:TrackPointExtension><gpxtpx:hr>155</gpxtpx:hr></gpxtpx:TrackPointExtension></extensions></trkpt><trkpt lat="56.038467" lon="37.843125"><ele>158.8</ele><time>2026-07-09T18:22:36Z</time><extensions><gpxtpx:TrackPointExtension><gpxtpx:hr>155</gpxtpx:hr></gpxtpx:TrackPointExtension></extensions></trkpt><trkpt lat="56.038435" lon="37.843142"><ele>158.8</ele><time>2026-07-09T18:22:37Z</time><extensions><gpxtpx:TrackPointExtension><gpxtpx:hr>155</gpxtpx:hr></gpxtpx:TrackPointExtension></extensions></trkpt><trkpt lat="56.038407" lon="37.84316"><ele>158.8</ele><time>2026-07-09T18:22:38Z</time><extensions><gpxtpx:TrackPointExtension><gpxtpx:hr>155</gpxtpx:hr></gpxtpx:TrackPointExtension></extensions></trkpt><trkpt lat="56.03837" lon="37.843182"><ele>159.0</ele><time>2026-07-09T18:22:39Z</time><extensions><gpxtpx:TrackPointExtension><gpxtpx:hr>155</gpxtpx:hr></gpxtpx:TrackPointExtension></extensions></trkpt><trkpt lat="56.038342" lon="37.843202"><ele>159.0</ele><time>2026-07-09T18:22:40Z</time><extensions><gpxtpx:TrackPointExtension><gpxtpx:hr>156</gpxtpx:hr></gpxtpx:TrackPointExtension></extensions></trkpt><trkpt lat="56.03832" lon="37.843227"><ele>158.8</ele><time>2026-07-09T18:22:41Z</time><extensions><gpxtpx:TrackPointExtension><gpxtpx:hr>156</gpxtpx:hr></gpxtpx:TrackPointExtension></extensions></trkpt><trkpt lat="56.038297" lon="37.843242"><ele>158.8</ele><time>2026-07-09T18:22:42Z</time><extensions><gpxtpx:TrackPointExtension><gpxtpx:hr>156</gpxtpx:hr></gpxtpx:TrackPointExtension></extensions></trkpt><trkpt lat="56.03827" lon="37.843272"><ele>158.8</ele><time>2026-07-09T18:22:43Z</time><extensions><gpxtpx:TrackPointExtension><gpxtpx:hr>155</gpxtpx:hr></gpxtpx:TrackPointExtension></extensions></trkpt><trkpt lat="56.038242" lon="37.843297"><ele>158.6</ele><time>2026-07-09T18:22:44Z</time><extensions><gpxtpx:TrackPointExtension><gpxtpx:hr>155</gpxtpx:hr></gpxtpx:TrackPointExtension></extensions></trkpt><trkpt lat="56.038222" lon="37.84332"><ele>158.6</ele><time>2026-07-09T18:22:45Z</time><extensions><gpxtpx:TrackPointExtension><gpxtpx:hr>155</gpxtpx:hr></gpxtpx:TrackPointExtension></extensions></trkpt><trkpt lat="56.038197" lon="37.843337"><ele>158.6</ele><time>2026-07-09T18:22:46Z</time><extensions><gpxtpx:TrackPointExtension><gpxtpx:hr>154</gpxtpx:hr></gpxtpx:TrackPointExtension></extensions></trkpt><trkpt lat="56.038177" lon="37.843357"><ele>158.6</ele><time>2026-07-09T18:22:47Z</time><extensions><gpxtpx:TrackPointExtension><gpxtpx:hr>154</gpxtpx:hr></gpxtpx:TrackPointExtension></extensions></trkpt><trkpt lat="56.038152" lon="37.843377"><ele>158.6</ele><time>2026-07-09T18:22:48Z</time><extensions><gpxtpx:TrackPointExtension><gpxtpx:hr>155</gpxtpx:hr></gpxtpx:TrackPointExtension></extensions></trkpt><trkpt lat="56.038127" lon="37.843405"><ele>158.4</ele><time>2026-07-09T18:22:49Z</time><extensions><gpxtpx:TrackPointExtension><gpxtpx:hr>155</gpxtpx:hr></gpxtpx:TrackPointExtension></extensions></trkpt><trkpt lat="56.038105" lon="37.843437"><ele>158.4</ele><time>2026-07-09T18:22:50Z</time><extensions><gpxtpx:TrackPointExtension><gpxtpx:hr>155</gpxtpx:hr></gpxtpx:TrackPointExtension></extensions></trkpt><trkpt lat="56.038077" lon="37.84347"><ele>158.4</ele><time>2026-07-09T18:22:51Z</time><extensions><gpxtpx:TrackPointExtension><gpxtpx:hr>155</gpxtpx:hr></gpxtpx:TrackPointExtension></extensions></trkpt><trkpt lat="56.038052" lon="37.843502"><ele>158.4</ele><time>2026-07-09T18:22:52Z</time><extensions><gpxtpx:TrackPointExtension><gpxtpx:hr>155</gpxtpx:hr></gpxtpx:TrackPointExtension></extensions></trkpt><trkpt lat="56.038032" lon="37.843522"><ele>158.4</ele><time>2026-07-09T18:22:53Z</time><extensions><gpxtpx:TrackPointExtension><gpxtpx:hr>154</gpxtpx:hr></gpxtpx:TrackPointExtension></extensions></trkpt><trkpt lat="56.038007" lon="37.843547"><ele>158.4</ele><time>2026-07-09T18:22:54Z</time><extensions><gpxtpx:TrackPointExtension><gpxtpx:hr>154</gpxtpx:hr></gpxtpx:TrackPointExtension></extensions></trkpt><trkpt lat="56.037982" lon="37.843572"><ele>158.4</ele><time>2026-07-09T18:22:55Z</time><extensions><gpxtpx:TrackPointExtension><gpxtpx:hr>154</gpxtpx:hr></gpxtpx:TrackPointExtension></extensions></trkpt><trkpt lat="56.03797" lon="37.843597"><ele>158.6</ele><time>2026-07-09T18:22:56Z</time><extensions><gpxtpx:TrackPointExtension><gpxtpx:hr>154</gpxtpx:hr></gpxtpx:TrackPointExtension></extensions></trkpt><trkpt lat="56.037955" lon="37.84362"><ele>158.6</ele><time>2026-07-09T18:22:57Z</time><extensions><gpxtpx:TrackPointExtension><gpxtpx:hr>155</gpxtpx:hr></gpxtpx:TrackPointExtension></extensions></trkpt><trkpt lat="56.037942" lon="37.843667"><ele>158.6</ele><time>2026-07-09T18:22:59Z</time><extensions><gpxtpx:TrackPointExtension><gpxtpx:hr>155</gpxtpx:hr></gpxtpx:TrackPointExtension></extensions></trkpt><trkpt lat="56.037937" lon="37.843742"><ele>158.8</ele><time>2026-07-09T18:23:07Z</time><extensions><gpxtpx:TrackPointExtension><gpxtpx:hr>152</gpxtpx:hr></gpxtpx:TrackPointExtension></extensions></trkpt><trkpt lat="56.037932" lon="37.84379"><ele>158.8</ele><time>2026-07-09T18:23:09Z</time><extensions><gpxtpx:TrackPointExtension><gpxtpx:hr>151</gpxtpx:hr></gpxtpx:TrackPointExtension></extensions></trkpt><trkpt lat="56.037937" lon="37.84382"><ele>158.8</ele><time>2026-07-09T18:23:10Z</time><extensions><gpxtpx:TrackPointExtension><gpxtpx:hr>151</gpxtpx:hr></gpxtpx:TrackPointExtension></extensions></trkpt><trkpt lat="56.037957" lon="37.843867"><ele>158.8</ele><time>2026-07-09T18:23:12Z</time><extensions><gpxtpx:TrackPointExtension><gpxtpx:hr>150</gpxtpx:hr></gpxtpx:TrackPointExtension></extensions></trkpt><trkpt lat="56.037977" lon="37.843917"><ele>158.8</ele><time>2026-07-09T18:23:14Z</time><extensions><gpxtpx:TrackPointExtension><gpxtpx:hr>150</gpxtpx:hr></gpxtpx:TrackPointExtension></extensions></trkpt><trkpt lat="56.037987" lon="37.84395"><ele>158.8</ele><time>2026-07-09T18:23:15Z</time><extensions><gpxtpx:TrackPointExtension><gpxtpx:hr>150</gpxtpx:hr></gpxtpx:TrackPointExtension></extensions></trkpt><trkpt lat="56.037997" lon="37.843987"><ele>158.8</ele><time>2026-07-09T18:23:16Z</time><extensions><gpxtpx:TrackPointExtension><gpxtpx:hr>150</gpxtpx:hr></gpxtpx:TrackPointExtension></extensions></trkpt><trkpt lat="56.03801" lon="37.844027"><ele>159.0</ele><time>2026-07-09T18:23:17Z</time><extensions><gpxtpx:TrackPointExtension><gpxtpx:hr>149</gpxtpx:hr></gpxtpx:TrackPointExtension></extensions></trkpt><trkpt lat="56.038017" lon="37.844062"><ele>159.2</ele><time>2026-07-09T18:23:18Z</time><extensions><gpxtpx:TrackPointExtension><gpxtpx:hr>149</gpxtpx:hr></gpxtpx:TrackPointExtension></extensions></trkpt><trkpt lat="56.038027" lon="37.844102"><ele>159.2</ele><time>2026-07-09T18:23:19Z</time><extensions><gpxtpx:TrackPointExtension><gpxtpx:hr>149</gpxtpx:hr></gpxtpx:TrackPointExtension></extensions></trkpt><trkpt lat="56.038035" lon="37.844137"><ele>159.2</ele><time>2026-07-09T18:23:20Z</time><extensions><gpxtpx:TrackPointExtension><gpxtpx:hr>150</gpxtpx:hr></gpxtpx:TrackPointExtension></extensions></trkpt><trkpt lat="56.038042" lon="37.844172"><ele>159.4</ele><time>2026-07-09T18:23:21Z</time><extensions><gpxtpx:TrackPointExtension><gpxtpx:hr>150</gpxtpx:hr></gpxtpx:TrackPointExtension></extensions></trkpt><trkpt lat="56.038055" lon="37.844197"><ele>159.6</ele><time>2026-07-09T18:23:22Z</time><extensions><gpxtpx:TrackPointExtension><gpxtpx:hr>150</gpxtpx:hr></gpxtpx:TrackPointExtension></extensions></trkpt><trkpt lat="56.038067" lon="37.844227"><ele>159.6</ele><time>2026-07-09T18:23:23Z</time><extensions><gpxtpx:TrackPointExtension><gpxtpx:hr>150</gpxtpx:hr></gpxtpx:TrackPointExtension></extensions></trkpt><trkpt lat="56.038085" lon="37.844285"><ele>160.0</ele><time>2026-07-09T18:23:25Z</time><extensions><gpxtpx:TrackPointExtension><gpxtpx:hr>150</gpxtpx:hr></gpxtpx:TrackPointExtension></extensions></trkpt><trkpt lat="56.0381" lon="37.844337"><ele>160.2</ele><time>2026-07-09T18:23:27Z</time><extensions><gpxtpx:TrackPointExtension><gpxtpx:hr>150</gpxtpx:hr></gpxtpx:TrackPointExtension></extensions></trkpt><trkpt lat="56.038112" lon="37.844377"><ele>160.6</ele><time>2026-07-09T18:23:29Z</time><extensions><gpxtpx:TrackPointExtension><gpxtpx:hr>150</gpxtpx:hr></gpxtpx:TrackPointExtension></extensions></trkpt><trkpt lat="56.038127" lon="37.844427"><ele>160.8</ele><time>2026-07-09T18:23:31Z</time><extensions><gpxtpx:TrackPointExtension><gpxtpx:hr>150</gpxtpx:hr></gpxtpx:TrackPointExtension></extensions></trkpt><trkpt lat="56.038142" lon="37.844475"><ele>161.0</ele><time>2026-07-09T18:23:33Z</time><extensions><gpxtpx:TrackPointExtension><gpxtpx:hr>149</gpxtpx:hr></gpxtpx:TrackPointExtension></extensions></trkpt><trkpt lat="56.038152" lon="37.844507"><ele>161.4</ele><time>2026-07-09T18:23:35Z</time><extensions><gpxtpx:TrackPointExtension><gpxtpx:hr>149</gpxtpx:hr></gpxtpx:TrackPointExtension></extensions></trkpt><trkpt lat="56.038162" lon="37.844545"><ele>161.6</ele><time>2026-07-09T18:23:38Z</time><extensions><gpxtpx:TrackPointExtension><gpxtpx:hr>148</gpxtpx:hr></gpxtpx:TrackPointExtension></extensions></trkpt><trkpt lat="56.038177" lon="37.84461"><ele>162.4</ele><time>2026-07-09T18:23:47Z</time><extensions><gpxtpx:TrackPointExtension><gpxtpx:hr>145</gpxtpx:hr></gpxtpx:TrackPointExtension></extensions></trkpt><trkpt lat="56.038187" lon="37.844652"><ele>162.4</ele><time>2026-07-09T18:23:49Z</time><extensions><gpxtpx:TrackPointExtension><gpxtpx:hr>142</gpxtpx:hr></gpxtpx:TrackPointExtension></extensions></trkpt><trkpt lat="56.038192" lon="37.844692"><ele>162.6</ele><time>2026-07-09T18:23:50Z</time><extensions><gpxtpx:TrackPointExtension><gpxtpx:hr>142</gpxtpx:hr></gpxtpx:TrackPointExtension></extensions></trkpt><trkpt lat="56.038202" lon="37.844752"><ele>162.6</ele><time>2026-07-09T18:23:51Z</time><extensions><gpxtpx:TrackPointExtension><gpxtpx:hr>142</gpxtpx:hr></gpxtpx:TrackPointExtension></extensions></trkpt><trkpt lat="56.038217" lon="37.844822"><ele>162.4</ele><time>2026-07-09T18:23:52Z</time><extensions><gpxtpx:TrackPointExtension><gpxtpx:hr>140</gpxtpx:hr></gpxtpx:TrackPointExtension></extensions></trkpt><trkpt lat="56.038237" lon="37.8449"><ele>162.4</ele><time>2026-07-09T18:23:53Z</time><extensions><gpxtpx:TrackPointExtension><gpxtpx:hr>140</gpxtpx:hr></gpxtpx:TrackPointExtension></extensions></trkpt><trkpt lat="56.038257" lon="37.844982"><ele>162.4</ele><time>2026-07-09T18:23:54Z</time><extensions><gpxtpx:TrackPointExtension><gpxtpx:hr>141</gpxtpx:hr></gpxtpx:TrackPointExtension></extensions></trkpt><trkpt lat="56.038277" lon="37.845067"><ele>162.6</ele><time>2026-07-09T18:23:55Z</time><extensions><gpxtpx:TrackPointExtension><gpxtpx:hr>141</gpxtpx:hr></gpxtpx:TrackPointExtension></extensions></trkpt><trkpt lat="56.038302" lon="37.845147"><ele>163.0</ele><time>2026-07-09T18:23:56Z</time><extensions><gpxtpx:TrackPointExtension><gpxtpx:hr>141</gpxtpx:hr></gpxtpx:TrackPointExtension></extensions></trkpt><trkpt lat="56.038322" lon="37.84522"><ele>163.2</ele><time>2026-07-09T18:23:57Z</time><extensions><gpxtpx:TrackPointExtension><gpxtpx:hr>142</gpxtpx:hr></gpxtpx:TrackPointExtension></extensions></trkpt><trkpt lat="56.038342" lon="37.845287"><ele>163.6</ele><time>2026-07-09T18:23:58Z</time><extensions><gpxtpx:TrackPointExtension><gpxtpx:hr>143</gpxtpx:hr></gpxtpx:TrackPointExtension></extensions></trkpt><trkpt lat="56.038357" lon="37.845357"><ele>163.8</ele><time>2026-07-09T18:23:59Z</time><extensions><gpxtpx:TrackPointExtension><gpxtpx:hr>143</gpxtpx:hr></gpxtpx:TrackPointExtension></extensions></trkpt><trkpt lat="56.03837" lon="37.845415"><ele>164.2</ele><time>2026-07-09T18:24:00Z</time><extensions><gpxtpx:TrackPointExtension><gpxtpx:hr>144</gpxtpx:hr></gpxtpx:TrackPointExtension></extensions></trkpt><trkpt lat="56.03838" lon="37.84546"><ele>164.8</ele><time>2026-07-09T18:24:01Z</time><extensions><gpxtpx:TrackPointExtension><gpxtpx:hr>145</gpxtpx:hr></gpxtpx:TrackPointExtension></extensions></trkpt><trkpt lat="56.038392" lon="37.845492"><ele>165.2</ele><time>2026-07-09T18:24:02Z</time><extensions><gpxtpx:TrackPointExtension><gpxtpx:hr>146</gpxtpx:hr></gpxtpx:TrackPointExtension></extensions></trkpt><trkpt lat="56.038405" lon="37.845522"><ele>165.6</ele><time>2026-07-09T18:24:03Z</time><extensions><gpxtpx:TrackPointExtension><gpxtpx:hr>147</gpxtpx:hr></gpxtpx:TrackPointExtension></extensions></trkpt><trkpt lat="56.038415" lon="37.845553"><ele>166.0</ele><time>2026-07-09T18:24:04Z</time><extensions><gpxtpx:TrackPointExtension><gpxtpx:hr>147</gpxtpx:hr></gpxtpx:TrackPointExtension></extensions></trkpt><trkpt lat="56.038427" lon="37.845587"><ele>166.2</ele><time>2026-07-09T18:24:05Z</time><extensions><gpxtpx:TrackPointExtension><gpxtpx:hr>149</gpxtpx:hr></gpxtpx:TrackPointExtension></extensions></trkpt><trkpt lat="56.038445" lon="37.84565"><ele>166.6</ele><time>2026-07-09T18:24:07Z</time><extensions><gpxtpx:TrackPointExtension><gpxtpx:hr>153</gpxtpx:hr></gpxtpx:TrackPointExtension></extensions></trkpt><trkpt lat="56.038452" lon="37.845685"><ele>166.8</ele><time>2026-07-09T18:24:08Z</time><extensions><gpxtpx:TrackPointExtension><gpxtpx:hr>153</gpxtpx:hr></gpxtpx:TrackPointExtension></extensions></trkpt><trkpt lat="56.038457" lon="37.845722"><ele>167.2</ele><time>2026-07-09T18:24:09Z</time><extensions><gpxtpx:TrackPointExtension><gpxtpx:hr>153</gpxtpx:hr></gpxtpx:TrackPointExtension></extensions></trkpt><trkpt lat="56.038468" lon="37.845777"><ele>167.4</ele><time>2026-07-09T18:24:11Z</time><extensions><gpxtpx:TrackPointExtension><gpxtpx:hr>154</gpxtpx:hr></gpxtpx:TrackPointExtension></extensions></trkpt><trkpt lat="56.038472" lon="37.845847"><ele>167.6</ele><time>2026-07-09T18:24:13Z</time><extensions><gpxtpx:TrackPointExtension><gpxtpx:hr>155</gpxtpx:hr></gpxtpx:TrackPointExtension></extensions></trkpt><trkpt lat="56.03848" lon="37.845877"><ele>167.8</ele><time>2026-07-09T18:24:14Z</time><extensions><gpxtpx:TrackPointExtension><gpxtpx:hr>156</gpxtpx:hr></gpxtpx:TrackPointExtension></extensions></trkpt><trkpt lat="56.03849" lon="37.845905"><ele>168.0</ele><time>2026-07-09T18:24:15Z</time><extensions><gpxtpx:TrackPointExtension><gpxtpx:hr>156</gpxtpx:hr></gpxtpx:TrackPointExtension></extensions></trkpt><trkpt lat="56.038502" lon="37.845933"><ele>168.2</ele><time>2026-07-09T18:24:16Z</time><extensions><gpxtpx:TrackPointExtension><gpxtpx:hr>155</gpxtpx:hr></gpxtpx:TrackPointExtension></extensions></trkpt><trkpt lat="56.038512" lon="37.84597"><ele>168.2</ele><time>2026-07-09T18:24:17Z</time><extensions><gpxtpx:TrackPointExtension><gpxtpx:hr>155</gpxtpx:hr></gpxtpx:TrackPointExtension></extensions></trkpt><trkpt lat="56.03852" lon="37.846007"><ele>168.4</ele><time>2026-07-09T18:24:18Z</time><extensions><gpxtpx:TrackPointExtension><gpxtpx:hr>155</gpxtpx:hr></gpxtpx:TrackPointExtension></extensions></trkpt><trkpt lat="56.038527" lon="37.846065"><ele>168.6</ele><time>2026-07-09T18:24:20Z</time><extensions><gpxtpx:TrackPointExtension><gpxtpx:hr>156</gpxtpx:hr></gpxtpx:TrackPointExtension></extensions></trkpt><trkpt lat="56.038537" lon="37.846102"><ele>168.8</ele><time>2026-07-09T18:24:21Z</time><extensions><gpxtpx:TrackPointExtension><gpxtpx:hr>156</gpxtpx:hr></gpxtpx:TrackPointExtension></extensions></trkpt><trkpt lat="56.038547" lon="37.846137"><ele>168.8</ele><time>2026-07-09T18:24:22Z</time><extensions><gpxtpx:TrackPointExtension><gpxtpx:hr>157</gpxtpx:hr></gpxtpx:TrackPointExtension></extensions></trkpt><trkpt lat="56.038557" lon="37.846167"><ele>168.8</ele><time>2026-07-09T18:24:23Z</time><extensions><gpxtpx:TrackPointExtension><gpxtpx:hr>157</gpxtpx:hr></gpxtpx:TrackPointExtension></extensions></trkpt><trkpt lat="56.038567" lon="37.8462"><ele>168.8</ele><time>2026-07-09T18:24:24Z</time><extensions><gpxtpx:TrackPointExtension><gpxtpx:hr>158</gpxtpx:hr></gpxtpx:TrackPointExtension></extensions></trkpt><trkpt lat="56.038577" lon="37.846232"><ele>169.0</ele><time>2026-07-09T18:24:25Z</time><extensions><gpxtpx:TrackPointExtension><gpxtpx:hr>158</gpxtpx:hr></gpxtpx:TrackPointExtension></extensions></trkpt><trkpt lat="56.038587" lon="37.846262"><ele>169.0</ele><time>2026-07-09T18:24:26Z</time><extensions><gpxtpx:TrackPointExtension><gpxtpx:hr>158</gpxtpx:hr></gpxtpx:TrackPointExtension></extensions></trkpt><trkpt lat="56.038597" lon="37.846292"><ele>169.2</ele><time>2026-07-09T18:24:27Z</time><extensions><gpxtpx:TrackPointExtension><gpxtpx:hr>158</gpxtpx:hr></gpxtpx:TrackPointExtension></extensions></trkpt><trkpt lat="56.038607" lon="37.846317"><ele>169.0</ele><time>2026-07-09T18:24:28Z</time><extensions><gpxtpx:TrackPointExtension><gpxtpx:hr>158</gpxtpx:hr></gpxtpx:TrackPointExtension></extensions></trkpt><trkpt lat="56.038615" lon="37.84635"><ele>169.2</ele><time>2026-07-09T18:24:29Z</time><extensions><gpxtpx:TrackPointExtension><gpxtpx:hr>158</gpxtpx:hr></gpxtpx:TrackPointExtension></extensions></trkpt><trkpt lat="56.038627" lon="37.84638"><ele>169.2</ele><time>2026-07-09T18:24:30Z</time><extensions><gpxtpx:TrackPointExtension><gpxtpx:hr>158</gpxtpx:hr></gpxtpx:TrackPointExtension></extensions></trkpt><trkpt lat="56.038642" lon="37.84644"><ele>169.2</ele><time>2026-07-09T18:24:32Z</time><extensions><gpxtpx:TrackPointExtension><gpxtpx:hr>158</gpxtpx:hr></gpxtpx:TrackPointExtension></extensions></trkpt><trkpt lat="56.03865" lon="37.846472"><ele>169.2</ele><time>2026-07-09T18:24:33Z</time><extensions><gpxtpx:TrackPointExtension><gpxtpx:hr>158</gpxtpx:hr></gpxtpx:TrackPointExtension></extensions></trkpt><trkpt lat="56.038662" lon="37.846507"><ele>169.4</ele><time>2026-07-09T18:24:34Z</time><extensions><gpxtpx:TrackPointExtension><gpxtpx:hr>158</gpxtpx:hr></gpxtpx:TrackPointExtension></extensions></trkpt><trkpt lat="56.038672" lon="37.846537"><ele>169.2</ele><time>2026-07-09T18:24:35Z</time><extensions><gpxtpx:TrackPointExtension><gpxtpx:hr>157</gpxtpx:hr></gpxtpx:TrackPointExtension></extensions></trkpt><trkpt lat="56.038682" lon="37.84657"><ele>169.4</ele><time>2026-07-09T18:24:36Z</time><extensions><gpxtpx:TrackPointExtension><gpxtpx:hr>157</gpxtpx:hr></gpxtpx:TrackPointExtension></extensions></trkpt><trkpt lat="56.03869" lon="37.846608"><ele>169.4</ele><time>2026-07-09T18:24:37Z</time><extensions><gpxtpx:TrackPointExtension><gpxtpx:hr>157</gpxtpx:hr></gpxtpx:TrackPointExtension></extensions></trkpt><trkpt lat="56.038697" lon="37.84665"><ele>169.4</ele><time>2026-07-09T18:24:38Z</time><extensions><gpxtpx:TrackPointExtension><gpxtpx:hr>157</gpxtpx:hr></gpxtpx:TrackPointExtension></extensions></trkpt><trkpt lat="56.038705" lon="37.846682"><ele>169.4</ele><time>2026-07-09T18:24:39Z</time><extensions><gpxtpx:TrackPointExtension><gpxtpx:hr>157</gpxtpx:hr></gpxtpx:TrackPointExtension></extensions></trkpt><trkpt lat="56.038712" lon="37.846712"><ele>169.6</ele><time>2026-07-09T18:24:40Z</time><extensions><gpxtpx:TrackPointExtension><gpxtpx:hr>157</gpxtpx:hr></gpxtpx:TrackPointExtension></extensions></trkpt><trkpt lat="56.03871" lon="37.846747"><ele>169.6</ele><time>2026-07-09T18:24:41Z</time><extensions><gpxtpx:TrackPointExtension><gpxtpx:hr>157</gpxtpx:hr></gpxtpx:TrackPointExtension></extensions></trkpt><trkpt lat="56.038725" lon="37.846802"><ele>169.4</ele><time>2026-07-09T18:24:43Z</time><extensions><gpxtpx:TrackPointExtension><gpxtpx:hr>157</gpxtpx:hr></gpxtpx:TrackPointExtension></extensions></trkpt><trkpt lat="56.038732" lon="37.846837"><ele>169.4</ele><time>2026-07-09T18:24:44Z</time><extensions><gpxtpx:TrackPointExtension><gpxtpx:hr>157</gpxtpx:hr></gpxtpx:TrackPointExtension></extensions></trkpt><trkpt lat="56.03874" lon="37.846867"><ele>169.4</ele><time>2026-07-09T18:24:45Z</time><extensions><gpxtpx:TrackPointExtension><gpxtpx:hr>157</gpxtpx:hr></gpxtpx:TrackPointExtension></extensions></trkpt><trkpt lat="56.03875" lon="37.846902"><ele>169.4</ele><time>2026-07-09T18:24:46Z</time><extensions><gpxtpx:TrackPointExtension><gpxtpx:hr>157</gpxtpx:hr></gpxtpx:TrackPointExtension></extensions></trkpt><trkpt lat="56.038757" lon="37.846932"><ele>169.4</ele><time>2026-07-09T18:24:47Z</time><extensions><gpxtpx:TrackPointExtension><gpxtpx:hr>156</gpxtpx:hr></gpxtpx:TrackPointExtension></extensions></trkpt><trkpt lat="56.03878" lon="37.846972"><ele>169.4</ele><time>2026-07-09T18:24:49Z</time><extensions><gpxtpx:TrackPointExtension><gpxtpx:hr>155</gpxtpx:hr></gpxtpx:TrackPointExtension></extensions></trkpt><trkpt lat="56.038775" lon="37.84694"><ele>169.4</ele><time>2026-07-09T18:24:51Z</time><extensions><gpxtpx:TrackPointExtension><gpxtpx:hr>153</gpxtpx:hr></gpxtpx:TrackPointExtension></extensions></trkpt><trkpt lat="56.03876" lon="37.846872"><ele>169.4</ele><time>2026-07-09T18:24:53Z</time><extensions><gpxtpx:TrackPointExtension><gpxtpx:hr>152</gpxtpx:hr></gpxtpx:TrackPointExtension></extensions></trkpt><trkpt lat="56.03875" lon="37.84683"><ele>169.4</ele><time>2026-07-09T18:24:54Z</time><extensions><gpxtpx:TrackPointExtension><gpxtpx:hr>152</gpxtpx:hr></gpxtpx:TrackPointExtension></extensions></trkpt><trkpt lat="56.038742" lon="37.846782"><ele>169.4</ele><time>2026-07-09T18:24:55Z</time><extensions><gpxtpx:TrackPointExtension><gpxtpx:hr>151</gpxtpx:hr></gpxtpx:TrackPointExtension></extensions></trkpt><trkpt lat="56.03873" lon="37.84674"><ele>169.4</ele><time>2026-07-09T18:24:56Z</time><extensions><gpxtpx:TrackPointExtension><gpxtpx:hr>151</gpxtpx:hr></gpxtpx:TrackPointExtension></extensions></trkpt><trkpt lat="56.038722" lon="37.846692"><ele>169.4</ele><time>2026-07-09T18:24:57Z</time><extensions><gpxtpx:TrackPointExtension><gpxtpx:hr>151</gpxtpx:hr></gpxtpx:TrackPointExtension></extensions></trkpt><trkpt lat="56.038717" lon="37.846647"><ele>169.4</ele><time>2026-07-09T18:24:58Z</time><extensions><gpxtpx:TrackPointExtension><gpxtpx:hr>151</gpxtpx:hr></gpxtpx:TrackPointExtension></extensions></trkpt><trkpt lat="56.03871" lon="37.846602"><ele>169.4</ele><time>2026-07-09T18:24:59Z</time><extensions><gpxtpx:TrackPointExtension><gpxtpx:hr>150</gpxtpx:hr></gpxtpx:TrackPointExtension></extensions></trkpt><trkpt lat="56.038702" lon="37.846567"><ele>169.6</ele><time>2026-07-09T18:25:00Z</time><extensions><gpxtpx:TrackPointExtension><gpxtpx:hr>150</gpxtpx:hr></gpxtpx:TrackPointExtension></extensions></trkpt><trkpt lat="56.038697" lon="37.846532"><ele>169.6</ele><time>2026-07-09T18:25:01Z</time><extensions><gpxtpx:TrackPointExtension><gpxtpx:hr>150</gpxtpx:hr></gpxtpx:TrackPointExtension></extensions></trkpt><trkpt lat="56.03869" lon="37.846495"><ele>169.6</ele><time>2026-07-09T18:25:02Z</time><extensions><gpxtpx:TrackPointExtension><gpxtpx:hr>151</gpxtpx:hr></gpxtpx:TrackPointExtension></extensions></trkpt><trkpt lat="56.038682" lon="37.84646"><ele>169.4</ele><time>2026-07-09T18:25:03Z</time><extensions><gpxtpx:TrackPointExtension><gpxtpx:hr>151</gpxtpx:hr></gpxtpx:TrackPointExtension></extensions></trkpt><trkpt lat="56.038672" lon="37.84642"><ele>169.4</ele><time>2026-07-09T18:25:04Z</time><extensions><gpxtpx:TrackPointExtension><gpxtpx:hr>151</gpxtpx:hr></gpxtpx:TrackPointExtension></extensions></trkpt><trkpt lat="56.03866" lon="37.846372"><ele>169.4</ele><time>2026-07-09T18:25:05Z</time><extensions><gpxtpx:TrackPointExtension><gpxtpx:hr>151</gpxtpx:hr></gpxtpx:TrackPointExtension></extensions></trkpt><trkpt lat="56.038647" lon="37.846327"><ele>169.4</ele><time>2026-07-09T18:25:06Z</time><extensions><gpxtpx:TrackPointExtension><gpxtpx:hr>151</gpxtpx:hr></gpxtpx:TrackPointExtension></extensions></trkpt><trkpt lat="56.038637" lon="37.846277"><ele>169.4</ele><time>2026-07-09T18:25:07Z</time><extensions><gpxtpx:TrackPointExtension><gpxtpx:hr>151</gpxtpx:hr></gpxtpx:TrackPointExtension></extensions></trkpt><trkpt lat="56.038627" lon="37.846235"><ele>169.4</ele><time>2026-07-09T18:25:08Z</time><extensions><gpxtpx:TrackPointExtension><gpxtpx:hr>151</gpxtpx:hr></gpxtpx:TrackPointExtension></extensions></trkpt><trkpt lat="56.038617" lon="37.846195"><ele>169.4</ele><time>2026-07-09T18:25:09Z</time><extensions><gpxtpx:TrackPointExtension><gpxtpx:hr>152</gpxtpx:hr></gpxtpx:TrackPointExtension></extensions></trkpt><trkpt lat="56.038607" lon="37.846155"><ele>169.2</ele><time>2026-07-09T18:25:10Z</time><extensions><gpxtpx:TrackPointExtension><gpxtpx:hr>152</gpxtpx:hr></gpxtpx:TrackPointExtension></extensions></trkpt><trkpt lat="56.038597" lon="37.846115"><ele>169.2</ele><time>2026-07-09T18:25:11Z</time><extensions><gpxtpx:TrackPointExtension><gpxtpx:hr>152</gpxtpx:hr></gpxtpx:TrackPointExtension></extensions></trkpt><trkpt lat="56.038585" lon="37.846077"><ele>169.2</ele><time>2026-07-09T18:25:12Z</time><extensions><gpxtpx:TrackPointExtension><gpxtpx:hr>151</gpxtpx:hr></gpxtpx:TrackPointExtension></extensions></trkpt><trkpt lat="56.038575" lon="37.846037"><ele>169.2</ele><time>2026-07-09T18:25:13Z</time><extensions><gpxtpx:TrackPointExtension><gpxtpx:hr>151</gpxtpx:hr></gpxtpx:TrackPointExtension></extensions></trkpt><trkpt lat="56.038565" lon="37.846002"><ele>169.0</ele><time>2026-07-09T18:25:14Z</time><extensions><gpxtpx:TrackPointExtension><gpxtpx:hr>151</gpxtpx:hr></gpxtpx:TrackPointExtension></extensions></trkpt><trkpt lat="56.038555" lon="37.845962"><ele>169.0</ele><time>2026-07-09T18:25:15Z</time><extensions><gpxtpx:TrackPointExtension><gpxtpx:hr>150</gpxtpx:hr></gpxtpx:TrackPointExtension></extensions></trkpt><trkpt lat="56.038547" lon="37.845917"><ele>169.0</ele><time>2026-07-09T18:25:16Z</time><extensions><gpxtpx:TrackPointExtension><gpxtpx:hr>150</gpxtpx:hr></gpxtpx:TrackPointExtension></extensions></trkpt><trkpt lat="56.038537" lon="37.845882"><ele>169.0</ele><time>2026-07-09T18:25:17Z</time><extensions><gpxtpx:TrackPointExtension><gpxtpx:hr>150</gpxtpx:hr></gpxtpx:TrackPointExtension></extensions></trkpt><trkpt lat="56.038527" lon="37.845847"><ele>169.0</ele><time>2026-07-09T18:25:18Z</time><extensions><gpxtpx:TrackPointExtension><gpxtpx:hr>151</gpxtpx:hr></gpxtpx:TrackPointExtension></extensions></trkpt><trkpt lat="56.038512" lon="37.845805"><ele>169.0</ele><time>2026-07-09T18:25:19Z</time><extensions><gpxtpx:TrackPointExtension><gpxtpx:hr>150</gpxtpx:hr></gpxtpx:TrackPointExtension></extensions></trkpt><trkpt lat="56.038505" lon="37.845767"><ele>168.8</ele><time>2026-07-09T18:25:20Z</time><extensions><gpxtpx:TrackPointExtension><gpxtpx:hr>150</gpxtpx:hr></gpxtpx:TrackPointExtension></extensions></trkpt><trkpt lat="56.038497" lon="37.84573"><ele>168.8</ele><time>2026-07-09T18:25:21Z</time><extensions><gpxtpx:TrackPointExtension><gpxtpx:hr>150</gpxtpx:hr></gpxtpx:TrackPointExtension></extensions></trkpt><trkpt lat="56.038485" lon="37.845685"><ele>168.6</ele><time>2026-07-09T18:25:22Z</time><extensions><gpxtpx:TrackPointExtension><gpxtpx:hr>150</gpxtpx:hr></gpxtpx:TrackPointExtension></extensions></trkpt><trkpt lat="56.038475" lon="37.845645"><ele>168.6</ele><time>2026-07-09T18:25:23Z</time><extensions><gpxtpx:TrackPointExtension><gpxtpx:hr>149</gpxtpx:hr></gpxtpx:TrackPointExtension></extensions></trkpt><trkpt lat="56.038462" lon="37.845607"><ele>168.4</ele><time>2026-07-09T18:25:24Z</time><extensions><gpxtpx:TrackPointExtension><gpxtpx:hr>148</gpxtpx:hr></gpxtpx:TrackPointExtension></extensions></trkpt><trkpt lat="56.038452" lon="37.845567"><ele>168.4</ele><time>2026-07-09T18:25:25Z</time><extensions><gpxtpx:TrackPointExtension><gpxtpx:hr>147</gpxtpx:hr></gpxtpx:TrackPointExtension></extensions></trkpt><trkpt lat="56.038442" lon="37.845525"><ele>168.2</ele><time>2026-07-09T18:25:26Z</time><extensions><gpxtpx:TrackPointExtension><gpxtpx:hr>146</gpxtpx:hr></gpxtpx:TrackPointExtension></extensions></trkpt><trkpt lat="56.03843" lon="37.84548"><ele>168.0</ele><time>2026-07-09T18:25:27Z</time><extensions><gpxtpx:TrackPointExtension><gpxtpx:hr>145</gpxtpx:hr></gpxtpx:TrackPointExtension></extensions></trkpt><trkpt lat="56.038417" lon="37.84543"><ele>168.0</ele><time>2026-07-09T18:25:28Z</time><extensions><gpxtpx:TrackPointExtension><gpxtpx:hr>145</gpxtpx:hr></gpxtpx:TrackPointExtension></extensions></trkpt><trkpt lat="56.038407" lon="37.845382"><ele>167.8</ele><time>2026-07-09T18:25:29Z</time><extensions><gpxtpx:TrackPointExtension><gpxtpx:hr>145</gpxtpx:hr></gpxtpx:TrackPointExtension></extensions></trkpt><trkpt lat="56.0384" lon="37.84534"><ele>167.8</ele><time>2026-07-09T18:25:30Z</time><extensions><gpxtpx:TrackPointExtension><gpxtpx:hr>144</gpxtpx:hr></gpxtpx:TrackPointExtension></extensions></trkpt><trkpt lat="56.038387" lon="37.8453"><ele>167.8</ele><time>2026-07-09T18:25:31Z</time><extensions><gpxtpx:TrackPointExtension><gpxtpx:hr>144</gpxtpx:hr></gpxtpx:TrackPointExtension></extensions></trkpt><trkpt lat="56.038375" lon="37.845255"><ele>167.4</ele><time>2026-07-09T18:25:32Z</time><extensions><gpxtpx:TrackPointExtension><gpxtpx:hr>144</gpxtpx:hr></gpxtpx:TrackPointExtension></extensions></trkpt><trkpt lat="56.038362" lon="37.845212"><ele>167.2</ele><time>2026-07-09T18:25:33Z</time><extensions><gpxtpx:TrackPointExtension><gpxtpx:hr>144</gpxtpx:hr></gpxtpx:TrackPointExtension></extensions></trkpt><trkpt lat="56.038352" lon="37.845172"><ele>167.0</ele><time>2026-07-09T18:25:34Z</time><extensions><gpxtpx:TrackPointExtension><gpxtpx:hr>145</gpxtpx:hr></gpxtpx:TrackPointExtension></extensions></trkpt><trkpt lat="56.038337" lon="37.845132"><ele>166.8</ele><time>2026-07-09T18:25:35Z</time><extensions><gpxtpx:TrackPointExtension><gpxtpx:hr>145</gpxtpx:hr></gpxtpx:TrackPointExtension></extensions></trkpt><trkpt lat="56.038327" lon="37.845097"><ele>166.6</ele><time>2026-07-09T18:25:36Z</time><extensions><gpxtpx:TrackPointExtension><gpxtpx:hr>145</gpxtpx:hr></gpxtpx:TrackPointExtension></extensions></trkpt><trkpt lat="56.038317" lon="37.84506"><ele>166.4</ele><time>2026-07-09T18:25:37Z</time><extensions><gpxtpx:TrackPointExtension><gpxtpx:hr>145</gpxtpx:hr></gpxtpx:TrackPointExtension></extensions></trkpt><trkpt lat="56.038307" lon="37.845017"><ele>166.2</ele><time>2026-07-09T18:25:38Z</time><extensions><gpxtpx:TrackPointExtension><gpxtpx:hr>145</gpxtpx:hr></gpxtpx:TrackPointExtension></extensions></trkpt><trkpt lat="56.038297" lon="37.844977"><ele>166.0</ele><time>2026-07-09T18:25:39Z</time><extensions><gpxtpx:TrackPointExtension><gpxtpx:hr>145</gpxtpx:hr></gpxtpx:TrackPointExtension></extensions></trkpt><trkpt lat="56.038282" lon="37.844937"><ele>165.8</ele><time>2026-07-09T18:25:40Z</time><extensions><gpxtpx:TrackPointExtension><gpxtpx:hr>145</gpxtpx:hr></gpxtpx:TrackPointExtension></extensions></trkpt><trkpt lat="56.038272" lon="37.84489"><ele>165.6</ele><time>2026-07-09T18:25:41Z</time><extensions><gpxtpx:TrackPointExtension><gpxtpx:hr>145</gpxtpx:hr></gpxtpx:TrackPointExtension></extensions></trkpt><trkpt lat="56.03826" lon="37.844847"><ele>165.4</ele><time>2026-07-09T18:25:42Z</time><extensions><gpxtpx:TrackPointExtension><gpxtpx:hr>145</gpxtpx:hr></gpxtpx:TrackPointExtension></extensions></trkpt><trkpt lat="56.038247" lon="37.8448"><ele>165.2</ele><time>2026-07-09T18:25:43Z</time><extensions><gpxtpx:TrackPointExtension><gpxtpx:hr>145</gpxtpx:hr></gpxtpx:TrackPointExtension></extensions></trkpt><trkpt lat="56.03824" lon="37.844757"><ele>165.0</ele><time>2026-07-09T18:25:44Z</time><extensions><gpxtpx:TrackPointExtension><gpxtpx:hr>145</gpxtpx:hr></gpxtpx:TrackPointExtension></extensions></trkpt><trkpt lat="56.038225" lon="37.844715"><ele>164.6</ele><time>2026-07-09T18:25:45Z</time><extensions><gpxtpx:TrackPointExtension><gpxtpx:hr>145</gpxtpx:hr></gpxtpx:TrackPointExtension></extensions></trkpt><trkpt lat="56.038212" lon="37.844675"><ele>164.4</ele><time>2026-07-09T18:25:46Z</time><extensions><gpxtpx:TrackPointExtension><gpxtpx:hr>145</gpxtpx:hr></gpxtpx:TrackPointExtension></extensions></trkpt><trkpt lat="56.038217" lon="37.844732"><ele>163.2</ele><time>2026-07-09T18:25:50Z</time><extensions><gpxtpx:TrackPointExtension><gpxtpx:hr>145</gpxtpx:hr></gpxtpx:TrackPointExtension></extensions></trkpt><trkpt lat="56.038232" lon="37.844792"><ele>163.2</ele><time>2026-07-09T18:25:51Z</time><extensions><gpxtpx:TrackPointExtension><gpxtpx:hr>145</gpxtpx:hr></gpxtpx:TrackPointExtension></extensions></trkpt><trkpt lat="56.038257" lon="37.844867"><ele>163.0</ele><time>2026-07-09T18:25:52Z</time><extensions><gpxtpx:TrackPointExtension><gpxtpx:hr>145</gpxtpx:hr></gpxtpx:TrackPointExtension></extensions></trkpt><trkpt lat="56.038277" lon="37.844952"><ele>162.8</ele><time>2026-07-09T18:25:53Z</time><extensions><gpxtpx:TrackPointExtension><gpxtpx:hr>147</gpxtpx:hr></gpxtpx:TrackPointExtension></extensions></trkpt><trkpt lat="56.038302" lon="37.845032"><ele>163.0</ele><time>2026-07-09T18:25:54Z</time><extensions><gpxtpx:TrackPointExtension><gpxtpx:hr>147</gpxtpx:hr></gpxtpx:TrackPointExtension></extensions></trkpt><trkpt lat="56.038325" lon="37.845117"><ele>163.0</ele><time>2026-07-09T18:25:55Z</time><extensions><gpxtpx:TrackPointExtension><gpxtpx:hr>148</gpxtpx:hr></gpxtpx:TrackPointExtension></extensions></trkpt><trkpt lat="56.038347" lon="37.845205"><ele>163.2</ele><time>2026-07-09T18:25:56Z</time><extensions><gpxtpx:TrackPointExtension><gpxtpx:hr>147</gpxtpx:hr></gpxtpx:TrackPointExtension></extensions></trkpt><trkpt lat="56.038367" lon="37.845285"><ele>163.4</ele><time>2026-07-09T18:25:57Z</time><extensions><gpxtpx:TrackPointExtension><gpxtpx:hr>148</gpxtpx:hr></gpxtpx:TrackPointExtension></extensions></trkpt><trkpt lat="56.038383" lon="37.845372"><ele>163.8</ele><time>2026-07-09T18:25:58Z</time><extensions><gpxtpx:TrackPointExtension><gpxtpx:hr>148</gpxtpx:hr></gpxtpx:TrackPointExtension></extensions></trkpt><trkpt lat="56.038402" lon="37.845452"><ele>164.0</ele><time>2026-07-09T18:25:59Z</time><extensions><gpxtpx:TrackPointExtension><gpxtpx:hr>148</gpxtpx:hr></gpxtpx:TrackPointExtension></extensions></trkpt><trkpt lat="56.038417" lon="37.845517"><ele>164.4</ele><time>2026-07-09T18:26:00Z</time><extensions><gpxtpx:TrackPointExtension><gpxtpx:hr>149</gpxtpx:hr></gpxtpx:TrackPointExtension></extensions></trkpt><trkpt lat="56.038432" lon="37.845575"><ele>165.0</ele><time>2026-07-09T18:26:01Z</time><extensions><gpxtpx:TrackPointExtension><gpxtpx:hr>149</gpxtpx:hr></gpxtpx:TrackPointExtension></extensions></trkpt><trkpt lat="56.038442" lon="37.845627"><ele>165.4</ele><time>2026-07-09T18:26:02Z</time><extensions><gpxtpx:TrackPointExtension><gpxtpx:hr>149</gpxtpx:hr></gpxtpx:TrackPointExtension></extensions></trkpt><trkpt lat="56.03845" lon="37.845672"><ele>166.0</ele><time>2026-07-09T18:26:03Z</time><extensions><gpxtpx:TrackPointExtension><gpxtpx:hr>150</gpxtpx:hr></gpxtpx:TrackPointExtension></extensions></trkpt><trkpt lat="56.038457" lon="37.845708"><ele>166.4</ele><time>2026-07-09T18:26:04Z</time><extensions><gpxtpx:TrackPointExtension><gpxtpx:hr>150</gpxtpx:hr></gpxtpx:TrackPointExtension></extensions></trkpt><trkpt lat="56.038467" lon="37.845742"><ele>166.8</ele><time>2026-07-09T18:26:05Z</time><extensions><gpxtpx:TrackPointExtension><gpxtpx:hr>151</gpxtpx:hr></gpxtpx:TrackPointExtension></extensions></trkpt><trkpt lat="56.03848" lon="37.845778"><ele>167.2</ele><time>2026-07-09T18:26:06Z</time><extensions><gpxtpx:TrackPointExtension><gpxtpx:hr>151</gpxtpx:hr></gpxtpx:TrackPointExtension></extensions></trkpt><trkpt lat="56.03849" lon="37.845807"><ele>167.4</ele><time>2026-07-09T18:26:07Z</time><extensions><gpxtpx:TrackPointExtension><gpxtpx:hr>151</gpxtpx:hr></gpxtpx:TrackPointExtension></extensions></trkpt><trkpt lat="56.038505" lon="37.845857"><ele>168.0</ele><time>2026-07-09T18:26:09Z</time><extensions><gpxtpx:TrackPointExtension><gpxtpx:hr>152</gpxtpx:hr></gpxtpx:TrackPointExtension></extensions></trkpt><trkpt lat="56.038522" lon="37.845917"><ele>168.2</ele><time>2026-07-09T18:26:11Z</time><extensions><gpxtpx:TrackPointExtension><gpxtpx:hr>151</gpxtpx:hr></gpxtpx:TrackPointExtension></extensions></trkpt><trkpt lat="56.038527" lon="37.845992"><ele>168.6</ele><time>2026-07-09T18:26:13Z</time><extensions><gpxtpx:TrackPointExtension><gpxtpx:hr>152</gpxtpx:hr></gpxtpx:TrackPointExtension></extensions></trkpt><trkpt lat="56.038537" lon="37.846027"><ele>168.8</ele><time>2026-07-09T18:26:14Z</time><extensions><gpxtpx:TrackPointExtension><gpxtpx:hr>152</gpxtpx:hr></gpxtpx:TrackPointExtension></extensions></trkpt><trkpt lat="56.038552" lon="37.846085"><ele>169.0</ele><time>2026-07-09T18:26:16Z</time><extensions><gpxtpx:TrackPointExtension><gpxtpx:hr>153</gpxtpx:hr></gpxtpx:TrackPointExtension></extensions></trkpt><trkpt lat="56.038557" lon="37.84612"><ele>169.0</ele><time>2026-07-09T18:26:17Z</time><extensions><gpxtpx:TrackPointExtension><gpxtpx:hr>153</gpxtpx:hr></gpxtpx:TrackPointExtension></extensions></trkpt><trkpt lat="56.038562" lon="37.846157"><ele>169.0</ele><time>2026-07-09T18:26:18Z</time><extensions><gpxtpx:TrackPointExtension><gpxtpx:hr>154</gpxtpx:hr></gpxtpx:TrackPointExtension></extensions></trkpt><trkpt lat="56.03857" lon="37.846195"><ele>169.0</ele><time>2026-07-09T18:26:19Z</time><extensions><gpxtpx:TrackPointExtension><gpxtpx:hr>154</gpxtpx:hr></gpxtpx:TrackPointExtension></extensions></trkpt><trkpt lat="56.038587" lon="37.846252"><ele>169.2</ele><time>2026-07-09T18:26:21Z</time><extensions><gpxtpx:TrackPointExtension><gpxtpx:hr>155</gpxtpx:hr></gpxtpx:TrackPointExtension></extensions></trkpt><trkpt lat="56.038602" lon="37.846313"><ele>169.2</ele><time>2026-07-09T18:26:23Z</time><extensions><gpxtpx:TrackPointExtension><gpxtpx:hr>155</gpxtpx:hr></gpxtpx:TrackPointExtension></extensions></trkpt><trkpt lat="56.038612" lon="37.84635"><ele>169.2</ele><time>2026-07-09T18:26:24Z</time><extensions><gpxtpx:TrackPointExtension><gpxtpx:hr>155</gpxtpx:hr></gpxtpx:TrackPointExtension></extensions></trkpt><trkpt lat="56.03862" lon="37.846387"><ele>169.2</ele><time>2026-07-09T18:26:25Z</time><extensions><gpxtpx:TrackPointExtension><gpxtpx:hr>155</gpxtpx:hr></gpxtpx:TrackPointExtension></extensions></trkpt><trkpt lat="56.038632" lon="37.84643"><ele>169.2</ele><time>2026-07-09T18:26:26Z</time><extensions><gpxtpx:TrackPointExtension><gpxtpx:hr>155</gpxtpx:hr></gpxtpx:TrackPointExtension></extensions></trkpt><trkpt lat="56.038642" lon="37.846467"><ele>169.2</ele><time>2026-07-09T18:26:27Z</time><extensions><gpxtpx:TrackPointExtension><gpxtpx:hr>155</gpxtpx:hr></gpxtpx:TrackPointExtension></extensions></trkpt><trkpt lat="56.038647" lon="37.846505"><ele>169.4</ele><time>2026-07-09T18:26:28Z</time><extensions><gpxtpx:TrackPointExtension><gpxtpx:hr>155</gpxtpx:hr></gpxtpx:TrackPointExtension></extensions></trkpt><trkpt lat="56.03865" lon="37.846542"><ele>169.4</ele><time>2026-07-09T18:26:29Z</time><extensions><gpxtpx:TrackPointExtension><gpxtpx:hr>155</gpxtpx:hr></gpxtpx:TrackPointExtension></extensions></trkpt><trkpt lat="56.038667" lon="37.8466"><ele>169.4</ele><time>2026-07-09T18:26:31Z</time><extensions><gpxtpx:TrackPointExtension><gpxtpx:hr>155</gpxtpx:hr></gpxtpx:TrackPointExtension></extensions></trkpt><trkpt lat="56.038687" lon="37.846655"><ele>169.4</ele><time>2026-07-09T18:26:33Z</time><extensions><gpxtpx:TrackPointExtension><gpxtpx:hr>155</gpxtpx:hr></gpxtpx:TrackPointExtension></extensions></trkpt><trkpt lat="56.038697" lon="37.846687"><ele>169.4</ele><time>2026-07-09T18:26:34Z</time><extensions><gpxtpx:TrackPointExtension><gpxtpx:hr>154</gpxtpx:hr></gpxtpx:TrackPointExtension></extensions></trkpt><trkpt lat="56.038705" lon="37.846717"><ele>169.4</ele><time>2026-07-09T18:26:35Z</time><extensions><gpxtpx:TrackPointExtension><gpxtpx:hr>154</gpxtpx:hr></gpxtpx:TrackPointExtension></extensions></trkpt><trkpt lat="56.038727" lon="37.84669"><ele>169.6</ele><time>2026-07-09T18:26:37Z</time><extensions><gpxtpx:TrackPointExtension><gpxtpx:hr>156</gpxtpx:hr></gpxtpx:TrackPointExtension></extensions></trkpt><trkpt lat="56.038735" lon="37.84664"><ele>169.6</ele><time>2026-07-09T18:26:39Z</time><extensions><gpxtpx:TrackPointExtension><gpxtpx:hr>156</gpxtpx:hr></gpxtpx:TrackPointExtension></extensions></trkpt><trkpt lat="56.038727" lon="37.84658"><ele>169.6</ele><time>2026-07-09T18:26:41Z</time><extensions><gpxtpx:TrackPointExtension><gpxtpx:hr>156</gpxtpx:hr></gpxtpx:TrackPointExtension></extensions></trkpt><trkpt lat="56.03872" lon="37.84655"><ele>169.6</ele><time>2026-07-09T18:26:42Z</time><extensions><gpxtpx:TrackPointExtension><gpxtpx:hr>155</gpxtpx:hr></gpxtpx:TrackPointExtension></extensions></trkpt><trkpt lat="56.038707" lon="37.846517"><ele>169.6</ele><time>2026-07-09T18:26:43Z</time><extensions><gpxtpx:TrackPointExtension><gpxtpx:hr>155</gpxtpx:hr></gpxtpx:TrackPointExtension></extensions></trkpt><trkpt lat="56.038692" lon="37.84646"><ele>169.4</ele><time>2026-07-09T18:26:45Z</time><extensions><gpxtpx:TrackPointExtension><gpxtpx:hr>154</gpxtpx:hr></gpxtpx:TrackPointExtension></extensions></trkpt><trkpt lat="56.038682" lon="37.846422"><ele>169.4</ele><time>2026-07-09T18:26:46Z</time><extensions><gpxtpx:TrackPointExtension><gpxtpx:hr>154</gpxtpx:hr></gpxtpx:TrackPointExtension></extensions></trkpt><trkpt lat="56.038675" lon="37.846382"><ele>169.4</ele><time>2026-07-09T18:26:47Z</time><extensions><gpxtpx:TrackPointExtension><gpxtpx:hr>153</gpxtpx:hr></gpxtpx:TrackPointExtension></extensions></trkpt><trkpt lat="56.038667" lon="37.846347"><ele>169.4</ele><time>2026-07-09T18:26:48Z</time><extensions><gpxtpx:TrackPointExtension><gpxtpx:hr>153</gpxtpx:hr></gpxtpx:TrackPointExtension></extensions></trkpt><trkpt lat="56.038657" lon="37.846312"><ele>169.2</ele><time>2026-07-09T18:26:49Z</time><extensions><gpxtpx:TrackPointExtension><gpxtpx:hr>153</gpxtpx:hr></gpxtpx:TrackPointExtension></extensions></trkpt><trkpt lat="56.03865" lon="37.846275"><ele>169.2</ele><time>2026-07-09T18:26:50Z</time><extensions><gpxtpx:TrackPointExtension><gpxtpx:hr>154</gpxtpx:hr></gpxtpx:TrackPointExtension></extensions></trkpt><trkpt lat="56.038642" lon="37.846237"><ele>169.2</ele><time>2026-07-09T18:26:51Z</time><extensions><gpxtpx:TrackPointExtension><gpxtpx:hr>154</gpxtpx:hr></gpxtpx:TrackPointExtension></extensions></trkpt><trkpt lat="56.038632" lon="37.846195"><ele>169.2</ele><time>2026-07-09T18:26:52Z</time><extensions><gpxtpx:TrackPointExtension><gpxtpx:hr>154</gpxtpx:hr></gpxtpx:TrackPointExtension></extensions></trkpt><trkpt lat="56.038625" lon="37.846162"><ele>169.2</ele><time>2026-07-09T18:26:53Z</time><extensions><gpxtpx:TrackPointExtension><gpxtpx:hr>154</gpxtpx:hr></gpxtpx:TrackPointExtension></extensions></trkpt><trkpt lat="56.038612" lon="37.846125"><ele>169.0</ele><time>2026-07-09T18:26:54Z</time><extensions><gpxtpx:TrackPointExtension><gpxtpx:hr>154</gpxtpx:hr></gpxtpx:TrackPointExtension></extensions></trkpt><trkpt lat="56.038607" lon="37.846092"><ele>169.2</ele><time>2026-07-09T18:26:55Z</time><extensions><gpxtpx:TrackPointExtension><gpxtpx:hr>154</gpxtpx:hr></gpxtpx:TrackPointExtension></extensions></trkpt><trkpt lat="56.038597" lon="37.846055"><ele>169.2</ele><time>2026-07-09T18:26:56Z</time><extensions><gpxtpx:TrackPointExtension><gpxtpx:hr>155</gpxtpx:hr></gpxtpx:TrackPointExtension></extensions></trkpt><trkpt lat="56.038582" lon="37.846022"><ele>169.4</ele><time>2026-07-09T18:26:57Z</time><extensions><gpxtpx:TrackPointExtension><gpxtpx:hr>154</gpxtpx:hr></gpxtpx:TrackPointExtension></extensions></trkpt><trkpt lat="56.038567" lon="37.845965"><ele>169.4</ele><time>2026-07-09T18:26:59Z</time><extensions><gpxtpx:TrackPointExtension><gpxtpx:hr>153</gpxtpx:hr></gpxtpx:TrackPointExtension></extensions></trkpt><trkpt lat="56.038557" lon="37.84593"><ele>169.4</ele><time>2026-07-09T18:27:00Z</time><extensions><gpxtpx:TrackPointExtension><gpxtpx:hr>153</gpxtpx:hr></gpxtpx:TrackPointExtension></extensions></trkpt><trkpt lat="56.038547" lon="37.845892"><ele>169.2</ele><time>2026-07-09T18:27:01Z</time><extensions><gpxtpx:TrackPointExtension><gpxtpx:hr>153</gpxtpx:hr></gpxtpx:TrackPointExtension></extensions></trkpt><trkpt lat="56.038537" lon="37.845852"><ele>169.2</ele><time>2026-07-09T18:27:02Z</time><extensions><gpxtpx:TrackPointExtension><gpxtpx:hr>153</gpxtpx:hr></gpxtpx:TrackPointExtension></extensions></trkpt><trkpt lat="56.038527" lon="37.845815"><ele>169.0</ele><time>2026-07-09T18:27:03Z</time><extensions><gpxtpx:TrackPointExtension><gpxtpx:hr>153</gpxtpx:hr></gpxtpx:TrackPointExtension></extensions></trkpt><trkpt lat="56.03852" lon="37.845775"><ele>168.8</ele><time>2026-07-09T18:27:04Z</time><extensions><gpxtpx:TrackPointExtension><gpxtpx:hr>153</gpxtpx:hr></gpxtpx:TrackPointExtension></extensions></trkpt><trkpt lat="56.038507" lon="37.845737"><ele>168.8</ele><time>2026-07-09T18:27:05Z</time><extensions><gpxtpx:TrackPointExtension><gpxtpx:hr>154</gpxtpx:hr></gpxtpx:TrackPointExtension></extensions></trkpt><trkpt lat="56.038497" lon="37.845705"><ele>168.6</ele><time>2026-07-09T18:27:06Z</time><extensions><gpxtpx:TrackPointExtension><gpxtpx:hr>154</gpxtpx:hr></gpxtpx:TrackPointExtension></extensions></trkpt><trkpt lat="56.038487" lon="37.84566"><ele>168.6</ele><time>2026-07-09T18:27:07Z</time><extensions><gpxtpx:TrackPointExtension><gpxtpx:hr>154</gpxtpx:hr></gpxtpx:TrackPointExtension></extensions></trkpt><trkpt lat="56.03848" lon="37.845615"><ele>168.6</ele><time>2026-07-09T18:27:08Z</time><extensions><gpxtpx:TrackPointExtension><gpxtpx:hr>154</gpxtpx:hr></gpxtpx:TrackPointExtension></extensions></trkpt><trkpt lat="56.038468" lon="37.84558"><ele>168.4</ele><time>2026-07-09T18:27:09Z</time><extensions><gpxtpx:TrackPointExtension><gpxtpx:hr>154</gpxtpx:hr></gpxtpx:TrackPointExtension></extensions></trkpt><trkpt lat="56.038462" lon="37.845545"><ele>168.2</ele><time>2026-07-09T18:27:10Z</time><extensions><gpxtpx:TrackPointExtension><gpxtpx:hr>154</gpxtpx:hr></gpxtpx:TrackPointExtension></extensions></trkpt><trkpt lat="56.038452" lon="37.845505"><ele>168.0</ele><time>2026-07-09T18:27:11Z</time><extensions><gpxtpx:TrackPointExtension><gpxtpx:hr>153</gpxtpx:hr></gpxtpx:TrackPointExtension></extensions></trkpt><trkpt lat="56.038442" lon="37.845465"><ele>167.8</ele><time>2026-07-09T18:27:12Z</time><extensions><gpxtpx:TrackPointExtension><gpxtpx:hr>154</gpxtpx:hr></gpxtpx:TrackPointExtension></extensions></trkpt><trkpt lat="56.038435" lon="37.845422"><ele>167.8</ele><time>2026-07-09T18:27:13Z</time><extensions><gpxtpx:TrackPointExtension><gpxtpx:hr>154</gpxtpx:hr></gpxtpx:TrackPointExtension></extensions></trkpt><trkpt lat="56.038427" lon="37.845382"><ele>167.6</ele><time>2026-07-09T18:27:14Z</time><extensions><gpxtpx:TrackPointExtension><gpxtpx:hr>153</gpxtpx:hr></gpxtpx:TrackPointExtension></extensions></trkpt><trkpt lat="56.038422" lon="37.845335"><ele>167.6</ele><time>2026-07-09T18:27:15Z</time><extensions><gpxtpx:TrackPointExtension><gpxtpx:hr>152</gpxtpx:hr></gpxtpx:TrackPointExtension></extensions></trkpt><trkpt lat="56.038415" lon="37.8453"><ele>167.4</ele><time>2026-07-09T18:27:16Z</time><extensions><gpxtpx:TrackPointExtension><gpxtpx:hr>150</gpxtpx:hr></gpxtpx:TrackPointExtension></extensions></trkpt><trkpt lat="56.038405" lon="37.84526"><ele>167.2</ele><time>2026-07-09T18:27:17Z</time><extensions><gpxtpx:TrackPointExtension><gpxtpx:hr>150</gpxtpx:hr></gpxtpx:TrackPointExtension></extensions></trkpt><trkpt lat="56.038392" lon="37.845222"><ele>167.0</ele><time>2026-07-09T18:27:18Z</time><extensions><gpxtpx:TrackPointExtension><gpxtpx:hr>149</gpxtpx:hr></gpxtpx:TrackPointExtension></extensions></trkpt><trkpt lat="56.038387" lon="37.845185"><ele>167.0</ele><time>2026-07-09T18:27:19Z</time><extensions><gpxtpx:TrackPointExtension><gpxtpx:hr>149</gpxtpx:hr></gpxtpx:TrackPointExtension></extensions></trkpt><trkpt lat="56.038377" lon="37.845152"><ele>166.8</ele><time>2026-07-09T18:27:20Z</time><extensions><gpxtpx:TrackPointExtension><gpxtpx:hr>148</gpxtpx:hr></gpxtpx:TrackPointExtension></extensions></trkpt><trkpt lat="56.038367" lon="37.845112"><ele>166.4</ele><time>2026-07-09T18:27:21Z</time><extensions><gpxtpx:TrackPointExtension><gpxtpx:hr>148</gpxtpx:hr></gpxtpx:TrackPointExtension></extensions></trkpt><trkpt lat="56.038352" lon="37.845072"><ele>166.2</ele><time>2026-07-09T18:27:22Z</time><extensions><gpxtpx:TrackPointExtension><gpxtpx:hr>148</gpxtpx:hr></gpxtpx:TrackPointExtension></extensions></trkpt><trkpt lat="56.038347" lon="37.845027"><ele>166.0</ele><time>2026-07-09T18:27:23Z</time><extensions><gpxtpx:TrackPointExtension><gpxtpx:hr>147</gpxtpx:hr></gpxtpx:TrackPointExtension></extensions></trkpt><trkpt lat="56.03834" lon="37.844992"><ele>165.8</ele><time>2026-07-09T18:27:24Z</time><extensions><gpxtpx:TrackPointExtension><gpxtpx:hr>147</gpxtpx:hr></gpxtpx:TrackPointExtension></extensions></trkpt><trkpt lat="56.038327" lon="37.844952"><ele>165.6</ele><time>2026-07-09T18:27:25Z</time><extensions><gpxtpx:TrackPointExtension><gpxtpx:hr>147</gpxtpx:hr></gpxtpx:TrackPointExtension></extensions></trkpt><trkpt lat="56.038312" lon="37.844917"><ele>165.4</ele><time>2026-07-09T18:27:26Z</time><extensions><gpxtpx:TrackPointExtension><gpxtpx:hr>147</gpxtpx:hr></gpxtpx:TrackPointExtension></extensions></trkpt><trkpt lat="56.038297" lon="37.844877"><ele>165.4</ele><time>2026-07-09T18:27:27Z</time><extensions><gpxtpx:TrackPointExtension><gpxtpx:hr>148</gpxtpx:hr></gpxtpx:TrackPointExtension></extensions></trkpt><trkpt lat="56.038287" lon="37.844845"><ele>165.2</ele><time>2026-07-09T18:27:28Z</time><extensions><gpxtpx:TrackPointExtension><gpxtpx:hr>147</gpxtpx:hr></gpxtpx:TrackPointExtension></extensions></trkpt><trkpt lat="56.038275" lon="37.844807"><ele>165.0</ele><time>2026-07-09T18:27:29Z</time><extensions><gpxtpx:TrackPointExtension><gpxtpx:hr>147</gpxtpx:hr></gpxtpx:TrackPointExtension></extensions></trkpt><trkpt lat="56.038262" lon="37.844772"><ele>164.8</ele><time>2026-07-09T18:27:30Z</time><extensions><gpxtpx:TrackPointExtension><gpxtpx:hr>148</gpxtpx:hr></gpxtpx:TrackPointExtension></extensions></trkpt><trkpt lat="56.03825" lon="37.84473"><ele>164.6</ele><time>2026-07-09T18:27:31Z</time><extensions><gpxtpx:TrackPointExtension><gpxtpx:hr>147</gpxtpx:hr></gpxtpx:TrackPointExtension></extensions></trkpt><trkpt lat="56.038237" lon="37.844692"><ele>164.4</ele><time>2026-07-09T18:27:32Z</time><extensions><gpxtpx:TrackPointExtension><gpxtpx:hr>146</gpxtpx:hr></gpxtpx:TrackPointExtension></extensions></trkpt><trkpt lat="56.038225" lon="37.844652"><ele>164.2</ele><time>2026-07-09T18:27:33Z</time><extensions><gpxtpx:TrackPointExtension><gpxtpx:hr>145</gpxtpx:hr></gpxtpx:TrackPointExtension></extensions></trkpt><trkpt lat="56.038212" lon="37.844615"><ele>164.0</ele><time>2026-07-09T18:27:34Z</time><extensions><gpxtpx:TrackPointExtension><gpxtpx:hr>145</gpxtpx:hr></gpxtpx:TrackPointExtension></extensions></trkpt><trkpt lat="56.038202" lon="37.844585"><ele>163.8</ele><time>2026-07-09T18:27:35Z</time><extensions><gpxtpx:TrackPointExtension><gpxtpx:hr>145</gpxtpx:hr></gpxtpx:TrackPointExtension></extensions></trkpt><trkpt lat="56.038192" lon="37.844555"><ele>163.6</ele><time>2026-07-09T18:27:36Z</time><extensions><gpxtpx:TrackPointExtension><gpxtpx:hr>144</gpxtpx:hr></gpxtpx:TrackPointExtension></extensions></trkpt><trkpt lat="56.03818" lon="37.84452"><ele>163.4</ele><time>2026-07-09T18:27:37Z</time><extensions><gpxtpx:TrackPointExtension><gpxtpx:hr>144</gpxtpx:hr></gpxtpx:TrackPointExtension></extensions></trkpt><trkpt lat="56.038172" lon="37.844485"><ele>163.2</ele><time>2026-07-09T18:27:38Z</time><extensions><gpxtpx:TrackPointExtension><gpxtpx:hr>143</gpxtpx:hr></gpxtpx:TrackPointExtension></extensions></trkpt><trkpt lat="56.038162" lon="37.844452"><ele>163.0</ele><time>2026-07-09T18:27:39Z</time><extensions><gpxtpx:TrackPointExtension><gpxtpx:hr>144</gpxtpx:hr></gpxtpx:TrackPointExtension></extensions></trkpt><trkpt lat="56.038152" lon="37.84442"><ele>162.8</ele><time>2026-07-09T18:27:40Z</time><extensions><gpxtpx:TrackPointExtension><gpxtpx:hr>144</gpxtpx:hr></gpxtpx:TrackPointExtension></extensions></trkpt><trkpt lat="56.03813" lon="37.844413"><ele>162.4</ele><time>2026-07-09T18:27:42Z</time><extensions><gpxtpx:TrackPointExtension><gpxtpx:hr>144</gpxtpx:hr></gpxtpx:TrackPointExtension></extensions></trkpt><trkpt lat="56.038132" lon="37.844452"><ele>162.0</ele><time>2026-07-09T18:27:44Z</time><extensions><gpxtpx:TrackPointExtension><gpxtpx:hr>144</gpxtpx:hr></gpxtpx:TrackPointExtension></extensions></trkpt><trkpt lat="56.038135" lon="37.844512"><ele>162.0</ele><time>2026-07-09T18:27:46Z</time><extensions><gpxtpx:TrackPointExtension><gpxtpx:hr>144</gpxtpx:hr></gpxtpx:TrackPointExtension></extensions></trkpt><trkpt lat="56.038142" lon="37.844542"><ele>161.8</ele><time>2026-07-09T18:27:47Z</time><extensions><gpxtpx:TrackPointExtension><gpxtpx:hr>144</gpxtpx:hr></gpxtpx:TrackPointExtension></extensions></trkpt><trkpt lat="56.03815" lon="37.844572"><ele>162.0</ele><time>2026-07-09T18:27:48Z</time><extensions><gpxtpx:TrackPointExtension><gpxtpx:hr>144</gpxtpx:hr></gpxtpx:TrackPointExtension></extensions></trkpt><trkpt lat="56.038162" lon="37.844615"><ele>162.2</ele><time>2026-07-09T18:27:49Z</time><extensions><gpxtpx:TrackPointExtension><gpxtpx:hr>144</gpxtpx:hr></gpxtpx:TrackPointExtension></extensions></trkpt><trkpt lat="56.038177" lon="37.844667"><ele>162.4</ele><time>2026-07-09T18:27:50Z</time><extensions><gpxtpx:TrackPointExtension><gpxtpx:hr>143</gpxtpx:hr></gpxtpx:TrackPointExtension></extensions></trkpt><trkpt lat="56.038192" lon="37.844737"><ele>162.2</ele><time>2026-07-09T18:27:51Z</time><extensions><gpxtpx:TrackPointExtension><gpxtpx:hr>143</gpxtpx:hr></gpxtpx:TrackPointExtension></extensions></trkpt><trkpt lat="56.038215" lon="37.844822"><ele>162.0</ele><time>2026-07-09T18:27:52Z</time><extensions><gpxtpx:TrackPointExtension><gpxtpx:hr>143</gpxtpx:hr></gpxtpx:TrackPointExtension></extensions></trkpt><trkpt lat="56.038237" lon="37.844912"><ele>162.0</ele><time>2026-07-09T18:27:53Z</time><extensions><gpxtpx:TrackPointExtension><gpxtpx:hr>143</gpxtpx:hr></gpxtpx:TrackPointExtension></extensions></trkpt><trkpt lat="56.03826" lon="37.84501"><ele>162.2</ele><time>2026-07-09T18:27:54Z</time><extensions><gpxtpx:TrackPointExtension><gpxtpx:hr>142</gpxtpx:hr></gpxtpx:TrackPointExtension></extensions></trkpt><trkpt lat="56.038282" lon="37.845107"><ele>162.4</ele><time>2026-07-09T18:27:55Z</time><extensions><gpxtpx:TrackPointExtension><gpxtpx:hr>142</gpxtpx:hr></gpxtpx:TrackPointExtension></extensions></trkpt><trkpt lat="56.038302" lon="37.845197"><ele>162.8</ele><time>2026-07-09T18:27:56Z</time><extensions><gpxtpx:TrackPointExtension><gpxtpx:hr>142</gpxtpx:hr></gpxtpx:TrackPointExtension></extensions></trkpt><trkpt lat="56.038327" lon="37.845277"><ele>163.2</ele><time>2026-07-09T18:27:57Z</time><extensions><gpxtpx:TrackPointExtension><gpxtpx:hr>143</gpxtpx:hr></gpxtpx:TrackPointExtension></extensions></trkpt><trkpt lat="56.038357" lon="37.845365"><ele>163.6</ele><time>2026-07-09T18:27:58Z</time><extensions><gpxtpx:TrackPointExtension><gpxtpx:hr>143</gpxtpx:hr></gpxtpx:TrackPointExtension></extensions></trkpt><trkpt lat="56.038382" lon="37.845445"><ele>164.0</ele><time>2026-07-09T18:27:59Z</time><extensions><gpxtpx:TrackPointExtension><gpxtpx:hr>143</gpxtpx:hr></gpxtpx:TrackPointExtension></extensions></trkpt><trkpt lat="56.038402" lon="37.845525"><ele>164.2</ele><time>2026-07-09T18:28:00Z</time><extensions><gpxtpx:TrackPointExtension><gpxtpx:hr>145</gpxtpx:hr></gpxtpx:TrackPointExtension></extensions></trkpt><trkpt lat="56.038417" lon="37.845595"><ele>164.8</ele><time>2026-07-09T18:28:01Z</time><extensions><gpxtpx:TrackPointExtension><gpxtpx:hr>146</gpxtpx:hr></gpxtpx:TrackPointExtension></extensions></trkpt><trkpt lat="56.038427" lon="37.845655"><ele>165.2</ele><time>2026-07-09T18:28:02Z</time><extensions><gpxtpx:TrackPointExtension><gpxtpx:hr>147</gpxtpx:hr></gpxtpx:TrackPointExtension></extensions></trkpt><trkpt lat="56.038435" lon="37.845697"><ele>165.8</ele><time>2026-07-09T18:28:03Z</time><extensions><gpxtpx:TrackPointExtension><gpxtpx:hr>147</gpxtpx:hr></gpxtpx:TrackPointExtension></extensions></trkpt><trkpt lat="56.03844" lon="37.84573"><ele>166.2</ele><time>2026-07-09T18:28:04Z</time><extensions><gpxtpx:TrackPointExtension><gpxtpx:hr>148</gpxtpx:hr></gpxtpx:TrackPointExtension></extensions></trkpt><trkpt lat="56.038447" lon="37.845795"><ele>166.8</ele><time>2026-07-09T18:28:06Z</time><extensions><gpxtpx:TrackPointExtension><gpxtpx:hr>149</gpxtpx:hr></gpxtpx:TrackPointExtension></extensions></trkpt><trkpt lat="56.038465" lon="37.845827"><ele>167.4</ele><time>2026-07-09T18:28:08Z</time><extensions><gpxtpx:TrackPointExtension><gpxtpx:hr>149</gpxtpx:hr></gpxtpx:TrackPointExtension></extensions></trkpt><trkpt lat="56.038477" lon="37.84587"><ele>167.8</ele><time>2026-07-09T18:28:10Z</time><extensions><gpxtpx:TrackPointExtension><gpxtpx:hr>150</gpxtpx:hr></gpxtpx:TrackPointExtension></extensions></trkpt><trkpt lat="56.03849" lon="37.84591"><ele>168.2</ele><time>2026-07-09T18:28:12Z</time><extensions><gpxtpx:TrackPointExtension><gpxtpx:hr>150</gpxtpx:hr></gpxtpx:TrackPointExtension></extensions></trkpt><trkpt lat="56.038502" lon="37.845957"><ele>168.4</ele><time>2026-07-09T18:28:14Z</time><extensions><gpxtpx:TrackPointExtension><gpxtpx:hr>149</gpxtpx:hr></gpxtpx:TrackPointExtension></extensions></trkpt><trkpt lat="56.038517" lon="37.846012"><ele>168.6</ele><time>2026-07-09T18:28:16Z</time><extensions><gpxtpx:TrackPointExtension><gpxtpx:hr>149</gpxtpx:hr></gpxtpx:TrackPointExtension></extensions></trkpt><trkpt lat="56.038525" lon="37.846052"><ele>168.6</ele><time>2026-07-09T18:28:17Z</time><extensions><gpxtpx:TrackPointExtension><gpxtpx:hr>150</gpxtpx:hr></gpxtpx:TrackPointExtension></extensions></trkpt><trkpt lat="56.038527" lon="37.846087"><ele>168.8</ele><time>2026-07-09T18:28:18Z</time><extensions><gpxtpx:TrackPointExtension><gpxtpx:hr>150</gpxtpx:hr></gpxtpx:TrackPointExtension></extensions></trkpt><trkpt lat="56.038532" lon="37.846127"><ele>169.0</ele><time>2026-07-09T18:28:19Z</time><extensions><gpxtpx:TrackPointExtension><gpxtpx:hr>150</gpxtpx:hr></gpxtpx:TrackPointExtension></extensions></trkpt><trkpt lat="56.038537" lon="37.846162"><ele>169.0</ele><time>2026-07-09T18:28:20Z</time><extensions><gpxtpx:TrackPointExtension><gpxtpx:hr>151</gpxtpx:hr></gpxtpx:TrackPointExtension></extensions></trkpt><trkpt lat="56.03855" lon="37.846217"><ele>169.2</ele><time>2026-07-09T18:28:22Z</time><extensions><gpxtpx:TrackPointExtension><gpxtpx:hr>153</gpxtpx:hr></gpxtpx:TrackPointExtension></extensions></trkpt><trkpt lat="56.038565" lon="37.84627"><ele>169.2</ele><time>2026-07-09T18:28:24Z</time><extensions><gpxtpx:TrackPointExtension><gpxtpx:hr>153</gpxtpx:hr></gpxtpx:TrackPointExtension></extensions></trkpt><trkpt lat="56.038585" lon="37.846322"><ele>169.2</ele><time>2026-07-09T18:28:26Z</time><extensions><gpxtpx:TrackPointExtension><gpxtpx:hr>154</gpxtpx:hr></gpxtpx:TrackPointExtension></extensions></trkpt><trkpt lat="56.038597" lon="37.846372"><ele>169.2</ele><time>2026-07-09T18:28:28Z</time><extensions><gpxtpx:TrackPointExtension><gpxtpx:hr>154</gpxtpx:hr></gpxtpx:TrackPointExtension></extensions></trkpt><trkpt lat="56.038607" lon="37.846402"><ele>169.4</ele><time>2026-07-09T18:28:29Z</time><extensions><gpxtpx:TrackPointExtension><gpxtpx:hr>154</gpxtpx:hr></gpxtpx:TrackPointExtension></extensions></trkpt><trkpt lat="56.038622" lon="37.846427"><ele>169.4</ele><time>2026-07-09T18:28:30Z</time><extensions><gpxtpx:TrackPointExtension><gpxtpx:hr>154</gpxtpx:hr></gpxtpx:TrackPointExtension></extensions></trkpt><trkpt lat="56.03863" lon="37.846457"><ele>169.4</ele><time>2026-07-09T18:28:31Z</time><extensions><gpxtpx:TrackPointExtension><gpxtpx:hr>154</gpxtpx:hr></gpxtpx:TrackPointExtension></extensions></trkpt><trkpt lat="56.038647" lon="37.846512"><ele>169.6</ele><time>2026-07-09T18:28:33Z</time><extensions><gpxtpx:TrackPointExtension><gpxtpx:hr>154</gpxtpx:hr></gpxtpx:TrackPointExtension></extensions></trkpt><trkpt lat="56.038652" lon="37.846552"><ele>169.6</ele><time>2026-07-09T18:28:34Z</time><extensions><gpxtpx:TrackPointExtension><gpxtpx:hr>155</gpxtpx:hr></gpxtpx:TrackPointExtension></extensions></trkpt><trkpt lat="56.038662" lon="37.846582"><ele>169.8</ele><time>2026-07-09T18:28:35Z</time><extensions><gpxtpx:TrackPointExtension><gpxtpx:hr>154</gpxtpx:hr></gpxtpx:TrackPointExtension></extensions></trkpt><trkpt lat="56.038675" lon="37.846642"><ele>169.8</ele><time>2026-07-09T18:28:37Z</time><extensions><gpxtpx:TrackPointExtension><gpxtpx:hr>153</gpxtpx:hr></gpxtpx:TrackPointExtension></extensions></trkpt><trkpt lat="56.038697" lon="37.846617"><ele>169.8</ele><time>2026-07-09T18:28:40Z</time><extensions><gpxtpx:TrackPointExtension><gpxtpx:hr>152</gpxtpx:hr></gpxtpx:TrackPointExtension></extensions></trkpt><trkpt lat="56.0387" lon="37.846582"><ele>169.8</ele><time>2026-07-09T18:28:41Z</time><extensions><gpxtpx:TrackPointExtension><gpxtpx:hr>152</gpxtpx:hr></gpxtpx:TrackPointExtension></extensions></trkpt><trkpt lat="56.038697" lon="37.846532"><ele>169.8</ele><time>2026-07-09T18:28:42Z</time><extensions><gpxtpx:TrackPointExtension><gpxtpx:hr>152</gpxtpx:hr></gpxtpx:TrackPointExtension></extensions></trkpt><trkpt lat="56.038687" lon="37.84649"><ele>169.8</ele><time>2026-07-09T18:28:43Z</time><extensions><gpxtpx:TrackPointExtension><gpxtpx:hr>152</gpxtpx:hr></gpxtpx:TrackPointExtension></extensions></trkpt><trkpt lat="56.038687" lon="37.846442"><ele>169.8</ele><time>2026-07-09T18:28:44Z</time><extensions><gpxtpx:TrackPointExtension><gpxtpx:hr>151</gpxtpx:hr></gpxtpx:TrackPointExtension></extensions></trkpt><trkpt lat="56.038682" lon="37.8464"><ele>169.8</ele><time>2026-07-09T18:28:45Z</time><extensions><gpxtpx:TrackPointExtension><gpxtpx:hr>151</gpxtpx:hr></gpxtpx:TrackPointExtension></extensions></trkpt><trkpt lat="56.038672" lon="37.84636"><ele>169.8</ele><time>2026-07-09T18:28:46Z</time><extensions><gpxtpx:TrackPointExtension><gpxtpx:hr>151</gpxtpx:hr></gpxtpx:TrackPointExtension></extensions></trkpt><trkpt lat="56.038665" lon="37.846312"><ele>169.8</ele><time>2026-07-09T18:28:47Z</time><extensions><gpxtpx:TrackPointExtension><gpxtpx:hr>151</gpxtpx:hr></gpxtpx:TrackPointExtension></extensions></trkpt><trkpt lat="56.038657" lon="37.846275"><ele>169.8</ele><time>2026-07-09T18:28:48Z</time><extensions><gpxtpx:TrackPointExtension><gpxtpx:hr>151</gpxtpx:hr></gpxtpx:TrackPointExtension></extensions></trkpt><trkpt lat="56.038647" lon="37.846237"><ele>169.8</ele><time>2026-07-09T18:28:49Z</time><extensions><gpxtpx:TrackPointExtension><gpxtpx:hr>152</gpxtpx:hr></gpxtpx:TrackPointExtension></extensions></trkpt><trkpt lat="56.038637" lon="37.846197"><ele>169.8</ele><time>2026-07-09T18:28:50Z</time><extensions><gpxtpx:TrackPointExtension><gpxtpx:hr>151</gpxtpx:hr></gpxtpx:TrackPointExtension></extensions></trkpt><trkpt lat="56.038627" lon="37.846157"><ele>169.6</ele><time>2026-07-09T18:28:51Z</time><extensions><gpxtpx:TrackPointExtension><gpxtpx:hr>151</gpxtpx:hr></gpxtpx:TrackPointExtension></extensions></trkpt><trkpt lat="56.038617" lon="37.846117"><ele>169.6</ele><time>2026-07-09T18:28:52Z</time><extensions><gpxtpx:TrackPointExtension><gpxtpx:hr>151</gpxtpx:hr></gpxtpx:TrackPointExtension></extensions></trkpt><trkpt lat="56.038608" lon="37.84608"><ele>169.6</ele><time>2026-07-09T18:28:53Z</time><extensions><gpxtpx:TrackPointExtension><gpxtpx:hr>152</gpxtpx:hr></gpxtpx:TrackPointExtension></extensions></trkpt><trkpt lat="56.038602" lon="37.846042"><ele>169.6</ele><time>2026-07-09T18:28:54Z</time><extensions><gpxtpx:TrackPointExtension><gpxtpx:hr>151</gpxtpx:hr></gpxtpx:TrackPointExtension></extensions></trkpt><trkpt lat="56.038592" lon="37.846003"><ele>169.4</ele><time>2026-07-09T18:28:55Z</time><extensions><gpxtpx:TrackPointExtension><gpxtpx:hr>151</gpxtpx:hr></gpxtpx:TrackPointExtension></extensions></trkpt><trkpt lat="56.038585" lon="37.84597"><ele>169.4</ele><time>2026-07-09T18:28:56Z</time><extensions><gpxtpx:TrackPointExtension><gpxtpx:hr>151</gpxtpx:hr></gpxtpx:TrackPointExtension></extensions></trkpt><trkpt lat="56.038567" lon="37.84591"><ele>169.4</ele><time>2026-07-09T18:28:58Z</time><extensions><gpxtpx:TrackPointExtension><gpxtpx:hr>151</gpxtpx:hr></gpxtpx:TrackPointExtension></extensions></trkpt><trkpt lat="56.03856" lon="37.845877"><ele>169.4</ele><time>2026-07-09T18:28:59Z</time><extensions><gpxtpx:TrackPointExtension><gpxtpx:hr>150</gpxtpx:hr></gpxtpx:TrackPointExtension></extensions></trkpt><trkpt lat="56.03855" lon="37.845837"><ele>169.2</ele><time>2026-07-09T18:29:00Z</time><extensions><gpxtpx:TrackPointExtension><gpxtpx:hr>151</gpxtpx:hr></gpxtpx:TrackPointExtension></extensions></trkpt><trkpt lat="56.038532" lon="37.845782"><ele>169.2</ele><time>2026-07-09T18:29:02Z</time><extensions><gpxtpx:TrackPointExtension><gpxtpx:hr>151</gpxtpx:hr></gpxtpx:TrackPointExtension></extensions></trkpt><trkpt lat="56.038527" lon="37.845752"><ele>169.0</ele><time>2026-07-09T18:29:03Z</time><extensions><gpxtpx:TrackPointExtension><gpxtpx:hr>151</gpxtpx:hr></gpxtpx:TrackPointExtension></extensions></trkpt><trkpt lat="56.038517" lon="37.845722"><ele>169.0</ele><time>2026-07-09T18:29:04Z</time><extensions><gpxtpx:TrackPointExtension><gpxtpx:hr>151</gpxtpx:hr></gpxtpx:TrackPointExtension></extensions></trkpt><trkpt lat="56.038507" lon="37.845687"><ele>169.0</ele><time>2026-07-09T18:29:05Z</time><extensions><gpxtpx:TrackPointExtension><gpxtpx:hr>151</gpxtpx:hr></gpxtpx:TrackPointExtension></extensions></trkpt><trkpt lat="56.038497" lon="37.845652"><ele>169.0</ele><time>2026-07-09T18:29:06Z</time><extensions><gpxtpx:TrackPointExtension><gpxtpx:hr>151</gpxtpx:hr></gpxtpx:TrackPointExtension></extensions></trkpt><trkpt lat="56.038485" lon="37.84561"><ele>168.8</ele><time>2026-07-09T18:29:07Z</time><extensions><gpxtpx:TrackPointExtension><gpxtpx:hr>151</gpxtpx:hr></gpxtpx:TrackPointExtension></extensions></trkpt><trkpt lat="56.038477" lon="37.84558"><ele>168.6</ele><time>2026-07-09T18:29:08Z</time><extensions><gpxtpx:TrackPointExtension><gpxtpx:hr>150</gpxtpx:hr></gpxtpx:TrackPointExtension></extensions></trkpt><trkpt lat="56.038465" lon="37.845547"><ele>168.6</ele><time>2026-07-09T18:29:09Z</time><extensions><gpxtpx:TrackPointExtension><gpxtpx:hr>150</gpxtpx:hr></gpxtpx:TrackPointExtension></extensions></trkpt><trkpt lat="56.038455" lon="37.845517"><ele>168.4</ele><time>2026-07-09T18:29:10Z</time><extensions><gpxtpx:TrackPointExtension><gpxtpx:hr>149</gpxtpx:hr></gpxtpx:TrackPointExtension></extensions></trkpt><trkpt lat="56.038442" lon="37.845482"><ele>168.4</ele><time>2026-07-09T18:29:11Z</time><extensions><gpxtpx:TrackPointExtension><gpxtpx:hr>149</gpxtpx:hr></gpxtpx:TrackPointExtension></extensions></trkpt><trkpt lat="56.038432" lon="37.845447"><ele>168.2</ele><time>2026-07-09T18:29:12Z</time><extensions><gpxtpx:TrackPointExtension><gpxtpx:hr>148</gpxtpx:hr></gpxtpx:TrackPointExtension></extensions></trkpt><trkpt lat="56.038417" lon="37.845405"><ele>168.0</ele><time>2026-07-09T18:29:13Z</time><extensions><gpxtpx:TrackPointExtension><gpxtpx:hr>147</gpxtpx:hr></gpxtpx:TrackPointExtension></extensions></trkpt><trkpt lat="56.038402" lon="37.845367"><ele>168.0</ele><time>2026-07-09T18:29:14Z</time><extensions><gpxtpx:TrackPointExtension><gpxtpx:hr>147</gpxtpx:hr></gpxtpx:TrackPointExtension></extensions></trkpt><trkpt lat="56.03839" lon="37.845328"><ele>167.8</ele><time>2026-07-09T18:29:15Z</time><extensions><gpxtpx:TrackPointExtension><gpxtpx:hr>146</gpxtpx:hr></gpxtpx:TrackPointExtension></extensions></trkpt><trkpt lat="56.03838" lon="37.845297"><ele>167.6</ele><time>2026-07-09T18:29:16Z</time><extensions><gpxtpx:TrackPointExtension><gpxtpx:hr>146</gpxtpx:hr></gpxtpx:TrackPointExtension></extensions></trkpt><trkpt lat="56.03837" lon="37.845252"><ele>167.4</ele><time>2026-07-09T18:29:17Z</time><extensions><gpxtpx:TrackPointExtension><gpxtpx:hr>146</gpxtpx:hr></gpxtpx:TrackPointExtension></extensions></trkpt><trkpt lat="56.03836" lon="37.84521"><ele>167.2</ele><time>2026-07-09T18:29:18Z</time><extensions><gpxtpx:TrackPointExtension><gpxtpx:hr>146</gpxtpx:hr></gpxtpx:TrackPointExtension></extensions></trkpt><trkpt lat="56.038352" lon="37.845177"><ele>167.0</ele><time>2026-07-09T18:29:19Z</time><extensions><gpxtpx:TrackPointExtension><gpxtpx:hr>146</gpxtpx:hr></gpxtpx:TrackPointExtension></extensions></trkpt><trkpt lat="56.038342" lon="37.845135"><ele>166.6</ele><time>2026-07-09T18:29:20Z</time><extensions><gpxtpx:TrackPointExtension><gpxtpx:hr>145</gpxtpx:hr></gpxtpx:TrackPointExtension></extensions></trkpt><trkpt lat="56.038332" lon="37.845097"><ele>166.4</ele><time>2026-07-09T18:29:21Z</time><extensions><gpxtpx:TrackPointExtension><gpxtpx:hr>145</gpxtpx:hr></gpxtpx:TrackPointExtension></extensions></trkpt><trkpt lat="56.038322" lon="37.84506"><ele>166.2</ele><time>2026-07-09T18:29:22Z</time><extensions><gpxtpx:TrackPointExtension><gpxtpx:hr>145</gpxtpx:hr></gpxtpx:TrackPointExtension></extensions></trkpt><trkpt lat="56.038312" lon="37.845027"><ele>166.2</ele><time>2026-07-09T18:29:23Z</time><extensions><gpxtpx:TrackPointExtension><gpxtpx:hr>145</gpxtpx:hr></gpxtpx:TrackPointExtension></extensions></trkpt><trkpt lat="56.038302" lon="37.844985"><ele>166.0</ele><time>2026-07-09T18:29:24Z</time><extensions><gpxtpx:TrackPointExtension><gpxtpx:hr>144</gpxtpx:hr></gpxtpx:TrackPointExtension></extensions></trkpt><trkpt lat="56.038292" lon="37.844945"><ele>165.8</ele><time>2026-07-09T18:29:25Z</time><extensions><gpxtpx:TrackPointExtension><gpxtpx:hr>145</gpxtpx:hr></gpxtpx:TrackPointExtension></extensions></trkpt><trkpt lat="56.03828" lon="37.844907"><ele>165.6</ele><time>2026-07-09T18:29:26Z</time><extensions><gpxtpx:TrackPointExtension><gpxtpx:hr>145</gpxtpx:hr></gpxtpx:TrackPointExtension></extensions></trkpt><trkpt lat="56.038267" lon="37.844872"><ele>165.4</ele><time>2026-07-09T18:29:27Z</time><extensions><gpxtpx:TrackPointExtension><gpxtpx:hr>145</gpxtpx:hr></gpxtpx:TrackPointExtension></extensions></trkpt><trkpt lat="56.038257" lon="37.84483"><ele>165.2</ele><time>2026-07-09T18:29:28Z</time><extensions><gpxtpx:TrackPointExtension><gpxtpx:hr>144</gpxtpx:hr></gpxtpx:TrackPointExtension></extensions></trkpt><trkpt lat="56.038245" lon="37.844787"><ele>165.0</ele><time>2026-07-09T18:29:29Z</time><extensions><gpxtpx:TrackPointExtension><gpxtpx:hr>144</gpxtpx:hr></gpxtpx:TrackPointExtension></extensions></trkpt><trkpt lat="56.038237" lon="37.84475"><ele>164.8</ele><time>2026-07-09T18:29:30Z</time><extensions><gpxtpx:TrackPointExtension><gpxtpx:hr>143</gpxtpx:hr></gpxtpx:TrackPointExtension></extensions></trkpt><trkpt lat="56.038225" lon="37.844705"><ele>164.6</ele><time>2026-07-09T18:29:31Z</time><extensions><gpxtpx:TrackPointExtension><gpxtpx:hr>143</gpxtpx:hr></gpxtpx:TrackPointExtension></extensions></trkpt><trkpt lat="56.038212" lon="37.844665"><ele>164.4</ele><time>2026-07-09T18:29:32Z</time><extensions><gpxtpx:TrackPointExtension><gpxtpx:hr>143</gpxtpx:hr></gpxtpx:TrackPointExtension></extensions></trkpt><trkpt lat="56.038202" lon="37.84463"><ele>164.2</ele><time>2026-07-09T18:29:33Z</time><extensions><gpxtpx:TrackPointExtension><gpxtpx:hr>143</gpxtpx:hr></gpxtpx:TrackPointExtension></extensions></trkpt><trkpt lat="56.038192" lon="37.8446"><ele>164.0</ele><time>2026-07-09T18:29:34Z</time><extensions><gpxtpx:TrackPointExtension><gpxtpx:hr>143</gpxtpx:hr></gpxtpx:TrackPointExtension></extensions></trkpt><trkpt lat="56.038182" lon="37.844562"><ele>163.8</ele><time>2026-07-09T18:29:35Z</time><extensions><gpxtpx:TrackPointExtension><gpxtpx:hr>143</gpxtpx:hr></gpxtpx:TrackPointExtension></extensions></trkpt><trkpt lat="56.03817" lon="37.844522"><ele>163.6</ele><time>2026-07-09T18:29:36Z</time><extensions><gpxtpx:TrackPointExtension><gpxtpx:hr>143</gpxtpx:hr></gpxtpx:TrackPointExtension></extensions></trkpt><trkpt lat="56.038158" lon="37.844482"><ele>163.4</ele><time>2026-07-09T18:29:37Z</time><extensions><gpxtpx:TrackPointExtension><gpxtpx:hr>143</gpxtpx:hr></gpxtpx:TrackPointExtension></extensions></trkpt><trkpt lat="56.038152" lon="37.844447"><ele>163.0</ele><time>2026-07-09T18:29:38Z</time><extensions><gpxtpx:TrackPointExtension><gpxtpx:hr>143</gpxtpx:hr></gpxtpx:TrackPointExtension></extensions></trkpt><trkpt lat="56.038142" lon="37.844413"><ele>163.0</ele><time>2026-07-09T18:29:39Z</time><extensions><gpxtpx:TrackPointExtension><gpxtpx:hr>143</gpxtpx:hr></gpxtpx:TrackPointExtension></extensions></trkpt><trkpt lat="56.03813" lon="37.844387"><ele>162.8</ele><time>2026-07-09T18:29:40Z</time><extensions><gpxtpx:TrackPointExtension><gpxtpx:hr>143</gpxtpx:hr></gpxtpx:TrackPointExtension></extensions></trkpt><trkpt lat="56.038107" lon="37.844387"><ele>162.4</ele><time>2026-07-09T18:29:42Z</time><extensions><gpxtpx:TrackPointExtension><gpxtpx:hr>144</gpxtpx:hr></gpxtpx:TrackPointExtension></extensions></trkpt><trkpt lat="56.03811" lon="37.844425"><ele>162.0</ele><time>2026-07-09T18:29:44Z</time><extensions><gpxtpx:TrackPointExtension><gpxtpx:hr>143</gpxtpx:hr></gpxtpx:TrackPointExtension></extensions></trkpt><trkpt lat="56.03813" lon="37.844482"><ele>161.8</ele><time>2026-07-09T18:29:46Z</time><extensions><gpxtpx:TrackPointExtension><gpxtpx:hr>143</gpxtpx:hr></gpxtpx:TrackPointExtension></extensions></trkpt><trkpt lat="56.038137" lon="37.844517"><ele>161.8</ele><time>2026-07-09T18:29:47Z</time><extensions><gpxtpx:TrackPointExtension><gpxtpx:hr>143</gpxtpx:hr></gpxtpx:TrackPointExtension></extensions></trkpt><trkpt lat="56.038147" lon="37.844547"><ele>161.8</ele><time>2026-07-09T18:29:48Z</time><extensions><gpxtpx:TrackPointExtension><gpxtpx:hr>143</gpxtpx:hr></gpxtpx:TrackPointExtension></extensions></trkpt><trkpt lat="56.038162" lon="37.844585"><ele>162.0</ele><time>2026-07-09T18:29:49Z</time><extensions><gpxtpx:TrackPointExtension><gpxtpx:hr>144</gpxtpx:hr></gpxtpx:TrackPointExtension></extensions></trkpt><trkpt lat="56.038177" lon="37.844642"><ele>162.0</ele><time>2026-07-09T18:29:50Z</time><extensions><gpxtpx:TrackPointExtension><gpxtpx:hr>144</gpxtpx:hr></gpxtpx:TrackPointExtension></extensions></trkpt><trkpt lat="56.038192" lon="37.844712"><ele>162.0</ele><time>2026-07-09T18:29:51Z</time><extensions><gpxtpx:TrackPointExtension><gpxtpx:hr>144</gpxtpx:hr></gpxtpx:TrackPointExtension></extensions></trkpt><trkpt lat="56.038217" lon="37.844797"><ele>162.0</ele><time>2026-07-09T18:29:52Z</time><extensions><gpxtpx:TrackPointExtension><gpxtpx:hr>145</gpxtpx:hr></gpxtpx:TrackPointExtension></extensions></trkpt><trkpt lat="56.038247" lon="37.844882"><ele>162.0</ele><time>2026-07-09T18:29:53Z</time><extensions><gpxtpx:TrackPointExtension><gpxtpx:hr>145</gpxtpx:hr></gpxtpx:TrackPointExtension></extensions></trkpt><trkpt lat="56.038272" lon="37.844962"><ele>162.2</ele><time>2026-07-09T18:29:54Z</time><extensions><gpxtpx:TrackPointExtension><gpxtpx:hr>146</gpxtpx:hr></gpxtpx:TrackPointExtension></extensions></trkpt><trkpt lat="56.0383" lon="37.845052"><ele>162.2</ele><time>2026-07-09T18:29:55Z</time><extensions><gpxtpx:TrackPointExtension><gpxtpx:hr>147</gpxtpx:hr></gpxtpx:TrackPointExtension></extensions></trkpt><trkpt lat="56.038325" lon="37.845127"><ele>162.4</ele><time>2026-07-09T18:29:56Z</time><extensions><gpxtpx:TrackPointExtension><gpxtpx:hr>147</gpxtpx:hr></gpxtpx:TrackPointExtension></extensions></trkpt><trkpt lat="56.038337" lon="37.845212"><ele>162.8</ele><time>2026-07-09T18:29:57Z</time><extensions><gpxtpx:TrackPointExtension><gpxtpx:hr>148</gpxtpx:hr></gpxtpx:TrackPointExtension></extensions></trkpt><trkpt lat="56.038357" lon="37.8453"><ele>163.2</ele><time>2026-07-09T18:29:58Z</time><extensions><gpxtpx:TrackPointExtension><gpxtpx:hr>148</gpxtpx:hr></gpxtpx:TrackPointExtension></extensions></trkpt><trkpt lat="56.03838" lon="37.84539"><ele>163.6</ele><time>2026-07-09T18:29:59Z</time><extensions><gpxtpx:TrackPointExtension><gpxtpx:hr>148</gpxtpx:hr></gpxtpx:TrackPointExtension></extensions></trkpt><trkpt lat="56.0384" lon="37.845462"><ele>164.0</ele><time>2026-07-09T18:30:00Z</time><extensions><gpxtpx:TrackPointExtension><gpxtpx:hr>150</gpxtpx:hr></gpxtpx:TrackPointExtension></extensions></trkpt><trkpt lat="56.038412" lon="37.845517"><ele>164.4</ele><time>2026-07-09T18:30:01Z</time><extensions><gpxtpx:TrackPointExtension><gpxtpx:hr>151</gpxtpx:hr></gpxtpx:TrackPointExtension></extensions></trkpt><trkpt lat="56.038427" lon="37.84556"><ele>164.8</ele><time>2026-07-09T18:30:02Z</time><extensions><gpxtpx:TrackPointExtension><gpxtpx:hr>150</gpxtpx:hr></gpxtpx:TrackPointExtension></extensions></trkpt><trkpt lat="56.038437" lon="37.8456"><ele>166.0</ele><time>2026-07-09T18:30:03Z</time><extensions><gpxtpx:TrackPointExtension><gpxtpx:hr>149</gpxtpx:hr></gpxtpx:TrackPointExtension></extensions></trkpt><trkpt lat="56.038452" lon="37.845647"><ele>166.6</ele><time>2026-07-09T18:30:05Z</time><extensions><gpxtpx:TrackPointExtension><gpxtpx:hr>152</gpxtpx:hr></gpxtpx:TrackPointExtension></extensions></trkpt><trkpt lat="56.038457" lon="37.845677"><ele>167.0</ele><time>2026-07-09T18:30:06Z</time><extensions><gpxtpx:TrackPointExtension><gpxtpx:hr>152</gpxtpx:hr></gpxtpx:TrackPointExtension></extensions></trkpt><trkpt lat="56.038472" lon="37.845737"><ele>167.2</ele><time>2026-07-09T18:30:08Z</time><extensions><gpxtpx:TrackPointExtension><gpxtpx:hr>153</gpxtpx:hr></gpxtpx:TrackPointExtension></extensions></trkpt><trkpt lat="56.038482" lon="37.845785"><ele>167.6</ele><time>2026-07-09T18:30:10Z</time><extensions><gpxtpx:TrackPointExtension><gpxtpx:hr>155</gpxtpx:hr></gpxtpx:TrackPointExtension></extensions></trkpt><trkpt lat="56.038492" lon="37.845847"><ele>167.8</ele><time>2026-07-09T18:30:12Z</time><extensions><gpxtpx:TrackPointExtension><gpxtpx:hr>157</gpxtpx:hr></gpxtpx:TrackPointExtension></extensions></trkpt><trkpt lat="56.038495" lon="37.845882"><ele>168.0</ele><time>2026-07-09T18:30:13Z</time><extensions><gpxtpx:TrackPointExtension><gpxtpx:hr>157</gpxtpx:hr></gpxtpx:TrackPointExtension></extensions></trkpt><trkpt lat="56.038502" lon="37.845912"><ele>168.0</ele><time>2026-07-09T18:30:14Z</time><extensions><gpxtpx:TrackPointExtension><gpxtpx:hr>157</gpxtpx:hr></gpxtpx:TrackPointExtension></extensions></trkpt><trkpt lat="56.038507" lon="37.845945"><ele>168.2</ele><time>2026-07-09T18:30:15Z</time><extensions><gpxtpx:TrackPointExtension><gpxtpx:hr>156</gpxtpx:hr></gpxtpx:TrackPointExtension></extensions></trkpt><trkpt lat="56.038512" lon="37.845977"><ele>168.4</ele><time>2026-07-09T18:30:16Z</time><extensions><gpxtpx:TrackPointExtension><gpxtpx:hr>156</gpxtpx:hr></gpxtpx:TrackPointExtension></extensions></trkpt><trkpt lat="56.038535" lon="37.846022"><ele>168.6</ele><time>2026-07-09T18:30:18Z</time><extensions><gpxtpx:TrackPointExtension><gpxtpx:hr>155</gpxtpx:hr></gpxtpx:TrackPointExtension></extensions></trkpt><trkpt lat="56.038547" lon="37.846072"><ele>168.6</ele><time>2026-07-09T18:30:20Z</time><extensions><gpxtpx:TrackPointExtension><gpxtpx:hr>154</gpxtpx:hr></gpxtpx:TrackPointExtension></extensions></trkpt><trkpt lat="56.038562" lon="37.846132"><ele>168.6</ele><time>2026-07-09T18:30:22Z</time><extensions><gpxtpx:TrackPointExtension><gpxtpx:hr>154</gpxtpx:hr></gpxtpx:TrackPointExtension></extensions></trkpt><trkpt lat="56.038575" lon="37.846192"><ele>168.8</ele><time>2026-07-09T18:30:24Z</time><extensions><gpxtpx:TrackPointExtension><gpxtpx:hr>153</gpxtpx:hr></gpxtpx:TrackPointExtension></extensions></trkpt><trkpt lat="56.038582" lon="37.846225"><ele>169.0</ele><time>2026-07-09T18:30:25Z</time><extensions><gpxtpx:TrackPointExtension><gpxtpx:hr>152</gpxtpx:hr></gpxtpx:TrackPointExtension></extensions></trkpt><trkpt lat="56.038592" lon="37.84628"><ele>169.0</ele><time>2026-07-09T18:30:27Z</time><extensions><gpxtpx:TrackPointExtension><gpxtpx:hr>152</gpxtpx:hr></gpxtpx:TrackPointExtension></extensions></trkpt><trkpt lat="56.0386" lon="37.84631"><ele>169.2</ele><time>2026-07-09T18:30:28Z</time><extensions><gpxtpx:TrackPointExtension><gpxtpx:hr>153</gpxtpx:hr></gpxtpx:TrackPointExtension></extensions></trkpt><trkpt lat="56.038607" lon="37.84634"><ele>169.2</ele><time>2026-07-09T18:30:29Z</time><extensions><gpxtpx:TrackPointExtension><gpxtpx:hr>154</gpxtpx:hr></gpxtpx:TrackPointExtension></extensions></trkpt><trkpt lat="56.038622" lon="37.846397"><ele>169.2</ele><time>2026-07-09T18:30:31Z</time><extensions><gpxtpx:TrackPointExtension><gpxtpx:hr>156</gpxtpx:hr></gpxtpx:TrackPointExtension></extensions></trkpt><trkpt lat="56.038632" lon="37.846452"><ele>169.2</ele><time>2026-07-09T18:30:33Z</time><extensions><gpxtpx:TrackPointExtension><gpxtpx:hr>157</gpxtpx:hr></gpxtpx:TrackPointExtension></extensions></trkpt><trkpt lat="56.038647" lon="37.846512"><ele>169.2</ele><time>2026-07-09T18:30:35Z</time><extensions><gpxtpx:TrackPointExtension><gpxtpx:hr>157</gpxtpx:hr></gpxtpx:TrackPointExtension></extensions></trkpt><trkpt lat="56.03866" lon="37.846575"><ele>169.2</ele><time>2026-07-09T18:30:37Z</time><extensions><gpxtpx:TrackPointExtension><gpxtpx:hr>156</gpxtpx:hr></gpxtpx:TrackPointExtension></extensions></trkpt><trkpt lat="56.038667" lon="37.846608"><ele>169.4</ele><time>2026-07-09T18:30:38Z</time><extensions><gpxtpx:TrackPointExtension><gpxtpx:hr>156</gpxtpx:hr></gpxtpx:TrackPointExtension></extensions></trkpt><trkpt lat="56.038677" lon="37.84664"><ele>169.4</ele><time>2026-07-09T18:30:39Z</time><extensions><gpxtpx:TrackPointExtension><gpxtpx:hr>156</gpxtpx:hr></gpxtpx:TrackPointExtension></extensions></trkpt><trkpt lat="56.03871" lon="37.846635"><ele>169.4</ele><time>2026-07-09T18:30:41Z</time><extensions><gpxtpx:TrackPointExtension><gpxtpx:hr>157</gpxtpx:hr></gpxtpx:TrackPointExtension></extensions></trkpt><trkpt lat="56.038725" lon="37.84659"><ele>169.4</ele><time>2026-07-09T18:30:43Z</time><extensions><gpxtpx:TrackPointExtension><gpxtpx:hr>156</gpxtpx:hr></gpxtpx:TrackPointExtension></extensions></trkpt><trkpt lat="56.038725" lon="37.846555"><ele>169.4</ele><time>2026-07-09T18:30:44Z</time><extensions><gpxtpx:TrackPointExtension><gpxtpx:hr>157</gpxtpx:hr></gpxtpx:TrackPointExtension></extensions></trkpt><trkpt lat="56.038717" lon="37.846522"><ele>169.2</ele><time>2026-07-09T18:30:45Z</time><extensions><gpxtpx:TrackPointExtension><gpxtpx:hr>157</gpxtpx:hr></gpxtpx:TrackPointExtension></extensions></trkpt><trkpt lat="56.03871" lon="37.846482"><ele>169.2</ele><time>2026-07-09T18:30:46Z</time><extensions><gpxtpx:TrackPointExtension><gpxtpx:hr>156</gpxtpx:hr></gpxtpx:TrackPointExtension></extensions></trkpt><trkpt lat="56.0387" lon="37.84644"><ele>169.2</ele><time>2026-07-09T18:30:47Z</time><extensions><gpxtpx:TrackPointExtension><gpxtpx:hr>156</gpxtpx:hr></gpxtpx:TrackPointExtension></extensions></trkpt><trkpt lat="56.03869" lon="37.846402"><ele>169.4</ele><time>2026-07-09T18:30:48Z</time><extensions><gpxtpx:TrackPointExtension><gpxtpx:hr>156</gpxtpx:hr></gpxtpx:TrackPointExtension></extensions></trkpt><trkpt lat="56.038682" lon="37.846357"><ele>169.4</ele><time>2026-07-09T18:30:49Z</time><extensions><gpxtpx:TrackPointExtension><gpxtpx:hr>155</gpxtpx:hr></gpxtpx:TrackPointExtension></extensions></trkpt><trkpt lat="56.038672" lon="37.846317"><ele>169.2</ele><time>2026-07-09T18:30:50Z</time><extensions><gpxtpx:TrackPointExtension><gpxtpx:hr>155</gpxtpx:hr></gpxtpx:TrackPointExtension></extensions></trkpt><trkpt lat="56.038662" lon="37.84628"><ele>169.2</ele><time>2026-07-09T18:30:51Z</time><extensions><gpxtpx:TrackPointExtension><gpxtpx:hr>155</gpxtpx:hr></gpxtpx:TrackPointExtension></extensions></trkpt><trkpt lat="56.03865" lon="37.846242"><ele>169.4</ele><time>2026-07-09T18:30:52Z</time><extensions><gpxtpx:TrackPointExtension><gpxtpx:hr>155</gpxtpx:hr></gpxtpx:TrackPointExtension></extensions></trkpt><trkpt lat="56.038637" lon="37.846205"><ele>169.4</ele><time>2026-07-09T18:30:53Z</time><extensions><gpxtpx:TrackPointExtension><gpxtpx:hr>155</gpxtpx:hr></gpxtpx:TrackPointExtension></extensions></trkpt><trkpt lat="56.038627" lon="37.84617"><ele>169.2</ele><time>2026-07-09T18:30:54Z</time><extensions><gpxtpx:TrackPointExtension><gpxtpx:hr>155</gpxtpx:hr></gpxtpx:TrackPointExtension></extensions></trkpt><trkpt lat="56.038617" lon="37.846137"><ele>169.2</ele><time>2026-07-09T18:30:55Z</time><extensions><gpxtpx:TrackPointExtension><gpxtpx:hr>155</gpxtpx:hr></gpxtpx:TrackPointExtension></extensions></trkpt><trkpt lat="56.038607" lon="37.846097"><ele>169.4</ele><time>2026-07-09T18:30:56Z</time><extensions><gpxtpx:TrackPointExtension><gpxtpx:hr>155</gpxtpx:hr></gpxtpx:TrackPointExtension></extensions></trkpt><trkpt lat="56.0386" lon="37.846062"><ele>169.2</ele><time>2026-07-09T18:30:57Z</time><extensions><gpxtpx:TrackPointExtension><gpxtpx:hr>154</gpxtpx:hr></gpxtpx:TrackPointExtension></extensions></trkpt><trkpt lat="56.038592" lon="37.84603"><ele>169.2</ele><time>2026-07-09T18:30:58Z</time><extensions><gpxtpx:TrackPointExtension><gpxtpx:hr>154</gpxtpx:hr></gpxtpx:TrackPointExtension></extensions></trkpt><trkpt lat="56.038582" lon="37.845992"><ele>169.2</ele><time>2026-07-09T18:30:59Z</time><extensions><gpxtpx:TrackPointExtension><gpxtpx:hr>154</gpxtpx:hr></gpxtpx:TrackPointExtension></extensions></trkpt><trkpt lat="56.038572" lon="37.845952"><ele>169.2</ele><time>2026-07-09T18:31:00Z</time><extensions><gpxtpx:TrackPointExtension><gpxtpx:hr>154</gpxtpx:hr></gpxtpx:TrackPointExtension></extensions></trkpt><trkpt lat="56.038567" lon="37.845922"><ele>169.0</ele><time>2026-07-09T18:31:01Z</time><extensions><gpxtpx:TrackPointExtension><gpxtpx:hr>154</gpxtpx:hr></gpxtpx:TrackPointExtension></extensions></trkpt><trkpt lat="56.038557" lon="37.845887"><ele>169.0</ele><time>2026-07-09T18:31:02Z</time><extensions><gpxtpx:TrackPointExtension><gpxtpx:hr>154</gpxtpx:hr></gpxtpx:TrackPointExtension></extensions></trkpt><trkpt lat="56.038547" lon="37.845855"><ele>169.0</ele><time>2026-07-09T18:31:03Z</time><extensions><gpxtpx:TrackPointExtension><gpxtpx:hr>154</gpxtpx:hr></gpxtpx:TrackPointExtension></extensions></trkpt><trkpt lat="56.038537" lon="37.84582"><ele>169.0</ele><time>2026-07-09T18:31:04Z</time><extensions><gpxtpx:TrackPointExtension><gpxtpx:hr>154</gpxtpx:hr></gpxtpx:TrackPointExtension></extensions></trkpt><trkpt lat="56.038527" lon="37.845762"><ele>168.8</ele><time>2026-07-09T18:31:06Z</time><extensions><gpxtpx:TrackPointExtension><gpxtpx:hr>152</gpxtpx:hr></gpxtpx:TrackPointExtension></extensions></trkpt><trkpt lat="56.038517" lon="37.845722"><ele>168.8</ele><time>2026-07-09T18:31:07Z</time><extensions><gpxtpx:TrackPointExtension><gpxtpx:hr>151</gpxtpx:hr></gpxtpx:TrackPointExtension></extensions></trkpt><trkpt lat="56.038507" lon="37.84569"><ele>168.6</ele><time>2026-07-09T18:31:08Z</time><extensions><gpxtpx:TrackPointExtension><gpxtpx:hr>150</gpxtpx:hr></gpxtpx:TrackPointExtension></extensions></trkpt><trkpt lat="56.038497" lon="37.84566"><ele>168.6</ele><time>2026-07-09T18:31:09Z</time><extensions><gpxtpx:TrackPointExtension><gpxtpx:hr>149</gpxtpx:hr></gpxtpx:TrackPointExtension></extensions></trkpt><trkpt lat="56.038487" lon="37.845632"><ele>168.4</ele><time>2026-07-09T18:31:10Z</time><extensions><gpxtpx:TrackPointExtension><gpxtpx:hr>147</gpxtpx:hr></gpxtpx:TrackPointExtension></extensions></trkpt><trkpt lat="56.038477" lon="37.8456"><ele>168.2</ele><time>2026-07-09T18:31:11Z</time><extensions><gpxtpx:TrackPointExtension><gpxtpx:hr>146</gpxtpx:hr></gpxtpx:TrackPointExtension></extensions></trkpt><trkpt lat="56.038467" lon="37.845565"><ele>168.2</ele><time>2026-07-09T18:31:12Z</time><extensions><gpxtpx:TrackPointExtension><gpxtpx:hr>145</gpxtpx:hr></gpxtpx:TrackPointExtension></extensions></trkpt><trkpt lat="56.038457" lon="37.845532"><ele>168.0</ele><time>2026-07-09T18:31:13Z</time><extensions><gpxtpx:TrackPointExtension><gpxtpx:hr>145</gpxtpx:hr></gpxtpx:TrackPointExtension></extensions></trkpt><trkpt lat="56.038447" lon="37.8455"><ele>168.0</ele><time>2026-07-09T18:31:14Z</time><extensions><gpxtpx:TrackPointExtension><gpxtpx:hr>144</gpxtpx:hr></gpxtpx:TrackPointExtension></extensions></trkpt><trkpt lat="56.038437" lon="37.845462"><ele>167.8</ele><time>2026-07-09T18:31:15Z</time><extensions><gpxtpx:TrackPointExtension><gpxtpx:hr>144</gpxtpx:hr></gpxtpx:TrackPointExtension></extensions></trkpt><trkpt lat="56.038427" lon="37.845422"><ele>167.6</ele><time>2026-07-09T18:31:16Z</time><extensions><gpxtpx:TrackPointExtension><gpxtpx:hr>144</gpxtpx:hr></gpxtpx:TrackPointExtension></extensions></trkpt><trkpt lat="56.038417" lon="37.84538"><ele>167.6</ele><time>2026-07-09T18:31:17Z</time><extensions><gpxtpx:TrackPointExtension><gpxtpx:hr>143</gpxtpx:hr></gpxtpx:TrackPointExtension></extensions></trkpt><trkpt lat="56.03841" lon="37.845332"><ele>167.4</ele><time>2026-07-09T18:31:18Z</time><extensions><gpxtpx:TrackPointExtension><gpxtpx:hr>143</gpxtpx:hr></gpxtpx:TrackPointExtension></extensions></trkpt><trkpt lat="56.0384" lon="37.845282"><ele>167.2</ele><time>2026-07-09T18:31:19Z</time><extensions><gpxtpx:TrackPointExtension><gpxtpx:hr>143</gpxtpx:hr></gpxtpx:TrackPointExtension></extensions></trkpt><trkpt lat="56.038387" lon="37.845232"><ele>167.2</ele><time>2026-07-09T18:31:20Z</time><extensions><gpxtpx:TrackPointExtension><gpxtpx:hr>143</gpxtpx:hr></gpxtpx:TrackPointExtension></extensions></trkpt><trkpt lat="56.038377" lon="37.8452"><ele>167.0</ele><time>2026-07-09T18:31:21Z</time><extensions><gpxtpx:TrackPointExtension><gpxtpx:hr>143</gpxtpx:hr></gpxtpx:TrackPointExtension></extensions></trkpt><trkpt lat="56.038362" lon="37.845162"><ele>166.8</ele><time>2026-07-09T18:31:22Z</time><extensions><gpxtpx:TrackPointExtension><gpxtpx:hr>143</gpxtpx:hr></gpxtpx:TrackPointExtension></extensions></trkpt><trkpt lat="56.038352" lon="37.845127"><ele>166.6</ele><time>2026-07-09T18:31:23Z</time><extensions><gpxtpx:TrackPointExtension><gpxtpx:hr>143</gpxtpx:hr></gpxtpx:TrackPointExtension></extensions></trkpt><trkpt lat="56.03834" lon="37.8451"><ele>166.4</ele><time>2026-07-09T18:31:24Z</time><extensions><gpxtpx:TrackPointExtension><gpxtpx:hr>143</gpxtpx:hr></gpxtpx:TrackPointExtension></extensions></trkpt><trkpt lat="56.038325" lon="37.845067"><ele>166.2</ele><time>2026-07-09T18:31:25Z</time><extensions><gpxtpx:TrackPointExtension><gpxtpx:hr>143</gpxtpx:hr></gpxtpx:TrackPointExtension></extensions></trkpt><trkpt lat="56.038307" lon="37.845027"><ele>166.0</ele><time>2026-07-09T18:31:26Z</time><extensions><gpxtpx:TrackPointExtension><gpxtpx:hr>143</gpxtpx:hr></gpxtpx:TrackPointExtension></extensions></trkpt><trkpt lat="56.038297" lon="37.844995"><ele>165.8</ele><time>2026-07-09T18:31:27Z</time><extensions><gpxtpx:TrackPointExtension><gpxtpx:hr>144</gpxtpx:hr></gpxtpx:TrackPointExtension></extensions></trkpt><trkpt lat="56.038287" lon="37.844957"><ele>165.6</ele><time>2026-07-09T18:31:28Z</time><extensions><gpxtpx:TrackPointExtension><gpxtpx:hr>144</gpxtpx:hr></gpxtpx:TrackPointExtension></extensions></trkpt><trkpt lat="56.038277" lon="37.844917"><ele>165.4</ele><time>2026-07-09T18:31:29Z</time><extensions><gpxtpx:TrackPointExtension><gpxtpx:hr>144</gpxtpx:hr></gpxtpx:TrackPointExtension></extensions></trkpt><trkpt lat="56.03827" lon="37.844877"><ele>165.2</ele><time>2026-07-09T18:31:30Z</time><extensions><gpxtpx:TrackPointExtension><gpxtpx:hr>144</gpxtpx:hr></gpxtpx:TrackPointExtension></extensions></trkpt><trkpt lat="56.038262" lon="37.844837"><ele>165.0</ele><time>2026-07-09T18:31:31Z</time><extensions><gpxtpx:TrackPointExtension><gpxtpx:hr>144</gpxtpx:hr></gpxtpx:TrackPointExtension></extensions></trkpt><trkpt lat="56.038255" lon="37.844797"><ele>164.8</ele><time>2026-07-09T18:31:32Z</time><extensions><gpxtpx:TrackPointExtension><gpxtpx:hr>144</gpxtpx:hr></gpxtpx:TrackPointExtension></extensions></trkpt><trkpt lat="56.038242" lon="37.844752"><ele>164.6</ele><time>2026-07-09T18:31:33Z</time><extensions><gpxtpx:TrackPointExtension><gpxtpx:hr>144</gpxtpx:hr></gpxtpx:TrackPointExtension></extensions></trkpt><trkpt lat="56.038235" lon="37.844715"><ele>164.4</ele><time>2026-07-09T18:31:34Z</time><extensions><gpxtpx:TrackPointExtension><gpxtpx:hr>145</gpxtpx:hr></gpxtpx:TrackPointExtension></extensions></trkpt><trkpt lat="56.038225" lon="37.844665"><ele>164.2</ele><time>2026-07-09T18:31:35Z</time><extensions><gpxtpx:TrackPointExtension><gpxtpx:hr>144</gpxtpx:hr></gpxtpx:TrackPointExtension></extensions></trkpt><trkpt lat="56.038212" lon="37.844617"><ele>164.0</ele><time>2026-07-09T18:31:36Z</time><extensions><gpxtpx:TrackPointExtension><gpxtpx:hr>144</gpxtpx:hr></gpxtpx:TrackPointExtension></extensions></trkpt><trkpt lat="56.038202" lon="37.844582"><ele>163.6</ele><time>2026-07-09T18:31:37Z</time><extensions><gpxtpx:TrackPointExtension><gpxtpx:hr>144</gpxtpx:hr></gpxtpx:TrackPointExtension></extensions></trkpt><trkpt lat="56.038192" lon="37.844542"><ele>163.4</ele><time>2026-07-09T18:31:38Z</time><extensions><gpxtpx:TrackPointExtension><gpxtpx:hr>143</gpxtpx:hr></gpxtpx:TrackPointExtension></extensions></trkpt><trkpt lat="56.038182" lon="37.844502"><ele>163.2</ele><time>2026-07-09T18:31:39Z</time><extensions><gpxtpx:TrackPointExtension><gpxtpx:hr>143</gpxtpx:hr></gpxtpx:TrackPointExtension></extensions></trkpt><trkpt lat="56.038172" lon="37.844462"><ele>163.0</ele><time>2026-07-09T18:31:40Z</time><extensions><gpxtpx:TrackPointExtension><gpxtpx:hr>144</gpxtpx:hr></gpxtpx:TrackPointExtension></extensions></trkpt><trkpt lat="56.038157" lon="37.844427"><ele>162.8</ele><time>2026-07-09T18:31:41Z</time><extensions><gpxtpx:TrackPointExtension><gpxtpx:hr>143</gpxtpx:hr></gpxtpx:TrackPointExtension></extensions></trkpt><trkpt lat="56.038145" lon="37.844397"><ele>162.6</ele><time>2026-07-09T18:31:42Z</time><extensions><gpxtpx:TrackPointExtension><gpxtpx:hr>142</gpxtpx:hr></gpxtpx:TrackPointExtension></extensions></trkpt><trkpt lat="56.03812" lon="37.844385"><ele>162.2</ele><time>2026-07-09T18:31:44Z</time><extensions><gpxtpx:TrackPointExtension><gpxtpx:hr>142</gpxtpx:hr></gpxtpx:TrackPointExtension></extensions></trkpt><trkpt lat="56.03812" lon="37.844432"><ele>162.0</ele><time>2026-07-09T18:31:46Z</time><extensions><gpxtpx:TrackPointExtension><gpxtpx:hr>142</gpxtpx:hr></gpxtpx:TrackPointExtension></extensions></trkpt><trkpt lat="56.038127" lon="37.844467"><ele>161.8</ele><time>2026-07-09T18:31:47Z</time><extensions><gpxtpx:TrackPointExtension><gpxtpx:hr>143</gpxtpx:hr></gpxtpx:TrackPointExtension></extensions></trkpt><trkpt lat="56.038142" lon="37.844507"><ele>161.8</ele><time>2026-07-09T18:31:48Z</time><extensions><gpxtpx:TrackPointExtension><gpxtpx:hr>142</gpxtpx:hr></gpxtpx:TrackPointExtension></extensions></trkpt><trkpt lat="56.038155" lon="37.844552"><ele>161.8</ele><time>2026-07-09T18:31:49Z</time><extensions><gpxtpx:TrackPointExtension><gpxtpx:hr>142</gpxtpx:hr></gpxtpx:TrackPointExtension></extensions></trkpt><trkpt lat="56.038165" lon="37.844607"><ele>161.8</ele><time>2026-07-09T18:31:50Z</time><extensions><gpxtpx:TrackPointExtension><gpxtpx:hr>142</gpxtpx:hr></gpxtpx:TrackPointExtension></extensions></trkpt><trkpt lat="56.038175" lon="37.844672"><ele>162.0</ele><time>2026-07-09T18:31:51Z</time><extensions><gpxtpx:TrackPointExtension><gpxtpx:hr>143</gpxtpx:hr></gpxtpx:TrackPointExtension></extensions></trkpt><trkpt lat="56.038187" lon="37.844747"><ele>162.0</ele><time>2026-07-09T18:31:52Z</time><extensions><gpxtpx:TrackPointExtension><gpxtpx:hr>143</gpxtpx:hr></gpxtpx:TrackPointExtension></extensions></trkpt><trkpt lat="56.038207" lon="37.844822"><ele>162.0</ele><time>2026-07-09T18:31:53Z</time><extensions><gpxtpx:TrackPointExtension><gpxtpx:hr>144</gpxtpx:hr></gpxtpx:TrackPointExtension></extensions></trkpt><trkpt lat="56.038232" lon="37.844887"><ele>162.0</ele><time>2026-07-09T18:31:54Z</time><extensions><gpxtpx:TrackPointExtension><gpxtpx:hr>145</gpxtpx:hr></gpxtpx:TrackPointExtension></extensions></trkpt><trkpt lat="56.038252" lon="37.844962"><ele>162.0</ele><time>2026-07-09T18:31:55Z</time><extensions><gpxtpx:TrackPointExtension><gpxtpx:hr>147</gpxtpx:hr></gpxtpx:TrackPointExtension></extensions></trkpt><trkpt lat="56.038277" lon="37.84504"><ele>162.2</ele><time>2026-07-09T18:31:56Z</time><extensions><gpxtpx:TrackPointExtension><gpxtpx:hr>147</gpxtpx:hr></gpxtpx:TrackPointExtension></extensions></trkpt><trkpt lat="56.038297" lon="37.845117"><ele>162.6</ele><time>2026-07-09T18:31:57Z</time><extensions><gpxtpx:TrackPointExtension><gpxtpx:hr>148</gpxtpx:hr></gpxtpx:TrackPointExtension></extensions></trkpt><trkpt lat="56.038313" lon="37.845192"><ele>163.0</ele><time>2026-07-09T18:31:58Z</time><extensions><gpxtpx:TrackPointExtension><gpxtpx:hr>147</gpxtpx:hr></gpxtpx:TrackPointExtension></extensions></trkpt><trkpt lat="56.038332" lon="37.845262"><ele>163.4</ele><time>2026-07-09T18:31:59Z</time><extensions><gpxtpx:TrackPointExtension><gpxtpx:hr>148</gpxtpx:hr></gpxtpx:TrackPointExtension></extensions></trkpt><trkpt lat="56.038355" lon="37.845332"><ele>163.8</ele><time>2026-07-09T18:32:00Z</time><extensions><gpxtpx:TrackPointExtension><gpxtpx:hr>149</gpxtpx:hr></gpxtpx:TrackPointExtension></extensions></trkpt><trkpt lat="56.038372" lon="37.845392"><ele>164.0</ele><time>2026-07-09T18:32:01Z</time><extensions><gpxtpx:TrackPointExtension><gpxtpx:hr>151</gpxtpx:hr></gpxtpx:TrackPointExtension></extensions></trkpt><trkpt lat="56.038387" lon="37.845452"><ele>164.6</ele><time>2026-07-09T18:32:02Z</time><extensions><gpxtpx:TrackPointExtension><gpxtpx:hr>152</gpxtpx:hr></gpxtpx:TrackPointExtension></extensions></trkpt><trkpt lat="56.038402" lon="37.8455"><ele>165.0</ele><time>2026-07-09T18:32:03Z</time><extensions><gpxtpx:TrackPointExtension><gpxtpx:hr>151</gpxtpx:hr></gpxtpx:TrackPointExtension></extensions></trkpt><trkpt lat="56.03841" lon="37.845535"><ele>165.4</ele><time>2026-07-09T18:32:04Z</time><extensions><gpxtpx:TrackPointExtension><gpxtpx:hr>152</gpxtpx:hr></gpxtpx:TrackPointExtension></extensions></trkpt><trkpt lat="56.038427" lon="37.845597"><ele>166.2</ele><time>2026-07-09T18:32:06Z</time><extensions><gpxtpx:TrackPointExtension><gpxtpx:hr>153</gpxtpx:hr></gpxtpx:TrackPointExtension></extensions></trkpt><trkpt lat="56.03844" lon="37.845627"><ele>166.4</ele><time>2026-07-09T18:32:07Z</time><extensions><gpxtpx:TrackPointExtension><gpxtpx:hr>153</gpxtpx:hr></gpxtpx:TrackPointExtension></extensions></trkpt><trkpt lat="56.038457" lon="37.84568"><ele>166.8</ele><time>2026-07-09T18:32:09Z</time><extensions><gpxtpx:TrackPointExtension><gpxtpx:hr>155</gpxtpx:hr></gpxtpx:TrackPointExtension></extensions></trkpt><trkpt lat="56.038465" lon="37.845708"><ele>167.0</ele><time>2026-07-09T18:32:10Z</time><extensions><gpxtpx:TrackPointExtension><gpxtpx:hr>156</gpxtpx:hr></gpxtpx:TrackPointExtension></extensions></trkpt><trkpt lat="56.038485" lon="37.845765"><ele>167.4</ele><time>2026-07-09T18:32:12Z</time><extensions><gpxtpx:TrackPointExtension><gpxtpx:hr>157</gpxtpx:hr></gpxtpx:TrackPointExtension></extensions></trkpt><trkpt lat="56.03851" lon="37.84582"><ele>167.6</ele><time>2026-07-09T18:32:14Z</time><extensions><gpxtpx:TrackPointExtension><gpxtpx:hr>158</gpxtpx:hr></gpxtpx:TrackPointExtension></extensions></trkpt><trkpt lat="56.038527" lon="37.845847"><ele>167.8</ele><time>2026-07-09T18:32:15Z</time><extensions><gpxtpx:TrackPointExtension><gpxtpx:hr>158</gpxtpx:hr></gpxtpx:TrackPointExtension></extensions></trkpt><trkpt lat="56.038542" lon="37.845877"><ele>167.8</ele><time>2026-07-09T18:32:16Z</time><extensions><gpxtpx:TrackPointExtension><gpxtpx:hr>157</gpxtpx:hr></gpxtpx:TrackPointExtension></extensions></trkpt><trkpt lat="56.03856" lon="37.845933"><ele>168.2</ele><time>2026-07-09T18:32:18Z</time><extensions><gpxtpx:TrackPointExtension><gpxtpx:hr>158</gpxtpx:hr></gpxtpx:TrackPointExtension></extensions></trkpt><trkpt lat="56.038572" lon="37.84596"><ele>168.2</ele><time>2026-07-09T18:32:19Z</time><extensions><gpxtpx:TrackPointExtension><gpxtpx:hr>158</gpxtpx:hr></gpxtpx:TrackPointExtension></extensions></trkpt><trkpt lat="56.03859" lon="37.846002"><ele>168.4</ele><time>2026-07-09T18:32:21Z</time><extensions><gpxtpx:TrackPointExtension><gpxtpx:hr>157</gpxtpx:hr></gpxtpx:TrackPointExtension></extensions></trkpt><trkpt lat="56.038597" lon="37.846042"><ele>168.6</ele><time>2026-07-09T18:32:22Z</time><extensions><gpxtpx:TrackPointExtension><gpxtpx:hr>158</gpxtpx:hr></gpxtpx:TrackPointExtension></extensions></trkpt><trkpt lat="56.038602" lon="37.846087"><ele>168.6</ele><time>2026-07-09T18:32:23Z</time><extensions><gpxtpx:TrackPointExtension><gpxtpx:hr>157</gpxtpx:hr></gpxtpx:TrackPointExtension></extensions></trkpt><trkpt lat="56.038607" lon="37.84614"><ele>168.8</ele><time>2026-07-09T18:32:24Z</time><extensions><gpxtpx:TrackPointExtension><gpxtpx:hr>157</gpxtpx:hr></gpxtpx:TrackPointExtension></extensions></trkpt><trkpt lat="56.038608" lon="37.846185"><ele>168.8</ele><time>2026-07-09T18:32:25Z</time><extensions><gpxtpx:TrackPointExtension><gpxtpx:hr>156</gpxtpx:hr></gpxtpx:TrackPointExtension></extensions></trkpt><trkpt lat="56.038617" lon="37.846225"><ele>168.8</ele><time>2026-07-09T18:32:26Z</time><extensions><gpxtpx:TrackPointExtension><gpxtpx:hr>156</gpxtpx:hr></gpxtpx:TrackPointExtension></extensions></trkpt><trkpt lat="56.038622" lon="37.846272"><ele>169.0</ele><time>2026-07-09T18:32:27Z</time><extensions><gpxtpx:TrackPointExtension><gpxtpx:hr>156</gpxtpx:hr></gpxtpx:TrackPointExtension></extensions></trkpt><trkpt lat="56.03863" lon="37.846317"><ele>169.0</ele><time>2026-07-09T18:32:28Z</time><extensions><gpxtpx:TrackPointExtension><gpxtpx:hr>156</gpxtpx:hr></gpxtpx:TrackPointExtension></extensions></trkpt><trkpt lat="56.038637" lon="37.846357"><ele>169.2</ele><time>2026-07-09T18:32:29Z</time><extensions><gpxtpx:TrackPointExtension><gpxtpx:hr>156</gpxtpx:hr></gpxtpx:TrackPointExtension></extensions></trkpt><trkpt lat="56.038645" lon="37.84639"><ele>169.2</ele><time>2026-07-09T18:32:30Z</time><extensions><gpxtpx:TrackPointExtension><gpxtpx:hr>155</gpxtpx:hr></gpxtpx:TrackPointExtension></extensions></trkpt><trkpt lat="56.038652" lon="37.846422"><ele>169.2</ele><time>2026-07-09T18:32:31Z</time><extensions><gpxtpx:TrackPointExtension><gpxtpx:hr>155</gpxtpx:hr></gpxtpx:TrackPointExtension></extensions></trkpt><trkpt lat="56.03866" lon="37.846477"><ele>169.2</ele><time>2026-07-09T18:32:33Z</time><extensions><gpxtpx:TrackPointExtension><gpxtpx:hr>154</gpxtpx:hr></gpxtpx:TrackPointExtension></extensions></trkpt><trkpt lat="56.038667" lon="37.84651"><ele>169.2</ele><time>2026-07-09T18:32:34Z</time><extensions><gpxtpx:TrackPointExtension><gpxtpx:hr>153</gpxtpx:hr></gpxtpx:TrackPointExtension></extensions></trkpt><trkpt lat="56.038672" lon="37.846547"><ele>169.2</ele><time>2026-07-09T18:32:35Z</time><extensions><gpxtpx:TrackPointExtension><gpxtpx:hr>154</gpxtpx:hr></gpxtpx:TrackPointExtension></extensions></trkpt><trkpt lat="56.03868" lon="37.846582"><ele>169.2</ele><time>2026-07-09T18:32:36Z</time><extensions><gpxtpx:TrackPointExtension><gpxtpx:hr>154</gpxtpx:hr></gpxtpx:TrackPointExtension></extensions></trkpt><trkpt lat="56.038682" lon="37.846615"><ele>169.2</ele><time>2026-07-09T18:32:37Z</time><extensions><gpxtpx:TrackPointExtension><gpxtpx:hr>154</gpxtpx:hr></gpxtpx:TrackPointExtension></extensions></trkpt><trkpt lat="56.038705" lon="37.846635"><ele>169.4</ele><time>2026-07-09T18:32:39Z</time><extensions><gpxtpx:TrackPointExtension><gpxtpx:hr>153</gpxtpx:hr></gpxtpx:TrackPointExtension></extensions></trkpt><trkpt lat="56.038712" lon="37.84659"><ele>169.6</ele><time>2026-07-09T18:32:41Z</time><extensions><gpxtpx:TrackPointExtension><gpxtpx:hr>153</gpxtpx:hr></gpxtpx:TrackPointExtension></extensions></trkpt><trkpt lat="56.038707" lon="37.84652"><ele>169.4</ele><time>2026-07-09T18:32:43Z</time><extensions><gpxtpx:TrackPointExtension><gpxtpx:hr>153</gpxtpx:hr></gpxtpx:TrackPointExtension></extensions></trkpt><trkpt lat="56.0387" lon="37.84648"><ele>169.4</ele><time>2026-07-09T18:32:44Z</time><extensions><gpxtpx:TrackPointExtension><gpxtpx:hr>152</gpxtpx:hr></gpxtpx:TrackPointExtension></extensions></trkpt><trkpt lat="56.038687" lon="37.846442"><ele>169.4</ele><time>2026-07-09T18:32:45Z</time><extensions><gpxtpx:TrackPointExtension><gpxtpx:hr>152</gpxtpx:hr></gpxtpx:TrackPointExtension></extensions></trkpt><trkpt lat="56.038677" lon="37.846397"><ele>169.4</ele><time>2026-07-09T18:32:46Z</time><extensions><gpxtpx:TrackPointExtension><gpxtpx:hr>152</gpxtpx:hr></gpxtpx:TrackPointExtension></extensions></trkpt><trkpt lat="56.038667" lon="37.846362"><ele>169.4</ele><time>2026-07-09T18:32:47Z</time><extensions><gpxtpx:TrackPointExtension><gpxtpx:hr>152</gpxtpx:hr></gpxtpx:TrackPointExtension></extensions></trkpt><trkpt lat="56.038657" lon="37.846327"><ele>169.2</ele><time>2026-07-09T18:32:48Z</time><extensions><gpxtpx:TrackPointExtension><gpxtpx:hr>152</gpxtpx:hr></gpxtpx:TrackPointExtension></extensions></trkpt><trkpt lat="56.038645" lon="37.84629"><ele>169.2</ele><time>2026-07-09T18:32:49Z</time><extensions><gpxtpx:TrackPointExtension><gpxtpx:hr>152</gpxtpx:hr></gpxtpx:TrackPointExtension></extensions></trkpt><trkpt lat="56.038635" lon="37.846257"><ele>169.2</ele><time>2026-07-09T18:32:50Z</time><extensions><gpxtpx:TrackPointExtension><gpxtpx:hr>152</gpxtpx:hr></gpxtpx:TrackPointExtension></extensions></trkpt><trkpt lat="56.038622" lon="37.846227"><ele>169.2</ele><time>2026-07-09T18:32:51Z</time><extensions><gpxtpx:TrackPointExtension><gpxtpx:hr>151</gpxtpx:hr></gpxtpx:TrackPointExtension></extensions></trkpt><trkpt lat="56.038612" lon="37.846187"><ele>169.2</ele><time>2026-07-09T18:32:52Z</time><extensions><gpxtpx:TrackPointExtension><gpxtpx:hr>151</gpxtpx:hr></gpxtpx:TrackPointExtension></extensions></trkpt><trkpt lat="56.038607" lon="37.84615"><ele>169.2</ele><time>2026-07-09T18:32:53Z</time><extensions><gpxtpx:TrackPointExtension><gpxtpx:hr>151</gpxtpx:hr></gpxtpx:TrackPointExtension></extensions></trkpt><trkpt lat="56.0386" lon="37.84612"><ele>169.2</ele><time>2026-07-09T18:32:54Z</time><extensions><gpxtpx:TrackPointExtension><gpxtpx:hr>151</gpxtpx:hr></gpxtpx:TrackPointExtension></extensions></trkpt><trkpt lat="56.03859" lon="37.846082"><ele>169.0</ele><time>2026-07-09T18:32:55Z</time><extensions><gpxtpx:TrackPointExtension><gpxtpx:hr>151</gpxtpx:hr></gpxtpx:TrackPointExtension></extensions></trkpt><trkpt lat="56.03858" lon="37.846047"><ele>169.0</ele><time>2026-07-09T18:32:56Z</time><extensions><gpxtpx:TrackPointExtension><gpxtpx:hr>151</gpxtpx:hr></gpxtpx:TrackPointExtension></extensions></trkpt><trkpt lat="56.038572" lon="37.84601"><ele>169.0</ele><time>2026-07-09T18:32:57Z</time><extensions><gpxtpx:TrackPointExtension><gpxtpx:hr>151</gpxtpx:hr></gpxtpx:TrackPointExtension></extensions></trkpt><trkpt lat="56.038565" lon="37.845972"><ele>169.0</ele><time>2026-07-09T18:32:58Z</time><extensions><gpxtpx:TrackPointExtension><gpxtpx:hr>151</gpxtpx:hr></gpxtpx:TrackPointExtension></extensions></trkpt><trkpt lat="56.038555" lon="37.84594"><ele>168.8</ele><time>2026-07-09T18:32:59Z</time><extensions><gpxtpx:TrackPointExtension><gpxtpx:hr>151</gpxtpx:hr></gpxtpx:TrackPointExtension></extensions></trkpt><trkpt lat="56.038547" lon="37.845905"><ele>168.8</ele><time>2026-07-09T18:33:00Z</time><extensions><gpxtpx:TrackPointExtension><gpxtpx:hr>151</gpxtpx:hr></gpxtpx:TrackPointExtension></extensions></trkpt><trkpt lat="56.038538" lon="37.845867"><ele>168.6</ele><time>2026-07-09T18:33:01Z</time><extensions><gpxtpx:TrackPointExtension><gpxtpx:hr>151</gpxtpx:hr></gpxtpx:TrackPointExtension></extensions></trkpt><trkpt lat="56.038532" lon="37.845822"><ele>168.6</ele><time>2026-07-09T18:33:02Z</time><extensions><gpxtpx:TrackPointExtension><gpxtpx:hr>151</gpxtpx:hr></gpxtpx:TrackPointExtension></extensions></trkpt><trkpt lat="56.038527" lon="37.845782"><ele>168.6</ele><time>2026-07-09T18:33:03Z</time><extensions><gpxtpx:TrackPointExtension><gpxtpx:hr>151</gpxtpx:hr></gpxtpx:TrackPointExtension></extensions></trkpt><trkpt lat="56.038517" lon="37.845745"><ele>168.4</ele><time>2026-07-09T18:33:04Z</time><extensions><gpxtpx:TrackPointExtension><gpxtpx:hr>151</gpxtpx:hr></gpxtpx:TrackPointExtension></extensions></trkpt><trkpt lat="56.038507" lon="37.845715"><ele>168.4</ele><time>2026-07-09T18:33:05Z</time><extensions><gpxtpx:TrackPointExtension><gpxtpx:hr>151</gpxtpx:hr></gpxtpx:TrackPointExtension></extensions></trkpt><trkpt lat="56.038497" lon="37.845682"><ele>168.2</ele><time>2026-07-09T18:33:06Z</time><extensions><gpxtpx:TrackPointExtension><gpxtpx:hr>151</gpxtpx:hr></gpxtpx:TrackPointExtension></extensions></trkpt><trkpt lat="56.038492" lon="37.845647"><ele>168.0</ele><time>2026-07-09T18:33:07Z</time><extensions><gpxtpx:TrackPointExtension><gpxtpx:hr>151</gpxtpx:hr></gpxtpx:TrackPointExtension></extensions></trkpt><trkpt lat="56.03848" lon="37.8456"><ele>168.0</ele><time>2026-07-09T18:33:08Z</time><extensions><gpxtpx:TrackPointExtension><gpxtpx:hr>151</gpxtpx:hr></gpxtpx:TrackPointExtension></extensions></trkpt><trkpt lat="56.038472" lon="37.845565"><ele>167.8</ele><time>2026-07-09T18:33:09Z</time><extensions><gpxtpx:TrackPointExtension><gpxtpx:hr>152</gpxtpx:hr></gpxtpx:TrackPointExtension></extensions></trkpt><trkpt lat="56.03846" lon="37.845522"><ele>167.8</ele><time>2026-07-09T18:33:10Z</time><extensions><gpxtpx:TrackPointExtension><gpxtpx:hr>152</gpxtpx:hr></gpxtpx:TrackPointExtension></extensions></trkpt><trkpt lat="56.038447" lon="37.845482"><ele>167.6</ele><time>2026-07-09T18:33:11Z</time><extensions><gpxtpx:TrackPointExtension><gpxtpx:hr>152</gpxtpx:hr></gpxtpx:TrackPointExtension></extensions></trkpt><trkpt lat="56.038437" lon="37.845432"><ele>167.6</ele><time>2026-07-09T18:33:12Z</time><extensions><gpxtpx:TrackPointExtension><gpxtpx:hr>152</gpxtpx:hr></gpxtpx:TrackPointExtension></extensions></trkpt><trkpt lat="56.038425" lon="37.845392"><ele>167.4</ele><time>2026-07-09T18:33:13Z</time><extensions><gpxtpx:TrackPointExtension><gpxtpx:hr>152</gpxtpx:hr></gpxtpx:TrackPointExtension></extensions></trkpt><trkpt lat="56.038412" lon="37.845357"><ele>167.4</ele><time>2026-07-09T18:33:14Z</time><extensions><gpxtpx:TrackPointExtension><gpxtpx:hr>152</gpxtpx:hr></gpxtpx:TrackPointExtension></extensions></trkpt><trkpt lat="56.038402" lon="37.845312"><ele>167.2</ele><time>2026-07-09T18:33:15Z</time><extensions><gpxtpx:TrackPointExtension><gpxtpx:hr>152</gpxtpx:hr></gpxtpx:TrackPointExtension></extensions></trkpt><trkpt lat="56.038392" lon="37.84527"><ele>167.0</ele><time>2026-07-09T18:33:16Z</time><extensions><gpxtpx:TrackPointExtension><gpxtpx:hr>151</gpxtpx:hr></gpxtpx:TrackPointExtension></extensions></trkpt><trkpt lat="56.038377" lon="37.845227"><ele>166.8</ele><time>2026-07-09T18:33:17Z</time><extensions><gpxtpx:TrackPointExtension><gpxtpx:hr>151</gpxtpx:hr></gpxtpx:TrackPointExtension></extensions></trkpt><trkpt lat="56.038362" lon="37.845187"><ele>166.6</ele><time>2026-07-09T18:33:18Z</time><extensions><gpxtpx:TrackPointExtension><gpxtpx:hr>149</gpxtpx:hr></gpxtpx:TrackPointExtension></extensions></trkpt><trkpt lat="56.038357" lon="37.845147"><ele>166.4</ele><time>2026-07-09T18:33:19Z</time><extensions><gpxtpx:TrackPointExtension><gpxtpx:hr>148</gpxtpx:hr></gpxtpx:TrackPointExtension></extensions></trkpt><trkpt lat="56.038342" lon="37.845102"><ele>166.2</ele><time>2026-07-09T18:33:20Z</time><extensions><gpxtpx:TrackPointExtension><gpxtpx:hr>147</gpxtpx:hr></gpxtpx:TrackPointExtension></extensions></trkpt><trkpt lat="56.03833" lon="37.845057"><ele>166.0</ele><time>2026-07-09T18:33:21Z</time><extensions><gpxtpx:TrackPointExtension><gpxtpx:hr>146</gpxtpx:hr></gpxtpx:TrackPointExtension></extensions></trkpt><trkpt lat="56.03832" lon="37.845017"><ele>165.8</ele><time>2026-07-09T18:33:22Z</time><extensions><gpxtpx:TrackPointExtension><gpxtpx:hr>146</gpxtpx:hr></gpxtpx:TrackPointExtension></extensions></trkpt><trkpt lat="56.038307" lon="37.844982"><ele>165.6</ele><time>2026-07-09T18:33:23Z</time><extensions><gpxtpx:TrackPointExtension><gpxtpx:hr>145</gpxtpx:hr></gpxtpx:TrackPointExtension></extensions></trkpt><trkpt lat="56.0383" lon="37.844937"><ele>165.4</ele><time>2026-07-09T18:33:24Z</time><extensions><gpxtpx:TrackPointExtension><gpxtpx:hr>144</gpxtpx:hr></gpxtpx:TrackPointExtension></extensions></trkpt><trkpt lat="56.038287" lon="37.844902"><ele>165.2</ele><time>2026-07-09T18:33:25Z</time><extensions><gpxtpx:TrackPointExtension><gpxtpx:hr>144</gpxtpx:hr></gpxtpx:TrackPointExtension></extensions></trkpt><trkpt lat="56.038277" lon="37.844862"><ele>165.0</ele><time>2026-07-09T18:33:26Z</time><extensions><gpxtpx:TrackPointExtension><gpxtpx:hr>144</gpxtpx:hr></gpxtpx:TrackPointExtension></extensions></trkpt><trkpt lat="56.03827" lon="37.844832"><ele>165.0</ele><time>2026-07-09T18:33:27Z</time><extensions><gpxtpx:TrackPointExtension><gpxtpx:hr>144</gpxtpx:hr></gpxtpx:TrackPointExtension></extensions></trkpt><trkpt lat="56.038262" lon="37.844792"><ele>164.8</ele><time>2026-07-09T18:33:28Z</time><extensions><gpxtpx:TrackPointExtension><gpxtpx:hr>144</gpxtpx:hr></gpxtpx:TrackPointExtension></extensions></trkpt><trkpt lat="56.03825" lon="37.844752"><ele>164.6</ele><time>2026-07-09T18:33:29Z</time><extensions><gpxtpx:TrackPointExtension><gpxtpx:hr>144</gpxtpx:hr></gpxtpx:TrackPointExtension></extensions></trkpt><trkpt lat="56.03824" lon="37.844717"><ele>164.4</ele><time>2026-07-09T18:33:30Z</time><extensions><gpxtpx:TrackPointExtension><gpxtpx:hr>143</gpxtpx:hr></gpxtpx:TrackPointExtension></extensions></trkpt><trkpt lat="56.038227" lon="37.844677"><ele>164.2</ele><time>2026-07-09T18:33:31Z</time><extensions><gpxtpx:TrackPointExtension><gpxtpx:hr>143</gpxtpx:hr></gpxtpx:TrackPointExtension></extensions></trkpt><trkpt lat="56.038215" lon="37.844638"><ele>164.0</ele><time>2026-07-09T18:33:32Z</time><extensions><gpxtpx:TrackPointExtension><gpxtpx:hr>143</gpxtpx:hr></gpxtpx:TrackPointExtension></extensions></trkpt><trkpt lat="56.038207" lon="37.844605"><ele>163.8</ele><time>2026-07-09T18:33:33Z</time><extensions><gpxtpx:TrackPointExtension><gpxtpx:hr>143</gpxtpx:hr></gpxtpx:TrackPointExtension></extensions></trkpt><trkpt lat="56.038197" lon="37.844572"><ele>163.4</ele><time>2026-07-09T18:33:34Z</time><extensions><gpxtpx:TrackPointExtension><gpxtpx:hr>143</gpxtpx:hr></gpxtpx:TrackPointExtension></extensions></trkpt><trkpt lat="56.038182" lon="37.844542"><ele>163.2</ele><time>2026-07-09T18:33:35Z</time><extensions><gpxtpx:TrackPointExtension><gpxtpx:hr>143</gpxtpx:hr></gpxtpx:TrackPointExtension></extensions></trkpt><trkpt lat="56.03817" lon="37.84451"><ele>163.0</ele><time>2026-07-09T18:33:36Z</time><extensions><gpxtpx:TrackPointExtension><gpxtpx:hr>143</gpxtpx:hr></gpxtpx:TrackPointExtension></extensions></trkpt><trkpt lat="56.038157" lon="37.844472"><ele>162.6</ele><time>2026-07-09T18:33:37Z</time><extensions><gpxtpx:TrackPointExtension><gpxtpx:hr>143</gpxtpx:hr></gpxtpx:TrackPointExtension></extensions></trkpt><trkpt lat="56.038147" lon="37.844432"><ele>162.4</ele><time>2026-07-09T18:33:38Z</time><extensions><gpxtpx:TrackPointExtension><gpxtpx:hr>143</gpxtpx:hr></gpxtpx:TrackPointExtension></extensions></trkpt><trkpt lat="56.038132" lon="37.844412"><ele>162.2</ele><time>2026-07-09T18:33:39Z</time><extensions><gpxtpx:TrackPointExtension><gpxtpx:hr>143</gpxtpx:hr></gpxtpx:TrackPointExtension></extensions></trkpt><trkpt lat="56.03812" lon="37.844452"><ele>161.6</ele><time>2026-07-09T18:33:42Z</time><extensions><gpxtpx:TrackPointExtension><gpxtpx:hr>144</gpxtpx:hr></gpxtpx:TrackPointExtension></extensions></trkpt><trkpt lat="56.038127" lon="37.844485"><ele>161.6</ele><time>2026-07-09T18:33:43Z</time><extensions><gpxtpx:TrackPointExtension><gpxtpx:hr>143</gpxtpx:hr></gpxtpx:TrackPointExtension></extensions></trkpt><trkpt lat="56.038135" lon="37.844515"><ele>161.6</ele><time>2026-07-09T18:33:44Z</time><extensions><gpxtpx:TrackPointExtension><gpxtpx:hr>143</gpxtpx:hr></gpxtpx:TrackPointExtension></extensions></trkpt><trkpt lat="56.038152" lon="37.84456"><ele>161.6</ele><time>2026-07-09T18:33:46Z</time><extensions><gpxtpx:TrackPointExtension><gpxtpx:hr>143</gpxtpx:hr></gpxtpx:TrackPointExtension></extensions></trkpt><trkpt lat="56.038167" lon="37.844612"><ele>161.8</ele><time>2026-07-09T18:33:48Z</time><extensions><gpxtpx:TrackPointExtension><gpxtpx:hr>142</gpxtpx:hr></gpxtpx:TrackPointExtension></extensions></trkpt><trkpt lat="56.038177" lon="37.84465"><ele>162.0</ele><time>2026-07-09T18:33:49Z</time><extensions><gpxtpx:TrackPointExtension><gpxtpx:hr>141</gpxtpx:hr></gpxtpx:TrackPointExtension></extensions></trkpt><trkpt lat="56.038192" lon="37.844712"><ele>162.0</ele><time>2026-07-09T18:33:50Z</time><extensions><gpxtpx:TrackPointExtension><gpxtpx:hr>142</gpxtpx:hr></gpxtpx:TrackPointExtension></extensions></trkpt><trkpt lat="56.03821" lon="37.844787"><ele>161.8</ele><time>2026-07-09T18:33:51Z</time><extensions><gpxtpx:TrackPointExtension><gpxtpx:hr>143</gpxtpx:hr></gpxtpx:TrackPointExtension></extensions></trkpt><trkpt lat="56.038232" lon="37.844867"><ele>161.8</ele><time>2026-07-09T18:33:52Z</time><extensions><gpxtpx:TrackPointExtension><gpxtpx:hr>144</gpxtpx:hr></gpxtpx:TrackPointExtension></extensions></trkpt><trkpt lat="56.038252" lon="37.844952"><ele>162.0</ele><time>2026-07-09T18:33:53Z</time><extensions><gpxtpx:TrackPointExtension><gpxtpx:hr>145</gpxtpx:hr></gpxtpx:TrackPointExtension></extensions></trkpt><trkpt lat="56.038275" lon="37.845037"><ele>162.0</ele><time>2026-07-09T18:33:54Z</time><extensions><gpxtpx:TrackPointExtension><gpxtpx:hr>146</gpxtpx:hr></gpxtpx:TrackPointExtension></extensions></trkpt><trkpt lat="56.038297" lon="37.845117"><ele>162.2</ele><time>2026-07-09T18:33:55Z</time><extensions><gpxtpx:TrackPointExtension><gpxtpx:hr>147</gpxtpx:hr></gpxtpx:TrackPointExtension></extensions></trkpt><trkpt lat="56.03832" lon="37.8452"><ele>162.4</ele><time>2026-07-09T18:33:56Z</time><extensions><gpxtpx:TrackPointExtension><gpxtpx:hr>148</gpxtpx:hr></gpxtpx:TrackPointExtension></extensions></trkpt><trkpt lat="56.038342" lon="37.845282"><ele>162.8</ele><time>2026-07-09T18:33:57Z</time><extensions><gpxtpx:TrackPointExtension><gpxtpx:hr>148</gpxtpx:hr></gpxtpx:TrackPointExtension></extensions></trkpt><trkpt lat="56.038367" lon="37.845362"><ele>163.2</ele><time>2026-07-09T18:33:58Z</time><extensions><gpxtpx:TrackPointExtension><gpxtpx:hr>148</gpxtpx:hr></gpxtpx:TrackPointExtension></extensions></trkpt><trkpt lat="56.03839" lon="37.845427"><ele>163.6</ele><time>2026-07-09T18:33:59Z</time><extensions><gpxtpx:TrackPointExtension><gpxtpx:hr>149</gpxtpx:hr></gpxtpx:TrackPointExtension></extensions></trkpt><trkpt lat="56.038407" lon="37.845492"><ele>164.0</ele><time>2026-07-09T18:34:00Z</time><extensions><gpxtpx:TrackPointExtension><gpxtpx:hr>149</gpxtpx:hr></gpxtpx:TrackPointExtension></extensions></trkpt><trkpt lat="56.03842" lon="37.845545"><ele>164.4</ele><time>2026-07-09T18:34:01Z</time><extensions><gpxtpx:TrackPointExtension><gpxtpx:hr>150</gpxtpx:hr></gpxtpx:TrackPointExtension></extensions></trkpt><trkpt lat="56.038432" lon="37.84559"><ele>165.0</ele><time>2026-07-09T18:34:02Z</time><extensions><gpxtpx:TrackPointExtension><gpxtpx:hr>150</gpxtpx:hr></gpxtpx:TrackPointExtension></extensions></trkpt><trkpt lat="56.038445" lon="37.845622"><ele>165.6</ele><time>2026-07-09T18:34:03Z</time><extensions><gpxtpx:TrackPointExtension><gpxtpx:hr>150</gpxtpx:hr></gpxtpx:TrackPointExtension></extensions></trkpt><trkpt lat="56.038457" lon="37.845645"><ele>166.0</ele><time>2026-07-09T18:34:04Z</time><extensions><gpxtpx:TrackPointExtension><gpxtpx:hr>151</gpxtpx:hr></gpxtpx:TrackPointExtension></extensions></trkpt><trkpt lat="56.038462" lon="37.845677"><ele>166.4</ele><time>2026-07-09T18:34:05Z</time><extensions><gpxtpx:TrackPointExtension><gpxtpx:hr>151</gpxtpx:hr></gpxtpx:TrackPointExtension></extensions></trkpt><trkpt lat="56.03848" lon="37.845732"><ele>167.2</ele><time>2026-07-09T18:34:07Z</time><extensions><gpxtpx:TrackPointExtension><gpxtpx:hr>151</gpxtpx:hr></gpxtpx:TrackPointExtension></extensions></trkpt><trkpt lat="56.038487" lon="37.845767"><ele>167.2</ele><time>2026-07-09T18:34:08Z</time><extensions><gpxtpx:TrackPointExtension><gpxtpx:hr>152</gpxtpx:hr></gpxtpx:TrackPointExtension></extensions></trkpt><trkpt lat="56.038497" lon="37.845795"><ele>167.4</ele><time>2026-07-09T18:34:09Z</time><extensions><gpxtpx:TrackPointExtension><gpxtpx:hr>152</gpxtpx:hr></gpxtpx:TrackPointExtension></extensions></trkpt><trkpt lat="56.03851" lon="37.845827"><ele>167.6</ele><time>2026-07-09T18:34:10Z</time><extensions><gpxtpx:TrackPointExtension><gpxtpx:hr>153</gpxtpx:hr></gpxtpx:TrackPointExtension></extensions></trkpt><trkpt lat="56.038525" lon="37.845892"><ele>168.0</ele><time>2026-07-09T18:34:12Z</time><extensions><gpxtpx:TrackPointExtension><gpxtpx:hr>154</gpxtpx:hr></gpxtpx:TrackPointExtension></extensions></trkpt><trkpt lat="56.03853" lon="37.845927"><ele>168.0</ele><time>2026-07-09T18:34:13Z</time><extensions><gpxtpx:TrackPointExtension><gpxtpx:hr>154</gpxtpx:hr></gpxtpx:TrackPointExtension></extensions></trkpt><trkpt lat="56.038545" lon="37.845985"><ele>168.2</ele><time>2026-07-09T18:34:15Z</time><extensions><gpxtpx:TrackPointExtension><gpxtpx:hr>156</gpxtpx:hr></gpxtpx:TrackPointExtension></extensions></trkpt><trkpt lat="56.038565" lon="37.84604"><ele>168.4</ele><time>2026-07-09T18:34:17Z</time><extensions><gpxtpx:TrackPointExtension><gpxtpx:hr>156</gpxtpx:hr></gpxtpx:TrackPointExtension></extensions></trkpt><trkpt lat="56.038575" lon="37.846072"><ele>168.6</ele><time>2026-07-09T18:34:18Z</time><extensions><gpxtpx:TrackPointExtension><gpxtpx:hr>156</gpxtpx:hr></gpxtpx:TrackPointExtension></extensions></trkpt><trkpt lat="56.038582" lon="37.846102"><ele>168.8</ele><time>2026-07-09T18:34:19Z</time><extensions><gpxtpx:TrackPointExtension><gpxtpx:hr>156</gpxtpx:hr></gpxtpx:TrackPointExtension></extensions></trkpt><trkpt lat="56.038602" lon="37.846162"><ele>169.0</ele><time>2026-07-09T18:34:21Z</time><extensions><gpxtpx:TrackPointExtension><gpxtpx:hr>156</gpxtpx:hr></gpxtpx:TrackPointExtension></extensions></trkpt><trkpt lat="56.038607" lon="37.846195"><ele>169.0</ele><time>2026-07-09T18:34:22Z</time><extensions><gpxtpx:TrackPointExtension><gpxtpx:hr>156</gpxtpx:hr></gpxtpx:TrackPointExtension></extensions></trkpt><trkpt lat="56.038612" lon="37.846227"><ele>169.0</ele><time>2026-07-09T18:34:23Z</time><extensions><gpxtpx:TrackPointExtension><gpxtpx:hr>156</gpxtpx:hr></gpxtpx:TrackPointExtension></extensions></trkpt><trkpt lat="56.038625" lon="37.846287"><ele>169.0</ele><time>2026-07-09T18:34:25Z</time><extensions><gpxtpx:TrackPointExtension><gpxtpx:hr>155</gpxtpx:hr></gpxtpx:TrackPointExtension></extensions></trkpt><trkpt lat="56.038637" lon="37.846337"><ele>169.2</ele><time>2026-07-09T18:34:27Z</time><extensions><gpxtpx:TrackPointExtension><gpxtpx:hr>155</gpxtpx:hr></gpxtpx:TrackPointExtension></extensions></trkpt><trkpt lat="56.038657" lon="37.846392"><ele>169.2</ele><time>2026-07-09T18:34:29Z</time><extensions><gpxtpx:TrackPointExtension><gpxtpx:hr>154</gpxtpx:hr></gpxtpx:TrackPointExtension></extensions></trkpt><trkpt lat="56.038677" lon="37.84645"><ele>169.2</ele><time>2026-07-09T18:34:31Z</time><extensions><gpxtpx:TrackPointExtension><gpxtpx:hr>155</gpxtpx:hr></gpxtpx:TrackPointExtension></extensions></trkpt><trkpt lat="56.038687" lon="37.846487"><ele>169.2</ele><time>2026-07-09T18:34:32Z</time><extensions><gpxtpx:TrackPointExtension><gpxtpx:hr>154</gpxtpx:hr></gpxtpx:TrackPointExtension></extensions></trkpt><trkpt lat="56.0387" lon="37.846522"><ele>169.2</ele><time>2026-07-09T18:34:33Z</time><extensions><gpxtpx:TrackPointExtension><gpxtpx:hr>155</gpxtpx:hr></gpxtpx:TrackPointExtension></extensions></trkpt><trkpt lat="56.038712" lon="37.846555"><ele>169.2</ele><time>2026-07-09T18:34:34Z</time><extensions><gpxtpx:TrackPointExtension><gpxtpx:hr>155</gpxtpx:hr></gpxtpx:TrackPointExtension></extensions></trkpt><trkpt lat="56.038722" lon="37.84658"><ele>169.2</ele><time>2026-07-09T18:34:35Z</time><extensions><gpxtpx:TrackPointExtension><gpxtpx:hr>155</gpxtpx:hr></gpxtpx:TrackPointExtension></extensions></trkpt><trkpt lat="56.038735" lon="37.846537"><ele>169.6</ele><time>2026-07-09T18:34:39Z</time><extensions><gpxtpx:TrackPointExtension><gpxtpx:hr>156</gpxtpx:hr></gpxtpx:TrackPointExtension></extensions></trkpt><trkpt lat="56.03873" lon="37.846505"><ele>169.6</ele><time>2026-07-09T18:34:40Z</time><extensions><gpxtpx:TrackPointExtension><gpxtpx:hr>156</gpxtpx:hr></gpxtpx:TrackPointExtension></extensions></trkpt><trkpt lat="56.038725" lon="37.846472"><ele>169.4</ele><time>2026-07-09T18:34:41Z</time><extensions><gpxtpx:TrackPointExtension><gpxtpx:hr>156</gpxtpx:hr></gpxtpx:TrackPointExtension></extensions></trkpt><trkpt lat="56.038717" lon="37.846435"><ele>169.4</ele><time>2026-07-09T18:34:42Z</time><extensions><gpxtpx:TrackPointExtension><gpxtpx:hr>156</gpxtpx:hr></gpxtpx:TrackPointExtension></extensions></trkpt><trkpt lat="56.038707" lon="37.846397"><ele>169.4</ele><time>2026-07-09T18:34:43Z</time><extensions><gpxtpx:TrackPointExtension><gpxtpx:hr>156</gpxtpx:hr></gpxtpx:TrackPointExtension></extensions></trkpt><trkpt lat="56.038697" lon="37.846357"><ele>169.4</ele><time>2026-07-09T18:34:44Z</time><extensions><gpxtpx:TrackPointExtension><gpxtpx:hr>156</gpxtpx:hr></gpxtpx:TrackPointExtension></extensions></trkpt><trkpt lat="56.038687" lon="37.846322"><ele>169.2</ele><time>2026-07-09T18:34:45Z</time><extensions><gpxtpx:TrackPointExtension><gpxtpx:hr>156</gpxtpx:hr></gpxtpx:TrackPointExtension></extensions></trkpt><trkpt lat="56.038677" lon="37.846287"><ele>169.2</ele><time>2026-07-09T18:34:46Z</time><extensions><gpxtpx:TrackPointExtension><gpxtpx:hr>156</gpxtpx:hr></gpxtpx:TrackPointExtension></extensions></trkpt><trkpt lat="56.038667" lon="37.846247"><ele>169.2</ele><time>2026-07-09T18:34:47Z</time><extensions><gpxtpx:TrackPointExtension><gpxtpx:hr>156</gpxtpx:hr></gpxtpx:TrackPointExtension></extensions></trkpt><trkpt lat="56.038655" lon="37.84621"><ele>169.2</ele><time>2026-07-09T18:34:48Z</time><extensions><gpxtpx:TrackPointExtension><gpxtpx:hr>156</gpxtpx:hr></gpxtpx:TrackPointExtension></extensions></trkpt><trkpt lat="56.038645" lon="37.846177"><ele>169.0</ele><time>2026-07-09T18:34:49Z</time><extensions><gpxtpx:TrackPointExtension><gpxtpx:hr>156</gpxtpx:hr></gpxtpx:TrackPointExtension></extensions></trkpt><trkpt lat="56.038635" lon="37.846135"><ele>169.0</ele><time>2026-07-09T18:34:50Z</time><extensions><gpxtpx:TrackPointExtension><gpxtpx:hr>156</gpxtpx:hr></gpxtpx:TrackPointExtension></extensions></trkpt><trkpt lat="56.038627" lon="37.846097"><ele>169.0</ele><time>2026-07-09T18:34:51Z</time><extensions><gpxtpx:TrackPointExtension><gpxtpx:hr>155</gpxtpx:hr></gpxtpx:TrackPointExtension></extensions></trkpt><trkpt lat="56.038617" lon="37.846065"><ele>169.0</ele><time>2026-07-09T18:34:52Z</time><extensions><gpxtpx:TrackPointExtension><gpxtpx:hr>155</gpxtpx:hr></gpxtpx:TrackPointExtension></extensions></trkpt><trkpt lat="56.038607" lon="37.846035"><ele>169.0</ele><time>2026-07-09T18:34:53Z</time><extensions><gpxtpx:TrackPointExtension><gpxtpx:hr>155</gpxtpx:hr></gpxtpx:TrackPointExtension></extensions></trkpt><trkpt lat="56.0386" lon="37.845995"><ele>169.0</ele><time>2026-07-09T18:34:54Z</time><extensions><gpxtpx:TrackPointExtension><gpxtpx:hr>154</gpxtpx:hr></gpxtpx:TrackPointExtension></extensions></trkpt><trkpt lat="56.038587" lon="37.845952"><ele>169.0</ele><time>2026-07-09T18:34:55Z</time><extensions><gpxtpx:TrackPointExtension><gpxtpx:hr>154</gpxtpx:hr></gpxtpx:TrackPointExtension></extensions></trkpt><trkpt lat="56.038582" lon="37.84592"><ele>169.0</ele><time>2026-07-09T18:34:56Z</time><extensions><gpxtpx:TrackPointExtension><gpxtpx:hr>154</gpxtpx:hr></gpxtpx:TrackPointExtension></extensions></trkpt><trkpt lat="56.038577" lon="37.845887"><ele>169.0</ele><time>2026-07-09T18:34:57Z</time><extensions><gpxtpx:TrackPointExtension><gpxtpx:hr>154</gpxtpx:hr></gpxtpx:TrackPointExtension></extensions></trkpt><trkpt lat="56.038567" lon="37.845852"><ele>169.0</ele><time>2026-07-09T18:34:58Z</time><extensions><gpxtpx:TrackPointExtension><gpxtpx:hr>153</gpxtpx:hr></gpxtpx:TrackPointExtension></extensions></trkpt><trkpt lat="56.038557" lon="37.845822"><ele>169.0</ele><time>2026-07-09T18:34:59Z</time><extensions><gpxtpx:TrackPointExtension><gpxtpx:hr>153</gpxtpx:hr></gpxtpx:TrackPointExtension></extensions></trkpt><trkpt lat="56.038537" lon="37.845757"><ele>168.8</ele><time>2026-07-09T18:35:01Z</time><extensions><gpxtpx:TrackPointExtension><gpxtpx:hr>154</gpxtpx:hr></gpxtpx:TrackPointExtension></extensions></trkpt><trkpt lat="56.038525" lon="37.845732"><ele>168.8</ele><time>2026-07-09T18:35:02Z</time><extensions><gpxtpx:TrackPointExtension><gpxtpx:hr>153</gpxtpx:hr></gpxtpx:TrackPointExtension></extensions></trkpt><trkpt lat="56.038507" lon="37.845675"><ele>168.6</ele><time>2026-07-09T18:35:04Z</time><extensions><gpxtpx:TrackPointExtension><gpxtpx:hr>153</gpxtpx:hr></gpxtpx:TrackPointExtension></extensions></trkpt><trkpt lat="56.038492" lon="37.845617"><ele>168.2</ele><time>2026-07-09T18:35:06Z</time><extensions><gpxtpx:TrackPointExtension><gpxtpx:hr>153</gpxtpx:hr></gpxtpx:TrackPointExtension></extensions></trkpt><trkpt lat="56.038482" lon="37.84559"><ele>168.0</ele><time>2026-07-09T18:35:07Z</time><extensions><gpxtpx:TrackPointExtension><gpxtpx:hr>153</gpxtpx:hr></gpxtpx:TrackPointExtension></extensions></trkpt><trkpt lat="56.038468" lon="37.84556"><ele>167.8</ele><time>2026-07-09T18:35:08Z</time><extensions><gpxtpx:TrackPointExtension><gpxtpx:hr>152</gpxtpx:hr></gpxtpx:TrackPointExtension></extensions></trkpt><trkpt lat="56.038462" lon="37.845522"><ele>167.8</ele><time>2026-07-09T18:35:09Z</time><extensions><gpxtpx:TrackPointExtension><gpxtpx:hr>152</gpxtpx:hr></gpxtpx:TrackPointExtension></extensions></trkpt><trkpt lat="56.038452" lon="37.845487"><ele>167.6</ele><time>2026-07-09T18:35:10Z</time><extensions><gpxtpx:TrackPointExtension><gpxtpx:hr>151</gpxtpx:hr></gpxtpx:TrackPointExtension></extensions></trkpt><trkpt lat="56.038442" lon="37.845447"><ele>167.6</ele><time>2026-07-09T18:35:11Z</time><extensions><gpxtpx:TrackPointExtension><gpxtpx:hr>151</gpxtpx:hr></gpxtpx:TrackPointExtension></extensions></trkpt><trkpt lat="56.03843" lon="37.845412"><ele>167.4</ele><time>2026-07-09T18:35:12Z</time><extensions><gpxtpx:TrackPointExtension><gpxtpx:hr>150</gpxtpx:hr></gpxtpx:TrackPointExtension></extensions></trkpt><trkpt lat="56.03842" lon="37.845377"><ele>167.2</ele><time>2026-07-09T18:35:13Z</time><extensions><gpxtpx:TrackPointExtension><gpxtpx:hr>150</gpxtpx:hr></gpxtpx:TrackPointExtension></extensions></trkpt><trkpt lat="56.038407" lon="37.845342"><ele>167.0</ele><time>2026-07-09T18:35:14Z</time><extensions><gpxtpx:TrackPointExtension><gpxtpx:hr>150</gpxtpx:hr></gpxtpx:TrackPointExtension></extensions></trkpt><trkpt lat="56.038397" lon="37.845305"><ele>167.0</ele><time>2026-07-09T18:35:15Z</time><extensions><gpxtpx:TrackPointExtension><gpxtpx:hr>149</gpxtpx:hr></gpxtpx:TrackPointExtension></extensions></trkpt><trkpt lat="56.038387" lon="37.845265"><ele>166.8</ele><time>2026-07-09T18:35:16Z</time><extensions><gpxtpx:TrackPointExtension><gpxtpx:hr>149</gpxtpx:hr></gpxtpx:TrackPointExtension></extensions></trkpt><trkpt lat="56.038377" lon="37.845232"><ele>166.6</ele><time>2026-07-09T18:35:17Z</time><extensions><gpxtpx:TrackPointExtension><gpxtpx:hr>149</gpxtpx:hr></gpxtpx:TrackPointExtension></extensions></trkpt><trkpt lat="56.038367" lon="37.8452"><ele>166.4</ele><time>2026-07-09T18:35:18Z</time><extensions><gpxtpx:TrackPointExtension><gpxtpx:hr>148</gpxtpx:hr></gpxtpx:TrackPointExtension></extensions></trkpt><trkpt lat="56.03836" lon="37.845162"><ele>166.2</ele><time>2026-07-09T18:35:19Z</time><extensions><gpxtpx:TrackPointExtension><gpxtpx:hr>147</gpxtpx:hr></gpxtpx:TrackPointExtension></extensions></trkpt><trkpt lat="56.038352" lon="37.845122"><ele>166.0</ele><time>2026-07-09T18:35:20Z</time><extensions><gpxtpx:TrackPointExtension><gpxtpx:hr>146</gpxtpx:hr></gpxtpx:TrackPointExtension></extensions></trkpt><trkpt lat="56.038345" lon="37.845087"><ele>165.8</ele><time>2026-07-09T18:35:21Z</time><extensions><gpxtpx:TrackPointExtension><gpxtpx:hr>145</gpxtpx:hr></gpxtpx:TrackPointExtension></extensions></trkpt><trkpt lat="56.038332" lon="37.845055"><ele>165.6</ele><time>2026-07-09T18:35:22Z</time><extensions><gpxtpx:TrackPointExtension><gpxtpx:hr>145</gpxtpx:hr></gpxtpx:TrackPointExtension></extensions></trkpt><trkpt lat="56.03832" lon="37.845017"><ele>165.6</ele><time>2026-07-09T18:35:23Z</time><extensions><gpxtpx:TrackPointExtension><gpxtpx:hr>145</gpxtpx:hr></gpxtpx:TrackPointExtension></extensions></trkpt><trkpt lat="56.03831" lon="37.844977"><ele>165.4</ele><time>2026-07-09T18:35:24Z</time><extensions><gpxtpx:TrackPointExtension><gpxtpx:hr>146</gpxtpx:hr></gpxtpx:TrackPointExtension></extensions></trkpt><trkpt lat="56.0383" lon="37.84494"><ele>165.2</ele><time>2026-07-09T18:35:25Z</time><extensions><gpxtpx:TrackPointExtension><gpxtpx:hr>146</gpxtpx:hr></gpxtpx:TrackPointExtension></extensions></trkpt><trkpt lat="56.03829" lon="37.844902"><ele>165.0</ele><time>2026-07-09T18:35:26Z</time><extensions><gpxtpx:TrackPointExtension><gpxtpx:hr>145</gpxtpx:hr></gpxtpx:TrackPointExtension></extensions></trkpt><trkpt lat="56.038277" lon="37.84486"><ele>164.8</ele><time>2026-07-09T18:35:27Z</time><extensions><gpxtpx:TrackPointExtension><gpxtpx:hr>145</gpxtpx:hr></gpxtpx:TrackPointExtension></extensions></trkpt><trkpt lat="56.038262" lon="37.844827"><ele>164.6</ele><time>2026-07-09T18:35:28Z</time><extensions><gpxtpx:TrackPointExtension><gpxtpx:hr>144</gpxtpx:hr></gpxtpx:TrackPointExtension></extensions></trkpt><trkpt lat="56.038252" lon="37.84479"><ele>164.4</ele><time>2026-07-09T18:35:29Z</time><extensions><gpxtpx:TrackPointExtension><gpxtpx:hr>144</gpxtpx:hr></gpxtpx:TrackPointExtension></extensions></trkpt><trkpt lat="56.03824" lon="37.84475"><ele>164.2</ele><time>2026-07-09T18:35:30Z</time><extensions><gpxtpx:TrackPointExtension><gpxtpx:hr>145</gpxtpx:hr></gpxtpx:TrackPointExtension></extensions></trkpt><trkpt lat="56.03823" lon="37.844707"><ele>164.0</ele><time>2026-07-09T18:35:31Z</time><extensions><gpxtpx:TrackPointExtension><gpxtpx:hr>144</gpxtpx:hr></gpxtpx:TrackPointExtension></extensions></trkpt><trkpt lat="56.038217" lon="37.844662"><ele>163.8</ele><time>2026-07-09T18:35:32Z</time><extensions><gpxtpx:TrackPointExtension><gpxtpx:hr>144</gpxtpx:hr></gpxtpx:TrackPointExtension></extensions></trkpt><trkpt lat="56.038207" lon="37.84462"><ele>163.6</ele><time>2026-07-09T18:35:33Z</time><extensions><gpxtpx:TrackPointExtension><gpxtpx:hr>144</gpxtpx:hr></gpxtpx:TrackPointExtension></extensions></trkpt><trkpt lat="56.038195" lon="37.844577"><ele>163.4</ele><time>2026-07-09T18:35:34Z</time><extensions><gpxtpx:TrackPointExtension><gpxtpx:hr>145</gpxtpx:hr></gpxtpx:TrackPointExtension></extensions></trkpt><trkpt lat="56.038182" lon="37.844537"><ele>163.2</ele><time>2026-07-09T18:35:35Z</time><extensions><gpxtpx:TrackPointExtension><gpxtpx:hr>144</gpxtpx:hr></gpxtpx:TrackPointExtension></extensions></trkpt><trkpt lat="56.038172" lon="37.844497"><ele>163.0</ele><time>2026-07-09T18:35:36Z</time><extensions><gpxtpx:TrackPointExtension><gpxtpx:hr>144</gpxtpx:hr></gpxtpx:TrackPointExtension></extensions></trkpt><trkpt lat="56.038165" lon="37.844457"><ele>162.8</ele><time>2026-07-09T18:35:37Z</time><extensions><gpxtpx:TrackPointExtension><gpxtpx:hr>144</gpxtpx:hr></gpxtpx:TrackPointExtension></extensions></trkpt><trkpt lat="56.038155" lon="37.844417"><ele>162.4</ele><time>2026-07-09T18:35:38Z</time><extensions><gpxtpx:TrackPointExtension><gpxtpx:hr>144</gpxtpx:hr></gpxtpx:TrackPointExtension></extensions></trkpt><trkpt lat="56.038145" lon="37.844382"><ele>162.2</ele><time>2026-07-09T18:35:39Z</time><extensions><gpxtpx:TrackPointExtension><gpxtpx:hr>143</gpxtpx:hr></gpxtpx:TrackPointExtension></extensions></trkpt><trkpt lat="56.038127" lon="37.844392"><ele>161.8</ele><time>2026-07-09T18:35:41Z</time><extensions><gpxtpx:TrackPointExtension><gpxtpx:hr>143</gpxtpx:hr></gpxtpx:TrackPointExtension></extensions></trkpt><trkpt lat="56.038127" lon="37.844452"><ele>161.6</ele><time>2026-07-09T18:35:43Z</time><extensions><gpxtpx:TrackPointExtension><gpxtpx:hr>142</gpxtpx:hr></gpxtpx:TrackPointExtension></extensions></trkpt><trkpt lat="56.038132" lon="37.844487"><ele>161.6</ele><time>2026-07-09T18:35:44Z</time><extensions><gpxtpx:TrackPointExtension><gpxtpx:hr>142</gpxtpx:hr></gpxtpx:TrackPointExtension></extensions></trkpt><trkpt lat="56.038142" lon="37.844522"><ele>161.6</ele><time>2026-07-09T18:35:45Z</time><extensions><gpxtpx:TrackPointExtension><gpxtpx:hr>142</gpxtpx:hr></gpxtpx:TrackPointExtension></extensions></trkpt><trkpt lat="56.03815" lon="37.844557"><ele>161.6</ele><time>2026-07-09T18:35:46Z</time><extensions><gpxtpx:TrackPointExtension><gpxtpx:hr>142</gpxtpx:hr></gpxtpx:TrackPointExtension></extensions></trkpt><trkpt lat="56.038155" lon="37.844592"><ele>161.6</ele><time>2026-07-09T18:35:47Z</time><extensions><gpxtpx:TrackPointExtension><gpxtpx:hr>142</gpxtpx:hr></gpxtpx:TrackPointExtension></extensions></trkpt><trkpt lat="56.038172" lon="37.84465"><ele>162.0</ele><time>2026-07-09T18:35:49Z</time><extensions><gpxtpx:TrackPointExtension><gpxtpx:hr>142</gpxtpx:hr></gpxtpx:TrackPointExtension></extensions></trkpt><trkpt lat="56.038187" lon="37.844692"><ele>162.0</ele><time>2026-07-09T18:35:50Z</time><extensions><gpxtpx:TrackPointExtension><gpxtpx:hr>143</gpxtpx:hr></gpxtpx:TrackPointExtension></extensions></trkpt><trkpt lat="56.038202" lon="37.84475"><ele>162.2</ele><time>2026-07-09T18:35:51Z</time><extensions><gpxtpx:TrackPointExtension><gpxtpx:hr>142</gpxtpx:hr></gpxtpx:TrackPointExtension></extensions></trkpt><trkpt lat="56.038225" lon="37.844822"><ele>162.2</ele><time>2026-07-09T18:35:52Z</time><extensions><gpxtpx:TrackPointExtension><gpxtpx:hr>143</gpxtpx:hr></gpxtpx:TrackPointExtension></extensions></trkpt><trkpt lat="56.038247" lon="37.844897"><ele>162.2</ele><time>2026-07-09T18:35:53Z</time><extensions><gpxtpx:TrackPointExtension><gpxtpx:hr>143</gpxtpx:hr></gpxtpx:TrackPointExtension></extensions></trkpt><trkpt lat="56.038272" lon="37.844977"><ele>162.2</ele><time>2026-07-09T18:35:54Z</time><extensions><gpxtpx:TrackPointExtension><gpxtpx:hr>143</gpxtpx:hr></gpxtpx:TrackPointExtension></extensions></trkpt><trkpt lat="56.038295" lon="37.845052"><ele>162.4</ele><time>2026-07-09T18:35:55Z</time><extensions><gpxtpx:TrackPointExtension><gpxtpx:hr>144</gpxtpx:hr></gpxtpx:TrackPointExtension></extensions></trkpt><trkpt lat="56.038322" lon="37.845132"><ele>162.6</ele><time>2026-07-09T18:35:56Z</time><extensions><gpxtpx:TrackPointExtension><gpxtpx:hr>144</gpxtpx:hr></gpxtpx:TrackPointExtension></extensions></trkpt><trkpt lat="56.03835" lon="37.845215"><ele>162.8</ele><time>2026-07-09T18:35:57Z</time><extensions><gpxtpx:TrackPointExtension><gpxtpx:hr>144</gpxtpx:hr></gpxtpx:TrackPointExtension></extensions></trkpt><trkpt lat="56.038372" lon="37.845292"><ele>163.2</ele><time>2026-07-09T18:35:58Z</time><extensions><gpxtpx:TrackPointExtension><gpxtpx:hr>145</gpxtpx:hr></gpxtpx:TrackPointExtension></extensions></trkpt><trkpt lat="56.038397" lon="37.845375"><ele>163.6</ele><time>2026-07-09T18:35:59Z</time><extensions><gpxtpx:TrackPointExtension><gpxtpx:hr>145</gpxtpx:hr></gpxtpx:TrackPointExtension></extensions></trkpt><trkpt lat="56.038422" lon="37.84545"><ele>163.8</ele><time>2026-07-09T18:36:00Z</time><extensions><gpxtpx:TrackPointExtension><gpxtpx:hr>145</gpxtpx:hr></gpxtpx:TrackPointExtension></extensions></trkpt><trkpt lat="56.038442" lon="37.845507"><ele>164.0</ele><time>2026-07-09T18:36:01Z</time><extensions><gpxtpx:TrackPointExtension><gpxtpx:hr>146</gpxtpx:hr></gpxtpx:TrackPointExtension></extensions></trkpt><trkpt lat="56.038455" lon="37.845553"><ele>164.6</ele><time>2026-07-09T18:36:02Z</time><extensions><gpxtpx:TrackPointExtension><gpxtpx:hr>147</gpxtpx:hr></gpxtpx:TrackPointExtension></extensions></trkpt><trkpt lat="56.038465" lon="37.845595"><ele>165.0</ele><time>2026-07-09T18:36:03Z</time><extensions><gpxtpx:TrackPointExtension><gpxtpx:hr>147</gpxtpx:hr></gpxtpx:TrackPointExtension></extensions></trkpt><trkpt lat="56.038482" lon="37.845652"><ele>166.0</ele><time>2026-07-09T18:36:05Z</time><extensions><gpxtpx:TrackPointExtension><gpxtpx:hr>148</gpxtpx:hr></gpxtpx:TrackPointExtension></extensions></trkpt><trkpt lat="56.038497" lon="37.845705"><ele>166.6</ele><time>2026-07-09T18:36:07Z</time><extensions><gpxtpx:TrackPointExtension><gpxtpx:hr>147</gpxtpx:hr></gpxtpx:TrackPointExtension></extensions></trkpt><trkpt lat="56.038507" lon="37.845757"><ele>167.2</ele><time>2026-07-09T18:36:09Z</time><extensions><gpxtpx:TrackPointExtension><gpxtpx:hr>148</gpxtpx:hr></gpxtpx:TrackPointExtension></extensions></trkpt><trkpt lat="56.038515" lon="37.845787"><ele>167.4</ele><time>2026-07-09T18:36:10Z</time><extensions><gpxtpx:TrackPointExtension><gpxtpx:hr>148</gpxtpx:hr></gpxtpx:TrackPointExtension></extensions></trkpt><trkpt lat="56.038532" lon="37.845842"><ele>167.6</ele><time>2026-07-09T18:36:12Z</time><extensions><gpxtpx:TrackPointExtension><gpxtpx:hr>150</gpxtpx:hr></gpxtpx:TrackPointExtension></extensions></trkpt><trkpt lat="56.038537" lon="37.845877"><ele>167.8</ele><time>2026-07-09T18:36:13Z</time><extensions><gpxtpx:TrackPointExtension><gpxtpx:hr>150</gpxtpx:hr></gpxtpx:TrackPointExtension></extensions></trkpt><trkpt lat="56.038545" lon="37.845907"><ele>168.0</ele><time>2026-07-09T18:36:14Z</time><extensions><gpxtpx:TrackPointExtension><gpxtpx:hr>150</gpxtpx:hr></gpxtpx:TrackPointExtension></extensions></trkpt><trkpt lat="56.038552" lon="37.845942"><ele>168.2</ele><time>2026-07-09T18:36:15Z</time><extensions><gpxtpx:TrackPointExtension><gpxtpx:hr>149</gpxtpx:hr></gpxtpx:TrackPointExtension></extensions></trkpt><trkpt lat="56.038557" lon="37.845977"><ele>168.2</ele><time>2026-07-09T18:36:16Z</time><extensions><gpxtpx:TrackPointExtension><gpxtpx:hr>151</gpxtpx:hr></gpxtpx:TrackPointExtension></extensions></trkpt><trkpt lat="56.03857" lon="37.846035"><ele>168.4</ele><time>2026-07-09T18:36:18Z</time><extensions><gpxtpx:TrackPointExtension><gpxtpx:hr>152</gpxtpx:hr></gpxtpx:TrackPointExtension></extensions></trkpt><trkpt lat="56.038587" lon="37.846092"><ele>168.6</ele><time>2026-07-09T18:36:20Z</time><extensions><gpxtpx:TrackPointExtension><gpxtpx:hr>151</gpxtpx:hr></gpxtpx:TrackPointExtension></extensions></trkpt><trkpt lat="56.038595" lon="37.846122"><ele>168.6</ele><time>2026-07-09T18:36:21Z</time><extensions><gpxtpx:TrackPointExtension><gpxtpx:hr>151</gpxtpx:hr></gpxtpx:TrackPointExtension></extensions></trkpt><trkpt lat="56.038602" lon="37.846152"><ele>168.8</ele><time>2026-07-09T18:36:22Z</time><extensions><gpxtpx:TrackPointExtension><gpxtpx:hr>151</gpxtpx:hr></gpxtpx:TrackPointExtension></extensions></trkpt><trkpt lat="56.038607" lon="37.846187"><ele>168.8</ele><time>2026-07-09T18:36:23Z</time><extensions><gpxtpx:TrackPointExtension><gpxtpx:hr>152</gpxtpx:hr></gpxtpx:TrackPointExtension></extensions></trkpt><trkpt lat="56.038612" lon="37.84622"><ele>168.8</ele><time>2026-07-09T18:36:24Z</time><extensions><gpxtpx:TrackPointExtension><gpxtpx:hr>154</gpxtpx:hr></gpxtpx:TrackPointExtension></extensions></trkpt><trkpt lat="56.03862" lon="37.84625"><ele>169.0</ele><time>2026-07-09T18:36:25Z</time><extensions><gpxtpx:TrackPointExtension><gpxtpx:hr>154</gpxtpx:hr></gpxtpx:TrackPointExtension></extensions></trkpt><trkpt lat="56.038632" lon="37.846317"><ele>169.0</ele><time>2026-07-09T18:36:27Z</time><extensions><gpxtpx:TrackPointExtension><gpxtpx:hr>151</gpxtpx:hr></gpxtpx:TrackPointExtension></extensions></trkpt><trkpt lat="56.038637" lon="37.846355"><ele>169.0</ele><time>2026-07-09T18:36:28Z</time><extensions><gpxtpx:TrackPointExtension><gpxtpx:hr>151</gpxtpx:hr></gpxtpx:TrackPointExtension></extensions></trkpt><trkpt lat="56.038642" lon="37.846387"><ele>169.2</ele><time>2026-07-09T18:36:29Z</time><extensions><gpxtpx:TrackPointExtension><gpxtpx:hr>151</gpxtpx:hr></gpxtpx:TrackPointExtension></extensions></trkpt><trkpt lat="56.038652" lon="37.846427"><ele>169.2</ele><time>2026-07-09T18:36:30Z</time><extensions><gpxtpx:TrackPointExtension><gpxtpx:hr>150</gpxtpx:hr></gpxtpx:TrackPointExtension></extensions></trkpt><trkpt lat="56.038657" lon="37.84646"><ele>169.4</ele><time>2026-07-09T18:36:31Z</time><extensions><gpxtpx:TrackPointExtension><gpxtpx:hr>150</gpxtpx:hr></gpxtpx:TrackPointExtension></extensions></trkpt><trkpt lat="56.038677" lon="37.846512"><ele>169.4</ele><time>2026-07-09T18:36:33Z</time><extensions><gpxtpx:TrackPointExtension><gpxtpx:hr>150</gpxtpx:hr></gpxtpx:TrackPointExtension></extensions></trkpt><trkpt lat="56.038682" lon="37.84655"><ele>169.4</ele><time>2026-07-09T18:36:34Z</time><extensions><gpxtpx:TrackPointExtension><gpxtpx:hr>151</gpxtpx:hr></gpxtpx:TrackPointExtension></extensions></trkpt><trkpt lat="56.03869" lon="37.846582"><ele>169.4</ele><time>2026-07-09T18:36:35Z</time><extensions><gpxtpx:TrackPointExtension><gpxtpx:hr>153</gpxtpx:hr></gpxtpx:TrackPointExtension></extensions></trkpt><trkpt lat="56.038702" lon="37.846545"><ele>169.6</ele><time>2026-07-09T18:36:39Z</time><extensions><gpxtpx:TrackPointExtension><gpxtpx:hr>156</gpxtpx:hr></gpxtpx:TrackPointExtension></extensions></trkpt><trkpt lat="56.038693" lon="37.846477"><ele>169.4</ele><time>2026-07-09T18:36:41Z</time><extensions><gpxtpx:TrackPointExtension><gpxtpx:hr>155</gpxtpx:hr></gpxtpx:TrackPointExtension></extensions></trkpt><trkpt lat="56.038692" lon="37.846432"><ele>169.4</ele><time>2026-07-09T18:36:42Z</time><extensions><gpxtpx:TrackPointExtension><gpxtpx:hr>155</gpxtpx:hr></gpxtpx:TrackPointExtension></extensions></trkpt><trkpt lat="56.038682" lon="37.84639"><ele>169.4</ele><time>2026-07-09T18:36:43Z</time><extensions><gpxtpx:TrackPointExtension><gpxtpx:hr>155</gpxtpx:hr></gpxtpx:TrackPointExtension></extensions></trkpt><trkpt lat="56.038672" lon="37.84635"><ele>169.4</ele><time>2026-07-09T18:36:44Z</time><extensions><gpxtpx:TrackPointExtension><gpxtpx:hr>154</gpxtpx:hr></gpxtpx:TrackPointExtension></extensions></trkpt><trkpt lat="56.038662" lon="37.84631"><ele>169.4</ele><time>2026-07-09T18:36:45Z</time><extensions><gpxtpx:TrackPointExtension><gpxtpx:hr>153</gpxtpx:hr></gpxtpx:TrackPointExtension></extensions></trkpt><trkpt lat="56.038657" lon="37.846272"><ele>169.4</ele><time>2026-07-09T18:36:46Z</time><extensions><gpxtpx:TrackPointExtension><gpxtpx:hr>153</gpxtpx:hr></gpxtpx:TrackPointExtension></extensions></trkpt><trkpt lat="56.038645" lon="37.846232"><ele>169.4</ele><time>2026-07-09T18:36:47Z</time><extensions><gpxtpx:TrackPointExtension><gpxtpx:hr>153</gpxtpx:hr></gpxtpx:TrackPointExtension></extensions></trkpt><trkpt lat="56.038635" lon="37.846195"><ele>169.4</ele><time>2026-07-09T18:36:48Z</time><extensions><gpxtpx:TrackPointExtension><gpxtpx:hr>154</gpxtpx:hr></gpxtpx:TrackPointExtension></extensions></trkpt><trkpt lat="56.038627" lon="37.846162"><ele>169.2</ele><time>2026-07-09T18:36:49Z</time><extensions><gpxtpx:TrackPointExtension><gpxtpx:hr>153</gpxtpx:hr></gpxtpx:TrackPointExtension></extensions></trkpt><trkpt lat="56.03862" lon="37.84613"><ele>169.4</ele><time>2026-07-09T18:36:50Z</time><extensions><gpxtpx:TrackPointExtension><gpxtpx:hr>152</gpxtpx:hr></gpxtpx:TrackPointExtension></extensions></trkpt><trkpt lat="56.038605" lon="37.846072"><ele>169.2</ele><time>2026-07-09T18:36:52Z</time><extensions><gpxtpx:TrackPointExtension><gpxtpx:hr>152</gpxtpx:hr></gpxtpx:TrackPointExtension></extensions></trkpt><trkpt lat="56.038595" lon="37.84604"><ele>169.2</ele><time>2026-07-09T18:36:53Z</time><extensions><gpxtpx:TrackPointExtension><gpxtpx:hr>152</gpxtpx:hr></gpxtpx:TrackPointExtension></extensions></trkpt><trkpt lat="56.038587" lon="37.846002"><ele>169.2</ele><time>2026-07-09T18:36:54Z</time><extensions><gpxtpx:TrackPointExtension><gpxtpx:hr>152</gpxtpx:hr></gpxtpx:TrackPointExtension></extensions></trkpt><trkpt lat="56.03858" lon="37.845967"><ele>169.2</ele><time>2026-07-09T18:36:55Z</time><extensions><gpxtpx:TrackPointExtension><gpxtpx:hr>152</gpxtpx:hr></gpxtpx:TrackPointExtension></extensions></trkpt><trkpt lat="56.038572" lon="37.845932"><ele>169.2</ele><time>2026-07-09T18:36:56Z</time><extensions><gpxtpx:TrackPointExtension><gpxtpx:hr>152</gpxtpx:hr></gpxtpx:TrackPointExtension></extensions></trkpt><trkpt lat="56.038562" lon="37.845897"><ele>169.2</ele><time>2026-07-09T18:36:57Z</time><extensions><gpxtpx:TrackPointExtension><gpxtpx:hr>151</gpxtpx:hr></gpxtpx:TrackPointExtension></extensions></trkpt><trkpt lat="56.038555" lon="37.845857"><ele>169.2</ele><time>2026-07-09T18:36:58Z</time><extensions><gpxtpx:TrackPointExtension><gpxtpx:hr>151</gpxtpx:hr></gpxtpx:TrackPointExtension></extensions></trkpt><trkpt lat="56.038545" lon="37.845817"><ele>169.0</ele><time>2026-07-09T18:36:59Z</time><extensions><gpxtpx:TrackPointExtension><gpxtpx:hr>151</gpxtpx:hr></gpxtpx:TrackPointExtension></extensions></trkpt><trkpt lat="56.038537" lon="37.845777"><ele>169.0</ele><time>2026-07-09T18:37:00Z</time><extensions><gpxtpx:TrackPointExtension><gpxtpx:hr>151</gpxtpx:hr></gpxtpx:TrackPointExtension></extensions></trkpt><trkpt lat="56.038532" lon="37.84574"><ele>169.0</ele><time>2026-07-09T18:37:01Z</time><extensions><gpxtpx:TrackPointExtension><gpxtpx:hr>151</gpxtpx:hr></gpxtpx:TrackPointExtension></extensions></trkpt><trkpt lat="56.038522" lon="37.845702"><ele>168.8</ele><time>2026-07-09T18:37:02Z</time><extensions><gpxtpx:TrackPointExtension><gpxtpx:hr>151</gpxtpx:hr></gpxtpx:TrackPointExtension></extensions></trkpt><trkpt lat="56.038517" lon="37.84567"><ele>168.6</ele><time>2026-07-09T18:37:03Z</time><extensions><gpxtpx:TrackPointExtension><gpxtpx:hr>152</gpxtpx:hr></gpxtpx:TrackPointExtension></extensions></trkpt><trkpt lat="56.038507" lon="37.845632"><ele>168.6</ele><time>2026-07-09T18:37:04Z</time><extensions><gpxtpx:TrackPointExtension><gpxtpx:hr>152</gpxtpx:hr></gpxtpx:TrackPointExtension></extensions></trkpt><trkpt lat="56.038502" lon="37.845597"><ele>168.4</ele><time>2026-07-09T18:37:05Z</time><extensions><gpxtpx:TrackPointExtension><gpxtpx:hr>152</gpxtpx:hr></gpxtpx:TrackPointExtension></extensions></trkpt><trkpt lat="56.038492" lon="37.84556"><ele>168.2</ele><time>2026-07-09T18:37:06Z</time><extensions><gpxtpx:TrackPointExtension><gpxtpx:hr>151</gpxtpx:hr></gpxtpx:TrackPointExtension></extensions></trkpt><trkpt lat="56.038485" lon="37.845517"><ele>168.2</ele><time>2026-07-09T18:37:07Z</time><extensions><gpxtpx:TrackPointExtension><gpxtpx:hr>151</gpxtpx:hr></gpxtpx:TrackPointExtension></extensions></trkpt><trkpt lat="56.038477" lon="37.845487"><ele>168.0</ele><time>2026-07-09T18:37:08Z</time><extensions><gpxtpx:TrackPointExtension><gpxtpx:hr>151</gpxtpx:hr></gpxtpx:TrackPointExtension></extensions></trkpt><trkpt lat="56.038467" lon="37.845457"><ele>167.8</ele><time>2026-07-09T18:37:09Z</time><extensions><gpxtpx:TrackPointExtension><gpxtpx:hr>150</gpxtpx:hr></gpxtpx:TrackPointExtension></extensions></trkpt><trkpt lat="56.038457" lon="37.845422"><ele>167.8</ele><time>2026-07-09T18:37:10Z</time><extensions><gpxtpx:TrackPointExtension><gpxtpx:hr>151</gpxtpx:hr></gpxtpx:TrackPointExtension></extensions></trkpt><trkpt lat="56.038442" lon="37.845385"><ele>167.6</ele><time>2026-07-09T18:37:11Z</time><extensions><gpxtpx:TrackPointExtension><gpxtpx:hr>151</gpxtpx:hr></gpxtpx:TrackPointExtension></extensions></trkpt><trkpt lat="56.038435" lon="37.845347"><ele>167.4</ele><time>2026-07-09T18:37:12Z</time><extensions><gpxtpx:TrackPointExtension><gpxtpx:hr>151</gpxtpx:hr></gpxtpx:TrackPointExtension></extensions></trkpt><trkpt lat="56.038427" lon="37.845307"><ele>167.2</ele><time>2026-07-09T18:37:13Z</time><extensions><gpxtpx:TrackPointExtension><gpxtpx:hr>151</gpxtpx:hr></gpxtpx:TrackPointExtension></extensions></trkpt><trkpt lat="56.03842" lon="37.845267"><ele>167.0</ele><time>2026-07-09T18:37:14Z</time><extensions><gpxtpx:TrackPointExtension><gpxtpx:hr>151</gpxtpx:hr></gpxtpx:TrackPointExtension></extensions></trkpt><trkpt lat="56.038407" lon="37.84524"><ele>166.8</ele><time>2026-07-09T18:37:15Z</time><extensions><gpxtpx:TrackPointExtension><gpxtpx:hr>151</gpxtpx:hr></gpxtpx:TrackPointExtension></extensions></trkpt><trkpt lat="56.038395" lon="37.845202"><ele>166.6</ele><time>2026-07-09T18:37:16Z</time><extensions><gpxtpx:TrackPointExtension><gpxtpx:hr>150</gpxtpx:hr></gpxtpx:TrackPointExtension></extensions></trkpt><trkpt lat="56.038383" lon="37.845165"><ele>166.4</ele><time>2026-07-09T18:37:17Z</time><extensions><gpxtpx:TrackPointExtension><gpxtpx:hr>150</gpxtpx:hr></gpxtpx:TrackPointExtension></extensions></trkpt><trkpt lat="56.038375" lon="37.84513"><ele>166.2</ele><time>2026-07-09T18:37:18Z</time><extensions><gpxtpx:TrackPointExtension><gpxtpx:hr>150</gpxtpx:hr></gpxtpx:TrackPointExtension></extensions></trkpt><trkpt lat="56.038362" lon="37.84509"><ele>166.0</ele><time>2026-07-09T18:37:19Z</time><extensions><gpxtpx:TrackPointExtension><gpxtpx:hr>150</gpxtpx:hr></gpxtpx:TrackPointExtension></extensions></trkpt><trkpt lat="56.03835" lon="37.845057"><ele>166.0</ele><time>2026-07-09T18:37:20Z</time><extensions><gpxtpx:TrackPointExtension><gpxtpx:hr>150</gpxtpx:hr></gpxtpx:TrackPointExtension></extensions></trkpt><trkpt lat="56.038337" lon="37.845022"><ele>166.0</ele><time>2026-07-09T18:37:21Z</time><extensions><gpxtpx:TrackPointExtension><gpxtpx:hr>150</gpxtpx:hr></gpxtpx:TrackPointExtension></extensions></trkpt><trkpt lat="56.038322" lon="37.84499"><ele>165.8</ele><time>2026-07-09T18:37:22Z</time><extensions><gpxtpx:TrackPointExtension><gpxtpx:hr>150</gpxtpx:hr></gpxtpx:TrackPointExtension></extensions></trkpt><trkpt lat="56.038312" lon="37.844952"><ele>165.6</ele><time>2026-07-09T18:37:23Z</time><extensions><gpxtpx:TrackPointExtension><gpxtpx:hr>150</gpxtpx:hr></gpxtpx:TrackPointExtension></extensions></trkpt><trkpt lat="56.038302" lon="37.844922"><ele>165.4</ele><time>2026-07-09T18:37:24Z</time><extensions><gpxtpx:TrackPointExtension><gpxtpx:hr>150</gpxtpx:hr></gpxtpx:TrackPointExtension></extensions></trkpt><trkpt lat="56.038287" lon="37.844882"><ele>165.2</ele><time>2026-07-09T18:37:25Z</time><extensions><gpxtpx:TrackPointExtension><gpxtpx:hr>150</gpxtpx:hr></gpxtpx:TrackPointExtension></extensions></trkpt><trkpt lat="56.038272" lon="37.844842"><ele>165.0</ele><time>2026-07-09T18:37:26Z</time><extensions><gpxtpx:TrackPointExtension><gpxtpx:hr>149</gpxtpx:hr></gpxtpx:TrackPointExtension></extensions></trkpt><trkpt lat="56.03826" lon="37.844797"><ele>164.8</ele><time>2026-07-09T18:37:27Z</time><extensions><gpxtpx:TrackPointExtension><gpxtpx:hr>149</gpxtpx:hr></gpxtpx:TrackPointExtension></extensions></trkpt><trkpt lat="56.038247" lon="37.844757"><ele>164.6</ele><time>2026-07-09T18:37:28Z</time><extensions><gpxtpx:TrackPointExtension><gpxtpx:hr>148</gpxtpx:hr></gpxtpx:TrackPointExtension></extensions></trkpt><trkpt lat="56.038237" lon="37.844717"><ele>164.2</ele><time>2026-07-09T18:37:29Z</time><extensions><gpxtpx:TrackPointExtension><gpxtpx:hr>148</gpxtpx:hr></gpxtpx:TrackPointExtension></extensions></trkpt><trkpt lat="56.038227" lon="37.844682"><ele>164.2</ele><time>2026-07-09T18:37:30Z</time><extensions><gpxtpx:TrackPointExtension><gpxtpx:hr>148</gpxtpx:hr></gpxtpx:TrackPointExtension></extensions></trkpt><trkpt lat="56.038215" lon="37.844637"><ele>163.8</ele><time>2026-07-09T18:37:31Z</time><extensions><gpxtpx:TrackPointExtension><gpxtpx:hr>147</gpxtpx:hr></gpxtpx:TrackPointExtension></extensions></trkpt><trkpt lat="56.038202" lon="37.844595"><ele>163.6</ele><time>2026-07-09T18:37:32Z</time><extensions><gpxtpx:TrackPointExtension><gpxtpx:hr>147</gpxtpx:hr></gpxtpx:TrackPointExtension></extensions></trkpt><trkpt lat="56.038192" lon="37.844557"><ele>163.4</ele><time>2026-07-09T18:37:33Z</time><extensions><gpxtpx:TrackPointExtension><gpxtpx:hr>147</gpxtpx:hr></gpxtpx:TrackPointExtension></extensions></trkpt><trkpt lat="56.038185" lon="37.84452"><ele>163.2</ele><time>2026-07-09T18:37:34Z</time><extensions><gpxtpx:TrackPointExtension><gpxtpx:hr>146</gpxtpx:hr></gpxtpx:TrackPointExtension></extensions></trkpt><trkpt lat="56.038172" lon="37.844482"><ele>163.0</ele><time>2026-07-09T18:37:35Z</time><extensions><gpxtpx:TrackPointExtension><gpxtpx:hr>146</gpxtpx:hr></gpxtpx:TrackPointExtension></extensions></trkpt><trkpt lat="56.038162" lon="37.844447"><ele>162.8</ele><time>2026-07-09T18:37:36Z</time><extensions><gpxtpx:TrackPointExtension><gpxtpx:hr>146</gpxtpx:hr></gpxtpx:TrackPointExtension></extensions></trkpt><trkpt lat="56.038152" lon="37.844422"><ele>162.6</ele><time>2026-07-09T18:37:37Z</time><extensions><gpxtpx:TrackPointExtension><gpxtpx:hr>146</gpxtpx:hr></gpxtpx:TrackPointExtension></extensions></trkpt><trkpt lat="56.038137" lon="37.844397"><ele>162.4</ele><time>2026-07-09T18:37:38Z</time><extensions><gpxtpx:TrackPointExtension><gpxtpx:hr>145</gpxtpx:hr></gpxtpx:TrackPointExtension></extensions></trkpt><trkpt lat="56.038122" lon="37.844417"><ele>162.0</ele><time>2026-07-09T18:37:40Z</time><extensions><gpxtpx:TrackPointExtension><gpxtpx:hr>145</gpxtpx:hr></gpxtpx:TrackPointExtension></extensions></trkpt><trkpt lat="56.038132" lon="37.844462"><ele>161.4</ele><time>2026-07-09T18:37:42Z</time><extensions><gpxtpx:TrackPointExtension><gpxtpx:hr>144</gpxtpx:hr></gpxtpx:TrackPointExtension></extensions></trkpt><trkpt lat="56.038142" lon="37.84451"><ele>161.4</ele><time>2026-07-09T18:37:44Z</time><extensions><gpxtpx:TrackPointExtension><gpxtpx:hr>143</gpxtpx:hr></gpxtpx:TrackPointExtension></extensions></trkpt><trkpt lat="56.038152" lon="37.844557"><ele>161.6</ele><time>2026-07-09T18:37:46Z</time><extensions><gpxtpx:TrackPointExtension><gpxtpx:hr>142</gpxtpx:hr></gpxtpx:TrackPointExtension></extensions></trkpt><trkpt lat="56.038167" lon="37.844602"><ele>161.8</ele><time>2026-07-09T18:37:48Z</time><extensions><gpxtpx:TrackPointExtension><gpxtpx:hr>143</gpxtpx:hr></gpxtpx:TrackPointExtension></extensions></trkpt><trkpt lat="56.038187" lon="37.844662"><ele>162.2</ele><time>2026-07-09T18:37:50Z</time><extensions><gpxtpx:TrackPointExtension><gpxtpx:hr>143</gpxtpx:hr></gpxtpx:TrackPointExtension></extensions></trkpt><trkpt lat="56.038192" lon="37.844712"><ele>162.2</ele><time>2026-07-09T18:37:51Z</time><extensions><gpxtpx:TrackPointExtension><gpxtpx:hr>143</gpxtpx:hr></gpxtpx:TrackPointExtension></extensions></trkpt><trkpt lat="56.038207" lon="37.844767"><ele>162.2</ele><time>2026-07-09T18:37:52Z</time><extensions><gpxtpx:TrackPointExtension><gpxtpx:hr>144</gpxtpx:hr></gpxtpx:TrackPointExtension></extensions></trkpt><trkpt lat="56.038227" lon="37.844822"><ele>162.0</ele><time>2026-07-09T18:37:53Z</time><extensions><gpxtpx:TrackPointExtension><gpxtpx:hr>144</gpxtpx:hr></gpxtpx:TrackPointExtension></extensions></trkpt><trkpt lat="56.038245" lon="37.844902"><ele>162.0</ele><time>2026-07-09T18:37:54Z</time><extensions><gpxtpx:TrackPointExtension><gpxtpx:hr>144</gpxtpx:hr></gpxtpx:TrackPointExtension></extensions></trkpt><trkpt lat="56.038267" lon="37.844982"><ele>162.0</ele><time>2026-07-09T18:37:55Z</time><extensions><gpxtpx:TrackPointExtension><gpxtpx:hr>145</gpxtpx:hr></gpxtpx:TrackPointExtension></extensions></trkpt><trkpt lat="56.038285" lon="37.845062"><ele>162.2</ele><time>2026-07-09T18:37:56Z</time><extensions><gpxtpx:TrackPointExtension><gpxtpx:hr>145</gpxtpx:hr></gpxtpx:TrackPointExtension></extensions></trkpt><trkpt lat="56.038305" lon="37.845132"><ele>162.4</ele><time>2026-07-09T18:37:57Z</time><extensions><gpxtpx:TrackPointExtension><gpxtpx:hr>145</gpxtpx:hr></gpxtpx:TrackPointExtension></extensions></trkpt><trkpt lat="56.038332" lon="37.845222"><ele>162.6</ele><time>2026-07-09T18:37:58Z</time><extensions><gpxtpx:TrackPointExtension><gpxtpx:hr>146</gpxtpx:hr></gpxtpx:TrackPointExtension></extensions></trkpt><trkpt lat="56.038362" lon="37.845307"><ele>163.0</ele><time>2026-07-09T18:37:59Z</time><extensions><gpxtpx:TrackPointExtension><gpxtpx:hr>146</gpxtpx:hr></gpxtpx:TrackPointExtension></extensions></trkpt><trkpt lat="56.038387" lon="37.845385"><ele>163.4</ele><time>2026-07-09T18:38:00Z</time><extensions><gpxtpx:TrackPointExtension><gpxtpx:hr>146</gpxtpx:hr></gpxtpx:TrackPointExtension></extensions></trkpt><trkpt lat="56.038417" lon="37.84546"><ele>163.6</ele><time>2026-07-09T18:38:01Z</time><extensions><gpxtpx:TrackPointExtension><gpxtpx:hr>146</gpxtpx:hr></gpxtpx:TrackPointExtension></extensions></trkpt><trkpt lat="56.038437" lon="37.845522"><ele>164.0</ele><time>2026-07-09T18:38:02Z</time><extensions><gpxtpx:TrackPointExtension><gpxtpx:hr>147</gpxtpx:hr></gpxtpx:TrackPointExtension></extensions></trkpt><trkpt lat="56.03845" lon="37.845562"><ele>164.6</ele><time>2026-07-09T18:38:03Z</time><extensions><gpxtpx:TrackPointExtension><gpxtpx:hr>148</gpxtpx:hr></gpxtpx:TrackPointExtension></extensions></trkpt><trkpt lat="56.038467" lon="37.845602"><ele>165.2</ele><time>2026-07-09T18:38:04Z</time><extensions><gpxtpx:TrackPointExtension><gpxtpx:hr>149</gpxtpx:hr></gpxtpx:TrackPointExtension></extensions></trkpt><trkpt lat="56.038477" lon="37.845635"><ele>165.8</ele><time>2026-07-09T18:38:05Z</time><extensions><gpxtpx:TrackPointExtension><gpxtpx:hr>149</gpxtpx:hr></gpxtpx:TrackPointExtension></extensions></trkpt><trkpt lat="56.038485" lon="37.845675"><ele>166.6</ele><time>2026-07-09T18:38:07Z</time><extensions><gpxtpx:TrackPointExtension><gpxtpx:hr>149</gpxtpx:hr></gpxtpx:TrackPointExtension></extensions></trkpt><trkpt lat="56.038472" lon="37.84562"><ele>167.2</ele><time>2026-07-09T18:38:10Z</time><extensions><gpxtpx:TrackPointExtension><gpxtpx:hr>150</gpxtpx:hr></gpxtpx:TrackPointExtension></extensions></trkpt><trkpt lat="56.03846" lon="37.845585"><ele>167.2</ele><time>2026-07-09T18:38:11Z</time><extensions><gpxtpx:TrackPointExtension><gpxtpx:hr>150</gpxtpx:hr></gpxtpx:TrackPointExtension></extensions></trkpt><trkpt lat="56.038455" lon="37.84555"><ele>167.2</ele><time>2026-07-09T18:38:12Z</time><extensions><gpxtpx:TrackPointExtension><gpxtpx:hr>150</gpxtpx:hr></gpxtpx:TrackPointExtension></extensions></trkpt><trkpt lat="56.038447" lon="37.84551"><ele>167.2</ele><time>2026-07-09T18:38:13Z</time><extensions><gpxtpx:TrackPointExtension><gpxtpx:hr>150</gpxtpx:hr></gpxtpx:TrackPointExtension></extensions></trkpt><trkpt lat="56.038437" lon="37.845475"><ele>167.2</ele><time>2026-07-09T18:38:14Z</time><extensions><gpxtpx:TrackPointExtension><gpxtpx:hr>150</gpxtpx:hr></gpxtpx:TrackPointExtension></extensions></trkpt><trkpt lat="56.038427" lon="37.84544"><ele>167.2</ele><time>2026-07-09T18:38:15Z</time><extensions><gpxtpx:TrackPointExtension><gpxtpx:hr>151</gpxtpx:hr></gpxtpx:TrackPointExtension></extensions></trkpt><trkpt lat="56.038417" lon="37.845407"><ele>167.0</ele><time>2026-07-09T18:38:16Z</time><extensions><gpxtpx:TrackPointExtension><gpxtpx:hr>151</gpxtpx:hr></gpxtpx:TrackPointExtension></extensions></trkpt><trkpt lat="56.038402" lon="37.845367"><ele>167.0</ele><time>2026-07-09T18:38:17Z</time><extensions><gpxtpx:TrackPointExtension><gpxtpx:hr>151</gpxtpx:hr></gpxtpx:TrackPointExtension></extensions></trkpt><trkpt lat="56.038387" lon="37.845327"><ele>167.0</ele><time>2026-07-09T18:38:18Z</time><extensions><gpxtpx:TrackPointExtension><gpxtpx:hr>151</gpxtpx:hr></gpxtpx:TrackPointExtension></extensions></trkpt><trkpt lat="56.038372" lon="37.845287"><ele>166.8</ele><time>2026-07-09T18:38:19Z</time><extensions><gpxtpx:TrackPointExtension><gpxtpx:hr>151</gpxtpx:hr></gpxtpx:TrackPointExtension></extensions></trkpt><trkpt lat="56.03836" lon="37.845247"><ele>166.6</ele><time>2026-07-09T18:38:20Z</time><extensions><gpxtpx:TrackPointExtension><gpxtpx:hr>151</gpxtpx:hr></gpxtpx:TrackPointExtension></extensions></trkpt><trkpt lat="56.038347" lon="37.845205"><ele>166.4</ele><time>2026-07-09T18:38:21Z</time><extensions><gpxtpx:TrackPointExtension><gpxtpx:hr>151</gpxtpx:hr></gpxtpx:TrackPointExtension></extensions></trkpt><trkpt lat="56.03834" lon="37.845167"><ele>166.0</ele><time>2026-07-09T18:38:22Z</time><extensions><gpxtpx:TrackPointExtension><gpxtpx:hr>151</gpxtpx:hr></gpxtpx:TrackPointExtension></extensions></trkpt><trkpt lat="56.03833" lon="37.845122"><ele>165.8</ele><time>2026-07-09T18:38:23Z</time><extensions><gpxtpx:TrackPointExtension><gpxtpx:hr>150</gpxtpx:hr></gpxtpx:TrackPointExtension></extensions></trkpt><trkpt lat="56.038317" lon="37.845082"><ele>165.8</ele><time>2026-07-09T18:38:24Z</time><extensions><gpxtpx:TrackPointExtension><gpxtpx:hr>150</gpxtpx:hr></gpxtpx:TrackPointExtension></extensions></trkpt><trkpt lat="56.03831" lon="37.845037"><ele>165.6</ele><time>2026-07-09T18:38:25Z</time><extensions><gpxtpx:TrackPointExtension><gpxtpx:hr>150</gpxtpx:hr></gpxtpx:TrackPointExtension></extensions></trkpt><trkpt lat="56.0383" lon="37.844992"><ele>165.4</ele><time>2026-07-09T18:38:26Z</time><extensions><gpxtpx:TrackPointExtension><gpxtpx:hr>149</gpxtpx:hr></gpxtpx:TrackPointExtension></extensions></trkpt><trkpt lat="56.038292" lon="37.844957"><ele>165.2</ele><time>2026-07-09T18:38:27Z</time><extensions><gpxtpx:TrackPointExtension><gpxtpx:hr>149</gpxtpx:hr></gpxtpx:TrackPointExtension></extensions></trkpt><trkpt lat="56.038287" lon="37.844922"><ele>165.0</ele><time>2026-07-09T18:38:28Z</time><extensions><gpxtpx:TrackPointExtension><gpxtpx:hr>149</gpxtpx:hr></gpxtpx:TrackPointExtension></extensions></trkpt><trkpt lat="56.038282" lon="37.844887"><ele>164.8</ele><time>2026-07-09T18:38:29Z</time><extensions><gpxtpx:TrackPointExtension><gpxtpx:hr>149</gpxtpx:hr></gpxtpx:TrackPointExtension></extensions></trkpt><trkpt lat="56.038275" lon="37.844852"><ele>164.8</ele><time>2026-07-09T18:38:30Z</time><extensions><gpxtpx:TrackPointExtension><gpxtpx:hr>149</gpxtpx:hr></gpxtpx:TrackPointExtension></extensions></trkpt><trkpt lat="56.038265" lon="37.844817"><ele>164.6</ele><time>2026-07-09T18:38:31Z</time><extensions><gpxtpx:TrackPointExtension><gpxtpx:hr>149</gpxtpx:hr></gpxtpx:TrackPointExtension></extensions></trkpt><trkpt lat="56.038252" lon="37.84478"><ele>164.4</ele><time>2026-07-09T18:38:32Z</time><extensions><gpxtpx:TrackPointExtension><gpxtpx:hr>149</gpxtpx:hr></gpxtpx:TrackPointExtension></extensions></trkpt><trkpt lat="56.03824" lon="37.844745"><ele>164.2</ele><time>2026-07-09T18:38:33Z</time><extensions><gpxtpx:TrackPointExtension><gpxtpx:hr>150</gpxtpx:hr></gpxtpx:TrackPointExtension></extensions></trkpt><trkpt lat="56.038227" lon="37.844702"><ele>164.0</ele><time>2026-07-09T18:38:34Z</time><extensions><gpxtpx:TrackPointExtension><gpxtpx:hr>150</gpxtpx:hr></gpxtpx:TrackPointExtension></extensions></trkpt><trkpt lat="56.038215" lon="37.844662"><ele>163.8</ele><time>2026-07-09T18:38:35Z</time><extensions><gpxtpx:TrackPointExtension><gpxtpx:hr>150</gpxtpx:hr></gpxtpx:TrackPointExtension></extensions></trkpt><trkpt lat="56.038205" lon="37.84462"><ele>163.6</ele><time>2026-07-09T18:38:36Z</time><extensions><gpxtpx:TrackPointExtension><gpxtpx:hr>150</gpxtpx:hr></gpxtpx:TrackPointExtension></extensions></trkpt><trkpt lat="56.038192" lon="37.844585"><ele>163.4</ele><time>2026-07-09T18:38:37Z</time><extensions><gpxtpx:TrackPointExtension><gpxtpx:hr>151</gpxtpx:hr></gpxtpx:TrackPointExtension></extensions></trkpt><trkpt lat="56.03818" lon="37.844542"><ele>163.2</ele><time>2026-07-09T18:38:38Z</time><extensions><gpxtpx:TrackPointExtension><gpxtpx:hr>151</gpxtpx:hr></gpxtpx:TrackPointExtension></extensions></trkpt><trkpt lat="56.03817" lon="37.844502"><ele>163.0</ele><time>2026-07-09T18:38:39Z</time><extensions><gpxtpx:TrackPointExtension><gpxtpx:hr>151</gpxtpx:hr></gpxtpx:TrackPointExtension></extensions></trkpt><trkpt lat="56.038158" lon="37.844462"><ele>162.8</ele><time>2026-07-09T18:38:40Z</time><extensions><gpxtpx:TrackPointExtension><gpxtpx:hr>151</gpxtpx:hr></gpxtpx:TrackPointExtension></extensions></trkpt><trkpt lat="56.03815" lon="37.844422"><ele>162.4</ele><time>2026-07-09T18:38:41Z</time><extensions><gpxtpx:TrackPointExtension><gpxtpx:hr>152</gpxtpx:hr></gpxtpx:TrackPointExtension></extensions></trkpt><trkpt lat="56.03814" lon="37.844382"><ele>162.2</ele><time>2026-07-09T18:38:42Z</time><extensions><gpxtpx:TrackPointExtension><gpxtpx:hr>152</gpxtpx:hr></gpxtpx:TrackPointExtension></extensions></trkpt><trkpt lat="56.038132" lon="37.844347"><ele>162.0</ele><time>2026-07-09T18:38:43Z</time><extensions><gpxtpx:TrackPointExtension><gpxtpx:hr>152</gpxtpx:hr></gpxtpx:TrackPointExtension></extensions></trkpt><trkpt lat="56.038122" lon="37.84431"><ele>161.8</ele><time>2026-07-09T18:38:44Z</time><extensions><gpxtpx:TrackPointExtension><gpxtpx:hr>152</gpxtpx:hr></gpxtpx:TrackPointExtension></extensions></trkpt><trkpt lat="56.038112" lon="37.844275"><ele>161.6</ele><time>2026-07-09T18:38:45Z</time><extensions><gpxtpx:TrackPointExtension><gpxtpx:hr>152</gpxtpx:hr></gpxtpx:TrackPointExtension></extensions></trkpt><trkpt lat="56.038107" lon="37.844242"><ele>161.4</ele><time>2026-07-09T18:38:46Z</time><extensions><gpxtpx:TrackPointExtension><gpxtpx:hr>151</gpxtpx:hr></gpxtpx:TrackPointExtension></extensions></trkpt><trkpt lat="56.038097" lon="37.844207"><ele>161.2</ele><time>2026-07-09T18:38:47Z</time><extensions><gpxtpx:TrackPointExtension><gpxtpx:hr>151</gpxtpx:hr></gpxtpx:TrackPointExtension></extensions></trkpt><trkpt lat="56.038087" lon="37.844172"><ele>161.2</ele><time>2026-07-09T18:38:48Z</time><extensions><gpxtpx:TrackPointExtension><gpxtpx:hr>151</gpxtpx:hr></gpxtpx:TrackPointExtension></extensions></trkpt><trkpt lat="56.038077" lon="37.844135"><ele>161.0</ele><time>2026-07-09T18:38:49Z</time><extensions><gpxtpx:TrackPointExtension><gpxtpx:hr>151</gpxtpx:hr></gpxtpx:TrackPointExtension></extensions></trkpt><trkpt lat="56.038065" lon="37.844095"><ele>160.8</ele><time>2026-07-09T18:38:50Z</time><extensions><gpxtpx:TrackPointExtension><gpxtpx:hr>151</gpxtpx:hr></gpxtpx:TrackPointExtension></extensions></trkpt><trkpt lat="56.038052" lon="37.844057"><ele>160.8</ele><time>2026-07-09T18:38:51Z</time><extensions><gpxtpx:TrackPointExtension><gpxtpx:hr>151</gpxtpx:hr></gpxtpx:TrackPointExtension></extensions></trkpt><trkpt lat="56.038047" lon="37.844022"><ele>160.8</ele><time>2026-07-09T18:38:52Z</time><extensions><gpxtpx:TrackPointExtension><gpxtpx:hr>151</gpxtpx:hr></gpxtpx:TrackPointExtension></extensions></trkpt><trkpt lat="56.03804" lon="37.843992"><ele>160.6</ele><time>2026-07-09T18:38:53Z</time><extensions><gpxtpx:TrackPointExtension><gpxtpx:hr>151</gpxtpx:hr></gpxtpx:TrackPointExtension></extensions></trkpt><trkpt lat="56.038027" lon="37.843935"><ele>160.2</ele><time>2026-07-09T18:38:55Z</time><extensions><gpxtpx:TrackPointExtension><gpxtpx:hr>150</gpxtpx:hr></gpxtpx:TrackPointExtension></extensions></trkpt><trkpt lat="56.038012" lon="37.843902"><ele>160.0</ele><time>2026-07-09T18:38:56Z</time><extensions><gpxtpx:TrackPointExtension><gpxtpx:hr>150</gpxtpx:hr></gpxtpx:TrackPointExtension></extensions></trkpt><trkpt lat="56.038002" lon="37.843867"><ele>160.0</ele><time>2026-07-09T18:38:57Z</time><extensions><gpxtpx:TrackPointExtension><gpxtpx:hr>150</gpxtpx:hr></gpxtpx:TrackPointExtension></extensions></trkpt><trkpt lat="56.037992" lon="37.843842"><ele>159.8</ele><time>2026-07-09T18:38:58Z</time><extensions><gpxtpx:TrackPointExtension><gpxtpx:hr>149</gpxtpx:hr></gpxtpx:TrackPointExtension></extensions></trkpt><trkpt lat="56.037977" lon="37.843815"><ele>159.6</ele><time>2026-07-09T18:38:59Z</time><extensions><gpxtpx:TrackPointExtension><gpxtpx:hr>148</gpxtpx:hr></gpxtpx:TrackPointExtension></extensions></trkpt><trkpt lat="56.037965" lon="37.843782"><ele>159.4</ele><time>2026-07-09T18:39:00Z</time><extensions><gpxtpx:TrackPointExtension><gpxtpx:hr>146</gpxtpx:hr></gpxtpx:TrackPointExtension></extensions></trkpt><trkpt lat="56.037955" lon="37.843752"><ele>159.4</ele><time>2026-07-09T18:39:01Z</time><extensions><gpxtpx:TrackPointExtension><gpxtpx:hr>145</gpxtpx:hr></gpxtpx:TrackPointExtension></extensions></trkpt><trkpt lat="56.037942" lon="37.843717"><ele>159.2</ele><time>2026-07-09T18:39:02Z</time><extensions><gpxtpx:TrackPointExtension><gpxtpx:hr>145</gpxtpx:hr></gpxtpx:TrackPointExtension></extensions></trkpt><trkpt lat="56.037932" lon="37.843692"><ele>159.0</ele><time>2026-07-09T18:39:03Z</time><extensions><gpxtpx:TrackPointExtension><gpxtpx:hr>145</gpxtpx:hr></gpxtpx:TrackPointExtension></extensions></trkpt><trkpt lat="56.03792" lon="37.843662"><ele>159.0</ele><time>2026-07-09T18:39:04Z</time><extensions><gpxtpx:TrackPointExtension><gpxtpx:hr>144</gpxtpx:hr></gpxtpx:TrackPointExtension></extensions></trkpt><trkpt lat="56.03789" lon="37.843627"><ele>158.8</ele><time>2026-07-09T18:39:06Z</time><extensions><gpxtpx:TrackPointExtension><gpxtpx:hr>144</gpxtpx:hr></gpxtpx:TrackPointExtension></extensions></trkpt><trkpt lat="56.037867" lon="37.843627"><ele>158.6</ele><time>2026-07-09T18:39:07Z</time><extensions><gpxtpx:TrackPointExtension><gpxtpx:hr>144</gpxtpx:hr></gpxtpx:TrackPointExtension></extensions></trkpt><trkpt lat="56.03785" lon="37.843642"><ele>158.6</ele><time>2026-07-09T18:39:08Z</time><extensions><gpxtpx:TrackPointExtension><gpxtpx:hr>144</gpxtpx:hr></gpxtpx:TrackPointExtension></extensions></trkpt><trkpt lat="56.03783" lon="37.84366"><ele>158.4</ele><time>2026-07-09T18:39:09Z</time><extensions><gpxtpx:TrackPointExtension><gpxtpx:hr>144</gpxtpx:hr></gpxtpx:TrackPointExtension></extensions></trkpt><trkpt lat="56.037807" lon="37.843682"><ele>158.4</ele><time>2026-07-09T18:39:10Z</time><extensions><gpxtpx:TrackPointExtension><gpxtpx:hr>144</gpxtpx:hr></gpxtpx:TrackPointExtension></extensions></trkpt><trkpt lat="56.037785" lon="37.843702"><ele>158.4</ele><time>2026-07-09T18:39:11Z</time><extensions><gpxtpx:TrackPointExtension><gpxtpx:hr>143</gpxtpx:hr></gpxtpx:TrackPointExtension></extensions></trkpt><trkpt lat="56.037767" lon="37.843725"><ele>158.2</ele><time>2026-07-09T18:39:12Z</time><extensions><gpxtpx:TrackPointExtension><gpxtpx:hr>143</gpxtpx:hr></gpxtpx:TrackPointExtension></extensions></trkpt><trkpt lat="56.037752" lon="37.843745"><ele>158.2</ele><time>2026-07-09T18:39:13Z</time><extensions><gpxtpx:TrackPointExtension><gpxtpx:hr>143</gpxtpx:hr></gpxtpx:TrackPointExtension></extensions></trkpt><trkpt lat="56.037732" lon="37.843765"><ele>158.2</ele><time>2026-07-09T18:39:14Z</time><extensions><gpxtpx:TrackPointExtension><gpxtpx:hr>143</gpxtpx:hr></gpxtpx:TrackPointExtension></extensions></trkpt><trkpt lat="56.037715" lon="37.843782"><ele>158.2</ele><time>2026-07-09T18:39:15Z</time><extensions><gpxtpx:TrackPointExtension><gpxtpx:hr>142</gpxtpx:hr></gpxtpx:TrackPointExtension></extensions></trkpt><trkpt lat="56.037697" lon="37.8438"><ele>158.2</ele><time>2026-07-09T18:39:16Z</time><extensions><gpxtpx:TrackPointExtension><gpxtpx:hr>142</gpxtpx:hr></gpxtpx:TrackPointExtension></extensions></trkpt><trkpt lat="56.037677" lon="37.843817"><ele>158.2</ele><time>2026-07-09T18:39:17Z</time><extensions><gpxtpx:TrackPointExtension><gpxtpx:hr>142</gpxtpx:hr></gpxtpx:TrackPointExtension></extensions></trkpt><trkpt lat="56.03766" lon="37.84384"><ele>158.2</ele><time>2026-07-09T18:39:18Z</time><extensions><gpxtpx:TrackPointExtension><gpxtpx:hr>143</gpxtpx:hr></gpxtpx:TrackPointExtension></extensions></trkpt><trkpt lat="56.037637" lon="37.843857"><ele>158.2</ele><time>2026-07-09T18:39:19Z</time><extensions><gpxtpx:TrackPointExtension><gpxtpx:hr>143</gpxtpx:hr></gpxtpx:TrackPointExtension></extensions></trkpt><trkpt lat="56.03762" lon="37.843877"><ele>158.2</ele><time>2026-07-09T18:39:20Z</time><extensions><gpxtpx:TrackPointExtension><gpxtpx:hr>143</gpxtpx:hr></gpxtpx:TrackPointExtension></extensions></trkpt><trkpt lat="56.037597" lon="37.843895"><ele>158.2</ele><time>2026-07-09T18:39:21Z</time><extensions><gpxtpx:TrackPointExtension><gpxtpx:hr>143</gpxtpx:hr></gpxtpx:TrackPointExtension></extensions></trkpt><trkpt lat="56.037582" lon="37.843917"><ele>158.2</ele><time>2026-07-09T18:39:22Z</time><extensions><gpxtpx:TrackPointExtension><gpxtpx:hr>143</gpxtpx:hr></gpxtpx:TrackPointExtension></extensions></trkpt><trkpt lat="56.037567" lon="37.843937"><ele>158.2</ele><time>2026-07-09T18:39:23Z</time><extensions><gpxtpx:TrackPointExtension><gpxtpx:hr>143</gpxtpx:hr></gpxtpx:TrackPointExtension></extensions></trkpt><trkpt lat="56.037532" lon="37.84397"><ele>158.4</ele><time>2026-07-09T18:39:25Z</time><extensions><gpxtpx:TrackPointExtension><gpxtpx:hr>143</gpxtpx:hr></gpxtpx:TrackPointExtension></extensions></trkpt><trkpt lat="56.03751" lon="37.843985"><ele>158.4</ele><time>2026-07-09T18:39:26Z</time><extensions><gpxtpx:TrackPointExtension><gpxtpx:hr>143</gpxtpx:hr></gpxtpx:TrackPointExtension></extensions></trkpt><trkpt lat="56.03749" lon="37.844005"><ele>158.4</ele><time>2026-07-09T18:39:27Z</time><extensions><gpxtpx:TrackPointExtension><gpxtpx:hr>143</gpxtpx:hr></gpxtpx:TrackPointExtension></extensions></trkpt><trkpt lat="56.03747" lon="37.84403"><ele>158.4</ele><time>2026-07-09T18:39:28Z</time><extensions><gpxtpx:TrackPointExtension><gpxtpx:hr>143</gpxtpx:hr></gpxtpx:TrackPointExtension></extensions></trkpt><trkpt lat="56.03745" lon="37.844057"><ele>158.4</ele><time>2026-07-09T18:39:29Z</time><extensions><gpxtpx:TrackPointExtension><gpxtpx:hr>143</gpxtpx:hr></gpxtpx:TrackPointExtension></extensions></trkpt><trkpt lat="56.03743" lon="37.84407"><ele>158.4</ele><time>2026-07-09T18:39:30Z</time><extensions><gpxtpx:TrackPointExtension><gpxtpx:hr>143</gpxtpx:hr></gpxtpx:TrackPointExtension></extensions></trkpt><trkpt lat="56.037407" lon="37.844082"><ele>158.4</ele><time>2026-07-09T18:39:31Z</time><extensions><gpxtpx:TrackPointExtension><gpxtpx:hr>143</gpxtpx:hr></gpxtpx:TrackPointExtension></extensions></trkpt><trkpt lat="56.037387" lon="37.844097"><ele>158.4</ele><time>2026-07-09T18:39:32Z</time><extensions><gpxtpx:TrackPointExtension><gpxtpx:hr>143</gpxtpx:hr></gpxtpx:TrackPointExtension></extensions></trkpt><trkpt lat="56.037365" lon="37.844112"><ele>158.4</ele><time>2026-07-09T18:39:33Z</time><extensions><gpxtpx:TrackPointExtension><gpxtpx:hr>143</gpxtpx:hr></gpxtpx:TrackPointExtension></extensions></trkpt><trkpt lat="56.03734" lon="37.844127"><ele>158.4</ele><time>2026-07-09T18:39:34Z</time><extensions><gpxtpx:TrackPointExtension><gpxtpx:hr>143</gpxtpx:hr></gpxtpx:TrackPointExtension></extensions></trkpt><trkpt lat="56.037322" lon="37.844137"><ele>158.4</ele><time>2026-07-09T18:39:35Z</time><extensions><gpxtpx:TrackPointExtension><gpxtpx:hr>143</gpxtpx:hr></gpxtpx:TrackPointExtension></extensions></trkpt><trkpt lat="56.037305" lon="37.844152"><ele>158.4</ele><time>2026-07-09T18:39:36Z</time><extensions><gpxtpx:TrackPointExtension><gpxtpx:hr>143</gpxtpx:hr></gpxtpx:TrackPointExtension></extensions></trkpt><trkpt lat="56.037282" lon="37.844165"><ele>158.4</ele><time>2026-07-09T18:39:37Z</time><extensions><gpxtpx:TrackPointExtension><gpxtpx:hr>143</gpxtpx:hr></gpxtpx:TrackPointExtension></extensions></trkpt><trkpt lat="56.037262" lon="37.84418"><ele>158.4</ele><time>2026-07-09T18:39:38Z</time><extensions><gpxtpx:TrackPointExtension><gpxtpx:hr>143</gpxtpx:hr></gpxtpx:TrackPointExtension></extensions></trkpt><trkpt lat="56.037237" lon="37.844192"><ele>158.6</ele><time>2026-07-09T18:39:39Z</time><extensions><gpxtpx:TrackPointExtension><gpxtpx:hr>143</gpxtpx:hr></gpxtpx:TrackPointExtension></extensions></trkpt><trkpt lat="56.037217" lon="37.844207"><ele>158.6</ele><time>2026-07-09T18:39:40Z</time><extensions><gpxtpx:TrackPointExtension><gpxtpx:hr>143</gpxtpx:hr></gpxtpx:TrackPointExtension></extensions></trkpt><trkpt lat="56.037195" lon="37.844227"><ele>158.6</ele><time>2026-07-09T18:39:41Z</time><extensions><gpxtpx:TrackPointExtension><gpxtpx:hr>143</gpxtpx:hr></gpxtpx:TrackPointExtension></extensions></trkpt><trkpt lat="56.037172" lon="37.844247"><ele>158.8</ele><time>2026-07-09T18:39:42Z</time><extensions><gpxtpx:TrackPointExtension><gpxtpx:hr>143</gpxtpx:hr></gpxtpx:TrackPointExtension></extensions></trkpt><trkpt lat="56.037152" lon="37.844262"><ele>158.8</ele><time>2026-07-09T18:39:43Z</time><extensions><gpxtpx:TrackPointExtension><gpxtpx:hr>143</gpxtpx:hr></gpxtpx:TrackPointExtension></extensions></trkpt><trkpt lat="56.037132" lon="37.844277"><ele>158.8</ele><time>2026-07-09T18:39:44Z</time><extensions><gpxtpx:TrackPointExtension><gpxtpx:hr>143</gpxtpx:hr></gpxtpx:TrackPointExtension></extensions></trkpt><trkpt lat="56.037112" lon="37.844292"><ele>158.8</ele><time>2026-07-09T18:39:45Z</time><extensions><gpxtpx:TrackPointExtension><gpxtpx:hr>143</gpxtpx:hr></gpxtpx:TrackPointExtension></extensions></trkpt><trkpt lat="56.037077" lon="37.844325"><ele>158.6</ele><time>2026-07-09T18:39:47Z</time><extensions><gpxtpx:TrackPointExtension><gpxtpx:hr>142</gpxtpx:hr></gpxtpx:TrackPointExtension></extensions></trkpt><trkpt lat="56.037057" lon="37.844343"><ele>158.6</ele><time>2026-07-09T18:39:48Z</time><extensions><gpxtpx:TrackPointExtension><gpxtpx:hr>142</gpxtpx:hr></gpxtpx:TrackPointExtension></extensions></trkpt><trkpt lat="56.037042" lon="37.844365"><ele>158.6</ele><time>2026-07-09T18:39:49Z</time><extensions><gpxtpx:TrackPointExtension><gpxtpx:hr>143</gpxtpx:hr></gpxtpx:TrackPointExtension></extensions></trkpt><trkpt lat="56.037022" lon="37.844382"><ele>158.6</ele><time>2026-07-09T18:39:50Z</time><extensions><gpxtpx:TrackPointExtension><gpxtpx:hr>142</gpxtpx:hr></gpxtpx:TrackPointExtension></extensions></trkpt><trkpt lat="56.037007" lon="37.844397"><ele>158.6</ele><time>2026-07-09T18:39:51Z</time><extensions><gpxtpx:TrackPointExtension><gpxtpx:hr>143</gpxtpx:hr></gpxtpx:TrackPointExtension></extensions></trkpt><trkpt lat="56.036975" lon="37.844432"><ele>158.8</ele><time>2026-07-09T18:39:53Z</time><extensions><gpxtpx:TrackPointExtension><gpxtpx:hr>143</gpxtpx:hr></gpxtpx:TrackPointExtension></extensions></trkpt><trkpt lat="56.036955" lon="37.844442"><ele>158.8</ele><time>2026-07-09T18:39:54Z</time><extensions><gpxtpx:TrackPointExtension><gpxtpx:hr>143</gpxtpx:hr></gpxtpx:TrackPointExtension></extensions></trkpt><trkpt lat="56.03693" lon="37.844452"><ele>158.6</ele><time>2026-07-09T18:39:55Z</time><extensions><gpxtpx:TrackPointExtension><gpxtpx:hr>143</gpxtpx:hr></gpxtpx:TrackPointExtension></extensions></trkpt><trkpt lat="56.036902" lon="37.844457"><ele>158.6</ele><time>2026-07-09T18:39:56Z</time><extensions><gpxtpx:TrackPointExtension><gpxtpx:hr>143</gpxtpx:hr></gpxtpx:TrackPointExtension></extensions></trkpt><trkpt lat="56.036877" lon="37.844462"><ele>158.8</ele><time>2026-07-09T18:39:57Z</time><extensions><gpxtpx:TrackPointExtension><gpxtpx:hr>143</gpxtpx:hr></gpxtpx:TrackPointExtension></extensions></trkpt><trkpt lat="56.036852" lon="37.844462"><ele>158.8</ele><time>2026-07-09T18:39:58Z</time><extensions><gpxtpx:TrackPointExtension><gpxtpx:hr>143</gpxtpx:hr></gpxtpx:TrackPointExtension></extensions></trkpt><trkpt lat="56.036827" lon="37.844465"><ele>158.8</ele><time>2026-07-09T18:39:59Z</time><extensions><gpxtpx:TrackPointExtension><gpxtpx:hr>143</gpxtpx:hr></gpxtpx:TrackPointExtension></extensions></trkpt><trkpt lat="56.036805" lon="37.84447"><ele>158.8</ele><time>2026-07-09T18:40:00Z</time><extensions><gpxtpx:TrackPointExtension><gpxtpx:hr>143</gpxtpx:hr></gpxtpx:TrackPointExtension></extensions></trkpt><trkpt lat="56.036777" lon="37.844475"><ele>158.8</ele><time>2026-07-09T18:40:01Z</time><extensions><gpxtpx:TrackPointExtension><gpxtpx:hr>143</gpxtpx:hr></gpxtpx:TrackPointExtension></extensions></trkpt><trkpt lat="56.036752" lon="37.844482"><ele>158.8</ele><time>2026-07-09T18:40:02Z</time><extensions><gpxtpx:TrackPointExtension><gpxtpx:hr>142</gpxtpx:hr></gpxtpx:TrackPointExtension></extensions></trkpt><trkpt lat="56.03673" lon="37.844492"><ele>158.8</ele><time>2026-07-09T18:40:03Z</time><extensions><gpxtpx:TrackPointExtension><gpxtpx:hr>142</gpxtpx:hr></gpxtpx:TrackPointExtension></extensions></trkpt><trkpt lat="56.036707" lon="37.844498"><ele>158.8</ele><time>2026-07-09T18:40:04Z</time><extensions><gpxtpx:TrackPointExtension><gpxtpx:hr>142</gpxtpx:hr></gpxtpx:TrackPointExtension></extensions></trkpt><trkpt lat="56.036685" lon="37.844512"><ele>158.8</ele><time>2026-07-09T18:40:05Z</time><extensions><gpxtpx:TrackPointExtension><gpxtpx:hr>141</gpxtpx:hr></gpxtpx:TrackPointExtension></extensions></trkpt><trkpt lat="56.036665" lon="37.844527"><ele>158.6</ele><time>2026-07-09T18:40:06Z</time><extensions><gpxtpx:TrackPointExtension><gpxtpx:hr>141</gpxtpx:hr></gpxtpx:TrackPointExtension></extensions></trkpt><trkpt lat="56.036647" lon="37.844542"><ele>158.8</ele><time>2026-07-09T18:40:07Z</time><extensions><gpxtpx:TrackPointExtension><gpxtpx:hr>141</gpxtpx:hr></gpxtpx:TrackPointExtension></extensions></trkpt><trkpt lat="56.03663" lon="37.84456"><ele>158.6</ele><time>2026-07-09T18:40:08Z</time><extensions><gpxtpx:TrackPointExtension><gpxtpx:hr>141</gpxtpx:hr></gpxtpx:TrackPointExtension></extensions></trkpt><trkpt lat="56.03661" lon="37.844587"><ele>158.6</ele><time>2026-07-09T18:40:09Z</time><extensions><gpxtpx:TrackPointExtension><gpxtpx:hr>141</gpxtpx:hr></gpxtpx:TrackPointExtension></extensions></trkpt><trkpt lat="56.036592" lon="37.844605"><ele>158.6</ele><time>2026-07-09T18:40:10Z</time><extensions><gpxtpx:TrackPointExtension><gpxtpx:hr>141</gpxtpx:hr></gpxtpx:TrackPointExtension></extensions></trkpt><trkpt lat="56.036572" lon="37.844622"><ele>158.4</ele><time>2026-07-09T18:40:11Z</time><extensions><gpxtpx:TrackPointExtension><gpxtpx:hr>142</gpxtpx:hr></gpxtpx:TrackPointExtension></extensions></trkpt><trkpt lat="56.036555" lon="37.844647"><ele>158.4</ele><time>2026-07-09T18:40:12Z</time><extensions><gpxtpx:TrackPointExtension><gpxtpx:hr>142</gpxtpx:hr></gpxtpx:TrackPointExtension></extensions></trkpt><trkpt lat="56.036537" lon="37.84467"><ele>158.4</ele><time>2026-07-09T18:40:13Z</time><extensions><gpxtpx:TrackPointExtension><gpxtpx:hr>142</gpxtpx:hr></gpxtpx:TrackPointExtension></extensions></trkpt><trkpt lat="56.036517" lon="37.844692"><ele>158.4</ele><time>2026-07-09T18:40:14Z</time><extensions><gpxtpx:TrackPointExtension><gpxtpx:hr>142</gpxtpx:hr></gpxtpx:TrackPointExtension></extensions></trkpt><trkpt lat="56.036502" lon="37.844717"><ele>158.4</ele><time>2026-07-09T18:40:15Z</time><extensions><gpxtpx:TrackPointExtension><gpxtpx:hr>142</gpxtpx:hr></gpxtpx:TrackPointExtension></extensions></trkpt><trkpt lat="56.036485" lon="37.844742"><ele>158.4</ele><time>2026-07-09T18:40:16Z</time><extensions><gpxtpx:TrackPointExtension><gpxtpx:hr>142</gpxtpx:hr></gpxtpx:TrackPointExtension></extensions></trkpt><trkpt lat="56.036467" lon="37.84477"><ele>158.4</ele><time>2026-07-09T18:40:17Z</time><extensions><gpxtpx:TrackPointExtension><gpxtpx:hr>143</gpxtpx:hr></gpxtpx:TrackPointExtension></extensions></trkpt><trkpt lat="56.036452" lon="37.844793"><ele>158.4</ele><time>2026-07-09T18:40:18Z</time><extensions><gpxtpx:TrackPointExtension><gpxtpx:hr>142</gpxtpx:hr></gpxtpx:TrackPointExtension></extensions></trkpt><trkpt lat="56.036432" lon="37.844822"><ele>158.6</ele><time>2026-07-09T18:40:19Z</time><extensions><gpxtpx:TrackPointExtension><gpxtpx:hr>143</gpxtpx:hr></gpxtpx:TrackPointExtension></extensions></trkpt><trkpt lat="56.036413" lon="37.84484"><ele>158.6</ele><time>2026-07-09T18:40:20Z</time><extensions><gpxtpx:TrackPointExtension><gpxtpx:hr>143</gpxtpx:hr></gpxtpx:TrackPointExtension></extensions></trkpt><trkpt lat="56.0364" lon="37.844857"><ele>158.8</ele><time>2026-07-09T18:40:21Z</time><extensions><gpxtpx:TrackPointExtension><gpxtpx:hr>143</gpxtpx:hr></gpxtpx:TrackPointExtension></extensions></trkpt><trkpt lat="56.036382" lon="37.84488"><ele>158.8</ele><time>2026-07-09T18:40:22Z</time><extensions><gpxtpx:TrackPointExtension><gpxtpx:hr>143</gpxtpx:hr></gpxtpx:TrackPointExtension></extensions></trkpt><trkpt lat="56.036362" lon="37.844902"><ele>158.8</ele><time>2026-07-09T18:40:23Z</time><extensions><gpxtpx:TrackPointExtension><gpxtpx:hr>142</gpxtpx:hr></gpxtpx:TrackPointExtension></extensions></trkpt><trkpt lat="56.036347" lon="37.844922"><ele>158.6</ele><time>2026-07-09T18:40:24Z</time><extensions><gpxtpx:TrackPointExtension><gpxtpx:hr>143</gpxtpx:hr></gpxtpx:TrackPointExtension></extensions></trkpt><trkpt lat="56.036327" lon="37.844937"><ele>158.8</ele><time>2026-07-09T18:40:25Z</time><extensions><gpxtpx:TrackPointExtension><gpxtpx:hr>142</gpxtpx:hr></gpxtpx:TrackPointExtension></extensions></trkpt><trkpt lat="56.036307" lon="37.844955"><ele>158.8</ele><time>2026-07-09T18:40:26Z</time><extensions><gpxtpx:TrackPointExtension><gpxtpx:hr>142</gpxtpx:hr></gpxtpx:TrackPointExtension></extensions></trkpt><trkpt lat="56.036285" lon="37.844972"><ele>158.8</ele><time>2026-07-09T18:40:27Z</time><extensions><gpxtpx:TrackPointExtension><gpxtpx:hr>141</gpxtpx:hr></gpxtpx:TrackPointExtension></extensions></trkpt><trkpt lat="56.036262" lon="37.844992"><ele>158.8</ele><time>2026-07-09T18:40:28Z</time><extensions><gpxtpx:TrackPointExtension><gpxtpx:hr>141</gpxtpx:hr></gpxtpx:TrackPointExtension></extensions></trkpt><trkpt lat="56.036242" lon="37.845012"><ele>158.6</ele><time>2026-07-09T18:40:29Z</time><extensions><gpxtpx:TrackPointExtension><gpxtpx:hr>140</gpxtpx:hr></gpxtpx:TrackPointExtension></extensions></trkpt><trkpt lat="56.036222" lon="37.845025"><ele>158.6</ele><time>2026-07-09T18:40:30Z</time><extensions><gpxtpx:TrackPointExtension><gpxtpx:hr>140</gpxtpx:hr></gpxtpx:TrackPointExtension></extensions></trkpt><trkpt lat="56.036197" lon="37.845045"><ele>158.6</ele><time>2026-07-09T18:40:31Z</time><extensions><gpxtpx:TrackPointExtension><gpxtpx:hr>139</gpxtpx:hr></gpxtpx:TrackPointExtension></extensions></trkpt><trkpt lat="56.036175" lon="37.845067"><ele>158.6</ele><time>2026-07-09T18:40:32Z</time><extensions><gpxtpx:TrackPointExtension><gpxtpx:hr>139</gpxtpx:hr></gpxtpx:TrackPointExtension></extensions></trkpt><trkpt lat="56.036155" lon="37.845087"><ele>158.6</ele><time>2026-07-09T18:40:33Z</time><extensions><gpxtpx:TrackPointExtension><gpxtpx:hr>140</gpxtpx:hr></gpxtpx:TrackPointExtension></extensions></trkpt><trkpt lat="56.03614" lon="37.845107"><ele>158.6</ele><time>2026-07-09T18:40:34Z</time><extensions><gpxtpx:TrackPointExtension><gpxtpx:hr>140</gpxtpx:hr></gpxtpx:TrackPointExtension></extensions></trkpt><trkpt lat="56.036125" lon="37.84513"><ele>158.6</ele><time>2026-07-09T18:40:35Z</time><extensions><gpxtpx:TrackPointExtension><gpxtpx:hr>140</gpxtpx:hr></gpxtpx:TrackPointExtension></extensions></trkpt><trkpt lat="56.036105" lon="37.845147"><ele>158.6</ele><time>2026-07-09T18:40:36Z</time><extensions><gpxtpx:TrackPointExtension><gpxtpx:hr>140</gpxtpx:hr></gpxtpx:TrackPointExtension></extensions></trkpt><trkpt lat="56.036087" lon="37.845165"><ele>158.6</ele><time>2026-07-09T18:40:37Z</time><extensions><gpxtpx:TrackPointExtension><gpxtpx:hr>140</gpxtpx:hr></gpxtpx:TrackPointExtension></extensions></trkpt><trkpt lat="56.036067" lon="37.845182"><ele>158.8</ele><time>2026-07-09T18:40:38Z</time><extensions><gpxtpx:TrackPointExtension><gpxtpx:hr>140</gpxtpx:hr></gpxtpx:TrackPointExtension></extensions></trkpt><trkpt lat="56.03605" lon="37.845202"><ele>158.8</ele><time>2026-07-09T18:40:39Z</time><extensions><gpxtpx:TrackPointExtension><gpxtpx:hr>140</gpxtpx:hr></gpxtpx:TrackPointExtension></extensions></trkpt><trkpt lat="56.036032" lon="37.84522"><ele>158.6</ele><time>2026-07-09T18:40:40Z</time><extensions><gpxtpx:TrackPointExtension><gpxtpx:hr>140</gpxtpx:hr></gpxtpx:TrackPointExtension></extensions></trkpt><trkpt lat="56.036012" lon="37.845237"><ele>158.6</ele><time>2026-07-09T18:40:41Z</time><extensions><gpxtpx:TrackPointExtension><gpxtpx:hr>141</gpxtpx:hr></gpxtpx:TrackPointExtension></extensions></trkpt><trkpt lat="56.035992" lon="37.845257"><ele>158.6</ele><time>2026-07-09T18:40:42Z</time><extensions><gpxtpx:TrackPointExtension><gpxtpx:hr>140</gpxtpx:hr></gpxtpx:TrackPointExtension></extensions></trkpt><trkpt lat="56.035972" lon="37.84528"><ele>158.6</ele><time>2026-07-09T18:40:43Z</time><extensions><gpxtpx:TrackPointExtension><gpxtpx:hr>139</gpxtpx:hr></gpxtpx:TrackPointExtension></extensions></trkpt><trkpt lat="56.03595" lon="37.845305"><ele>158.6</ele><time>2026-07-09T18:40:44Z</time><extensions><gpxtpx:TrackPointExtension><gpxtpx:hr>139</gpxtpx:hr></gpxtpx:TrackPointExtension></extensions></trkpt><trkpt lat="56.03593" lon="37.845327"><ele>158.6</ele><time>2026-07-09T18:40:45Z</time><extensions><gpxtpx:TrackPointExtension><gpxtpx:hr>139</gpxtpx:hr></gpxtpx:TrackPointExtension></extensions></trkpt><trkpt lat="56.03591" lon="37.84535"><ele>158.6</ele><time>2026-07-09T18:40:46Z</time><extensions><gpxtpx:TrackPointExtension><gpxtpx:hr>139</gpxtpx:hr></gpxtpx:TrackPointExtension></extensions></trkpt><trkpt lat="56.035892" lon="37.845372"><ele>158.6</ele><time>2026-07-09T18:40:47Z</time><extensions><gpxtpx:TrackPointExtension><gpxtpx:hr>139</gpxtpx:hr></gpxtpx:TrackPointExtension></extensions></trkpt><trkpt lat="56.035872" lon="37.845392"><ele>158.6</ele><time>2026-07-09T18:40:48Z</time><extensions><gpxtpx:TrackPointExtension><gpxtpx:hr>139</gpxtpx:hr></gpxtpx:TrackPointExtension></extensions></trkpt><trkpt lat="56.035847" lon="37.845412"><ele>158.6</ele><time>2026-07-09T18:40:49Z</time><extensions><gpxtpx:TrackPointExtension><gpxtpx:hr>140</gpxtpx:hr></gpxtpx:TrackPointExtension></extensions></trkpt><trkpt lat="56.035825" lon="37.845432"><ele>158.6</ele><time>2026-07-09T18:40:50Z</time><extensions><gpxtpx:TrackPointExtension><gpxtpx:hr>139</gpxtpx:hr></gpxtpx:TrackPointExtension></extensions></trkpt><trkpt lat="56.035802" lon="37.845447"><ele>158.6</ele><time>2026-07-09T18:40:51Z</time><extensions><gpxtpx:TrackPointExtension><gpxtpx:hr>139</gpxtpx:hr></gpxtpx:TrackPointExtension></extensions></trkpt><trkpt lat="56.035782" lon="37.845467"><ele>158.6</ele><time>2026-07-09T18:40:52Z</time><extensions><gpxtpx:TrackPointExtension><gpxtpx:hr>139</gpxtpx:hr></gpxtpx:TrackPointExtension></extensions></trkpt><trkpt lat="56.035762" lon="37.845482"><ele>158.6</ele><time>2026-07-09T18:40:53Z</time><extensions><gpxtpx:TrackPointExtension><gpxtpx:hr>139</gpxtpx:hr></gpxtpx:TrackPointExtension></extensions></trkpt><trkpt lat="56.035742" lon="37.845502"><ele>158.6</ele><time>2026-07-09T18:40:54Z</time><extensions><gpxtpx:TrackPointExtension><gpxtpx:hr>138</gpxtpx:hr></gpxtpx:TrackPointExtension></extensions></trkpt><trkpt lat="56.035725" lon="37.845527"><ele>158.6</ele><time>2026-07-09T18:40:55Z</time><extensions><gpxtpx:TrackPointExtension><gpxtpx:hr>139</gpxtpx:hr></gpxtpx:TrackPointExtension></extensions></trkpt><trkpt lat="56.035705" lon="37.84555"><ele>158.6</ele><time>2026-07-09T18:40:56Z</time><extensions><gpxtpx:TrackPointExtension><gpxtpx:hr>139</gpxtpx:hr></gpxtpx:TrackPointExtension></extensions></trkpt><trkpt lat="56.035687" lon="37.845577"><ele>158.6</ele><time>2026-07-09T18:40:57Z</time><extensions><gpxtpx:TrackPointExtension><gpxtpx:hr>140</gpxtpx:hr></gpxtpx:TrackPointExtension></extensions></trkpt><trkpt lat="56.03567" lon="37.845597"><ele>158.6</ele><time>2026-07-09T18:40:58Z</time><extensions><gpxtpx:TrackPointExtension><gpxtpx:hr>140</gpxtpx:hr></gpxtpx:TrackPointExtension></extensions></trkpt><trkpt lat="56.03565" lon="37.845617"><ele>158.6</ele><time>2026-07-09T18:40:59Z</time><extensions><gpxtpx:TrackPointExtension><gpxtpx:hr>139</gpxtpx:hr></gpxtpx:TrackPointExtension></extensions></trkpt><trkpt lat="56.035632" lon="37.84564"><ele>158.6</ele><time>2026-07-09T18:41:00Z</time><extensions><gpxtpx:TrackPointExtension><gpxtpx:hr>139</gpxtpx:hr></gpxtpx:TrackPointExtension></extensions></trkpt><trkpt lat="56.035612" lon="37.845662"><ele>158.8</ele><time>2026-07-09T18:41:01Z</time><extensions><gpxtpx:TrackPointExtension><gpxtpx:hr>139</gpxtpx:hr></gpxtpx:TrackPointExtension></extensions></trkpt><trkpt lat="56.035592" lon="37.845682"><ele>158.8</ele><time>2026-07-09T18:41:02Z</time><extensions><gpxtpx:TrackPointExtension><gpxtpx:hr>140</gpxtpx:hr></gpxtpx:TrackPointExtension></extensions></trkpt><trkpt lat="56.035572" lon="37.845702"><ele>158.6</ele><time>2026-07-09T18:41:03Z</time><extensions><gpxtpx:TrackPointExtension><gpxtpx:hr>140</gpxtpx:hr></gpxtpx:TrackPointExtension></extensions></trkpt><trkpt lat="56.035552" lon="37.845722"><ele>158.6</ele><time>2026-07-09T18:41:04Z</time><extensions><gpxtpx:TrackPointExtension><gpxtpx:hr>140</gpxtpx:hr></gpxtpx:TrackPointExtension></extensions></trkpt><trkpt lat="56.035532" lon="37.845737"><ele>158.6</ele><time>2026-07-09T18:41:05Z</time><extensions><gpxtpx:TrackPointExtension><gpxtpx:hr>140</gpxtpx:hr></gpxtpx:TrackPointExtension></extensions></trkpt><trkpt lat="56.035512" lon="37.845757"><ele>158.6</ele><time>2026-07-09T18:41:06Z</time><extensions><gpxtpx:TrackPointExtension><gpxtpx:hr>140</gpxtpx:hr></gpxtpx:TrackPointExtension></extensions></trkpt><trkpt lat="56.035495" lon="37.845772"><ele>158.6</ele><time>2026-07-09T18:41:07Z</time><extensions><gpxtpx:TrackPointExtension><gpxtpx:hr>141</gpxtpx:hr></gpxtpx:TrackPointExtension></extensions></trkpt><trkpt lat="56.03548" lon="37.845797"><ele>158.8</ele><time>2026-07-09T18:41:08Z</time><extensions><gpxtpx:TrackPointExtension><gpxtpx:hr>140</gpxtpx:hr></gpxtpx:TrackPointExtension></extensions></trkpt><trkpt lat="56.035467" lon="37.845822"><ele>158.8</ele><time>2026-07-09T18:41:09Z</time><extensions><gpxtpx:TrackPointExtension><gpxtpx:hr>140</gpxtpx:hr></gpxtpx:TrackPointExtension></extensions></trkpt><trkpt lat="56.035452" lon="37.845842"><ele>158.8</ele><time>2026-07-09T18:41:10Z</time><extensions><gpxtpx:TrackPointExtension><gpxtpx:hr>140</gpxtpx:hr></gpxtpx:TrackPointExtension></extensions></trkpt><trkpt lat="56.035435" lon="37.845862"><ele>158.6</ele><time>2026-07-09T18:41:11Z</time><extensions><gpxtpx:TrackPointExtension><gpxtpx:hr>139</gpxtpx:hr></gpxtpx:TrackPointExtension></extensions></trkpt><trkpt lat="56.035417" lon="37.845882"><ele>158.6</ele><time>2026-07-09T18:41:12Z</time><extensions><gpxtpx:TrackPointExtension><gpxtpx:hr>139</gpxtpx:hr></gpxtpx:TrackPointExtension></extensions></trkpt><trkpt lat="56.035397" lon="37.845902"><ele>158.6</ele><time>2026-07-09T18:41:13Z</time><extensions><gpxtpx:TrackPointExtension><gpxtpx:hr>139</gpxtpx:hr></gpxtpx:TrackPointExtension></extensions></trkpt><trkpt lat="56.035377" lon="37.845927"><ele>158.6</ele><time>2026-07-09T18:41:14Z</time><extensions><gpxtpx:TrackPointExtension><gpxtpx:hr>139</gpxtpx:hr></gpxtpx:TrackPointExtension></extensions></trkpt><trkpt lat="56.035357" lon="37.845947"><ele>158.6</ele><time>2026-07-09T18:41:15Z</time><extensions><gpxtpx:TrackPointExtension><gpxtpx:hr>139</gpxtpx:hr></gpxtpx:TrackPointExtension></extensions></trkpt><trkpt lat="56.035335" lon="37.845957"><ele>158.6</ele><time>2026-07-09T18:41:16Z</time><extensions><gpxtpx:TrackPointExtension><gpxtpx:hr>139</gpxtpx:hr></gpxtpx:TrackPointExtension></extensions></trkpt><trkpt lat="56.035317" lon="37.845972"><ele>158.6</ele><time>2026-07-09T18:41:17Z</time><extensions><gpxtpx:TrackPointExtension><gpxtpx:hr>139</gpxtpx:hr></gpxtpx:TrackPointExtension></extensions></trkpt><trkpt lat="56.035302" lon="37.845992"><ele>158.6</ele><time>2026-07-09T18:41:18Z</time><extensions><gpxtpx:TrackPointExtension><gpxtpx:hr>138</gpxtpx:hr></gpxtpx:TrackPointExtension></extensions></trkpt><trkpt lat="56.035282" lon="37.846007"><ele>158.6</ele><time>2026-07-09T18:41:19Z</time><extensions><gpxtpx:TrackPointExtension><gpxtpx:hr>138</gpxtpx:hr></gpxtpx:TrackPointExtension></extensions></trkpt><trkpt lat="56.035265" lon="37.846017"><ele>158.6</ele><time>2026-07-09T18:41:20Z</time><extensions><gpxtpx:TrackPointExtension><gpxtpx:hr>138</gpxtpx:hr></gpxtpx:TrackPointExtension></extensions></trkpt><trkpt lat="56.03524" lon="37.846025"><ele>158.6</ele><time>2026-07-09T18:41:21Z</time><extensions><gpxtpx:TrackPointExtension><gpxtpx:hr>139</gpxtpx:hr></gpxtpx:TrackPointExtension></extensions></trkpt><trkpt lat="56.035217" lon="37.846037"><ele>158.6</ele><time>2026-07-09T18:41:22Z</time><extensions><gpxtpx:TrackPointExtension><gpxtpx:hr>139</gpxtpx:hr></gpxtpx:TrackPointExtension></extensions></trkpt><trkpt lat="56.035197" lon="37.846047"><ele>158.6</ele><time>2026-07-09T18:41:23Z</time><extensions><gpxtpx:TrackPointExtension><gpxtpx:hr>139</gpxtpx:hr></gpxtpx:TrackPointExtension></extensions></trkpt><trkpt lat="56.035175" lon="37.84606"><ele>158.6</ele><time>2026-07-09T18:41:24Z</time><extensions><gpxtpx:TrackPointExtension><gpxtpx:hr>139</gpxtpx:hr></gpxtpx:TrackPointExtension></extensions></trkpt><trkpt lat="56.035152" lon="37.846077"><ele>158.4</ele><time>2026-07-09T18:41:25Z</time><extensions><gpxtpx:TrackPointExtension><gpxtpx:hr>139</gpxtpx:hr></gpxtpx:TrackPointExtension></extensions></trkpt><trkpt lat="56.035132" lon="37.846102"><ele>158.6</ele><time>2026-07-09T18:41:26Z</time><extensions><gpxtpx:TrackPointExtension><gpxtpx:hr>140</gpxtpx:hr></gpxtpx:TrackPointExtension></extensions></trkpt><trkpt lat="56.035112" lon="37.846125"><ele>158.6</ele><time>2026-07-09T18:41:27Z</time><extensions><gpxtpx:TrackPointExtension><gpxtpx:hr>140</gpxtpx:hr></gpxtpx:TrackPointExtension></extensions></trkpt><trkpt lat="56.035095" lon="37.846147"><ele>158.6</ele><time>2026-07-09T18:41:28Z</time><extensions><gpxtpx:TrackPointExtension><gpxtpx:hr>140</gpxtpx:hr></gpxtpx:TrackPointExtension></extensions></trkpt><trkpt lat="56.035077" lon="37.84617"><ele>158.6</ele><time>2026-07-09T18:41:29Z</time><extensions><gpxtpx:TrackPointExtension><gpxtpx:hr>140</gpxtpx:hr></gpxtpx:TrackPointExtension></extensions></trkpt><trkpt lat="56.035062" lon="37.846192"><ele>158.6</ele><time>2026-07-09T18:41:30Z</time><extensions><gpxtpx:TrackPointExtension><gpxtpx:hr>139</gpxtpx:hr></gpxtpx:TrackPointExtension></extensions></trkpt><trkpt lat="56.035045" lon="37.846212"><ele>158.6</ele><time>2026-07-09T18:41:31Z</time><extensions><gpxtpx:TrackPointExtension><gpxtpx:hr>139</gpxtpx:hr></gpxtpx:TrackPointExtension></extensions></trkpt><trkpt lat="56.035027" lon="37.846237"><ele>158.6</ele><time>2026-07-09T18:41:32Z</time><extensions><gpxtpx:TrackPointExtension><gpxtpx:hr>139</gpxtpx:hr></gpxtpx:TrackPointExtension></extensions></trkpt><trkpt lat="56.035012" lon="37.846257"><ele>158.6</ele><time>2026-07-09T18:41:33Z</time><extensions><gpxtpx:TrackPointExtension><gpxtpx:hr>139</gpxtpx:hr></gpxtpx:TrackPointExtension></extensions></trkpt><trkpt lat="56.034992" lon="37.846282"><ele>158.6</ele><time>2026-07-09T18:41:34Z</time><extensions><gpxtpx:TrackPointExtension><gpxtpx:hr>139</gpxtpx:hr></gpxtpx:TrackPointExtension></extensions></trkpt><trkpt lat="56.034972" lon="37.846307"><ele>158.6</ele><time>2026-07-09T18:41:35Z</time><extensions><gpxtpx:TrackPointExtension><gpxtpx:hr>138</gpxtpx:hr></gpxtpx:TrackPointExtension></extensions></trkpt><trkpt lat="56.034952" lon="37.846327"><ele>158.8</ele><time>2026-07-09T18:41:36Z</time><extensions><gpxtpx:TrackPointExtension><gpxtpx:hr>137</gpxtpx:hr></gpxtpx:TrackPointExtension></extensions></trkpt><trkpt lat="56.034932" lon="37.846342"><ele>158.8</ele><time>2026-07-09T18:41:37Z</time><extensions><gpxtpx:TrackPointExtension><gpxtpx:hr>137</gpxtpx:hr></gpxtpx:TrackPointExtension></extensions></trkpt><trkpt lat="56.034912" lon="37.846365"><ele>158.8</ele><time>2026-07-09T18:41:38Z</time><extensions><gpxtpx:TrackPointExtension><gpxtpx:hr>137</gpxtpx:hr></gpxtpx:TrackPointExtension></extensions></trkpt><trkpt lat="56.034892" lon="37.846382"><ele>158.8</ele><time>2026-07-09T18:41:39Z</time><extensions><gpxtpx:TrackPointExtension><gpxtpx:hr>138</gpxtpx:hr></gpxtpx:TrackPointExtension></extensions></trkpt><trkpt lat="56.034872" lon="37.8464"><ele>158.8</ele><time>2026-07-09T18:41:40Z</time><extensions><gpxtpx:TrackPointExtension><gpxtpx:hr>138</gpxtpx:hr></gpxtpx:TrackPointExtension></extensions></trkpt><trkpt lat="56.034855" lon="37.846417"><ele>158.6</ele><time>2026-07-09T18:41:41Z</time><extensions><gpxtpx:TrackPointExtension><gpxtpx:hr>138</gpxtpx:hr></gpxtpx:TrackPointExtension></extensions></trkpt><trkpt lat="56.03484" lon="37.846437"><ele>158.6</ele><time>2026-07-09T18:41:42Z</time><extensions><gpxtpx:TrackPointExtension><gpxtpx:hr>138</gpxtpx:hr></gpxtpx:TrackPointExtension></extensions></trkpt><trkpt lat="56.034822" lon="37.846462"><ele>158.6</ele><time>2026-07-09T18:41:43Z</time><extensions><gpxtpx:TrackPointExtension><gpxtpx:hr>139</gpxtpx:hr></gpxtpx:TrackPointExtension></extensions></trkpt><trkpt lat="56.034807" lon="37.846485"><ele>158.6</ele><time>2026-07-09T18:41:44Z</time><extensions><gpxtpx:TrackPointExtension><gpxtpx:hr>138</gpxtpx:hr></gpxtpx:TrackPointExtension></extensions></trkpt><trkpt lat="56.034775" lon="37.846522"><ele>158.6</ele><time>2026-07-09T18:41:46Z</time><extensions><gpxtpx:TrackPointExtension><gpxtpx:hr>137</gpxtpx:hr></gpxtpx:TrackPointExtension></extensions></trkpt><trkpt lat="56.034757" lon="37.846537"><ele>158.6</ele><time>2026-07-09T18:41:47Z</time><extensions><gpxtpx:TrackPointExtension><gpxtpx:hr>138</gpxtpx:hr></gpxtpx:TrackPointExtension></extensions></trkpt><trkpt lat="56.034735" lon="37.846557"><ele>158.6</ele><time>2026-07-09T18:41:48Z</time><extensions><gpxtpx:TrackPointExtension><gpxtpx:hr>138</gpxtpx:hr></gpxtpx:TrackPointExtension></extensions></trkpt><trkpt lat="56.034717" lon="37.84658"><ele>158.6</ele><time>2026-07-09T18:41:49Z</time><extensions><gpxtpx:TrackPointExtension><gpxtpx:hr>138</gpxtpx:hr></gpxtpx:TrackPointExtension></extensions></trkpt><trkpt lat="56.034702" lon="37.846595"><ele>158.6</ele><time>2026-07-09T18:41:50Z</time><extensions><gpxtpx:TrackPointExtension><gpxtpx:hr>138</gpxtpx:hr></gpxtpx:TrackPointExtension></extensions></trkpt><trkpt lat="56.034682" lon="37.846617"><ele>158.6</ele><time>2026-07-09T18:41:51Z</time><extensions><gpxtpx:TrackPointExtension><gpxtpx:hr>139</gpxtpx:hr></gpxtpx:TrackPointExtension></extensions></trkpt><trkpt lat="56.034662" lon="37.846637"><ele>158.6</ele><time>2026-07-09T18:41:52Z</time><extensions><gpxtpx:TrackPointExtension><gpxtpx:hr>138</gpxtpx:hr></gpxtpx:TrackPointExtension></extensions></trkpt><trkpt lat="56.034642" lon="37.846652"><ele>158.8</ele><time>2026-07-09T18:41:53Z</time><extensions><gpxtpx:TrackPointExtension><gpxtpx:hr>138</gpxtpx:hr></gpxtpx:TrackPointExtension></extensions></trkpt><trkpt lat="56.03462" lon="37.846662"><ele>158.8</ele><time>2026-07-09T18:41:54Z</time><extensions><gpxtpx:TrackPointExtension><gpxtpx:hr>138</gpxtpx:hr></gpxtpx:TrackPointExtension></extensions></trkpt><trkpt lat="56.034602" lon="37.846682"><ele>158.8</ele><time>2026-07-09T18:41:55Z</time><extensions><gpxtpx:TrackPointExtension><gpxtpx:hr>138</gpxtpx:hr></gpxtpx:TrackPointExtension></extensions></trkpt><trkpt lat="56.034585" lon="37.8467"><ele>158.8</ele><time>2026-07-09T18:41:56Z</time><extensions><gpxtpx:TrackPointExtension><gpxtpx:hr>137</gpxtpx:hr></gpxtpx:TrackPointExtension></extensions></trkpt><trkpt lat="56.034557" lon="37.846732"><ele>158.8</ele><time>2026-07-09T18:41:58Z</time><extensions><gpxtpx:TrackPointExtension><gpxtpx:hr>138</gpxtpx:hr></gpxtpx:TrackPointExtension></extensions></trkpt><trkpt lat="56.034542" lon="37.846757"><ele>158.8</ele><time>2026-07-09T18:41:59Z</time><extensions><gpxtpx:TrackPointExtension><gpxtpx:hr>137</gpxtpx:hr></gpxtpx:TrackPointExtension></extensions></trkpt><trkpt lat="56.034525" lon="37.84677"><ele>158.8</ele><time>2026-07-09T18:42:00Z</time><extensions><gpxtpx:TrackPointExtension><gpxtpx:hr>137</gpxtpx:hr></gpxtpx:TrackPointExtension></extensions></trkpt><trkpt lat="56.034502" lon="37.8468"><ele>158.8</ele><time>2026-07-09T18:42:01Z</time><extensions><gpxtpx:TrackPointExtension><gpxtpx:hr>137</gpxtpx:hr></gpxtpx:TrackPointExtension></extensions></trkpt><trkpt lat="56.034482" lon="37.846822"><ele>158.8</ele><time>2026-07-09T18:42:02Z</time><extensions><gpxtpx:TrackPointExtension><gpxtpx:hr>138</gpxtpx:hr></gpxtpx:TrackPointExtension></extensions></trkpt><trkpt lat="56.03446" lon="37.846842"><ele>159.0</ele><time>2026-07-09T18:42:03Z</time><extensions><gpxtpx:TrackPointExtension><gpxtpx:hr>137</gpxtpx:hr></gpxtpx:TrackPointExtension></extensions></trkpt><trkpt lat="56.034437" lon="37.84687"><ele>159.0</ele><time>2026-07-09T18:42:04Z</time><extensions><gpxtpx:TrackPointExtension><gpxtpx:hr>138</gpxtpx:hr></gpxtpx:TrackPointExtension></extensions></trkpt><trkpt lat="56.034417" lon="37.84689"><ele>159.0</ele><time>2026-07-09T18:42:05Z</time><extensions><gpxtpx:TrackPointExtension><gpxtpx:hr>138</gpxtpx:hr></gpxtpx:TrackPointExtension></extensions></trkpt><trkpt lat="56.034397" lon="37.846907"><ele>159.2</ele><time>2026-07-09T18:42:06Z</time><extensions><gpxtpx:TrackPointExtension><gpxtpx:hr>138</gpxtpx:hr></gpxtpx:TrackPointExtension></extensions></trkpt><trkpt lat="56.034377" lon="37.84693"><ele>159.0</ele><time>2026-07-09T18:42:07Z</time><extensions><gpxtpx:TrackPointExtension><gpxtpx:hr>138</gpxtpx:hr></gpxtpx:TrackPointExtension></extensions></trkpt><trkpt lat="56.034357" lon="37.84695"><ele>159.0</ele><time>2026-07-09T18:42:08Z</time><extensions><gpxtpx:TrackPointExtension><gpxtpx:hr>138</gpxtpx:hr></gpxtpx:TrackPointExtension></extensions></trkpt><trkpt lat="56.034335" lon="37.846972"><ele>159.0</ele><time>2026-07-09T18:42:09Z</time><extensions><gpxtpx:TrackPointExtension><gpxtpx:hr>137</gpxtpx:hr></gpxtpx:TrackPointExtension></extensions></trkpt><trkpt lat="56.034312" lon="37.846988"><ele>159.0</ele><time>2026-07-09T18:42:10Z</time><extensions><gpxtpx:TrackPointExtension><gpxtpx:hr>137</gpxtpx:hr></gpxtpx:TrackPointExtension></extensions></trkpt><trkpt lat="56.034292" lon="37.847005"><ele>159.0</ele><time>2026-07-09T18:42:11Z</time><extensions><gpxtpx:TrackPointExtension><gpxtpx:hr>137</gpxtpx:hr></gpxtpx:TrackPointExtension></extensions></trkpt><trkpt lat="56.034275" lon="37.84702"><ele>159.0</ele><time>2026-07-09T18:42:12Z</time><extensions><gpxtpx:TrackPointExtension><gpxtpx:hr>137</gpxtpx:hr></gpxtpx:TrackPointExtension></extensions></trkpt><trkpt lat="56.034257" lon="37.847037"><ele>159.0</ele><time>2026-07-09T18:42:13Z</time><extensions><gpxtpx:TrackPointExtension><gpxtpx:hr>137</gpxtpx:hr></gpxtpx:TrackPointExtension></extensions></trkpt><trkpt lat="56.03424" lon="37.847052"><ele>159.0</ele><time>2026-07-09T18:42:14Z</time><extensions><gpxtpx:TrackPointExtension><gpxtpx:hr>138</gpxtpx:hr></gpxtpx:TrackPointExtension></extensions></trkpt><trkpt lat="56.034222" lon="37.84707"><ele>159.0</ele><time>2026-07-09T18:42:15Z</time><extensions><gpxtpx:TrackPointExtension><gpxtpx:hr>138</gpxtpx:hr></gpxtpx:TrackPointExtension></extensions></trkpt><trkpt lat="56.034202" lon="37.847087"><ele>159.0</ele><time>2026-07-09T18:42:16Z</time><extensions><gpxtpx:TrackPointExtension><gpxtpx:hr>138</gpxtpx:hr></gpxtpx:TrackPointExtension></extensions></trkpt><trkpt lat="56.034185" lon="37.847102"><ele>159.2</ele><time>2026-07-09T18:42:17Z</time><extensions><gpxtpx:TrackPointExtension><gpxtpx:hr>138</gpxtpx:hr></gpxtpx:TrackPointExtension></extensions></trkpt><trkpt lat="56.034152" lon="37.847137"><ele>159.2</ele><time>2026-07-09T18:42:19Z</time><extensions><gpxtpx:TrackPointExtension><gpxtpx:hr>138</gpxtpx:hr></gpxtpx:TrackPointExtension></extensions></trkpt><trkpt lat="56.034137" lon="37.847155"><ele>159.2</ele><time>2026-07-09T18:42:20Z</time><extensions><gpxtpx:TrackPointExtension><gpxtpx:hr>137</gpxtpx:hr></gpxtpx:TrackPointExtension></extensions></trkpt><trkpt lat="56.03412" lon="37.847172"><ele>159.4</ele><time>2026-07-09T18:42:21Z</time><extensions><gpxtpx:TrackPointExtension><gpxtpx:hr>137</gpxtpx:hr></gpxtpx:TrackPointExtension></extensions></trkpt><trkpt lat="56.034102" lon="37.847187"><ele>159.2</ele><time>2026-07-09T18:42:22Z</time><extensions><gpxtpx:TrackPointExtension><gpxtpx:hr>137</gpxtpx:hr></gpxtpx:TrackPointExtension></extensions></trkpt><trkpt lat="56.034082" lon="37.847205"><ele>159.4</ele><time>2026-07-09T18:42:23Z</time><extensions><gpxtpx:TrackPointExtension><gpxtpx:hr>136</gpxtpx:hr></gpxtpx:TrackPointExtension></extensions></trkpt><trkpt lat="56.034062" lon="37.847222"><ele>159.4</ele><time>2026-07-09T18:42:24Z</time><extensions><gpxtpx:TrackPointExtension><gpxtpx:hr>135</gpxtpx:hr></gpxtpx:TrackPointExtension></extensions></trkpt><trkpt lat="56.034045" lon="37.847242"><ele>159.4</ele><time>2026-07-09T18:42:25Z</time><extensions><gpxtpx:TrackPointExtension><gpxtpx:hr>134</gpxtpx:hr></gpxtpx:TrackPointExtension></extensions></trkpt><trkpt lat="56.034027" lon="37.847262"><ele>159.2</ele><time>2026-07-09T18:42:26Z</time><extensions><gpxtpx:TrackPointExtension><gpxtpx:hr>133</gpxtpx:hr></gpxtpx:TrackPointExtension></extensions></trkpt><trkpt lat="56.034012" lon="37.847277"><ele>159.2</ele><time>2026-07-09T18:42:27Z</time><extensions><gpxtpx:TrackPointExtension><gpxtpx:hr>133</gpxtpx:hr></gpxtpx:TrackPointExtension></extensions></trkpt><trkpt lat="56.03399" lon="37.847297"><ele>159.4</ele><time>2026-07-09T18:42:28Z</time><extensions><gpxtpx:TrackPointExtension><gpxtpx:hr>134</gpxtpx:hr></gpxtpx:TrackPointExtension></extensions></trkpt><trkpt lat="56.033972" lon="37.847317"><ele>159.4</ele><time>2026-07-09T18:42:29Z</time><extensions><gpxtpx:TrackPointExtension><gpxtpx:hr>134</gpxtpx:hr></gpxtpx:TrackPointExtension></extensions></trkpt><trkpt lat="56.033955" lon="37.847337"><ele>159.4</ele><time>2026-07-09T18:42:30Z</time><extensions><gpxtpx:TrackPointExtension><gpxtpx:hr>133</gpxtpx:hr></gpxtpx:TrackPointExtension></extensions></trkpt><trkpt lat="56.033937" lon="37.84736"><ele>159.4</ele><time>2026-07-09T18:42:31Z</time><extensions><gpxtpx:TrackPointExtension><gpxtpx:hr>134</gpxtpx:hr></gpxtpx:TrackPointExtension></extensions></trkpt><trkpt lat="56.03392" lon="37.847385"><ele>159.4</ele><time>2026-07-09T18:42:32Z</time><extensions><gpxtpx:TrackPointExtension><gpxtpx:hr>134</gpxtpx:hr></gpxtpx:TrackPointExtension></extensions></trkpt><trkpt lat="56.033902" lon="37.847407"><ele>159.4</ele><time>2026-07-09T18:42:33Z</time><extensions><gpxtpx:TrackPointExtension><gpxtpx:hr>134</gpxtpx:hr></gpxtpx:TrackPointExtension></extensions></trkpt><trkpt lat="56.033887" lon="37.847427"><ele>159.4</ele><time>2026-07-09T18:42:34Z</time><extensions><gpxtpx:TrackPointExtension><gpxtpx:hr>134</gpxtpx:hr></gpxtpx:TrackPointExtension></extensions></trkpt><trkpt lat="56.033862" lon="37.847482"><ele>159.4</ele><time>2026-07-09T18:42:36Z</time><extensions><gpxtpx:TrackPointExtension><gpxtpx:hr>133</gpxtpx:hr></gpxtpx:TrackPointExtension></extensions></trkpt><trkpt lat="56.033847" lon="37.847512"><ele>159.4</ele><time>2026-07-09T18:42:37Z</time><extensions><gpxtpx:TrackPointExtension><gpxtpx:hr>133</gpxtpx:hr></gpxtpx:TrackPointExtension></extensions></trkpt><trkpt lat="56.033835" lon="37.847537"><ele>159.6</ele><time>2026-07-09T18:42:38Z</time><extensions><gpxtpx:TrackPointExtension><gpxtpx:hr>133</gpxtpx:hr></gpxtpx:TrackPointExtension></extensions></trkpt><trkpt lat="56.033817" lon="37.847575"><ele>159.6</ele><time>2026-07-09T18:42:39Z</time><extensions><gpxtpx:TrackPointExtension><gpxtpx:hr>134</gpxtpx:hr></gpxtpx:TrackPointExtension></extensions></trkpt><trkpt lat="56.033802" lon="37.847607"><ele>159.6</ele><time>2026-07-09T18:42:40Z</time><extensions><gpxtpx:TrackPointExtension><gpxtpx:hr>133</gpxtpx:hr></gpxtpx:TrackPointExtension></extensions></trkpt><trkpt lat="56.033797" lon="37.847645"><ele>159.8</ele><time>2026-07-09T18:42:41Z</time><extensions><gpxtpx:TrackPointExtension><gpxtpx:hr>134</gpxtpx:hr></gpxtpx:TrackPointExtension></extensions></trkpt><trkpt lat="56.033787" lon="37.847702"><ele>159.8</ele><time>2026-07-09T18:42:43Z</time><extensions><gpxtpx:TrackPointExtension><gpxtpx:hr>134</gpxtpx:hr></gpxtpx:TrackPointExtension></extensions></trkpt><trkpt lat="56.03378" lon="37.847732"><ele>159.8</ele><time>2026-07-09T18:42:44Z</time><extensions><gpxtpx:TrackPointExtension><gpxtpx:hr>134</gpxtpx:hr></gpxtpx:TrackPointExtension></extensions></trkpt><trkpt lat="56.033767" lon="37.847772"><ele>159.8</ele><time>2026-07-09T18:42:46Z</time><extensions><gpxtpx:TrackPointExtension><gpxtpx:hr>135</gpxtpx:hr></gpxtpx:TrackPointExtension></extensions></trkpt><trkpt lat="56.033752" lon="37.84782"><ele>159.8</ele><time>2026-07-09T18:42:48Z</time><extensions><gpxtpx:TrackPointExtension><gpxtpx:hr>137</gpxtpx:hr></gpxtpx:TrackPointExtension></extensions></trkpt><trkpt lat="56.033742" lon="37.847847"><ele>159.8</ele><time>2026-07-09T18:42:49Z</time><extensions><gpxtpx:TrackPointExtension><gpxtpx:hr>135</gpxtpx:hr></gpxtpx:TrackPointExtension></extensions></trkpt><trkpt lat="56.033712" lon="37.847877"><ele>159.8</ele><time>2026-07-09T18:42:51Z</time><extensions><gpxtpx:TrackPointExtension><gpxtpx:hr>134</gpxtpx:hr></gpxtpx:TrackPointExtension></extensions></trkpt><trkpt lat="56.0337" lon="37.847902"><ele>159.8</ele><time>2026-07-09T18:42:52Z</time><extensions><gpxtpx:TrackPointExtension><gpxtpx:hr>134</gpxtpx:hr></gpxtpx:TrackPointExtension></extensions></trkpt><trkpt lat="56.033682" lon="37.84793"><ele>159.8</ele><time>2026-07-09T18:42:53Z</time><extensions><gpxtpx:TrackPointExtension><gpxtpx:hr>134</gpxtpx:hr></gpxtpx:TrackPointExtension></extensions></trkpt><trkpt lat="56.033652" lon="37.84798"><ele>159.8</ele><time>2026-07-09T18:42:55Z</time><extensions><gpxtpx:TrackPointExtension><gpxtpx:hr>134</gpxtpx:hr></gpxtpx:TrackPointExtension></extensions></trkpt><trkpt lat="56.033637" lon="37.848002"><ele>159.8</ele><time>2026-07-09T18:42:56Z</time><extensions><gpxtpx:TrackPointExtension><gpxtpx:hr>135</gpxtpx:hr></gpxtpx:TrackPointExtension></extensions></trkpt><trkpt lat="56.033617" lon="37.848032"><ele>159.8</ele><time>2026-07-09T18:42:57Z</time><extensions><gpxtpx:TrackPointExtension><gpxtpx:hr>135</gpxtpx:hr></gpxtpx:TrackPointExtension></extensions></trkpt><trkpt lat="56.033597" lon="37.848057"><ele>160.0</ele><time>2026-07-09T18:42:58Z</time><extensions><gpxtpx:TrackPointExtension><gpxtpx:hr>135</gpxtpx:hr></gpxtpx:TrackPointExtension></extensions></trkpt><trkpt lat="56.03358" lon="37.848092"><ele>160.0</ele><time>2026-07-09T18:42:59Z</time><extensions><gpxtpx:TrackPointExtension><gpxtpx:hr>136</gpxtpx:hr></gpxtpx:TrackPointExtension></extensions></trkpt><trkpt lat="56.033562" lon="37.848115"><ele>160.2</ele><time>2026-07-09T18:43:00Z</time><extensions><gpxtpx:TrackPointExtension><gpxtpx:hr>136</gpxtpx:hr></gpxtpx:TrackPointExtension></extensions></trkpt><trkpt lat="56.033543" lon="37.848137"><ele>160.2</ele><time>2026-07-09T18:43:01Z</time><extensions><gpxtpx:TrackPointExtension><gpxtpx:hr>136</gpxtpx:hr></gpxtpx:TrackPointExtension></extensions></trkpt><trkpt lat="56.033527" lon="37.848157"><ele>160.2</ele><time>2026-07-09T18:43:02Z</time><extensions><gpxtpx:TrackPointExtension><gpxtpx:hr>137</gpxtpx:hr></gpxtpx:TrackPointExtension></extensions></trkpt><trkpt lat="56.033505" lon="37.848182"><ele>160.2</ele><time>2026-07-09T18:43:03Z</time><extensions><gpxtpx:TrackPointExtension><gpxtpx:hr>137</gpxtpx:hr></gpxtpx:TrackPointExtension></extensions></trkpt><trkpt lat="56.033487" lon="37.848197"><ele>160.4</ele><time>2026-07-09T18:43:04Z</time><extensions><gpxtpx:TrackPointExtension><gpxtpx:hr>138</gpxtpx:hr></gpxtpx:TrackPointExtension></extensions></trkpt><trkpt lat="56.033462" lon="37.848227"><ele>160.6</ele><time>2026-07-09T18:43:06Z</time><extensions><gpxtpx:TrackPointExtension><gpxtpx:hr>138</gpxtpx:hr></gpxtpx:TrackPointExtension></extensions></trkpt><trkpt lat="56.033447" lon="37.848252"><ele>160.6</ele><time>2026-07-09T18:43:07Z</time><extensions><gpxtpx:TrackPointExtension><gpxtpx:hr>138</gpxtpx:hr></gpxtpx:TrackPointExtension></extensions></trkpt><trkpt lat="56.03343" lon="37.848272"><ele>160.6</ele><time>2026-07-09T18:43:08Z</time><extensions><gpxtpx:TrackPointExtension><gpxtpx:hr>138</gpxtpx:hr></gpxtpx:TrackPointExtension></extensions></trkpt><trkpt lat="56.0334" lon="37.848312"><ele>160.8</ele><time>2026-07-09T18:43:10Z</time><extensions><gpxtpx:TrackPointExtension><gpxtpx:hr>138</gpxtpx:hr></gpxtpx:TrackPointExtension></extensions></trkpt><trkpt lat="56.033382" lon="37.848332"><ele>160.8</ele><time>2026-07-09T18:43:11Z</time><extensions><gpxtpx:TrackPointExtension><gpxtpx:hr>139</gpxtpx:hr></gpxtpx:TrackPointExtension></extensions></trkpt><trkpt lat="56.033367" lon="37.848353"><ele>161.0</ele><time>2026-07-09T18:43:12Z</time><extensions><gpxtpx:TrackPointExtension><gpxtpx:hr>138</gpxtpx:hr></gpxtpx:TrackPointExtension></extensions></trkpt><trkpt lat="56.033337" lon="37.848397"><ele>161.0</ele><time>2026-07-09T18:43:14Z</time><extensions><gpxtpx:TrackPointExtension><gpxtpx:hr>138</gpxtpx:hr></gpxtpx:TrackPointExtension></extensions></trkpt><trkpt lat="56.033322" lon="37.848422"><ele>161.2</ele><time>2026-07-09T18:43:15Z</time><extensions><gpxtpx:TrackPointExtension><gpxtpx:hr>138</gpxtpx:hr></gpxtpx:TrackPointExtension></extensions></trkpt><trkpt lat="56.033307" lon="37.848442"><ele>161.2</ele><time>2026-07-09T18:43:16Z</time><extensions><gpxtpx:TrackPointExtension><gpxtpx:hr>138</gpxtpx:hr></gpxtpx:TrackPointExtension></extensions></trkpt><trkpt lat="56.033292" lon="37.848477"><ele>161.4</ele><time>2026-07-09T18:43:17Z</time><extensions><gpxtpx:TrackPointExtension><gpxtpx:hr>138</gpxtpx:hr></gpxtpx:TrackPointExtension></extensions></trkpt><trkpt lat="56.033277" lon="37.848497"><ele>161.6</ele><time>2026-07-09T18:43:18Z</time><extensions><gpxtpx:TrackPointExtension><gpxtpx:hr>138</gpxtpx:hr></gpxtpx:TrackPointExtension></extensions></trkpt><trkpt lat="56.033247" lon="37.848542"><ele>161.8</ele><time>2026-07-09T18:43:20Z</time><extensions><gpxtpx:TrackPointExtension><gpxtpx:hr>138</gpxtpx:hr></gpxtpx:TrackPointExtension></extensions></trkpt><trkpt lat="56.033232" lon="37.848572"><ele>161.8</ele><time>2026-07-09T18:43:21Z</time><extensions><gpxtpx:TrackPointExtension><gpxtpx:hr>138</gpxtpx:hr></gpxtpx:TrackPointExtension></extensions></trkpt><trkpt lat="56.033202" lon="37.84861"><ele>162.0</ele><time>2026-07-09T18:43:23Z</time><extensions><gpxtpx:TrackPointExtension><gpxtpx:hr>139</gpxtpx:hr></gpxtpx:TrackPointExtension></extensions></trkpt><trkpt lat="56.033185" lon="37.848627"><ele>162.0</ele><time>2026-07-09T18:43:24Z</time><extensions><gpxtpx:TrackPointExtension><gpxtpx:hr>139</gpxtpx:hr></gpxtpx:TrackPointExtension></extensions></trkpt><trkpt lat="56.033167" lon="37.848677"><ele>162.4</ele><time>2026-07-09T18:43:26Z</time><extensions><gpxtpx:TrackPointExtension><gpxtpx:hr>139</gpxtpx:hr></gpxtpx:TrackPointExtension></extensions></trkpt><trkpt lat="56.033127" lon="37.848717"><ele>162.6</ele><time>2026-07-09T18:43:28Z</time><extensions><gpxtpx:TrackPointExtension><gpxtpx:hr>140</gpxtpx:hr></gpxtpx:TrackPointExtension></extensions></trkpt><trkpt lat="56.03311" lon="37.848732"><ele>162.6</ele><time>2026-07-09T18:43:29Z</time><extensions><gpxtpx:TrackPointExtension><gpxtpx:hr>140</gpxtpx:hr></gpxtpx:TrackPointExtension></extensions></trkpt><trkpt lat="56.033087" lon="37.848747"><ele>162.6</ele><time>2026-07-09T18:43:30Z</time><extensions><gpxtpx:TrackPointExtension><gpxtpx:hr>141</gpxtpx:hr></gpxtpx:TrackPointExtension></extensions></trkpt><trkpt lat="56.033072" lon="37.84876"><ele>162.8</ele><time>2026-07-09T18:43:31Z</time><extensions><gpxtpx:TrackPointExtension><gpxtpx:hr>141</gpxtpx:hr></gpxtpx:TrackPointExtension></extensions></trkpt><trkpt lat="56.033052" lon="37.848767"><ele>163.0</ele><time>2026-07-09T18:43:32Z</time><extensions><gpxtpx:TrackPointExtension><gpxtpx:hr>140</gpxtpx:hr></gpxtpx:TrackPointExtension></extensions></trkpt><trkpt lat="56.03302" lon="37.848782"><ele>163.2</ele><time>2026-07-09T18:43:34Z</time><extensions><gpxtpx:TrackPointExtension><gpxtpx:hr>140</gpxtpx:hr></gpxtpx:TrackPointExtension></extensions></trkpt><trkpt lat="56.03299" lon="37.848805"><ele>163.4</ele><time>2026-07-09T18:43:36Z</time><extensions><gpxtpx:TrackPointExtension><gpxtpx:hr>140</gpxtpx:hr></gpxtpx:TrackPointExtension></extensions></trkpt><trkpt lat="56.032972" lon="37.848822"><ele>163.4</ele><time>2026-07-09T18:43:37Z</time><extensions><gpxtpx:TrackPointExtension><gpxtpx:hr>140</gpxtpx:hr></gpxtpx:TrackPointExtension></extensions></trkpt><trkpt lat="56.032955" lon="37.848835"><ele>163.4</ele><time>2026-07-09T18:43:38Z</time><extensions><gpxtpx:TrackPointExtension><gpxtpx:hr>141</gpxtpx:hr></gpxtpx:TrackPointExtension></extensions></trkpt><trkpt lat="56.032937" lon="37.848852"><ele>163.6</ele><time>2026-07-09T18:43:39Z</time><extensions><gpxtpx:TrackPointExtension><gpxtpx:hr>140</gpxtpx:hr></gpxtpx:TrackPointExtension></extensions></trkpt><trkpt lat="56.032905" lon="37.848875"><ele>163.6</ele><time>2026-07-09T18:43:41Z</time><extensions><gpxtpx:TrackPointExtension><gpxtpx:hr>140</gpxtpx:hr></gpxtpx:TrackPointExtension></extensions></trkpt><trkpt lat="56.032887" lon="37.848887"><ele>163.8</ele><time>2026-07-09T18:43:42Z</time><extensions><gpxtpx:TrackPointExtension><gpxtpx:hr>140</gpxtpx:hr></gpxtpx:TrackPointExtension></extensions></trkpt><trkpt lat="56.032867" lon="37.848917"><ele>163.8</ele><time>2026-07-09T18:43:44Z</time><extensions><gpxtpx:TrackPointExtension><gpxtpx:hr>140</gpxtpx:hr></gpxtpx:TrackPointExtension></extensions></trkpt><trkpt lat="56.032847" lon="37.848927"><ele>164.0</ele><time>2026-07-09T18:43:45Z</time><extensions><gpxtpx:TrackPointExtension><gpxtpx:hr>140</gpxtpx:hr></gpxtpx:TrackPointExtension></extensions></trkpt><trkpt lat="56.03283" lon="37.848947"><ele>164.0</ele><time>2026-07-09T18:43:46Z</time><extensions><gpxtpx:TrackPointExtension><gpxtpx:hr>140</gpxtpx:hr></gpxtpx:TrackPointExtension></extensions></trkpt><trkpt lat="56.032812" lon="37.848965"><ele>164.0</ele><time>2026-07-09T18:43:47Z</time><extensions><gpxtpx:TrackPointExtension><gpxtpx:hr>141</gpxtpx:hr></gpxtpx:TrackPointExtension></extensions></trkpt><trkpt lat="56.032795" lon="37.848982"><ele>164.0</ele><time>2026-07-09T18:43:48Z</time><extensions><gpxtpx:TrackPointExtension><gpxtpx:hr>140</gpxtpx:hr></gpxtpx:TrackPointExtension></extensions></trkpt><trkpt lat="56.03278" lon="37.849"><ele>164.0</ele><time>2026-07-09T18:43:49Z</time><extensions><gpxtpx:TrackPointExtension><gpxtpx:hr>140</gpxtpx:hr></gpxtpx:TrackPointExtension></extensions></trkpt><trkpt lat="56.032762" lon="37.849022"><ele>164.0</ele><time>2026-07-09T18:43:50Z</time><extensions><gpxtpx:TrackPointExtension><gpxtpx:hr>140</gpxtpx:hr></gpxtpx:TrackPointExtension></extensions></trkpt><trkpt lat="56.032742" lon="37.849047"><ele>164.0</ele><time>2026-07-09T18:43:51Z</time><extensions><gpxtpx:TrackPointExtension><gpxtpx:hr>142</gpxtpx:hr></gpxtpx:TrackPointExtension></extensions></trkpt><trkpt lat="56.032727" lon="37.84907"><ele>164.0</ele><time>2026-07-09T18:43:52Z</time><extensions><gpxtpx:TrackPointExtension><gpxtpx:hr>141</gpxtpx:hr></gpxtpx:TrackPointExtension></extensions></trkpt><trkpt lat="56.032697" lon="37.849097"><ele>164.2</ele><time>2026-07-09T18:43:54Z</time><extensions><gpxtpx:TrackPointExtension><gpxtpx:hr>141</gpxtpx:hr></gpxtpx:TrackPointExtension></extensions></trkpt><trkpt lat="56.032667" lon="37.849132"><ele>164.2</ele><time>2026-07-09T18:43:56Z</time><extensions><gpxtpx:TrackPointExtension><gpxtpx:hr>141</gpxtpx:hr></gpxtpx:TrackPointExtension></extensions></trkpt><trkpt lat="56.032652" lon="37.849155"><ele>164.2</ele><time>2026-07-09T18:43:57Z</time><extensions><gpxtpx:TrackPointExtension><gpxtpx:hr>141</gpxtpx:hr></gpxtpx:TrackPointExtension></extensions></trkpt><trkpt lat="56.032617" lon="37.84918"><ele>164.2</ele><time>2026-07-09T18:43:59Z</time><extensions><gpxtpx:TrackPointExtension><gpxtpx:hr>141</gpxtpx:hr></gpxtpx:TrackPointExtension></extensions></trkpt><trkpt lat="56.0326" lon="37.849192"><ele>164.2</ele><time>2026-07-09T18:44:00Z</time><extensions><gpxtpx:TrackPointExtension><gpxtpx:hr>141</gpxtpx:hr></gpxtpx:TrackPointExtension></extensions></trkpt><trkpt lat="56.03258" lon="37.849197"><ele>164.2</ele><time>2026-07-09T18:44:01Z</time><extensions><gpxtpx:TrackPointExtension><gpxtpx:hr>141</gpxtpx:hr></gpxtpx:TrackPointExtension></extensions></trkpt><trkpt lat="56.032558" lon="37.849202"><ele>164.2</ele><time>2026-07-09T18:44:02Z</time><extensions><gpxtpx:TrackPointExtension><gpxtpx:hr>141</gpxtpx:hr></gpxtpx:TrackPointExtension></extensions></trkpt><trkpt lat="56.03252" lon="37.849197"><ele>164.4</ele><time>2026-07-09T18:44:04Z</time><extensions><gpxtpx:TrackPointExtension><gpxtpx:hr>140</gpxtpx:hr></gpxtpx:TrackPointExtension></extensions></trkpt><trkpt lat="56.032497" lon="37.8492"><ele>164.4</ele><time>2026-07-09T18:44:05Z</time><extensions><gpxtpx:TrackPointExtension><gpxtpx:hr>140</gpxtpx:hr></gpxtpx:TrackPointExtension></extensions></trkpt><trkpt lat="56.032473" lon="37.849202"><ele>164.4</ele><time>2026-07-09T18:44:06Z</time><extensions><gpxtpx:TrackPointExtension><gpxtpx:hr>140</gpxtpx:hr></gpxtpx:TrackPointExtension></extensions></trkpt><trkpt lat="56.032447" lon="37.849207"><ele>164.4</ele><time>2026-07-09T18:44:07Z</time><extensions><gpxtpx:TrackPointExtension><gpxtpx:hr>140</gpxtpx:hr></gpxtpx:TrackPointExtension></extensions></trkpt><trkpt lat="56.032427" lon="37.849217"><ele>164.4</ele><time>2026-07-09T18:44:08Z</time><extensions><gpxtpx:TrackPointExtension><gpxtpx:hr>140</gpxtpx:hr></gpxtpx:TrackPointExtension></extensions></trkpt><trkpt lat="56.032407" lon="37.849227"><ele>164.4</ele><time>2026-07-09T18:44:09Z</time><extensions><gpxtpx:TrackPointExtension><gpxtpx:hr>140</gpxtpx:hr></gpxtpx:TrackPointExtension></extensions></trkpt><trkpt lat="56.032375" lon="37.849252"><ele>164.4</ele><time>2026-07-09T18:44:11Z</time><extensions><gpxtpx:TrackPointExtension><gpxtpx:hr>139</gpxtpx:hr></gpxtpx:TrackPointExtension></extensions></trkpt><trkpt lat="56.03234" lon="37.849255"><ele>164.4</ele><time>2026-07-09T18:44:13Z</time><extensions><gpxtpx:TrackPointExtension><gpxtpx:hr>139</gpxtpx:hr></gpxtpx:TrackPointExtension></extensions></trkpt><trkpt lat="56.032317" lon="37.849262"><ele>164.4</ele><time>2026-07-09T18:44:14Z</time><extensions><gpxtpx:TrackPointExtension><gpxtpx:hr>138</gpxtpx:hr></gpxtpx:TrackPointExtension></extensions></trkpt><trkpt lat="56.032295" lon="37.849262"><ele>164.2</ele><time>2026-07-09T18:44:15Z</time><extensions><gpxtpx:TrackPointExtension><gpxtpx:hr>138</gpxtpx:hr></gpxtpx:TrackPointExtension></extensions></trkpt><trkpt lat="56.032272" lon="37.849268"><ele>164.2</ele><time>2026-07-09T18:44:16Z</time><extensions><gpxtpx:TrackPointExtension><gpxtpx:hr>138</gpxtpx:hr></gpxtpx:TrackPointExtension></extensions></trkpt><trkpt lat="56.032252" lon="37.849272"><ele>164.0</ele><time>2026-07-09T18:44:17Z</time><extensions><gpxtpx:TrackPointExtension><gpxtpx:hr>138</gpxtpx:hr></gpxtpx:TrackPointExtension></extensions></trkpt><trkpt lat="56.032235" lon="37.849277"><ele>164.0</ele><time>2026-07-09T18:44:18Z</time><extensions><gpxtpx:TrackPointExtension><gpxtpx:hr>139</gpxtpx:hr></gpxtpx:TrackPointExtension></extensions></trkpt><trkpt lat="56.032215" lon="37.849285"><ele>164.0</ele><time>2026-07-09T18:44:19Z</time><extensions><gpxtpx:TrackPointExtension><gpxtpx:hr>139</gpxtpx:hr></gpxtpx:TrackPointExtension></extensions></trkpt><trkpt lat="56.032192" lon="37.849285"><ele>164.0</ele><time>2026-07-09T18:44:20Z</time><extensions><gpxtpx:TrackPointExtension><gpxtpx:hr>139</gpxtpx:hr></gpxtpx:TrackPointExtension></extensions></trkpt><trkpt lat="56.032172" lon="37.849282"><ele>163.8</ele><time>2026-07-09T18:44:21Z</time><extensions><gpxtpx:TrackPointExtension><gpxtpx:hr>138</gpxtpx:hr></gpxtpx:TrackPointExtension></extensions></trkpt><trkpt lat="56.032152" lon="37.849277"><ele>163.8</ele><time>2026-07-09T18:44:22Z</time><extensions><gpxtpx:TrackPointExtension><gpxtpx:hr>138</gpxtpx:hr></gpxtpx:TrackPointExtension></extensions></trkpt><trkpt lat="56.03213" lon="37.849272"><ele>164.0</ele><time>2026-07-09T18:44:23Z</time><extensions><gpxtpx:TrackPointExtension><gpxtpx:hr>138</gpxtpx:hr></gpxtpx:TrackPointExtension></extensions></trkpt><trkpt lat="56.03211" lon="37.849272"><ele>164.0</ele><time>2026-07-09T18:44:24Z</time><extensions><gpxtpx:TrackPointExtension><gpxtpx:hr>138</gpxtpx:hr></gpxtpx:TrackPointExtension></extensions></trkpt><trkpt lat="56.032087" lon="37.849272"><ele>163.8</ele><time>2026-07-09T18:44:25Z</time><extensions><gpxtpx:TrackPointExtension><gpxtpx:hr>137</gpxtpx:hr></gpxtpx:TrackPointExtension></extensions></trkpt><trkpt lat="56.032067" lon="37.849277"><ele>163.8</ele><time>2026-07-09T18:44:26Z</time><extensions><gpxtpx:TrackPointExtension><gpxtpx:hr>137</gpxtpx:hr></gpxtpx:TrackPointExtension></extensions></trkpt><trkpt lat="56.032047" lon="37.849277"><ele>163.8</ele><time>2026-07-09T18:44:27Z</time><extensions><gpxtpx:TrackPointExtension><gpxtpx:hr>137</gpxtpx:hr></gpxtpx:TrackPointExtension></extensions></trkpt><trkpt lat="56.032027" lon="37.849277"><ele>163.6</ele><time>2026-07-09T18:44:28Z</time><extensions><gpxtpx:TrackPointExtension><gpxtpx:hr>136</gpxtpx:hr></gpxtpx:TrackPointExtension></extensions></trkpt><trkpt lat="56.032007" lon="37.849272"><ele>163.6</ele><time>2026-07-09T18:44:29Z</time><extensions><gpxtpx:TrackPointExtension><gpxtpx:hr>136</gpxtpx:hr></gpxtpx:TrackPointExtension></extensions></trkpt><trkpt lat="56.03199" lon="37.849268"><ele>163.6</ele><time>2026-07-09T18:44:30Z</time><extensions><gpxtpx:TrackPointExtension><gpxtpx:hr>136</gpxtpx:hr></gpxtpx:TrackPointExtension></extensions></trkpt><trkpt lat="56.03197" lon="37.849272"><ele>163.6</ele><time>2026-07-09T18:44:31Z</time><extensions><gpxtpx:TrackPointExtension><gpxtpx:hr>136</gpxtpx:hr></gpxtpx:TrackPointExtension></extensions></trkpt><trkpt lat="56.031947" lon="37.849277"><ele>163.6</ele><time>2026-07-09T18:44:32Z</time><extensions><gpxtpx:TrackPointExtension><gpxtpx:hr>136</gpxtpx:hr></gpxtpx:TrackPointExtension></extensions></trkpt><trkpt lat="56.031927" lon="37.849285"><ele>163.4</ele><time>2026-07-09T18:44:33Z</time><extensions><gpxtpx:TrackPointExtension><gpxtpx:hr>136</gpxtpx:hr></gpxtpx:TrackPointExtension></extensions></trkpt><trkpt lat="56.031907" lon="37.849305"><ele>163.4</ele><time>2026-07-09T18:44:34Z</time><extensions><gpxtpx:TrackPointExtension><gpxtpx:hr>137</gpxtpx:hr></gpxtpx:TrackPointExtension></extensions></trkpt><trkpt lat="56.031887" lon="37.849322"><ele>163.2</ele><time>2026-07-09T18:44:35Z</time><extensions><gpxtpx:TrackPointExtension><gpxtpx:hr>137</gpxtpx:hr></gpxtpx:TrackPointExtension></extensions></trkpt><trkpt lat="56.031867" lon="37.849337"><ele>163.2</ele><time>2026-07-09T18:44:36Z</time><extensions><gpxtpx:TrackPointExtension><gpxtpx:hr>137</gpxtpx:hr></gpxtpx:TrackPointExtension></extensions></trkpt><trkpt lat="56.031852" lon="37.849352"><ele>163.2</ele><time>2026-07-09T18:44:37Z</time><extensions><gpxtpx:TrackPointExtension><gpxtpx:hr>136</gpxtpx:hr></gpxtpx:TrackPointExtension></extensions></trkpt><trkpt lat="56.031835" lon="37.84937"><ele>163.2</ele><time>2026-07-09T18:44:38Z</time><extensions><gpxtpx:TrackPointExtension><gpxtpx:hr>136</gpxtpx:hr></gpxtpx:TrackPointExtension></extensions></trkpt><trkpt lat="56.03182" lon="37.849392"><ele>163.2</ele><time>2026-07-09T18:44:39Z</time><extensions><gpxtpx:TrackPointExtension><gpxtpx:hr>137</gpxtpx:hr></gpxtpx:TrackPointExtension></extensions></trkpt><trkpt lat="56.031805" lon="37.84941"><ele>163.2</ele><time>2026-07-09T18:44:40Z</time><extensions><gpxtpx:TrackPointExtension><gpxtpx:hr>136</gpxtpx:hr></gpxtpx:TrackPointExtension></extensions></trkpt><trkpt lat="56.031787" lon="37.849447"><ele>163.2</ele><time>2026-07-09T18:44:41Z</time><extensions><gpxtpx:TrackPointExtension><gpxtpx:hr>135</gpxtpx:hr></gpxtpx:TrackPointExtension></extensions></trkpt><trkpt lat="56.031775" lon="37.849472"><ele>163.2</ele><time>2026-07-09T18:44:42Z</time><extensions><gpxtpx:TrackPointExtension><gpxtpx:hr>135</gpxtpx:hr></gpxtpx:TrackPointExtension></extensions></trkpt><trkpt lat="56.031757" lon="37.849497"><ele>163.2</ele><time>2026-07-09T18:44:43Z</time><extensions><gpxtpx:TrackPointExtension><gpxtpx:hr>138</gpxtpx:hr></gpxtpx:TrackPointExtension></extensions></trkpt><trkpt lat="56.031737" lon="37.849512"><ele>163.4</ele><time>2026-07-09T18:44:44Z</time><extensions><gpxtpx:TrackPointExtension><gpxtpx:hr>137</gpxtpx:hr></gpxtpx:TrackPointExtension></extensions></trkpt><trkpt lat="56.031717" lon="37.849525"><ele>163.4</ele><time>2026-07-09T18:44:45Z</time><extensions><gpxtpx:TrackPointExtension><gpxtpx:hr>136</gpxtpx:hr></gpxtpx:TrackPointExtension></extensions></trkpt><trkpt lat="56.031702" lon="37.849542"><ele>163.4</ele><time>2026-07-09T18:44:46Z</time><extensions><gpxtpx:TrackPointExtension><gpxtpx:hr>136</gpxtpx:hr></gpxtpx:TrackPointExtension></extensions></trkpt><trkpt lat="56.03168" lon="37.849542"><ele>163.4</ele><time>2026-07-09T18:44:47Z</time><extensions><gpxtpx:TrackPointExtension><gpxtpx:hr>136</gpxtpx:hr></gpxtpx:TrackPointExtension></extensions></trkpt><trkpt lat="56.031662" lon="37.849542"><ele>163.4</ele><time>2026-07-09T18:44:48Z</time><extensions><gpxtpx:TrackPointExtension><gpxtpx:hr>136</gpxtpx:hr></gpxtpx:TrackPointExtension></extensions></trkpt><trkpt lat="56.031642" lon="37.849537"><ele>163.4</ele><time>2026-07-09T18:44:49Z</time><extensions><gpxtpx:TrackPointExtension><gpxtpx:hr>135</gpxtpx:hr></gpxtpx:TrackPointExtension></extensions></trkpt><trkpt lat="56.031622" lon="37.849525"><ele>163.4</ele><time>2026-07-09T18:44:50Z</time><extensions><gpxtpx:TrackPointExtension><gpxtpx:hr>136</gpxtpx:hr></gpxtpx:TrackPointExtension></extensions></trkpt><trkpt lat="56.031605" lon="37.849517"><ele>163.4</ele><time>2026-07-09T18:44:51Z</time><extensions><gpxtpx:TrackPointExtension><gpxtpx:hr>136</gpxtpx:hr></gpxtpx:TrackPointExtension></extensions></trkpt><trkpt lat="56.031585" lon="37.849502"><ele>163.4</ele><time>2026-07-09T18:44:52Z</time><extensions><gpxtpx:TrackPointExtension><gpxtpx:hr>137</gpxtpx:hr></gpxtpx:TrackPointExtension></extensions></trkpt><trkpt lat="56.031562" lon="37.849482"><ele>163.2</ele><time>2026-07-09T18:44:53Z</time><extensions><gpxtpx:TrackPointExtension><gpxtpx:hr>136</gpxtpx:hr></gpxtpx:TrackPointExtension></extensions></trkpt><trkpt lat="56.031532" lon="37.84948"><ele>163.0</ele><time>2026-07-09T18:44:55Z</time><extensions><gpxtpx:TrackPointExtension><gpxtpx:hr>136</gpxtpx:hr></gpxtpx:TrackPointExtension></extensions></trkpt><trkpt lat="56.031512" lon="37.849482"><ele>163.0</ele><time>2026-07-09T18:44:56Z</time><extensions><gpxtpx:TrackPointExtension><gpxtpx:hr>136</gpxtpx:hr></gpxtpx:TrackPointExtension></extensions></trkpt><trkpt lat="56.031492" lon="37.849482"><ele>163.0</ele><time>2026-07-09T18:44:57Z</time><extensions><gpxtpx:TrackPointExtension><gpxtpx:hr>135</gpxtpx:hr></gpxtpx:TrackPointExtension></extensions></trkpt><trkpt lat="56.031475" lon="37.849482"><ele>162.8</ele><time>2026-07-09T18:44:58Z</time><extensions><gpxtpx:TrackPointExtension><gpxtpx:hr>135</gpxtpx:hr></gpxtpx:TrackPointExtension></extensions></trkpt><trkpt lat="56.031452" lon="37.849477"><ele>162.6</ele><time>2026-07-09T18:44:59Z</time><extensions><gpxtpx:TrackPointExtension><gpxtpx:hr>135</gpxtpx:hr></gpxtpx:TrackPointExtension></extensions></trkpt><trkpt lat="56.03143" lon="37.849472"><ele>162.6</ele><time>2026-07-09T18:45:00Z</time><extensions><gpxtpx:TrackPointExtension><gpxtpx:hr>134</gpxtpx:hr></gpxtpx:TrackPointExtension></extensions></trkpt><trkpt lat="56.031407" lon="37.849472"><ele>162.4</ele><time>2026-07-09T18:45:01Z</time><extensions><gpxtpx:TrackPointExtension><gpxtpx:hr>135</gpxtpx:hr></gpxtpx:TrackPointExtension></extensions></trkpt><trkpt lat="56.031382" lon="37.849462"><ele>162.4</ele><time>2026-07-09T18:45:02Z</time><extensions><gpxtpx:TrackPointExtension><gpxtpx:hr>134</gpxtpx:hr></gpxtpx:TrackPointExtension></extensions></trkpt><trkpt lat="56.03136" lon="37.849455"><ele>162.2</ele><time>2026-07-09T18:45:03Z</time><extensions><gpxtpx:TrackPointExtension><gpxtpx:hr>134</gpxtpx:hr></gpxtpx:TrackPointExtension></extensions></trkpt><trkpt lat="56.03134" lon="37.849447"><ele>162.2</ele><time>2026-07-09T18:45:04Z</time><extensions><gpxtpx:TrackPointExtension><gpxtpx:hr>134</gpxtpx:hr></gpxtpx:TrackPointExtension></extensions></trkpt><trkpt lat="56.031317" lon="37.849447"><ele>162.2</ele><time>2026-07-09T18:45:05Z</time><extensions><gpxtpx:TrackPointExtension><gpxtpx:hr>133</gpxtpx:hr></gpxtpx:TrackPointExtension></extensions></trkpt><trkpt lat="56.031295" lon="37.849437"><ele>162.0</ele><time>2026-07-09T18:45:06Z</time><extensions><gpxtpx:TrackPointExtension><gpxtpx:hr>133</gpxtpx:hr></gpxtpx:TrackPointExtension></extensions></trkpt><trkpt lat="56.031275" lon="37.849422"><ele>162.2</ele><time>2026-07-09T18:45:07Z</time><extensions><gpxtpx:TrackPointExtension><gpxtpx:hr>133</gpxtpx:hr></gpxtpx:TrackPointExtension></extensions></trkpt><trkpt lat="56.031252" lon="37.849407"><ele>162.2</ele><time>2026-07-09T18:45:08Z</time><extensions><gpxtpx:TrackPointExtension><gpxtpx:hr>133</gpxtpx:hr></gpxtpx:TrackPointExtension></extensions></trkpt><trkpt lat="56.031232" lon="37.849392"><ele>162.2</ele><time>2026-07-09T18:45:09Z</time><extensions><gpxtpx:TrackPointExtension><gpxtpx:hr>133</gpxtpx:hr></gpxtpx:TrackPointExtension></extensions></trkpt><trkpt lat="56.03121" lon="37.849375"><ele>162.2</ele><time>2026-07-09T18:45:10Z</time><extensions><gpxtpx:TrackPointExtension><gpxtpx:hr>132</gpxtpx:hr></gpxtpx:TrackPointExtension></extensions></trkpt><trkpt lat="56.031192" lon="37.849362"><ele>162.0</ele><time>2026-07-09T18:45:11Z</time><extensions><gpxtpx:TrackPointExtension><gpxtpx:hr>132</gpxtpx:hr></gpxtpx:TrackPointExtension></extensions></trkpt><trkpt lat="56.031172" lon="37.849345"><ele>162.0</ele><time>2026-07-09T18:45:12Z</time><extensions><gpxtpx:TrackPointExtension><gpxtpx:hr>133</gpxtpx:hr></gpxtpx:TrackPointExtension></extensions></trkpt><trkpt lat="56.031137" lon="37.849315"><ele>162.0</ele><time>2026-07-09T18:45:14Z</time><extensions><gpxtpx:TrackPointExtension><gpxtpx:hr>133</gpxtpx:hr></gpxtpx:TrackPointExtension></extensions></trkpt><trkpt lat="56.031105" lon="37.849272"><ele>162.0</ele><time>2026-07-09T18:45:16Z</time><extensions><gpxtpx:TrackPointExtension><gpxtpx:hr>133</gpxtpx:hr></gpxtpx:TrackPointExtension></extensions></trkpt><trkpt lat="56.031087" lon="37.849257"><ele>161.8</ele><time>2026-07-09T18:45:17Z</time><extensions><gpxtpx:TrackPointExtension><gpxtpx:hr>134</gpxtpx:hr></gpxtpx:TrackPointExtension></extensions></trkpt><trkpt lat="56.03107" lon="37.849245"><ele>161.8</ele><time>2026-07-09T18:45:18Z</time><extensions><gpxtpx:TrackPointExtension><gpxtpx:hr>134</gpxtpx:hr></gpxtpx:TrackPointExtension></extensions></trkpt><trkpt lat="56.031045" lon="37.849227"><ele>161.6</ele><time>2026-07-09T18:45:20Z</time><extensions><gpxtpx:TrackPointExtension><gpxtpx:hr>133</gpxtpx:hr></gpxtpx:TrackPointExtension></extensions></trkpt><trkpt lat="56.03102" lon="37.849237"><ele>161.4</ele><time>2026-07-09T18:45:23Z</time><extensions><gpxtpx:TrackPointExtension><gpxtpx:hr>133</gpxtpx:hr></gpxtpx:TrackPointExtension></extensions></trkpt><trkpt lat="56.030992" lon="37.84926"><ele>161.2</ele><time>2026-07-09T18:45:25Z</time><extensions><gpxtpx:TrackPointExtension><gpxtpx:hr>132</gpxtpx:hr></gpxtpx:TrackPointExtension></extensions></trkpt><trkpt lat="56.030972" lon="37.849267"><ele>161.2</ele><time>2026-07-09T18:45:26Z</time><extensions><gpxtpx:TrackPointExtension><gpxtpx:hr>132</gpxtpx:hr></gpxtpx:TrackPointExtension></extensions></trkpt><trkpt lat="56.030947" lon="37.849265"><ele>161.2</ele><time>2026-07-09T18:45:27Z</time><extensions><gpxtpx:TrackPointExtension><gpxtpx:hr>131</gpxtpx:hr></gpxtpx:TrackPointExtension></extensions></trkpt><trkpt lat="56.03092" lon="37.849265"><ele>161.2</ele><time>2026-07-09T18:45:28Z</time><extensions><gpxtpx:TrackPointExtension><gpxtpx:hr>129</gpxtpx:hr></gpxtpx:TrackPointExtension></extensions></trkpt><trkpt lat="56.030897" lon="37.849262"><ele>161.0</ele><time>2026-07-09T18:45:29Z</time><extensions><gpxtpx:TrackPointExtension><gpxtpx:hr>128</gpxtpx:hr></gpxtpx:TrackPointExtension></extensions></trkpt><trkpt lat="56.03088" lon="37.849265"><ele>161.0</ele><time>2026-07-09T18:45:30Z</time><extensions><gpxtpx:TrackPointExtension><gpxtpx:hr>129</gpxtpx:hr></gpxtpx:TrackPointExtension></extensions></trkpt><trkpt lat="56.030847" lon="37.849275"><ele>161.2</ele><time>2026-07-09T18:45:32Z</time><extensions><gpxtpx:TrackPointExtension><gpxtpx:hr>130</gpxtpx:hr></gpxtpx:TrackPointExtension></extensions></trkpt><trkpt lat="56.030825" lon="37.849285"><ele>161.6</ele><time>2026-07-09T18:45:34Z</time><extensions><gpxtpx:TrackPointExtension><gpxtpx:hr>132</gpxtpx:hr></gpxtpx:TrackPointExtension></extensions></trkpt><trkpt lat="56.030807" lon="37.849312"><ele>161.8</ele><time>2026-07-09T18:45:36Z</time><extensions><gpxtpx:TrackPointExtension><gpxtpx:hr>133</gpxtpx:hr></gpxtpx:TrackPointExtension></extensions></trkpt><trkpt lat="56.030787" lon="37.849338"><ele>162.2</ele><time>2026-07-09T18:45:38Z</time><extensions><gpxtpx:TrackPointExtension><gpxtpx:hr>133</gpxtpx:hr></gpxtpx:TrackPointExtension></extensions></trkpt><trkpt lat="56.030752" lon="37.84936"><ele>162.4</ele><time>2026-07-09T18:45:40Z</time><extensions><gpxtpx:TrackPointExtension><gpxtpx:hr>134</gpxtpx:hr></gpxtpx:TrackPointExtension></extensions></trkpt><trkpt lat="56.030728" lon="37.84937"><ele>162.4</ele><time>2026-07-09T18:45:41Z</time><extensions><gpxtpx:TrackPointExtension><gpxtpx:hr>134</gpxtpx:hr></gpxtpx:TrackPointExtension></extensions></trkpt><trkpt lat="56.03071" lon="37.849377"><ele>162.6</ele><time>2026-07-09T18:45:42Z</time><extensions><gpxtpx:TrackPointExtension><gpxtpx:hr>134</gpxtpx:hr></gpxtpx:TrackPointExtension></extensions></trkpt><trkpt lat="56.030682" lon="37.849382"><ele>162.8</ele><time>2026-07-09T18:45:44Z</time><extensions><gpxtpx:TrackPointExtension><gpxtpx:hr>133</gpxtpx:hr></gpxtpx:TrackPointExtension></extensions></trkpt><trkpt lat="56.030647" lon="37.849392"><ele>162.6</ele><time>2026-07-09T18:45:46Z</time><extensions><gpxtpx:TrackPointExtension><gpxtpx:hr>134</gpxtpx:hr></gpxtpx:TrackPointExtension></extensions></trkpt><trkpt lat="56.030627" lon="37.849392"><ele>162.6</ele><time>2026-07-09T18:45:47Z</time><extensions><gpxtpx:TrackPointExtension><gpxtpx:hr>134</gpxtpx:hr></gpxtpx:TrackPointExtension></extensions></trkpt><trkpt lat="56.030605" lon="37.849387"><ele>162.4</ele><time>2026-07-09T18:45:48Z</time><extensions><gpxtpx:TrackPointExtension><gpxtpx:hr>133</gpxtpx:hr></gpxtpx:TrackPointExtension></extensions></trkpt><trkpt lat="56.030587" lon="37.849387"><ele>162.4</ele><time>2026-07-09T18:45:49Z</time><extensions><gpxtpx:TrackPointExtension><gpxtpx:hr>134</gpxtpx:hr></gpxtpx:TrackPointExtension></extensions></trkpt><trkpt lat="56.030567" lon="37.849382"><ele>162.2</ele><time>2026-07-09T18:45:50Z</time><extensions><gpxtpx:TrackPointExtension><gpxtpx:hr>134</gpxtpx:hr></gpxtpx:TrackPointExtension></extensions></trkpt><trkpt lat="56.030547" lon="37.849372"><ele>162.2</ele><time>2026-07-09T18:45:51Z</time><extensions><gpxtpx:TrackPointExtension><gpxtpx:hr>134</gpxtpx:hr></gpxtpx:TrackPointExtension></extensions></trkpt><trkpt lat="56.030527" lon="37.849357"><ele>162.0</ele><time>2026-07-09T18:45:52Z</time><extensions><gpxtpx:TrackPointExtension><gpxtpx:hr>134</gpxtpx:hr></gpxtpx:TrackPointExtension></extensions></trkpt><trkpt lat="56.030507" lon="37.849342"><ele>162.0</ele><time>2026-07-09T18:45:53Z</time><extensions><gpxtpx:TrackPointExtension><gpxtpx:hr>134</gpxtpx:hr></gpxtpx:TrackPointExtension></extensions></trkpt><trkpt lat="56.03049" lon="37.849335"><ele>162.0</ele><time>2026-07-09T18:45:54Z</time><extensions><gpxtpx:TrackPointExtension><gpxtpx:hr>135</gpxtpx:hr></gpxtpx:TrackPointExtension></extensions></trkpt><trkpt lat="56.03047" lon="37.849325"><ele>161.8</ele><time>2026-07-09T18:45:55Z</time><extensions><gpxtpx:TrackPointExtension><gpxtpx:hr>135</gpxtpx:hr></gpxtpx:TrackPointExtension></extensions></trkpt><trkpt lat="56.030452" lon="37.849315"><ele>161.8</ele><time>2026-07-09T18:45:56Z</time><extensions><gpxtpx:TrackPointExtension><gpxtpx:hr>135</gpxtpx:hr></gpxtpx:TrackPointExtension></extensions></trkpt><trkpt lat="56.030432" lon="37.849307"><ele>161.8</ele><time>2026-07-09T18:45:57Z</time><extensions><gpxtpx:TrackPointExtension><gpxtpx:hr>135</gpxtpx:hr></gpxtpx:TrackPointExtension></extensions></trkpt><trkpt lat="56.030415" lon="37.849302"><ele>161.8</ele><time>2026-07-09T18:45:58Z</time><extensions><gpxtpx:TrackPointExtension><gpxtpx:hr>136</gpxtpx:hr></gpxtpx:TrackPointExtension></extensions></trkpt><trkpt lat="56.030392" lon="37.849297"><ele>161.8</ele><time>2026-07-09T18:45:59Z</time><extensions><gpxtpx:TrackPointExtension><gpxtpx:hr>136</gpxtpx:hr></gpxtpx:TrackPointExtension></extensions></trkpt><trkpt lat="56.03037" lon="37.8493"><ele>161.8</ele><time>2026-07-09T18:46:00Z</time><extensions><gpxtpx:TrackPointExtension><gpxtpx:hr>136</gpxtpx:hr></gpxtpx:TrackPointExtension></extensions></trkpt><trkpt lat="56.030347" lon="37.849297"><ele>161.8</ele><time>2026-07-09T18:46:01Z</time><extensions><gpxtpx:TrackPointExtension><gpxtpx:hr>137</gpxtpx:hr></gpxtpx:TrackPointExtension></extensions></trkpt><trkpt lat="56.030327" lon="37.849297"><ele>161.6</ele><time>2026-07-09T18:46:02Z</time><extensions><gpxtpx:TrackPointExtension><gpxtpx:hr>136</gpxtpx:hr></gpxtpx:TrackPointExtension></extensions></trkpt><trkpt lat="56.030307" lon="37.849297"><ele>161.4</ele><time>2026-07-09T18:46:03Z</time><extensions><gpxtpx:TrackPointExtension><gpxtpx:hr>137</gpxtpx:hr></gpxtpx:TrackPointExtension></extensions></trkpt><trkpt lat="56.030282" lon="37.849302"><ele>161.2</ele><time>2026-07-09T18:46:04Z</time><extensions><gpxtpx:TrackPointExtension><gpxtpx:hr>136</gpxtpx:hr></gpxtpx:TrackPointExtension></extensions></trkpt><trkpt lat="56.030262" lon="37.849292"><ele>161.2</ele><time>2026-07-09T18:46:05Z</time><extensions><gpxtpx:TrackPointExtension><gpxtpx:hr>136</gpxtpx:hr></gpxtpx:TrackPointExtension></extensions></trkpt><trkpt lat="56.030245" lon="37.849282"><ele>161.2</ele><time>2026-07-09T18:46:06Z</time><extensions><gpxtpx:TrackPointExtension><gpxtpx:hr>137</gpxtpx:hr></gpxtpx:TrackPointExtension></extensions></trkpt><trkpt lat="56.030227" lon="37.849262"><ele>161.0</ele><time>2026-07-09T18:46:07Z</time><extensions><gpxtpx:TrackPointExtension><gpxtpx:hr>136</gpxtpx:hr></gpxtpx:TrackPointExtension></extensions></trkpt><trkpt lat="56.030212" lon="37.849242"><ele>161.0</ele><time>2026-07-09T18:46:08Z</time><extensions><gpxtpx:TrackPointExtension><gpxtpx:hr>137</gpxtpx:hr></gpxtpx:TrackPointExtension></extensions></trkpt><trkpt lat="56.030195" lon="37.849227"><ele>161.0</ele><time>2026-07-09T18:46:09Z</time><extensions><gpxtpx:TrackPointExtension><gpxtpx:hr>137</gpxtpx:hr></gpxtpx:TrackPointExtension></extensions></trkpt><trkpt lat="56.030175" lon="37.849215"><ele>160.8</ele><time>2026-07-09T18:46:10Z</time><extensions><gpxtpx:TrackPointExtension><gpxtpx:hr>137</gpxtpx:hr></gpxtpx:TrackPointExtension></extensions></trkpt><trkpt lat="56.030155" lon="37.849207"><ele>160.8</ele><time>2026-07-09T18:46:11Z</time><extensions><gpxtpx:TrackPointExtension><gpxtpx:hr>137</gpxtpx:hr></gpxtpx:TrackPointExtension></extensions></trkpt><trkpt lat="56.030137" lon="37.84921"><ele>160.6</ele><time>2026-07-09T18:46:12Z</time><extensions><gpxtpx:TrackPointExtension><gpxtpx:hr>137</gpxtpx:hr></gpxtpx:TrackPointExtension></extensions></trkpt><trkpt lat="56.03012" lon="37.849227"><ele>160.6</ele><time>2026-07-09T18:46:13Z</time><extensions><gpxtpx:TrackPointExtension><gpxtpx:hr>137</gpxtpx:hr></gpxtpx:TrackPointExtension></extensions></trkpt><trkpt lat="56.030102" lon="37.849252"><ele>160.6</ele><time>2026-07-09T18:46:14Z</time><extensions><gpxtpx:TrackPointExtension><gpxtpx:hr>136</gpxtpx:hr></gpxtpx:TrackPointExtension></extensions></trkpt><trkpt lat="56.030082" lon="37.84928"><ele>160.4</ele><time>2026-07-09T18:46:16Z</time><extensions><gpxtpx:TrackPointExtension><gpxtpx:hr>136</gpxtpx:hr></gpxtpx:TrackPointExtension></extensions></trkpt><trkpt lat="56.03008" lon="37.849315"><ele>160.2</ele><time>2026-07-09T18:46:18Z</time><extensions><gpxtpx:TrackPointExtension><gpxtpx:hr>136</gpxtpx:hr></gpxtpx:TrackPointExtension></extensions></trkpt><trkpt lat="56.030097" lon="37.849337"><ele>160.2</ele><time>2026-07-09T18:46:20Z</time><extensions><gpxtpx:TrackPointExtension><gpxtpx:hr>137</gpxtpx:hr></gpxtpx:TrackPointExtension></extensions></trkpt><trkpt lat="56.030117" lon="37.84935"><ele>160.2</ele><time>2026-07-09T18:46:21Z</time><extensions><gpxtpx:TrackPointExtension><gpxtpx:hr>136</gpxtpx:hr></gpxtpx:TrackPointExtension></extensions></trkpt><trkpt lat="56.030137" lon="37.849362"><ele>160.4</ele><time>2026-07-09T18:46:22Z</time><extensions><gpxtpx:TrackPointExtension><gpxtpx:hr>136</gpxtpx:hr></gpxtpx:TrackPointExtension></extensions></trkpt><trkpt lat="56.030157" lon="37.849372"><ele>160.4</ele><time>2026-07-09T18:46:23Z</time><extensions><gpxtpx:TrackPointExtension><gpxtpx:hr>135</gpxtpx:hr></gpxtpx:TrackPointExtension></extensions></trkpt><trkpt lat="56.030172" lon="37.849395"><ele>160.4</ele><time>2026-07-09T18:46:24Z</time><extensions><gpxtpx:TrackPointExtension><gpxtpx:hr>135</gpxtpx:hr></gpxtpx:TrackPointExtension></extensions></trkpt><trkpt lat="56.03019" lon="37.849412"><ele>160.6</ele><time>2026-07-09T18:46:25Z</time><extensions><gpxtpx:TrackPointExtension><gpxtpx:hr>135</gpxtpx:hr></gpxtpx:TrackPointExtension></extensions></trkpt><trkpt lat="56.030208" lon="37.849423"><ele>160.6</ele><time>2026-07-09T18:46:26Z</time><extensions><gpxtpx:TrackPointExtension><gpxtpx:hr>135</gpxtpx:hr></gpxtpx:TrackPointExtension></extensions></trkpt><trkpt lat="56.030245" lon="37.849452"><ele>160.8</ele><time>2026-07-09T18:46:28Z</time><extensions><gpxtpx:TrackPointExtension><gpxtpx:hr>135</gpxtpx:hr></gpxtpx:TrackPointExtension></extensions></trkpt><trkpt lat="56.030262" lon="37.849472"><ele>160.8</ele><time>2026-07-09T18:46:29Z</time><extensions><gpxtpx:TrackPointExtension><gpxtpx:hr>135</gpxtpx:hr></gpxtpx:TrackPointExtension></extensions></trkpt><trkpt lat="56.030277" lon="37.849492"><ele>160.8</ele><time>2026-07-09T18:46:30Z</time><extensions><gpxtpx:TrackPointExtension><gpxtpx:hr>136</gpxtpx:hr></gpxtpx:TrackPointExtension></extensions></trkpt><trkpt lat="56.030307" lon="37.849525"><ele>161.0</ele><time>2026-07-09T18:46:32Z</time><extensions><gpxtpx:TrackPointExtension><gpxtpx:hr>136</gpxtpx:hr></gpxtpx:TrackPointExtension></extensions></trkpt><trkpt lat="56.030315" lon="37.849582"><ele>161.2</ele><time>2026-07-09T18:46:34Z</time><extensions><gpxtpx:TrackPointExtension><gpxtpx:hr>137</gpxtpx:hr></gpxtpx:TrackPointExtension></extensions></trkpt><trkpt lat="56.0303" lon="37.849642"><ele>161.4</ele><time>2026-07-09T18:46:36Z</time><extensions><gpxtpx:TrackPointExtension><gpxtpx:hr>137</gpxtpx:hr></gpxtpx:TrackPointExtension></extensions></trkpt><trkpt lat="56.030287" lon="37.849672"><ele>161.6</ele><time>2026-07-09T18:46:37Z</time><extensions><gpxtpx:TrackPointExtension><gpxtpx:hr>136</gpxtpx:hr></gpxtpx:TrackPointExtension></extensions></trkpt><trkpt lat="56.030272" lon="37.849697"><ele>161.6</ele><time>2026-07-09T18:46:38Z</time><extensions><gpxtpx:TrackPointExtension><gpxtpx:hr>137</gpxtpx:hr></gpxtpx:TrackPointExtension></extensions></trkpt><trkpt lat="56.03026" lon="37.849722"><ele>161.8</ele><time>2026-07-09T18:46:39Z</time><extensions><gpxtpx:TrackPointExtension><gpxtpx:hr>137</gpxtpx:hr></gpxtpx:TrackPointExtension></extensions></trkpt><trkpt lat="56.030247" lon="37.849752"><ele>161.8</ele><time>2026-07-09T18:46:40Z</time><extensions><gpxtpx:TrackPointExtension><gpxtpx:hr>137</gpxtpx:hr></gpxtpx:TrackPointExtension></extensions></trkpt><trkpt lat="56.030235" lon="37.849777"><ele>161.8</ele><time>2026-07-09T18:46:41Z</time><extensions><gpxtpx:TrackPointExtension><gpxtpx:hr>137</gpxtpx:hr></gpxtpx:TrackPointExtension></extensions></trkpt><trkpt lat="56.030222" lon="37.8498"><ele>162.0</ele><time>2026-07-09T18:46:42Z</time><extensions><gpxtpx:TrackPointExtension><gpxtpx:hr>137</gpxtpx:hr></gpxtpx:TrackPointExtension></extensions></trkpt><trkpt lat="56.030195" lon="37.849847"><ele>162.0</ele><time>2026-07-09T18:46:44Z</time><extensions><gpxtpx:TrackPointExtension><gpxtpx:hr>137</gpxtpx:hr></gpxtpx:TrackPointExtension></extensions></trkpt><trkpt lat="56.030177" lon="37.849873"><ele>162.0</ele><time>2026-07-09T18:46:45Z</time><extensions><gpxtpx:TrackPointExtension><gpxtpx:hr>137</gpxtpx:hr></gpxtpx:TrackPointExtension></extensions></trkpt><trkpt lat="56.030162" lon="37.849897"><ele>162.0</ele><time>2026-07-09T18:46:46Z</time><extensions><gpxtpx:TrackPointExtension><gpxtpx:hr>137</gpxtpx:hr></gpxtpx:TrackPointExtension></extensions></trkpt><trkpt lat="56.030147" lon="37.849917"><ele>162.2</ele><time>2026-07-09T18:46:47Z</time><extensions><gpxtpx:TrackPointExtension><gpxtpx:hr>138</gpxtpx:hr></gpxtpx:TrackPointExtension></extensions></trkpt><trkpt lat="56.030135" lon="37.849942"><ele>162.2</ele><time>2026-07-09T18:46:48Z</time><extensions><gpxtpx:TrackPointExtension><gpxtpx:hr>138</gpxtpx:hr></gpxtpx:TrackPointExtension></extensions></trkpt><trkpt lat="56.030117" lon="37.849962"><ele>162.4</ele><time>2026-07-09T18:46:49Z</time><extensions><gpxtpx:TrackPointExtension><gpxtpx:hr>138</gpxtpx:hr></gpxtpx:TrackPointExtension></extensions></trkpt><trkpt lat="56.030102" lon="37.849982"><ele>162.4</ele><time>2026-07-09T18:46:50Z</time><extensions><gpxtpx:TrackPointExtension><gpxtpx:hr>137</gpxtpx:hr></gpxtpx:TrackPointExtension></extensions></trkpt><trkpt lat="56.030072" lon="37.850022"><ele>162.8</ele><time>2026-07-09T18:46:52Z</time><extensions><gpxtpx:TrackPointExtension><gpxtpx:hr>138</gpxtpx:hr></gpxtpx:TrackPointExtension></extensions></trkpt><trkpt lat="56.030053" lon="37.850045"><ele>162.8</ele><time>2026-07-09T18:46:53Z</time><extensions><gpxtpx:TrackPointExtension><gpxtpx:hr>138</gpxtpx:hr></gpxtpx:TrackPointExtension></extensions></trkpt><trkpt lat="56.03004" lon="37.850065"><ele>162.8</ele><time>2026-07-09T18:46:54Z</time><extensions><gpxtpx:TrackPointExtension><gpxtpx:hr>138</gpxtpx:hr></gpxtpx:TrackPointExtension></extensions></trkpt><trkpt lat="56.030025" lon="37.850085"><ele>163.0</ele><time>2026-07-09T18:46:55Z</time><extensions><gpxtpx:TrackPointExtension><gpxtpx:hr>138</gpxtpx:hr></gpxtpx:TrackPointExtension></extensions></trkpt><trkpt lat="56.030012" lon="37.850107"><ele>163.2</ele><time>2026-07-09T18:46:56Z</time><extensions><gpxtpx:TrackPointExtension><gpxtpx:hr>138</gpxtpx:hr></gpxtpx:TrackPointExtension></extensions></trkpt><trkpt lat="56.029995" lon="37.85013"><ele>163.2</ele><time>2026-07-09T18:46:57Z</time><extensions><gpxtpx:TrackPointExtension><gpxtpx:hr>137</gpxtpx:hr></gpxtpx:TrackPointExtension></extensions></trkpt><trkpt lat="56.029977" lon="37.850152"><ele>163.2</ele><time>2026-07-09T18:46:58Z</time><extensions><gpxtpx:TrackPointExtension><gpxtpx:hr>137</gpxtpx:hr></gpxtpx:TrackPointExtension></extensions></trkpt><trkpt lat="56.029947" lon="37.850192"><ele>163.2</ele><time>2026-07-09T18:47:00Z</time><extensions><gpxtpx:TrackPointExtension><gpxtpx:hr>137</gpxtpx:hr></gpxtpx:TrackPointExtension></extensions></trkpt><trkpt lat="56.029937" lon="37.850217"><ele>163.2</ele><time>2026-07-09T18:47:01Z</time><extensions><gpxtpx:TrackPointExtension><gpxtpx:hr>137</gpxtpx:hr></gpxtpx:TrackPointExtension></extensions></trkpt><trkpt lat="56.029927" lon="37.850247"><ele>163.4</ele><time>2026-07-09T18:47:02Z</time><extensions><gpxtpx:TrackPointExtension><gpxtpx:hr>136</gpxtpx:hr></gpxtpx:TrackPointExtension></extensions></trkpt><trkpt lat="56.02992" lon="37.850277"><ele>163.4</ele><time>2026-07-09T18:47:03Z</time><extensions><gpxtpx:TrackPointExtension><gpxtpx:hr>136</gpxtpx:hr></gpxtpx:TrackPointExtension></extensions></trkpt><trkpt lat="56.029907" lon="37.850315"><ele>163.6</ele><time>2026-07-09T18:47:04Z</time><extensions><gpxtpx:TrackPointExtension><gpxtpx:hr>137</gpxtpx:hr></gpxtpx:TrackPointExtension></extensions></trkpt><trkpt lat="56.029902" lon="37.850352"><ele>163.6</ele><time>2026-07-09T18:47:05Z</time><extensions><gpxtpx:TrackPointExtension><gpxtpx:hr>137</gpxtpx:hr></gpxtpx:TrackPointExtension></extensions></trkpt><trkpt lat="56.029892" lon="37.85039"><ele>163.8</ele><time>2026-07-09T18:47:06Z</time><extensions><gpxtpx:TrackPointExtension><gpxtpx:hr>138</gpxtpx:hr></gpxtpx:TrackPointExtension></extensions></trkpt><trkpt lat="56.029892" lon="37.850427"><ele>163.8</ele><time>2026-07-09T18:47:07Z</time><extensions><gpxtpx:TrackPointExtension><gpxtpx:hr>137</gpxtpx:hr></gpxtpx:TrackPointExtension></extensions></trkpt><trkpt lat="56.02989" lon="37.850467"><ele>164.0</ele><time>2026-07-09T18:47:08Z</time><extensions><gpxtpx:TrackPointExtension><gpxtpx:hr>137</gpxtpx:hr></gpxtpx:TrackPointExtension></extensions></trkpt><trkpt lat="56.029892" lon="37.85053"><ele>164.2</ele><time>2026-07-09T18:47:10Z</time><extensions><gpxtpx:TrackPointExtension><gpxtpx:hr>137</gpxtpx:hr></gpxtpx:TrackPointExtension></extensions></trkpt><trkpt lat="56.029892" lon="37.850562"><ele>164.2</ele><time>2026-07-09T18:47:11Z</time><extensions><gpxtpx:TrackPointExtension><gpxtpx:hr>138</gpxtpx:hr></gpxtpx:TrackPointExtension></extensions></trkpt><trkpt lat="56.029897" lon="37.850602"><ele>164.4</ele><time>2026-07-09T18:47:12Z</time><extensions><gpxtpx:TrackPointExtension><gpxtpx:hr>138</gpxtpx:hr></gpxtpx:TrackPointExtension></extensions></trkpt><trkpt lat="56.029898" lon="37.850642"><ele>164.4</ele><time>2026-07-09T18:47:13Z</time><extensions><gpxtpx:TrackPointExtension><gpxtpx:hr>138</gpxtpx:hr></gpxtpx:TrackPointExtension></extensions></trkpt><trkpt lat="56.029898" lon="37.85068"><ele>164.4</ele><time>2026-07-09T18:47:14Z</time><extensions><gpxtpx:TrackPointExtension><gpxtpx:hr>138</gpxtpx:hr></gpxtpx:TrackPointExtension></extensions></trkpt><trkpt lat="56.029902" lon="37.850717"><ele>164.6</ele><time>2026-07-09T18:47:15Z</time><extensions><gpxtpx:TrackPointExtension><gpxtpx:hr>138</gpxtpx:hr></gpxtpx:TrackPointExtension></extensions></trkpt><trkpt lat="56.029907" lon="37.85075"><ele>164.6</ele><time>2026-07-09T18:47:16Z</time><extensions><gpxtpx:TrackPointExtension><gpxtpx:hr>138</gpxtpx:hr></gpxtpx:TrackPointExtension></extensions></trkpt><trkpt lat="56.029907" lon="37.850785"><ele>164.8</ele><time>2026-07-09T18:47:17Z</time><extensions><gpxtpx:TrackPointExtension><gpxtpx:hr>138</gpxtpx:hr></gpxtpx:TrackPointExtension></extensions></trkpt><trkpt lat="56.029912" lon="37.85082"><ele>165.0</ele><time>2026-07-09T18:47:18Z</time><extensions><gpxtpx:TrackPointExtension><gpxtpx:hr>138</gpxtpx:hr></gpxtpx:TrackPointExtension></extensions></trkpt><trkpt lat="56.029907" lon="37.850857"><ele>165.0</ele><time>2026-07-09T18:47:19Z</time><extensions><gpxtpx:TrackPointExtension><gpxtpx:hr>138</gpxtpx:hr></gpxtpx:TrackPointExtension></extensions></trkpt><trkpt lat="56.029912" lon="37.850917"><ele>165.0</ele><time>2026-07-09T18:47:21Z</time><extensions><gpxtpx:TrackPointExtension><gpxtpx:hr>138</gpxtpx:hr></gpxtpx:TrackPointExtension></extensions></trkpt><trkpt lat="56.029917" lon="37.850952"><ele>165.2</ele><time>2026-07-09T18:47:22Z</time><extensions><gpxtpx:TrackPointExtension><gpxtpx:hr>139</gpxtpx:hr></gpxtpx:TrackPointExtension></extensions></trkpt><trkpt lat="56.02992" lon="37.850987"><ele>165.2</ele><time>2026-07-09T18:47:23Z</time><extensions><gpxtpx:TrackPointExtension><gpxtpx:hr>138</gpxtpx:hr></gpxtpx:TrackPointExtension></extensions></trkpt><trkpt lat="56.029925" lon="37.851022"><ele>165.2</ele><time>2026-07-09T18:47:24Z</time><extensions><gpxtpx:TrackPointExtension><gpxtpx:hr>138</gpxtpx:hr></gpxtpx:TrackPointExtension></extensions></trkpt><trkpt lat="56.029927" lon="37.851062"><ele>165.2</ele><time>2026-07-09T18:47:25Z</time><extensions><gpxtpx:TrackPointExtension><gpxtpx:hr>138</gpxtpx:hr></gpxtpx:TrackPointExtension></extensions></trkpt><trkpt lat="56.029932" lon="37.8511"><ele>165.4</ele><time>2026-07-09T18:47:26Z</time><extensions><gpxtpx:TrackPointExtension><gpxtpx:hr>138</gpxtpx:hr></gpxtpx:TrackPointExtension></extensions></trkpt><trkpt lat="56.029932" lon="37.851135"><ele>165.6</ele><time>2026-07-09T18:47:27Z</time><extensions><gpxtpx:TrackPointExtension><gpxtpx:hr>139</gpxtpx:hr></gpxtpx:TrackPointExtension></extensions></trkpt><trkpt lat="56.029932" lon="37.851167"><ele>165.6</ele><time>2026-07-09T18:47:28Z</time><extensions><gpxtpx:TrackPointExtension><gpxtpx:hr>139</gpxtpx:hr></gpxtpx:TrackPointExtension></extensions></trkpt><trkpt lat="56.02993" lon="37.851207"><ele>165.8</ele><time>2026-07-09T18:47:29Z</time><extensions><gpxtpx:TrackPointExtension><gpxtpx:hr>139</gpxtpx:hr></gpxtpx:TrackPointExtension></extensions></trkpt><trkpt lat="56.029932" lon="37.851242"><ele>165.8</ele><time>2026-07-09T18:47:30Z</time><extensions><gpxtpx:TrackPointExtension><gpxtpx:hr>139</gpxtpx:hr></gpxtpx:TrackPointExtension></extensions></trkpt><trkpt lat="56.029935" lon="37.851275"><ele>166.0</ele><time>2026-07-09T18:47:31Z</time><extensions><gpxtpx:TrackPointExtension><gpxtpx:hr>139</gpxtpx:hr></gpxtpx:TrackPointExtension></extensions></trkpt><trkpt lat="56.029935" lon="37.851315"><ele>166.2</ele><time>2026-07-09T18:47:32Z</time><extensions><gpxtpx:TrackPointExtension><gpxtpx:hr>140</gpxtpx:hr></gpxtpx:TrackPointExtension></extensions></trkpt><trkpt lat="56.029937" lon="37.851357"><ele>166.2</ele><time>2026-07-09T18:47:33Z</time><extensions><gpxtpx:TrackPointExtension><gpxtpx:hr>140</gpxtpx:hr></gpxtpx:TrackPointExtension></extensions></trkpt><trkpt lat="56.029937" lon="37.851402"><ele>166.4</ele><time>2026-07-09T18:47:34Z</time><extensions><gpxtpx:TrackPointExtension><gpxtpx:hr>140</gpxtpx:hr></gpxtpx:TrackPointExtension></extensions></trkpt><trkpt lat="56.02994" lon="37.851447"><ele>166.4</ele><time>2026-07-09T18:47:35Z</time><extensions><gpxtpx:TrackPointExtension><gpxtpx:hr>140</gpxtpx:hr></gpxtpx:TrackPointExtension></extensions></trkpt><trkpt lat="56.029942" lon="37.851487"><ele>166.4</ele><time>2026-07-09T18:47:36Z</time><extensions><gpxtpx:TrackPointExtension><gpxtpx:hr>139</gpxtpx:hr></gpxtpx:TrackPointExtension></extensions></trkpt><trkpt lat="56.029945" lon="37.851527"><ele>166.6</ele><time>2026-07-09T18:47:37Z</time><extensions><gpxtpx:TrackPointExtension><gpxtpx:hr>140</gpxtpx:hr></gpxtpx:TrackPointExtension></extensions></trkpt><trkpt lat="56.029945" lon="37.851562"><ele>166.6</ele><time>2026-07-09T18:47:38Z</time><extensions><gpxtpx:TrackPointExtension><gpxtpx:hr>140</gpxtpx:hr></gpxtpx:TrackPointExtension></extensions></trkpt><trkpt lat="56.02995" lon="37.851602"><ele>166.6</ele><time>2026-07-09T18:47:39Z</time><extensions><gpxtpx:TrackPointExtension><gpxtpx:hr>140</gpxtpx:hr></gpxtpx:TrackPointExtension></extensions></trkpt><trkpt lat="56.029952" lon="37.851642"><ele>166.8</ele><time>2026-07-09T18:47:40Z</time><extensions><gpxtpx:TrackPointExtension><gpxtpx:hr>140</gpxtpx:hr></gpxtpx:TrackPointExtension></extensions></trkpt><trkpt lat="56.029955" lon="37.851682"><ele>166.8</ele><time>2026-07-09T18:47:41Z</time><extensions><gpxtpx:TrackPointExtension><gpxtpx:hr>140</gpxtpx:hr></gpxtpx:TrackPointExtension></extensions></trkpt><trkpt lat="56.029957" lon="37.851717"><ele>166.8</ele><time>2026-07-09T18:47:42Z</time><extensions><gpxtpx:TrackPointExtension><gpxtpx:hr>141</gpxtpx:hr></gpxtpx:TrackPointExtension></extensions></trkpt><trkpt lat="56.029957" lon="37.851757"><ele>166.8</ele><time>2026-07-09T18:47:43Z</time><extensions><gpxtpx:TrackPointExtension><gpxtpx:hr>142</gpxtpx:hr></gpxtpx:TrackPointExtension></extensions></trkpt><trkpt lat="56.029957" lon="37.851792"><ele>167.0</ele><time>2026-07-09T18:47:44Z</time><extensions><gpxtpx:TrackPointExtension><gpxtpx:hr>141</gpxtpx:hr></gpxtpx:TrackPointExtension></extensions></trkpt><trkpt lat="56.029962" lon="37.851825"><ele>167.0</ele><time>2026-07-09T18:47:45Z</time><extensions><gpxtpx:TrackPointExtension><gpxtpx:hr>141</gpxtpx:hr></gpxtpx:TrackPointExtension></extensions></trkpt><trkpt lat="56.029962" lon="37.851862"><ele>167.0</ele><time>2026-07-09T18:47:46Z</time><extensions><gpxtpx:TrackPointExtension><gpxtpx:hr>141</gpxtpx:hr></gpxtpx:TrackPointExtension></extensions></trkpt><trkpt lat="56.029965" lon="37.851905"><ele>167.2</ele><time>2026-07-09T18:47:47Z</time><extensions><gpxtpx:TrackPointExtension><gpxtpx:hr>141</gpxtpx:hr></gpxtpx:TrackPointExtension></extensions></trkpt><trkpt lat="56.029965" lon="37.851947"><ele>167.2</ele><time>2026-07-09T18:47:48Z</time><extensions><gpxtpx:TrackPointExtension><gpxtpx:hr>141</gpxtpx:hr></gpxtpx:TrackPointExtension></extensions></trkpt><trkpt lat="56.029967" lon="37.851992"><ele>167.2</ele><time>2026-07-09T18:47:49Z</time><extensions><gpxtpx:TrackPointExtension><gpxtpx:hr>141</gpxtpx:hr></gpxtpx:TrackPointExtension></extensions></trkpt><trkpt lat="56.029967" lon="37.85203"><ele>167.2</ele><time>2026-07-09T18:47:50Z</time><extensions><gpxtpx:TrackPointExtension><gpxtpx:hr>140</gpxtpx:hr></gpxtpx:TrackPointExtension></extensions></trkpt><trkpt lat="56.029972" lon="37.852062"><ele>167.4</ele><time>2026-07-09T18:47:51Z</time><extensions><gpxtpx:TrackPointExtension><gpxtpx:hr>141</gpxtpx:hr></gpxtpx:TrackPointExtension></extensions></trkpt><trkpt lat="56.029972" lon="37.852102"><ele>167.6</ele><time>2026-07-09T18:47:52Z</time><extensions><gpxtpx:TrackPointExtension><gpxtpx:hr>140</gpxtpx:hr></gpxtpx:TrackPointExtension></extensions></trkpt><trkpt lat="56.029972" lon="37.852142"><ele>167.6</ele><time>2026-07-09T18:47:53Z</time><extensions><gpxtpx:TrackPointExtension><gpxtpx:hr>140</gpxtpx:hr></gpxtpx:TrackPointExtension></extensions></trkpt><trkpt lat="56.029977" lon="37.852177"><ele>167.6</ele><time>2026-07-09T18:47:54Z</time><extensions><gpxtpx:TrackPointExtension><gpxtpx:hr>139</gpxtpx:hr></gpxtpx:TrackPointExtension></extensions></trkpt><trkpt lat="56.02998" lon="37.852217"><ele>167.6</ele><time>2026-07-09T18:47:55Z</time><extensions><gpxtpx:TrackPointExtension><gpxtpx:hr>139</gpxtpx:hr></gpxtpx:TrackPointExtension></extensions></trkpt><trkpt lat="56.029982" lon="37.852257"><ele>167.6</ele><time>2026-07-09T18:47:56Z</time><extensions><gpxtpx:TrackPointExtension><gpxtpx:hr>140</gpxtpx:hr></gpxtpx:TrackPointExtension></extensions></trkpt><trkpt lat="56.029987" lon="37.852293"><ele>167.6</ele><time>2026-07-09T18:47:57Z</time><extensions><gpxtpx:TrackPointExtension><gpxtpx:hr>140</gpxtpx:hr></gpxtpx:TrackPointExtension></extensions></trkpt><trkpt lat="56.029987" lon="37.852342"><ele>167.6</ele><time>2026-07-09T18:47:58Z</time><extensions><gpxtpx:TrackPointExtension><gpxtpx:hr>140</gpxtpx:hr></gpxtpx:TrackPointExtension></extensions></trkpt><trkpt lat="56.02999" lon="37.852382"><ele>167.6</ele><time>2026-07-09T18:47:59Z</time><extensions><gpxtpx:TrackPointExtension><gpxtpx:hr>140</gpxtpx:hr></gpxtpx:TrackPointExtension></extensions></trkpt><trkpt lat="56.029992" lon="37.852422"><ele>167.4</ele><time>2026-07-09T18:48:00Z</time><extensions><gpxtpx:TrackPointExtension><gpxtpx:hr>141</gpxtpx:hr></gpxtpx:TrackPointExtension></extensions></trkpt><trkpt lat="56.029997" lon="37.852462"><ele>167.4</ele><time>2026-07-09T18:48:01Z</time><extensions><gpxtpx:TrackPointExtension><gpxtpx:hr>141</gpxtpx:hr></gpxtpx:TrackPointExtension></extensions></trkpt><trkpt lat="56.030005" lon="37.852502"><ele>167.4</ele><time>2026-07-09T18:48:02Z</time><extensions><gpxtpx:TrackPointExtension><gpxtpx:hr>141</gpxtpx:hr></gpxtpx:TrackPointExtension></extensions></trkpt><trkpt lat="56.030007" lon="37.852547"><ele>167.4</ele><time>2026-07-09T18:48:03Z</time><extensions><gpxtpx:TrackPointExtension><gpxtpx:hr>142</gpxtpx:hr></gpxtpx:TrackPointExtension></extensions></trkpt><trkpt lat="56.030007" lon="37.85259"><ele>167.6</ele><time>2026-07-09T18:48:04Z</time><extensions><gpxtpx:TrackPointExtension><gpxtpx:hr>141</gpxtpx:hr></gpxtpx:TrackPointExtension></extensions></trkpt><trkpt lat="56.030005" lon="37.852632"><ele>167.6</ele><time>2026-07-09T18:48:05Z</time><extensions><gpxtpx:TrackPointExtension><gpxtpx:hr>142</gpxtpx:hr></gpxtpx:TrackPointExtension></extensions></trkpt><trkpt lat="56.030007" lon="37.852667"><ele>167.4</ele><time>2026-07-09T18:48:06Z</time><extensions><gpxtpx:TrackPointExtension><gpxtpx:hr>142</gpxtpx:hr></gpxtpx:TrackPointExtension></extensions></trkpt><trkpt lat="56.030005" lon="37.852705"><ele>167.4</ele><time>2026-07-09T18:48:07Z</time><extensions><gpxtpx:TrackPointExtension><gpxtpx:hr>143</gpxtpx:hr></gpxtpx:TrackPointExtension></extensions></trkpt><trkpt lat="56.030007" lon="37.852747"><ele>167.6</ele><time>2026-07-09T18:48:08Z</time><extensions><gpxtpx:TrackPointExtension><gpxtpx:hr>142</gpxtpx:hr></gpxtpx:TrackPointExtension></extensions></trkpt><trkpt lat="56.03001" lon="37.852785"><ele>167.6</ele><time>2026-07-09T18:48:09Z</time><extensions><gpxtpx:TrackPointExtension><gpxtpx:hr>142</gpxtpx:hr></gpxtpx:TrackPointExtension></extensions></trkpt><trkpt lat="56.030017" lon="37.852815"><ele>167.6</ele><time>2026-07-09T18:48:10Z</time><extensions><gpxtpx:TrackPointExtension><gpxtpx:hr>142</gpxtpx:hr></gpxtpx:TrackPointExtension></extensions></trkpt><trkpt lat="56.030017" lon="37.85286"><ele>167.6</ele><time>2026-07-09T18:48:11Z</time><extensions><gpxtpx:TrackPointExtension><gpxtpx:hr>142</gpxtpx:hr></gpxtpx:TrackPointExtension></extensions></trkpt><trkpt lat="56.030017" lon="37.85293"><ele>167.6</ele><time>2026-07-09T18:48:13Z</time><extensions><gpxtpx:TrackPointExtension><gpxtpx:hr>141</gpxtpx:hr></gpxtpx:TrackPointExtension></extensions></trkpt><trkpt lat="56.03002" lon="37.852965"><ele>167.6</ele><time>2026-07-09T18:48:14Z</time><extensions><gpxtpx:TrackPointExtension><gpxtpx:hr>142</gpxtpx:hr></gpxtpx:TrackPointExtension></extensions></trkpt><trkpt lat="56.030022" lon="37.853002"><ele>167.6</ele><time>2026-07-09T18:48:15Z</time><extensions><gpxtpx:TrackPointExtension><gpxtpx:hr>142</gpxtpx:hr></gpxtpx:TrackPointExtension></extensions></trkpt><trkpt lat="56.03002" lon="37.853037"><ele>167.6</ele><time>2026-07-09T18:48:16Z</time><extensions><gpxtpx:TrackPointExtension><gpxtpx:hr>141</gpxtpx:hr></gpxtpx:TrackPointExtension></extensions></trkpt><trkpt lat="56.030017" lon="37.853075"><ele>167.6</ele><time>2026-07-09T18:48:17Z</time><extensions><gpxtpx:TrackPointExtension><gpxtpx:hr>141</gpxtpx:hr></gpxtpx:TrackPointExtension></extensions></trkpt><trkpt lat="56.030022" lon="37.853107"><ele>167.6</ele><time>2026-07-09T18:48:18Z</time><extensions><gpxtpx:TrackPointExtension><gpxtpx:hr>142</gpxtpx:hr></gpxtpx:TrackPointExtension></extensions></trkpt><trkpt lat="56.030027" lon="37.853142"><ele>167.6</ele><time>2026-07-09T18:48:19Z</time><extensions><gpxtpx:TrackPointExtension><gpxtpx:hr>141</gpxtpx:hr></gpxtpx:TrackPointExtension></extensions></trkpt><trkpt lat="56.030027" lon="37.853177"><ele>167.6</ele><time>2026-07-09T18:48:20Z</time><extensions><gpxtpx:TrackPointExtension><gpxtpx:hr>141</gpxtpx:hr></gpxtpx:TrackPointExtension></extensions></trkpt><trkpt lat="56.030027" lon="37.85322"><ele>167.8</ele><time>2026-07-09T18:48:21Z</time><extensions><gpxtpx:TrackPointExtension><gpxtpx:hr>141</gpxtpx:hr></gpxtpx:TrackPointExtension></extensions></trkpt><trkpt lat="56.030027" lon="37.853262"><ele>167.8</ele><time>2026-07-09T18:48:22Z</time><extensions><gpxtpx:TrackPointExtension><gpxtpx:hr>142</gpxtpx:hr></gpxtpx:TrackPointExtension></extensions></trkpt><trkpt lat="56.030027" lon="37.853305"><ele>167.8</ele><time>2026-07-09T18:48:23Z</time><extensions><gpxtpx:TrackPointExtension><gpxtpx:hr>142</gpxtpx:hr></gpxtpx:TrackPointExtension></extensions></trkpt><trkpt lat="56.03003" lon="37.85334"><ele>167.8</ele><time>2026-07-09T18:48:24Z</time><extensions><gpxtpx:TrackPointExtension><gpxtpx:hr>142</gpxtpx:hr></gpxtpx:TrackPointExtension></extensions></trkpt><trkpt lat="56.030027" lon="37.853382"><ele>167.8</ele><time>2026-07-09T18:48:25Z</time><extensions><gpxtpx:TrackPointExtension><gpxtpx:hr>142</gpxtpx:hr></gpxtpx:TrackPointExtension></extensions></trkpt><trkpt lat="56.030027" lon="37.853422"><ele>167.8</ele><time>2026-07-09T18:48:26Z</time><extensions><gpxtpx:TrackPointExtension><gpxtpx:hr>142</gpxtpx:hr></gpxtpx:TrackPointExtension></extensions></trkpt><trkpt lat="56.030027" lon="37.853462"><ele>167.8</ele><time>2026-07-09T18:48:27Z</time><extensions><gpxtpx:TrackPointExtension><gpxtpx:hr>141</gpxtpx:hr></gpxtpx:TrackPointExtension></extensions></trkpt><trkpt lat="56.030027" lon="37.853507"><ele>167.8</ele><time>2026-07-09T18:48:28Z</time><extensions><gpxtpx:TrackPointExtension><gpxtpx:hr>141</gpxtpx:hr></gpxtpx:TrackPointExtension></extensions></trkpt><trkpt lat="56.030025" lon="37.853552"><ele>167.8</ele><time>2026-07-09T18:48:29Z</time><extensions><gpxtpx:TrackPointExtension><gpxtpx:hr>141</gpxtpx:hr></gpxtpx:TrackPointExtension></extensions></trkpt><trkpt lat="56.030022" lon="37.853602"><ele>167.8</ele><time>2026-07-09T18:48:30Z</time><extensions><gpxtpx:TrackPointExtension><gpxtpx:hr>142</gpxtpx:hr></gpxtpx:TrackPointExtension></extensions></trkpt><trkpt lat="56.030022" lon="37.853642"><ele>167.8</ele><time>2026-07-09T18:48:31Z</time><extensions><gpxtpx:TrackPointExtension><gpxtpx:hr>142</gpxtpx:hr></gpxtpx:TrackPointExtension></extensions></trkpt><trkpt lat="56.030017" lon="37.853697"><ele>167.8</ele><time>2026-07-09T18:48:32Z</time><extensions><gpxtpx:TrackPointExtension><gpxtpx:hr>142</gpxtpx:hr></gpxtpx:TrackPointExtension></extensions></trkpt><trkpt lat="56.030015" lon="37.85375"><ele>168.0</ele><time>2026-07-09T18:48:33Z</time><extensions><gpxtpx:TrackPointExtension><gpxtpx:hr>143</gpxtpx:hr></gpxtpx:TrackPointExtension></extensions></trkpt><trkpt lat="56.030012" lon="37.853795"><ele>168.0</ele><time>2026-07-09T18:48:34Z</time><extensions><gpxtpx:TrackPointExtension><gpxtpx:hr>143</gpxtpx:hr></gpxtpx:TrackPointExtension></extensions></trkpt><trkpt lat="56.030017" lon="37.853842"><ele>168.0</ele><time>2026-07-09T18:48:35Z</time><extensions><gpxtpx:TrackPointExtension><gpxtpx:hr>144</gpxtpx:hr></gpxtpx:TrackPointExtension></extensions></trkpt><trkpt lat="56.03002" lon="37.853883"><ele>168.0</ele><time>2026-07-09T18:48:36Z</time><extensions><gpxtpx:TrackPointExtension><gpxtpx:hr>144</gpxtpx:hr></gpxtpx:TrackPointExtension></extensions></trkpt><trkpt lat="56.03002" lon="37.853925"><ele>168.0</ele><time>2026-07-09T18:48:37Z</time><extensions><gpxtpx:TrackPointExtension><gpxtpx:hr>145</gpxtpx:hr></gpxtpx:TrackPointExtension></extensions></trkpt><trkpt lat="56.03002" lon="37.853965"><ele>168.0</ele><time>2026-07-09T18:48:38Z</time><extensions><gpxtpx:TrackPointExtension><gpxtpx:hr>145</gpxtpx:hr></gpxtpx:TrackPointExtension></extensions></trkpt><trkpt lat="56.03002" lon="37.854005"><ele>168.0</ele><time>2026-07-09T18:48:39Z</time><extensions><gpxtpx:TrackPointExtension><gpxtpx:hr>144</gpxtpx:hr></gpxtpx:TrackPointExtension></extensions></trkpt><trkpt lat="56.030022" lon="37.854047"><ele>168.0</ele><time>2026-07-09T18:48:40Z</time><extensions><gpxtpx:TrackPointExtension><gpxtpx:hr>144</gpxtpx:hr></gpxtpx:TrackPointExtension></extensions></trkpt><trkpt lat="56.030027" lon="37.854082"><ele>168.0</ele><time>2026-07-09T18:48:41Z</time><extensions><gpxtpx:TrackPointExtension><gpxtpx:hr>144</gpxtpx:hr></gpxtpx:TrackPointExtension></extensions></trkpt><trkpt lat="56.03003" lon="37.85412"><ele>168.2</ele><time>2026-07-09T18:48:42Z</time><extensions><gpxtpx:TrackPointExtension><gpxtpx:hr>142</gpxtpx:hr></gpxtpx:TrackPointExtension></extensions></trkpt><trkpt lat="56.030032" lon="37.854157"><ele>168.2</ele><time>2026-07-09T18:48:43Z</time><extensions><gpxtpx:TrackPointExtension><gpxtpx:hr>141</gpxtpx:hr></gpxtpx:TrackPointExtension></extensions></trkpt><trkpt lat="56.030037" lon="37.854193"><ele>168.2</ele><time>2026-07-09T18:48:44Z</time><extensions><gpxtpx:TrackPointExtension><gpxtpx:hr>140</gpxtpx:hr></gpxtpx:TrackPointExtension></extensions></trkpt><trkpt lat="56.030037" lon="37.854235"><ele>168.2</ele><time>2026-07-09T18:48:45Z</time><extensions><gpxtpx:TrackPointExtension><gpxtpx:hr>140</gpxtpx:hr></gpxtpx:TrackPointExtension></extensions></trkpt><trkpt lat="56.03004" lon="37.854282"><ele>168.2</ele><time>2026-07-09T18:48:46Z</time><extensions><gpxtpx:TrackPointExtension><gpxtpx:hr>140</gpxtpx:hr></gpxtpx:TrackPointExtension></extensions></trkpt><trkpt lat="56.03004" lon="37.854322"><ele>168.2</ele><time>2026-07-09T18:48:47Z</time><extensions><gpxtpx:TrackPointExtension><gpxtpx:hr>140</gpxtpx:hr></gpxtpx:TrackPointExtension></extensions></trkpt><trkpt lat="56.030042" lon="37.85437"><ele>168.2</ele><time>2026-07-09T18:48:48Z</time><extensions><gpxtpx:TrackPointExtension><gpxtpx:hr>142</gpxtpx:hr></gpxtpx:TrackPointExtension></extensions></trkpt><trkpt lat="56.030042" lon="37.854412"><ele>168.2</ele><time>2026-07-09T18:48:49Z</time><extensions><gpxtpx:TrackPointExtension><gpxtpx:hr>141</gpxtpx:hr></gpxtpx:TrackPointExtension></extensions></trkpt><trkpt lat="56.030042" lon="37.854447"><ele>168.0</ele><time>2026-07-09T18:48:50Z</time><extensions><gpxtpx:TrackPointExtension><gpxtpx:hr>140</gpxtpx:hr></gpxtpx:TrackPointExtension></extensions></trkpt><trkpt lat="56.030037" lon="37.854485"><ele>168.0</ele><time>2026-07-09T18:48:51Z</time><extensions><gpxtpx:TrackPointExtension><gpxtpx:hr>140</gpxtpx:hr></gpxtpx:TrackPointExtension></extensions></trkpt><trkpt lat="56.030032" lon="37.85453"><ele>168.0</ele><time>2026-07-09T18:48:52Z</time><extensions><gpxtpx:TrackPointExtension><gpxtpx:hr>141</gpxtpx:hr></gpxtpx:TrackPointExtension></extensions></trkpt><trkpt lat="56.030035" lon="37.85457"><ele>168.0</ele><time>2026-07-09T18:48:53Z</time><extensions><gpxtpx:TrackPointExtension><gpxtpx:hr>142</gpxtpx:hr></gpxtpx:TrackPointExtension></extensions></trkpt><trkpt lat="56.030042" lon="37.854607"><ele>168.0</ele><time>2026-07-09T18:48:54Z</time><extensions><gpxtpx:TrackPointExtension><gpxtpx:hr>141</gpxtpx:hr></gpxtpx:TrackPointExtension></extensions></trkpt><trkpt lat="56.030065" lon="37.854657"><ele>168.0</ele><time>2026-07-09T18:48:56Z</time><extensions><gpxtpx:TrackPointExtension><gpxtpx:hr>141</gpxtpx:hr></gpxtpx:TrackPointExtension></extensions></trkpt><trkpt lat="56.030072" lon="37.854687"><ele>168.0</ele><time>2026-07-09T18:48:57Z</time><extensions><gpxtpx:TrackPointExtension><gpxtpx:hr>140</gpxtpx:hr></gpxtpx:TrackPointExtension></extensions></trkpt><trkpt lat="56.030082" lon="37.854745"><ele>168.0</ele><time>2026-07-09T18:48:59Z</time><extensions><gpxtpx:TrackPointExtension><gpxtpx:hr>140</gpxtpx:hr></gpxtpx:TrackPointExtension></extensions></trkpt><trkpt lat="56.03009" lon="37.854782"><ele>168.0</ele><time>2026-07-09T18:49:00Z</time><extensions><gpxtpx:TrackPointExtension><gpxtpx:hr>139</gpxtpx:hr></gpxtpx:TrackPointExtension></extensions></trkpt><trkpt lat="56.030095" lon="37.854817"><ele>168.0</ele><time>2026-07-09T18:49:01Z</time><extensions><gpxtpx:TrackPointExtension><gpxtpx:hr>140</gpxtpx:hr></gpxtpx:TrackPointExtension></extensions></trkpt><trkpt lat="56.030102" lon="37.85485"><ele>168.0</ele><time>2026-07-09T18:49:02Z</time><extensions><gpxtpx:TrackPointExtension><gpxtpx:hr>140</gpxtpx:hr></gpxtpx:TrackPointExtension></extensions></trkpt><trkpt lat="56.030107" lon="37.854882"><ele>168.0</ele><time>2026-07-09T18:49:03Z</time><extensions><gpxtpx:TrackPointExtension><gpxtpx:hr>140</gpxtpx:hr></gpxtpx:TrackPointExtension></extensions></trkpt><trkpt lat="56.030112" lon="37.85492"><ele>168.0</ele><time>2026-07-09T18:49:04Z</time><extensions><gpxtpx:TrackPointExtension><gpxtpx:hr>138</gpxtpx:hr></gpxtpx:TrackPointExtension></extensions></trkpt><trkpt lat="56.03012" lon="37.854952"><ele>168.0</ele><time>2026-07-09T18:49:05Z</time><extensions><gpxtpx:TrackPointExtension><gpxtpx:hr>137</gpxtpx:hr></gpxtpx:TrackPointExtension></extensions></trkpt><trkpt lat="56.030127" lon="37.854985"><ele>168.0</ele><time>2026-07-09T18:49:06Z</time><extensions><gpxtpx:TrackPointExtension><gpxtpx:hr>138</gpxtpx:hr></gpxtpx:TrackPointExtension></extensions></trkpt><trkpt lat="56.030135" lon="37.855022"><ele>168.0</ele><time>2026-07-09T18:49:07Z</time><extensions><gpxtpx:TrackPointExtension><gpxtpx:hr>137</gpxtpx:hr></gpxtpx:TrackPointExtension></extensions></trkpt><trkpt lat="56.030142" lon="37.855062"><ele>168.0</ele><time>2026-07-09T18:49:08Z</time><extensions><gpxtpx:TrackPointExtension><gpxtpx:hr>138</gpxtpx:hr></gpxtpx:TrackPointExtension></extensions></trkpt><trkpt lat="56.030145" lon="37.855107"><ele>168.0</ele><time>2026-07-09T18:49:09Z</time><extensions><gpxtpx:TrackPointExtension><gpxtpx:hr>137</gpxtpx:hr></gpxtpx:TrackPointExtension></extensions></trkpt><trkpt lat="56.030147" lon="37.855152"><ele>168.0</ele><time>2026-07-09T18:49:10Z</time><extensions><gpxtpx:TrackPointExtension><gpxtpx:hr>136</gpxtpx:hr></gpxtpx:TrackPointExtension></extensions></trkpt><trkpt lat="56.030147" lon="37.8552"><ele>167.8</ele><time>2026-07-09T18:49:11Z</time><extensions><gpxtpx:TrackPointExtension><gpxtpx:hr>138</gpxtpx:hr></gpxtpx:TrackPointExtension></extensions></trkpt><trkpt lat="56.03015" lon="37.855247"><ele>167.8</ele><time>2026-07-09T18:49:12Z</time><extensions><gpxtpx:TrackPointExtension><gpxtpx:hr>138</gpxtpx:hr></gpxtpx:TrackPointExtension></extensions></trkpt><trkpt lat="56.030157" lon="37.855287"><ele>167.8</ele><time>2026-07-09T18:49:13Z</time><extensions><gpxtpx:TrackPointExtension><gpxtpx:hr>139</gpxtpx:hr></gpxtpx:TrackPointExtension></extensions></trkpt><trkpt lat="56.030167" lon="37.855337"><ele>168.0</ele><time>2026-07-09T18:49:14Z</time><extensions><gpxtpx:TrackPointExtension><gpxtpx:hr>139</gpxtpx:hr></gpxtpx:TrackPointExtension></extensions></trkpt><trkpt lat="56.030175" lon="37.855382"><ele>168.0</ele><time>2026-07-09T18:49:15Z</time><extensions><gpxtpx:TrackPointExtension><gpxtpx:hr>139</gpxtpx:hr></gpxtpx:TrackPointExtension></extensions></trkpt><trkpt lat="56.03018" lon="37.855427"><ele>167.8</ele><time>2026-07-09T18:49:16Z</time><extensions><gpxtpx:TrackPointExtension><gpxtpx:hr>139</gpxtpx:hr></gpxtpx:TrackPointExtension></extensions></trkpt><trkpt lat="56.030185" lon="37.855467"><ele>167.8</ele><time>2026-07-09T18:49:17Z</time><extensions><gpxtpx:TrackPointExtension><gpxtpx:hr>140</gpxtpx:hr></gpxtpx:TrackPointExtension></extensions></trkpt><trkpt lat="56.030187" lon="37.855512"><ele>167.8</ele><time>2026-07-09T18:49:18Z</time><extensions><gpxtpx:TrackPointExtension><gpxtpx:hr>139</gpxtpx:hr></gpxtpx:TrackPointExtension></extensions></trkpt><trkpt lat="56.030197" lon="37.855547"><ele>167.8</ele><time>2026-07-09T18:49:19Z</time><extensions><gpxtpx:TrackPointExtension><gpxtpx:hr>139</gpxtpx:hr></gpxtpx:TrackPointExtension></extensions></trkpt><trkpt lat="56.030207" lon="37.85559"><ele>167.8</ele><time>2026-07-09T18:49:20Z</time><extensions><gpxtpx:TrackPointExtension><gpxtpx:hr>139</gpxtpx:hr></gpxtpx:TrackPointExtension></extensions></trkpt><trkpt lat="56.030215" lon="37.855622"><ele>168.0</ele><time>2026-07-09T18:49:21Z</time><extensions><gpxtpx:TrackPointExtension><gpxtpx:hr>140</gpxtpx:hr></gpxtpx:TrackPointExtension></extensions></trkpt><trkpt lat="56.030225" lon="37.855657"><ele>168.0</ele><time>2026-07-09T18:49:22Z</time><extensions><gpxtpx:TrackPointExtension><gpxtpx:hr>139</gpxtpx:hr></gpxtpx:TrackPointExtension></extensions></trkpt><trkpt lat="56.030235" lon="37.855697"><ele>168.0</ele><time>2026-07-09T18:49:23Z</time><extensions><gpxtpx:TrackPointExtension><gpxtpx:hr>139</gpxtpx:hr></gpxtpx:TrackPointExtension></extensions></trkpt><trkpt lat="56.030247" lon="37.855727"><ele>168.0</ele><time>2026-07-09T18:49:24Z</time><extensions><gpxtpx:TrackPointExtension><gpxtpx:hr>138</gpxtpx:hr></gpxtpx:TrackPointExtension></extensions></trkpt><trkpt lat="56.030257" lon="37.855757"><ele>168.0</ele><time>2026-07-09T18:49:25Z</time><extensions><gpxtpx:TrackPointExtension><gpxtpx:hr>138</gpxtpx:hr></gpxtpx:TrackPointExtension></extensions></trkpt><trkpt lat="56.030262" lon="37.85579"><ele>168.0</ele><time>2026-07-09T18:49:26Z</time><extensions><gpxtpx:TrackPointExtension><gpxtpx:hr>139</gpxtpx:hr></gpxtpx:TrackPointExtension></extensions></trkpt><trkpt lat="56.030272" lon="37.855832"><ele>168.0</ele><time>2026-07-09T18:49:27Z</time><extensions><gpxtpx:TrackPointExtension><gpxtpx:hr>139</gpxtpx:hr></gpxtpx:TrackPointExtension></extensions></trkpt><trkpt lat="56.030282" lon="37.855872"><ele>168.0</ele><time>2026-07-09T18:49:28Z</time><extensions><gpxtpx:TrackPointExtension><gpxtpx:hr>141</gpxtpx:hr></gpxtpx:TrackPointExtension></extensions></trkpt><trkpt lat="56.030292" lon="37.855907"><ele>167.8</ele><time>2026-07-09T18:49:29Z</time><extensions><gpxtpx:TrackPointExtension><gpxtpx:hr>141</gpxtpx:hr></gpxtpx:TrackPointExtension></extensions></trkpt><trkpt lat="56.030297" lon="37.855945"><ele>167.8</ele><time>2026-07-09T18:49:30Z</time><extensions><gpxtpx:TrackPointExtension><gpxtpx:hr>140</gpxtpx:hr></gpxtpx:TrackPointExtension></extensions></trkpt><trkpt lat="56.030297" lon="37.85599"><ele>168.0</ele><time>2026-07-09T18:49:31Z</time><extensions><gpxtpx:TrackPointExtension><gpxtpx:hr>140</gpxtpx:hr></gpxtpx:TrackPointExtension></extensions></trkpt><trkpt lat="56.030272" lon="37.85603"><ele>167.8</ele><time>2026-07-09T18:49:33Z</time><extensions><gpxtpx:TrackPointExtension><gpxtpx:hr>140</gpxtpx:hr></gpxtpx:TrackPointExtension></extensions></trkpt><trkpt lat="56.030247" lon="37.856045"><ele>167.8</ele><time>2026-07-09T18:49:34Z</time><extensions><gpxtpx:TrackPointExtension><gpxtpx:hr>139</gpxtpx:hr></gpxtpx:TrackPointExtension></extensions></trkpt><trkpt lat="56.03022" lon="37.856042"><ele>167.8</ele><time>2026-07-09T18:49:35Z</time><extensions><gpxtpx:TrackPointExtension><gpxtpx:hr>139</gpxtpx:hr></gpxtpx:TrackPointExtension></extensions></trkpt><trkpt lat="56.030195" lon="37.856037"><ele>167.8</ele><time>2026-07-09T18:49:36Z</time><extensions><gpxtpx:TrackPointExtension><gpxtpx:hr>139</gpxtpx:hr></gpxtpx:TrackPointExtension></extensions></trkpt><trkpt lat="56.03017" lon="37.856027"><ele>167.8</ele><time>2026-07-09T18:49:37Z</time><extensions><gpxtpx:TrackPointExtension><gpxtpx:hr>139</gpxtpx:hr></gpxtpx:TrackPointExtension></extensions></trkpt><trkpt lat="56.030145" lon="37.856017"><ele>167.8</ele><time>2026-07-09T18:49:38Z</time><extensions><gpxtpx:TrackPointExtension><gpxtpx:hr>138</gpxtpx:hr></gpxtpx:TrackPointExtension></extensions></trkpt><trkpt lat="56.03012" lon="37.855997"><ele>167.6</ele><time>2026-07-09T18:49:39Z</time><extensions><gpxtpx:TrackPointExtension><gpxtpx:hr>139</gpxtpx:hr></gpxtpx:TrackPointExtension></extensions></trkpt><trkpt lat="56.030092" lon="37.85598"><ele>167.8</ele><time>2026-07-09T18:49:40Z</time><extensions><gpxtpx:TrackPointExtension><gpxtpx:hr>139</gpxtpx:hr></gpxtpx:TrackPointExtension></extensions></trkpt><trkpt lat="56.030067" lon="37.855967"><ele>167.6</ele><time>2026-07-09T18:49:41Z</time><extensions><gpxtpx:TrackPointExtension><gpxtpx:hr>139</gpxtpx:hr></gpxtpx:TrackPointExtension></extensions></trkpt><trkpt lat="56.030042" lon="37.855947"><ele>167.6</ele><time>2026-07-09T18:49:42Z</time><extensions><gpxtpx:TrackPointExtension><gpxtpx:hr>139</gpxtpx:hr></gpxtpx:TrackPointExtension></extensions></trkpt><trkpt lat="56.030017" lon="37.855927"><ele>167.6</ele><time>2026-07-09T18:49:43Z</time><extensions><gpxtpx:TrackPointExtension><gpxtpx:hr>140</gpxtpx:hr></gpxtpx:TrackPointExtension></extensions></trkpt><trkpt lat="56.029992" lon="37.855907"><ele>167.6</ele><time>2026-07-09T18:49:44Z</time><extensions><gpxtpx:TrackPointExtension><gpxtpx:hr>140</gpxtpx:hr></gpxtpx:TrackPointExtension></extensions></trkpt><trkpt lat="56.029967" lon="37.855892"><ele>167.6</ele><time>2026-07-09T18:49:45Z</time><extensions><gpxtpx:TrackPointExtension><gpxtpx:hr>139</gpxtpx:hr></gpxtpx:TrackPointExtension></extensions></trkpt><trkpt lat="56.029942" lon="37.855887"><ele>167.6</ele><time>2026-07-09T18:49:46Z</time><extensions><gpxtpx:TrackPointExtension><gpxtpx:hr>139</gpxtpx:hr></gpxtpx:TrackPointExtension></extensions></trkpt><trkpt lat="56.029922" lon="37.855877"><ele>167.6</ele><time>2026-07-09T18:49:47Z</time><extensions><gpxtpx:TrackPointExtension><gpxtpx:hr>139</gpxtpx:hr></gpxtpx:TrackPointExtension></extensions></trkpt><trkpt lat="56.029898" lon="37.855867"><ele>167.6</ele><time>2026-07-09T18:49:48Z</time><extensions><gpxtpx:TrackPointExtension><gpxtpx:hr>139</gpxtpx:hr></gpxtpx:TrackPointExtension></extensions></trkpt><trkpt lat="56.029877" lon="37.85586"><ele>167.6</ele><time>2026-07-09T18:49:49Z</time><extensions><gpxtpx:TrackPointExtension><gpxtpx:hr>139</gpxtpx:hr></gpxtpx:TrackPointExtension></extensions></trkpt><trkpt lat="56.029857" lon="37.855857"><ele>167.6</ele><time>2026-07-09T18:49:50Z</time><extensions><gpxtpx:TrackPointExtension><gpxtpx:hr>138</gpxtpx:hr></gpxtpx:TrackPointExtension></extensions></trkpt><trkpt lat="56.029832" lon="37.855857"><ele>167.6</ele><time>2026-07-09T18:49:51Z</time><extensions><gpxtpx:TrackPointExtension><gpxtpx:hr>138</gpxtpx:hr></gpxtpx:TrackPointExtension></extensions></trkpt><trkpt lat="56.02981" lon="37.855862"><ele>167.6</ele><time>2026-07-09T18:49:52Z</time><extensions><gpxtpx:TrackPointExtension><gpxtpx:hr>139</gpxtpx:hr></gpxtpx:TrackPointExtension></extensions></trkpt><trkpt lat="56.029787" lon="37.85587"><ele>167.6</ele><time>2026-07-09T18:49:53Z</time><extensions><gpxtpx:TrackPointExtension><gpxtpx:hr>139</gpxtpx:hr></gpxtpx:TrackPointExtension></extensions></trkpt><trkpt lat="56.029765" lon="37.855867"><ele>167.6</ele><time>2026-07-09T18:49:54Z</time><extensions><gpxtpx:TrackPointExtension><gpxtpx:hr>139</gpxtpx:hr></gpxtpx:TrackPointExtension></extensions></trkpt><trkpt lat="56.02974" lon="37.855867"><ele>167.4</ele><time>2026-07-09T18:49:55Z</time><extensions><gpxtpx:TrackPointExtension><gpxtpx:hr>139</gpxtpx:hr></gpxtpx:TrackPointExtension></extensions></trkpt><trkpt lat="56.029712" lon="37.855862"><ele>167.4</ele><time>2026-07-09T18:49:56Z</time><extensions><gpxtpx:TrackPointExtension><gpxtpx:hr>138</gpxtpx:hr></gpxtpx:TrackPointExtension></extensions></trkpt><trkpt lat="56.029687" lon="37.855853"><ele>167.4</ele><time>2026-07-09T18:49:57Z</time><extensions><gpxtpx:TrackPointExtension><gpxtpx:hr>139</gpxtpx:hr></gpxtpx:TrackPointExtension></extensions></trkpt><trkpt lat="56.029665" lon="37.855852"><ele>167.4</ele><time>2026-07-09T18:49:58Z</time><extensions><gpxtpx:TrackPointExtension><gpxtpx:hr>138</gpxtpx:hr></gpxtpx:TrackPointExtension></extensions></trkpt><trkpt lat="56.029637" lon="37.855852"><ele>167.4</ele><time>2026-07-09T18:49:59Z</time><extensions><gpxtpx:TrackPointExtension><gpxtpx:hr>138</gpxtpx:hr></gpxtpx:TrackPointExtension></extensions></trkpt><trkpt lat="56.02961" lon="37.855847"><ele>167.4</ele><time>2026-07-09T18:50:00Z</time><extensions><gpxtpx:TrackPointExtension><gpxtpx:hr>138</gpxtpx:hr></gpxtpx:TrackPointExtension></extensions></trkpt><trkpt lat="56.029587" lon="37.855842"><ele>167.4</ele><time>2026-07-09T18:50:01Z</time><extensions><gpxtpx:TrackPointExtension><gpxtpx:hr>138</gpxtpx:hr></gpxtpx:TrackPointExtension></extensions></trkpt><trkpt lat="56.029562" lon="37.855842"><ele>167.2</ele><time>2026-07-09T18:50:02Z</time><extensions><gpxtpx:TrackPointExtension><gpxtpx:hr>139</gpxtpx:hr></gpxtpx:TrackPointExtension></extensions></trkpt><trkpt lat="56.02954" lon="37.855837"><ele>167.2</ele><time>2026-07-09T18:50:03Z</time><extensions><gpxtpx:TrackPointExtension><gpxtpx:hr>139</gpxtpx:hr></gpxtpx:TrackPointExtension></extensions></trkpt><trkpt lat="56.02951" lon="37.855832"><ele>167.2</ele><time>2026-07-09T18:50:04Z</time><extensions><gpxtpx:TrackPointExtension><gpxtpx:hr>140</gpxtpx:hr></gpxtpx:TrackPointExtension></extensions></trkpt><trkpt lat="56.029485" lon="37.855827"><ele>167.2</ele><time>2026-07-09T18:50:05Z</time><extensions><gpxtpx:TrackPointExtension><gpxtpx:hr>140</gpxtpx:hr></gpxtpx:TrackPointExtension></extensions></trkpt><trkpt lat="56.029462" lon="37.855825"><ele>167.2</ele><time>2026-07-09T18:50:06Z</time><extensions><gpxtpx:TrackPointExtension><gpxtpx:hr>141</gpxtpx:hr></gpxtpx:TrackPointExtension></extensions></trkpt><trkpt lat="56.029442" lon="37.855837"><ele>167.2</ele><time>2026-07-09T18:50:07Z</time><extensions><gpxtpx:TrackPointExtension><gpxtpx:hr>141</gpxtpx:hr></gpxtpx:TrackPointExtension></extensions></trkpt><trkpt lat="56.029417" lon="37.855837"><ele>167.2</ele><time>2026-07-09T18:50:08Z</time><extensions><gpxtpx:TrackPointExtension><gpxtpx:hr>140</gpxtpx:hr></gpxtpx:TrackPointExtension></extensions></trkpt><trkpt lat="56.029392" lon="37.855837"><ele>167.2</ele><time>2026-07-09T18:50:09Z</time><extensions><gpxtpx:TrackPointExtension><gpxtpx:hr>140</gpxtpx:hr></gpxtpx:TrackPointExtension></extensions></trkpt><trkpt lat="56.029367" lon="37.855837"><ele>167.2</ele><time>2026-07-09T18:50:10Z</time><extensions><gpxtpx:TrackPointExtension><gpxtpx:hr>141</gpxtpx:hr></gpxtpx:TrackPointExtension></extensions></trkpt><trkpt lat="56.029347" lon="37.855832"><ele>167.2</ele><time>2026-07-09T18:50:11Z</time><extensions><gpxtpx:TrackPointExtension><gpxtpx:hr>140</gpxtpx:hr></gpxtpx:TrackPointExtension></extensions></trkpt><trkpt lat="56.029327" lon="37.855827"><ele>167.2</ele><time>2026-07-09T18:50:12Z</time><extensions><gpxtpx:TrackPointExtension><gpxtpx:hr>140</gpxtpx:hr></gpxtpx:TrackPointExtension></extensions></trkpt><trkpt lat="56.029302" lon="37.85582"><ele>167.2</ele><time>2026-07-09T18:50:13Z</time><extensions><gpxtpx:TrackPointExtension><gpxtpx:hr>140</gpxtpx:hr></gpxtpx:TrackPointExtension></extensions></trkpt><trkpt lat="56.029277" lon="37.855812"><ele>167.2</ele><time>2026-07-09T18:50:14Z</time><extensions><gpxtpx:TrackPointExtension><gpxtpx:hr>139</gpxtpx:hr></gpxtpx:TrackPointExtension></extensions></trkpt><trkpt lat="56.029252" lon="37.85581"><ele>167.2</ele><time>2026-07-09T18:50:15Z</time><extensions><gpxtpx:TrackPointExtension><gpxtpx:hr>139</gpxtpx:hr></gpxtpx:TrackPointExtension></extensions></trkpt><trkpt lat="56.029232" lon="37.855802"><ele>167.2</ele><time>2026-07-09T18:50:16Z</time><extensions><gpxtpx:TrackPointExtension><gpxtpx:hr>138</gpxtpx:hr></gpxtpx:TrackPointExtension></extensions></trkpt><trkpt lat="56.029207" lon="37.8558"><ele>167.2</ele><time>2026-07-09T18:50:17Z</time><extensions><gpxtpx:TrackPointExtension><gpxtpx:hr>138</gpxtpx:hr></gpxtpx:TrackPointExtension></extensions></trkpt><trkpt lat="56.029182" lon="37.855795"><ele>167.2</ele><time>2026-07-09T18:50:18Z</time><extensions><gpxtpx:TrackPointExtension><gpxtpx:hr>138</gpxtpx:hr></gpxtpx:TrackPointExtension></extensions></trkpt><trkpt lat="56.029162" lon="37.855787"><ele>167.2</ele><time>2026-07-09T18:50:19Z</time><extensions><gpxtpx:TrackPointExtension><gpxtpx:hr>139</gpxtpx:hr></gpxtpx:TrackPointExtension></extensions></trkpt><trkpt lat="56.029132" lon="37.855777"><ele>167.0</ele><time>2026-07-09T18:50:20Z</time><extensions><gpxtpx:TrackPointExtension><gpxtpx:hr>139</gpxtpx:hr></gpxtpx:TrackPointExtension></extensions></trkpt><trkpt lat="56.02911" lon="37.855772"><ele>167.2</ele><time>2026-07-09T18:50:21Z</time><extensions><gpxtpx:TrackPointExtension><gpxtpx:hr>138</gpxtpx:hr></gpxtpx:TrackPointExtension></extensions></trkpt><trkpt lat="56.029087" lon="37.855772"><ele>167.0</ele><time>2026-07-09T18:50:22Z</time><extensions><gpxtpx:TrackPointExtension><gpxtpx:hr>138</gpxtpx:hr></gpxtpx:TrackPointExtension></extensions></trkpt><trkpt lat="56.029067" lon="37.855765"><ele>167.0</ele><time>2026-07-09T18:50:23Z</time><extensions><gpxtpx:TrackPointExtension><gpxtpx:hr>139</gpxtpx:hr></gpxtpx:TrackPointExtension></extensions></trkpt><trkpt lat="56.029047" lon="37.855755"><ele>167.0</ele><time>2026-07-09T18:50:24Z</time><extensions><gpxtpx:TrackPointExtension><gpxtpx:hr>139</gpxtpx:hr></gpxtpx:TrackPointExtension></extensions></trkpt><trkpt lat="56.029027" lon="37.855747"><ele>167.0</ele><time>2026-07-09T18:50:25Z</time><extensions><gpxtpx:TrackPointExtension><gpxtpx:hr>138</gpxtpx:hr></gpxtpx:TrackPointExtension></extensions></trkpt><trkpt lat="56.029007" lon="37.855745"><ele>167.0</ele><time>2026-07-09T18:50:26Z</time><extensions><gpxtpx:TrackPointExtension><gpxtpx:hr>138</gpxtpx:hr></gpxtpx:TrackPointExtension></extensions></trkpt><trkpt lat="56.028982" lon="37.855742"><ele>167.0</ele><time>2026-07-09T18:50:27Z</time><extensions><gpxtpx:TrackPointExtension><gpxtpx:hr>138</gpxtpx:hr></gpxtpx:TrackPointExtension></extensions></trkpt><trkpt lat="56.028962" lon="37.855737"><ele>167.0</ele><time>2026-07-09T18:50:28Z</time><extensions><gpxtpx:TrackPointExtension><gpxtpx:hr>138</gpxtpx:hr></gpxtpx:TrackPointExtension></extensions></trkpt><trkpt lat="56.02894" lon="37.855725"><ele>167.0</ele><time>2026-07-09T18:50:29Z</time><extensions><gpxtpx:TrackPointExtension><gpxtpx:hr>138</gpxtpx:hr></gpxtpx:TrackPointExtension></extensions></trkpt><trkpt lat="56.028913" lon="37.855713"><ele>167.0</ele><time>2026-07-09T18:50:30Z</time><extensions><gpxtpx:TrackPointExtension><gpxtpx:hr>138</gpxtpx:hr></gpxtpx:TrackPointExtension></extensions></trkpt><trkpt lat="56.028892" lon="37.85571"><ele>167.0</ele><time>2026-07-09T18:50:31Z</time><extensions><gpxtpx:TrackPointExtension><gpxtpx:hr>138</gpxtpx:hr></gpxtpx:TrackPointExtension></extensions></trkpt><trkpt lat="56.028872" lon="37.855695"><ele>167.2</ele><time>2026-07-09T18:50:32Z</time><extensions><gpxtpx:TrackPointExtension><gpxtpx:hr>139</gpxtpx:hr></gpxtpx:TrackPointExtension></extensions></trkpt><trkpt lat="56.02885" lon="37.855682"><ele>167.2</ele><time>2026-07-09T18:50:33Z</time><extensions><gpxtpx:TrackPointExtension><gpxtpx:hr>138</gpxtpx:hr></gpxtpx:TrackPointExtension></extensions></trkpt><trkpt lat="56.028825" lon="37.85568"><ele>167.0</ele><time>2026-07-09T18:50:34Z</time><extensions><gpxtpx:TrackPointExtension><gpxtpx:hr>139</gpxtpx:hr></gpxtpx:TrackPointExtension></extensions></trkpt><trkpt lat="56.028805" lon="37.85568"><ele>167.0</ele><time>2026-07-09T18:50:35Z</time><extensions><gpxtpx:TrackPointExtension><gpxtpx:hr>139</gpxtpx:hr></gpxtpx:TrackPointExtension></extensions></trkpt><trkpt lat="56.028782" lon="37.85567"><ele>167.0</ele><time>2026-07-09T18:50:36Z</time><extensions><gpxtpx:TrackPointExtension><gpxtpx:hr>139</gpxtpx:hr></gpxtpx:TrackPointExtension></extensions></trkpt><trkpt lat="56.028757" lon="37.855652"><ele>167.0</ele><time>2026-07-09T18:50:37Z</time><extensions><gpxtpx:TrackPointExtension><gpxtpx:hr>138</gpxtpx:hr></gpxtpx:TrackPointExtension></extensions></trkpt><trkpt lat="56.028732" lon="37.855635"><ele>167.0</ele><time>2026-07-09T18:50:38Z</time><extensions><gpxtpx:TrackPointExtension><gpxtpx:hr>138</gpxtpx:hr></gpxtpx:TrackPointExtension></extensions></trkpt><trkpt lat="56.028712" lon="37.855628"><ele>167.0</ele><time>2026-07-09T18:50:39Z</time><extensions><gpxtpx:TrackPointExtension><gpxtpx:hr>139</gpxtpx:hr></gpxtpx:TrackPointExtension></extensions></trkpt><trkpt lat="56.028685" lon="37.855627"><ele>167.0</ele><time>2026-07-09T18:50:40Z</time><extensions><gpxtpx:TrackPointExtension><gpxtpx:hr>138</gpxtpx:hr></gpxtpx:TrackPointExtension></extensions></trkpt><trkpt lat="56.028662" lon="37.855622"><ele>167.0</ele><time>2026-07-09T18:50:41Z</time><extensions><gpxtpx:TrackPointExtension><gpxtpx:hr>138</gpxtpx:hr></gpxtpx:TrackPointExtension></extensions></trkpt><trkpt lat="56.028645" lon="37.855625"><ele>167.0</ele><time>2026-07-09T18:50:42Z</time><extensions><gpxtpx:TrackPointExtension><gpxtpx:hr>138</gpxtpx:hr></gpxtpx:TrackPointExtension></extensions></trkpt><trkpt lat="56.028627" lon="37.855628"><ele>167.0</ele><time>2026-07-09T18:50:43Z</time><extensions><gpxtpx:TrackPointExtension><gpxtpx:hr>138</gpxtpx:hr></gpxtpx:TrackPointExtension></extensions></trkpt><trkpt lat="56.028605" lon="37.855632"><ele>167.2</ele><time>2026-07-09T18:50:44Z</time><extensions><gpxtpx:TrackPointExtension><gpxtpx:hr>138</gpxtpx:hr></gpxtpx:TrackPointExtension></extensions></trkpt><trkpt lat="56.028582" lon="37.855628"><ele>167.2</ele><time>2026-07-09T18:50:45Z</time><extensions><gpxtpx:TrackPointExtension><gpxtpx:hr>138</gpxtpx:hr></gpxtpx:TrackPointExtension></extensions></trkpt><trkpt lat="56.028557" lon="37.855635"><ele>167.2</ele><time>2026-07-09T18:50:46Z</time><extensions><gpxtpx:TrackPointExtension><gpxtpx:hr>138</gpxtpx:hr></gpxtpx:TrackPointExtension></extensions></trkpt><trkpt lat="56.028532" lon="37.85564"><ele>167.2</ele><time>2026-07-09T18:50:47Z</time><extensions><gpxtpx:TrackPointExtension><gpxtpx:hr>138</gpxtpx:hr></gpxtpx:TrackPointExtension></extensions></trkpt><trkpt lat="56.02851" lon="37.855645"><ele>167.2</ele><time>2026-07-09T18:50:48Z</time><extensions><gpxtpx:TrackPointExtension><gpxtpx:hr>138</gpxtpx:hr></gpxtpx:TrackPointExtension></extensions></trkpt><trkpt lat="56.028487" lon="37.855645"><ele>167.4</ele><time>2026-07-09T18:50:49Z</time><extensions><gpxtpx:TrackPointExtension><gpxtpx:hr>138</gpxtpx:hr></gpxtpx:TrackPointExtension></extensions></trkpt><trkpt lat="56.028462" lon="37.855647"><ele>167.4</ele><time>2026-07-09T18:50:50Z</time><extensions><gpxtpx:TrackPointExtension><gpxtpx:hr>138</gpxtpx:hr></gpxtpx:TrackPointExtension></extensions></trkpt><trkpt lat="56.02844" lon="37.855652"><ele>167.4</ele><time>2026-07-09T18:50:51Z</time><extensions><gpxtpx:TrackPointExtension><gpxtpx:hr>138</gpxtpx:hr></gpxtpx:TrackPointExtension></extensions></trkpt><trkpt lat="56.028412" lon="37.855652"><ele>167.4</ele><time>2026-07-09T18:50:52Z</time><extensions><gpxtpx:TrackPointExtension><gpxtpx:hr>137</gpxtpx:hr></gpxtpx:TrackPointExtension></extensions></trkpt><trkpt lat="56.02839" lon="37.855662"><ele>167.4</ele><time>2026-07-09T18:50:53Z</time><extensions><gpxtpx:TrackPointExtension><gpxtpx:hr>137</gpxtpx:hr></gpxtpx:TrackPointExtension></extensions></trkpt><trkpt lat="56.028372" lon="37.855667"><ele>167.4</ele><time>2026-07-09T18:50:54Z</time><extensions><gpxtpx:TrackPointExtension><gpxtpx:hr>137</gpxtpx:hr></gpxtpx:TrackPointExtension></extensions></trkpt><trkpt lat="56.02835" lon="37.85568"><ele>167.4</ele><time>2026-07-09T18:50:55Z</time><extensions><gpxtpx:TrackPointExtension><gpxtpx:hr>137</gpxtpx:hr></gpxtpx:TrackPointExtension></extensions></trkpt><trkpt lat="56.028315" lon="37.855677"><ele>167.2</ele><time>2026-07-09T18:50:57Z</time><extensions><gpxtpx:TrackPointExtension><gpxtpx:hr>138</gpxtpx:hr></gpxtpx:TrackPointExtension></extensions></trkpt><trkpt lat="56.028297" lon="37.855667"><ele>167.2</ele><time>2026-07-09T18:50:58Z</time><extensions><gpxtpx:TrackPointExtension><gpxtpx:hr>138</gpxtpx:hr></gpxtpx:TrackPointExtension></extensions></trkpt><trkpt lat="56.028272" lon="37.855657"><ele>167.2</ele><time>2026-07-09T18:50:59Z</time><extensions><gpxtpx:TrackPointExtension><gpxtpx:hr>138</gpxtpx:hr></gpxtpx:TrackPointExtension></extensions></trkpt><trkpt lat="56.028252" lon="37.855647"><ele>167.2</ele><time>2026-07-09T18:51:00Z</time><extensions><gpxtpx:TrackPointExtension><gpxtpx:hr>138</gpxtpx:hr></gpxtpx:TrackPointExtension></extensions></trkpt><trkpt lat="56.028227" lon="37.855637"><ele>167.4</ele><time>2026-07-09T18:51:01Z</time><extensions><gpxtpx:TrackPointExtension><gpxtpx:hr>137</gpxtpx:hr></gpxtpx:TrackPointExtension></extensions></trkpt><trkpt lat="56.028202" lon="37.855628"><ele>167.4</ele><time>2026-07-09T18:51:02Z</time><extensions><gpxtpx:TrackPointExtension><gpxtpx:hr>138</gpxtpx:hr></gpxtpx:TrackPointExtension></extensions></trkpt><trkpt lat="56.028182" lon="37.855622"><ele>167.4</ele><time>2026-07-09T18:51:03Z</time><extensions><gpxtpx:TrackPointExtension><gpxtpx:hr>138</gpxtpx:hr></gpxtpx:TrackPointExtension></extensions></trkpt><trkpt lat="56.028157" lon="37.855617"><ele>167.4</ele><time>2026-07-09T18:51:04Z</time><extensions><gpxtpx:TrackPointExtension><gpxtpx:hr>137</gpxtpx:hr></gpxtpx:TrackPointExtension></extensions></trkpt><trkpt lat="56.028135" lon="37.855612"><ele>167.4</ele><time>2026-07-09T18:51:05Z</time><extensions><gpxtpx:TrackPointExtension><gpxtpx:hr>137</gpxtpx:hr></gpxtpx:TrackPointExtension></extensions></trkpt><trkpt lat="56.028112" lon="37.855607"><ele>167.4</ele><time>2026-07-09T18:51:06Z</time><extensions><gpxtpx:TrackPointExtension><gpxtpx:hr>137</gpxtpx:hr></gpxtpx:TrackPointExtension></extensions></trkpt><trkpt lat="56.02809" lon="37.855607"><ele>167.4</ele><time>2026-07-09T18:51:07Z</time><extensions><gpxtpx:TrackPointExtension><gpxtpx:hr>137</gpxtpx:hr></gpxtpx:TrackPointExtension></extensions></trkpt><trkpt lat="56.028067" lon="37.855607"><ele>167.4</ele><time>2026-07-09T18:51:08Z</time><extensions><gpxtpx:TrackPointExtension><gpxtpx:hr>137</gpxtpx:hr></gpxtpx:TrackPointExtension></extensions></trkpt><trkpt lat="56.028042" lon="37.855592"><ele>167.6</ele><time>2026-07-09T18:51:09Z</time><extensions><gpxtpx:TrackPointExtension><gpxtpx:hr>137</gpxtpx:hr></gpxtpx:TrackPointExtension></extensions></trkpt><trkpt lat="56.028017" lon="37.855587"><ele>167.4</ele><time>2026-07-09T18:51:10Z</time><extensions><gpxtpx:TrackPointExtension><gpxtpx:hr>137</gpxtpx:hr></gpxtpx:TrackPointExtension></extensions></trkpt><trkpt lat="56.027992" lon="37.855587"><ele>167.4</ele><time>2026-07-09T18:51:11Z</time><extensions><gpxtpx:TrackPointExtension><gpxtpx:hr>137</gpxtpx:hr></gpxtpx:TrackPointExtension></extensions></trkpt><trkpt lat="56.027962" lon="37.855577"><ele>167.6</ele><time>2026-07-09T18:51:12Z</time><extensions><gpxtpx:TrackPointExtension><gpxtpx:hr>138</gpxtpx:hr></gpxtpx:TrackPointExtension></extensions></trkpt><trkpt lat="56.027942" lon="37.855575"><ele>167.6</ele><time>2026-07-09T18:51:13Z</time><extensions><gpxtpx:TrackPointExtension><gpxtpx:hr>138</gpxtpx:hr></gpxtpx:TrackPointExtension></extensions></trkpt><trkpt lat="56.027917" lon="37.85558"><ele>167.6</ele><time>2026-07-09T18:51:14Z</time><extensions><gpxtpx:TrackPointExtension><gpxtpx:hr>138</gpxtpx:hr></gpxtpx:TrackPointExtension></extensions></trkpt><trkpt lat="56.027892" lon="37.855592"><ele>167.6</ele><time>2026-07-09T18:51:15Z</time><extensions><gpxtpx:TrackPointExtension><gpxtpx:hr>138</gpxtpx:hr></gpxtpx:TrackPointExtension></extensions></trkpt><trkpt lat="56.027867" lon="37.855592"><ele>167.6</ele><time>2026-07-09T18:51:16Z</time><extensions><gpxtpx:TrackPointExtension><gpxtpx:hr>139</gpxtpx:hr></gpxtpx:TrackPointExtension></extensions></trkpt><trkpt lat="56.027837" lon="37.8556"><ele>167.6</ele><time>2026-07-09T18:51:17Z</time><extensions><gpxtpx:TrackPointExtension><gpxtpx:hr>138</gpxtpx:hr></gpxtpx:TrackPointExtension></extensions></trkpt><trkpt lat="56.027807" lon="37.855597"><ele>167.6</ele><time>2026-07-09T18:51:18Z</time><extensions><gpxtpx:TrackPointExtension><gpxtpx:hr>138</gpxtpx:hr></gpxtpx:TrackPointExtension></extensions></trkpt><trkpt lat="56.02778" lon="37.8556"><ele>167.6</ele><time>2026-07-09T18:51:19Z</time><extensions><gpxtpx:TrackPointExtension><gpxtpx:hr>138</gpxtpx:hr></gpxtpx:TrackPointExtension></extensions></trkpt><trkpt lat="56.027752" lon="37.855602"><ele>167.6</ele><time>2026-07-09T18:51:20Z</time><extensions><gpxtpx:TrackPointExtension><gpxtpx:hr>138</gpxtpx:hr></gpxtpx:TrackPointExtension></extensions></trkpt><trkpt lat="56.027732" lon="37.855597"><ele>167.6</ele><time>2026-07-09T18:51:21Z</time><extensions><gpxtpx:TrackPointExtension><gpxtpx:hr>139</gpxtpx:hr></gpxtpx:TrackPointExtension></extensions></trkpt><trkpt lat="56.027712" lon="37.855587"><ele>167.8</ele><time>2026-07-09T18:51:22Z</time><extensions><gpxtpx:TrackPointExtension><gpxtpx:hr>139</gpxtpx:hr></gpxtpx:TrackPointExtension></extensions></trkpt><trkpt lat="56.02769" lon="37.855587"><ele>167.6</ele><time>2026-07-09T18:51:23Z</time><extensions><gpxtpx:TrackPointExtension><gpxtpx:hr>138</gpxtpx:hr></gpxtpx:TrackPointExtension></extensions></trkpt><trkpt lat="56.027665" lon="37.855597"><ele>167.6</ele><time>2026-07-09T18:51:24Z</time><extensions><gpxtpx:TrackPointExtension><gpxtpx:hr>138</gpxtpx:hr></gpxtpx:TrackPointExtension></extensions></trkpt><trkpt lat="56.02764" lon="37.855602"><ele>167.8</ele><time>2026-07-09T18:51:25Z</time><extensions><gpxtpx:TrackPointExtension><gpxtpx:hr>138</gpxtpx:hr></gpxtpx:TrackPointExtension></extensions></trkpt><trkpt lat="56.027615" lon="37.855602"><ele>167.8</ele><time>2026-07-09T18:51:26Z</time><extensions><gpxtpx:TrackPointExtension><gpxtpx:hr>138</gpxtpx:hr></gpxtpx:TrackPointExtension></extensions></trkpt><trkpt lat="56.027592" lon="37.85559"><ele>167.8</ele><time>2026-07-09T18:51:27Z</time><extensions><gpxtpx:TrackPointExtension><gpxtpx:hr>139</gpxtpx:hr></gpxtpx:TrackPointExtension></extensions></trkpt><trkpt lat="56.027572" lon="37.85559"><ele>167.8</ele><time>2026-07-09T18:51:28Z</time><extensions><gpxtpx:TrackPointExtension><gpxtpx:hr>138</gpxtpx:hr></gpxtpx:TrackPointExtension></extensions></trkpt><trkpt lat="56.027547" lon="37.855587"><ele>167.8</ele><time>2026-07-09T18:51:29Z</time><extensions><gpxtpx:TrackPointExtension><gpxtpx:hr>139</gpxtpx:hr></gpxtpx:TrackPointExtension></extensions></trkpt><trkpt lat="56.027527" lon="37.855582"><ele>167.8</ele><time>2026-07-09T18:51:30Z</time><extensions><gpxtpx:TrackPointExtension><gpxtpx:hr>138</gpxtpx:hr></gpxtpx:TrackPointExtension></extensions></trkpt><trkpt lat="56.027507" lon="37.855582"><ele>167.8</ele><time>2026-07-09T18:51:31Z</time><extensions><gpxtpx:TrackPointExtension><gpxtpx:hr>138</gpxtpx:hr></gpxtpx:TrackPointExtension></extensions></trkpt><trkpt lat="56.027485" lon="37.855577"><ele>167.8</ele><time>2026-07-09T18:51:32Z</time><extensions><gpxtpx:TrackPointExtension><gpxtpx:hr>138</gpxtpx:hr></gpxtpx:TrackPointExtension></extensions></trkpt><trkpt lat="56.02746" lon="37.855577"><ele>167.6</ele><time>2026-07-09T18:51:33Z</time><extensions><gpxtpx:TrackPointExtension><gpxtpx:hr>137</gpxtpx:hr></gpxtpx:TrackPointExtension></extensions></trkpt><trkpt lat="56.027437" lon="37.855565"><ele>167.6</ele><time>2026-07-09T18:51:34Z</time><extensions><gpxtpx:TrackPointExtension><gpxtpx:hr>137</gpxtpx:hr></gpxtpx:TrackPointExtension></extensions></trkpt><trkpt lat="56.027417" lon="37.855558"><ele>167.8</ele><time>2026-07-09T18:51:35Z</time><extensions><gpxtpx:TrackPointExtension><gpxtpx:hr>138</gpxtpx:hr></gpxtpx:TrackPointExtension></extensions></trkpt><trkpt lat="56.027397" lon="37.85555"><ele>167.8</ele><time>2026-07-09T18:51:36Z</time><extensions><gpxtpx:TrackPointExtension><gpxtpx:hr>138</gpxtpx:hr></gpxtpx:TrackPointExtension></extensions></trkpt><trkpt lat="56.02738" lon="37.855535"><ele>167.8</ele><time>2026-07-09T18:51:37Z</time><extensions><gpxtpx:TrackPointExtension><gpxtpx:hr>138</gpxtpx:hr></gpxtpx:TrackPointExtension></extensions></trkpt><trkpt lat="56.027352" lon="37.855527"><ele>167.8</ele><time>2026-07-09T18:51:38Z</time><extensions><gpxtpx:TrackPointExtension><gpxtpx:hr>139</gpxtpx:hr></gpxtpx:TrackPointExtension></extensions></trkpt><trkpt lat="56.027327" lon="37.855527"><ele>167.8</ele><time>2026-07-09T18:51:39Z</time><extensions><gpxtpx:TrackPointExtension><gpxtpx:hr>139</gpxtpx:hr></gpxtpx:TrackPointExtension></extensions></trkpt><trkpt lat="56.027307" lon="37.855527"><ele>167.8</ele><time>2026-07-09T18:51:40Z</time><extensions><gpxtpx:TrackPointExtension><gpxtpx:hr>139</gpxtpx:hr></gpxtpx:TrackPointExtension></extensions></trkpt><trkpt lat="56.027285" lon="37.855522"><ele>167.8</ele><time>2026-07-09T18:51:41Z</time><extensions><gpxtpx:TrackPointExtension><gpxtpx:hr>140</gpxtpx:hr></gpxtpx:TrackPointExtension></extensions></trkpt><trkpt lat="56.027262" lon="37.855517"><ele>167.8</ele><time>2026-07-09T18:51:42Z</time><extensions><gpxtpx:TrackPointExtension><gpxtpx:hr>139</gpxtpx:hr></gpxtpx:TrackPointExtension></extensions></trkpt><trkpt lat="56.027242" lon="37.85551"><ele>167.8</ele><time>2026-07-09T18:51:43Z</time><extensions><gpxtpx:TrackPointExtension><gpxtpx:hr>140</gpxtpx:hr></gpxtpx:TrackPointExtension></extensions></trkpt><trkpt lat="56.02722" lon="37.855507"><ele>167.8</ele><time>2026-07-09T18:51:44Z</time><extensions><gpxtpx:TrackPointExtension><gpxtpx:hr>140</gpxtpx:hr></gpxtpx:TrackPointExtension></extensions></trkpt><trkpt lat="56.027197" lon="37.855497"><ele>167.8</ele><time>2026-07-09T18:51:45Z</time><extensions><gpxtpx:TrackPointExtension><gpxtpx:hr>139</gpxtpx:hr></gpxtpx:TrackPointExtension></extensions></trkpt><trkpt lat="56.027172" lon="37.855495"><ele>167.8</ele><time>2026-07-09T18:51:46Z</time><extensions><gpxtpx:TrackPointExtension><gpxtpx:hr>139</gpxtpx:hr></gpxtpx:TrackPointExtension></extensions></trkpt><trkpt lat="56.027152" lon="37.855487"><ele>167.8</ele><time>2026-07-09T18:51:47Z</time><extensions><gpxtpx:TrackPointExtension><gpxtpx:hr>139</gpxtpx:hr></gpxtpx:TrackPointExtension></extensions></trkpt><trkpt lat="56.027127" lon="37.855487"><ele>167.6</ele><time>2026-07-09T18:51:48Z</time><extensions><gpxtpx:TrackPointExtension><gpxtpx:hr>138</gpxtpx:hr></gpxtpx:TrackPointExtension></extensions></trkpt><trkpt lat="56.027107" lon="37.85548"><ele>167.6</ele><time>2026-07-09T18:51:49Z</time><extensions><gpxtpx:TrackPointExtension><gpxtpx:hr>138</gpxtpx:hr></gpxtpx:TrackPointExtension></extensions></trkpt><trkpt lat="56.027082" lon="37.855477"><ele>167.6</ele><time>2026-07-09T18:51:50Z</time><extensions><gpxtpx:TrackPointExtension><gpxtpx:hr>139</gpxtpx:hr></gpxtpx:TrackPointExtension></extensions></trkpt><trkpt lat="56.027062" lon="37.855472"><ele>167.6</ele><time>2026-07-09T18:51:51Z</time><extensions><gpxtpx:TrackPointExtension><gpxtpx:hr>139</gpxtpx:hr></gpxtpx:TrackPointExtension></extensions></trkpt><trkpt lat="56.02704" lon="37.855465"><ele>167.6</ele><time>2026-07-09T18:51:52Z</time><extensions><gpxtpx:TrackPointExtension><gpxtpx:hr>139</gpxtpx:hr></gpxtpx:TrackPointExtension></extensions></trkpt><trkpt lat="56.027017" lon="37.855457"><ele>167.6</ele><time>2026-07-09T18:51:53Z</time><extensions><gpxtpx:TrackPointExtension><gpxtpx:hr>138</gpxtpx:hr></gpxtpx:TrackPointExtension></extensions></trkpt><trkpt lat="56.026995" lon="37.855452"><ele>167.6</ele><time>2026-07-09T18:51:54Z</time><extensions><gpxtpx:TrackPointExtension><gpxtpx:hr>138</gpxtpx:hr></gpxtpx:TrackPointExtension></extensions></trkpt><trkpt lat="56.026967" lon="37.855442"><ele>167.6</ele><time>2026-07-09T18:51:55Z</time><extensions><gpxtpx:TrackPointExtension><gpxtpx:hr>138</gpxtpx:hr></gpxtpx:TrackPointExtension></extensions></trkpt><trkpt lat="56.02694" lon="37.855427"><ele>167.6</ele><time>2026-07-09T18:51:56Z</time><extensions><gpxtpx:TrackPointExtension><gpxtpx:hr>137</gpxtpx:hr></gpxtpx:TrackPointExtension></extensions></trkpt><trkpt lat="56.026915" lon="37.85541"><ele>167.4</ele><time>2026-07-09T18:51:57Z</time><extensions><gpxtpx:TrackPointExtension><gpxtpx:hr>137</gpxtpx:hr></gpxtpx:TrackPointExtension></extensions></trkpt><trkpt lat="56.026887" lon="37.8554"><ele>167.4</ele><time>2026-07-09T18:51:58Z</time><extensions><gpxtpx:TrackPointExtension><gpxtpx:hr>137</gpxtpx:hr></gpxtpx:TrackPointExtension></extensions></trkpt><trkpt lat="56.026867" lon="37.855392"><ele>167.4</ele><time>2026-07-09T18:51:59Z</time><extensions><gpxtpx:TrackPointExtension><gpxtpx:hr>137</gpxtpx:hr></gpxtpx:TrackPointExtension></extensions></trkpt><trkpt lat="56.026842" lon="37.85539"><ele>167.4</ele><time>2026-07-09T18:52:00Z</time><extensions><gpxtpx:TrackPointExtension><gpxtpx:hr>137</gpxtpx:hr></gpxtpx:TrackPointExtension></extensions></trkpt><trkpt lat="56.02682" lon="37.855387"><ele>167.2</ele><time>2026-07-09T18:52:01Z</time><extensions><gpxtpx:TrackPointExtension><gpxtpx:hr>137</gpxtpx:hr></gpxtpx:TrackPointExtension></extensions></trkpt><trkpt lat="56.026797" lon="37.85539"><ele>167.2</ele><time>2026-07-09T18:52:02Z</time><extensions><gpxtpx:TrackPointExtension><gpxtpx:hr>138</gpxtpx:hr></gpxtpx:TrackPointExtension></extensions></trkpt><trkpt lat="56.026777" lon="37.85539"><ele>167.4</ele><time>2026-07-09T18:52:03Z</time><extensions><gpxtpx:TrackPointExtension><gpxtpx:hr>138</gpxtpx:hr></gpxtpx:TrackPointExtension></extensions></trkpt><trkpt lat="56.02675" lon="37.85539"><ele>167.2</ele><time>2026-07-09T18:52:04Z</time><extensions><gpxtpx:TrackPointExtension><gpxtpx:hr>137</gpxtpx:hr></gpxtpx:TrackPointExtension></extensions></trkpt><trkpt lat="56.02673" lon="37.855387"><ele>167.2</ele><time>2026-07-09T18:52:05Z</time><extensions><gpxtpx:TrackPointExtension><gpxtpx:hr>137</gpxtpx:hr></gpxtpx:TrackPointExtension></extensions></trkpt><trkpt lat="56.026707" lon="37.855385"><ele>167.2</ele><time>2026-07-09T18:52:06Z</time><extensions><gpxtpx:TrackPointExtension><gpxtpx:hr>138</gpxtpx:hr></gpxtpx:TrackPointExtension></extensions></trkpt><trkpt lat="56.026687" lon="37.855377"><ele>167.0</ele><time>2026-07-09T18:52:07Z</time><extensions><gpxtpx:TrackPointExtension><gpxtpx:hr>138</gpxtpx:hr></gpxtpx:TrackPointExtension></extensions></trkpt><trkpt lat="56.026665" lon="37.85537"><ele>167.0</ele><time>2026-07-09T18:52:08Z</time><extensions><gpxtpx:TrackPointExtension><gpxtpx:hr>138</gpxtpx:hr></gpxtpx:TrackPointExtension></extensions></trkpt><trkpt lat="56.026642" lon="37.855362"><ele>167.0</ele><time>2026-07-09T18:52:09Z</time><extensions><gpxtpx:TrackPointExtension><gpxtpx:hr>137</gpxtpx:hr></gpxtpx:TrackPointExtension></extensions></trkpt><trkpt lat="56.026617" lon="37.855357"><ele>167.0</ele><time>2026-07-09T18:52:10Z</time><extensions><gpxtpx:TrackPointExtension><gpxtpx:hr>137</gpxtpx:hr></gpxtpx:TrackPointExtension></extensions></trkpt><trkpt lat="56.026597" lon="37.855352"><ele>167.0</ele><time>2026-07-09T18:52:11Z</time><extensions><gpxtpx:TrackPointExtension><gpxtpx:hr>137</gpxtpx:hr></gpxtpx:TrackPointExtension></extensions></trkpt><trkpt lat="56.026577" lon="37.855347"><ele>167.0</ele><time>2026-07-09T18:52:12Z</time><extensions><gpxtpx:TrackPointExtension><gpxtpx:hr>137</gpxtpx:hr></gpxtpx:TrackPointExtension></extensions></trkpt><trkpt lat="56.026557" lon="37.855347"><ele>167.0</ele><time>2026-07-09T18:52:13Z</time><extensions><gpxtpx:TrackPointExtension><gpxtpx:hr>136</gpxtpx:hr></gpxtpx:TrackPointExtension></extensions></trkpt><trkpt lat="56.026537" lon="37.855345"><ele>167.0</ele><time>2026-07-09T18:52:14Z</time><extensions><gpxtpx:TrackPointExtension><gpxtpx:hr>136</gpxtpx:hr></gpxtpx:TrackPointExtension></extensions></trkpt><trkpt lat="56.026497" lon="37.855347"><ele>167.0</ele><time>2026-07-09T18:52:16Z</time><extensions><gpxtpx:TrackPointExtension><gpxtpx:hr>136</gpxtpx:hr></gpxtpx:TrackPointExtension></extensions></trkpt><trkpt lat="56.026477" lon="37.855345"><ele>167.0</ele><time>2026-07-09T18:52:17Z</time><extensions><gpxtpx:TrackPointExtension><gpxtpx:hr>137</gpxtpx:hr></gpxtpx:TrackPointExtension></extensions></trkpt><trkpt lat="56.026455" lon="37.855345"><ele>167.0</ele><time>2026-07-09T18:52:18Z</time><extensions><gpxtpx:TrackPointExtension><gpxtpx:hr>137</gpxtpx:hr></gpxtpx:TrackPointExtension></extensions></trkpt><trkpt lat="56.02643" lon="37.855337"><ele>167.0</ele><time>2026-07-09T18:52:19Z</time><extensions><gpxtpx:TrackPointExtension><gpxtpx:hr>137</gpxtpx:hr></gpxtpx:TrackPointExtension></extensions></trkpt><trkpt lat="56.026405" lon="37.855333"><ele>167.0</ele><time>2026-07-09T18:52:20Z</time><extensions><gpxtpx:TrackPointExtension><gpxtpx:hr>137</gpxtpx:hr></gpxtpx:TrackPointExtension></extensions></trkpt><trkpt lat="56.026385" lon="37.855337"><ele>167.0</ele><time>2026-07-09T18:52:21Z</time><extensions><gpxtpx:TrackPointExtension><gpxtpx:hr>137</gpxtpx:hr></gpxtpx:TrackPointExtension></extensions></trkpt><trkpt lat="56.026362" lon="37.855317"><ele>167.0</ele><time>2026-07-09T18:52:22Z</time><extensions><gpxtpx:TrackPointExtension><gpxtpx:hr>138</gpxtpx:hr></gpxtpx:TrackPointExtension></extensions></trkpt><trkpt lat="56.026337" lon="37.855312"><ele>167.0</ele><time>2026-07-09T18:52:23Z</time><extensions><gpxtpx:TrackPointExtension><gpxtpx:hr>138</gpxtpx:hr></gpxtpx:TrackPointExtension></extensions></trkpt><trkpt lat="56.026317" lon="37.855307"><ele>166.8</ele><time>2026-07-09T18:52:24Z</time><extensions><gpxtpx:TrackPointExtension><gpxtpx:hr>137</gpxtpx:hr></gpxtpx:TrackPointExtension></extensions></trkpt><trkpt lat="56.0263" lon="37.855312"><ele>166.8</ele><time>2026-07-09T18:52:25Z</time><extensions><gpxtpx:TrackPointExtension><gpxtpx:hr>138</gpxtpx:hr></gpxtpx:TrackPointExtension></extensions></trkpt><trkpt lat="56.026277" lon="37.855317"><ele>166.8</ele><time>2026-07-09T18:52:26Z</time><extensions><gpxtpx:TrackPointExtension><gpxtpx:hr>138</gpxtpx:hr></gpxtpx:TrackPointExtension></extensions></trkpt><trkpt lat="56.02625" lon="37.85532"><ele>166.8</ele><time>2026-07-09T18:52:27Z</time><extensions><gpxtpx:TrackPointExtension><gpxtpx:hr>138</gpxtpx:hr></gpxtpx:TrackPointExtension></extensions></trkpt><trkpt lat="56.026227" lon="37.855317"><ele>166.8</ele><time>2026-07-09T18:52:28Z</time><extensions><gpxtpx:TrackPointExtension><gpxtpx:hr>138</gpxtpx:hr></gpxtpx:TrackPointExtension></extensions></trkpt><trkpt lat="56.026207" lon="37.855317"><ele>166.8</ele><time>2026-07-09T18:52:29Z</time><extensions><gpxtpx:TrackPointExtension><gpxtpx:hr>137</gpxtpx:hr></gpxtpx:TrackPointExtension></extensions></trkpt><trkpt lat="56.026182" lon="37.85532"><ele>166.8</ele><time>2026-07-09T18:52:30Z</time><extensions><gpxtpx:TrackPointExtension><gpxtpx:hr>137</gpxtpx:hr></gpxtpx:TrackPointExtension></extensions></trkpt><trkpt lat="56.026157" lon="37.855315"><ele>166.8</ele><time>2026-07-09T18:52:31Z</time><extensions><gpxtpx:TrackPointExtension><gpxtpx:hr>137</gpxtpx:hr></gpxtpx:TrackPointExtension></extensions></trkpt><trkpt lat="56.026137" lon="37.855317"><ele>166.6</ele><time>2026-07-09T18:52:32Z</time><extensions><gpxtpx:TrackPointExtension><gpxtpx:hr>137</gpxtpx:hr></gpxtpx:TrackPointExtension></extensions></trkpt><trkpt lat="56.026113" lon="37.855315"><ele>166.6</ele><time>2026-07-09T18:52:33Z</time><extensions><gpxtpx:TrackPointExtension><gpxtpx:hr>137</gpxtpx:hr></gpxtpx:TrackPointExtension></extensions></trkpt><trkpt lat="56.02609" lon="37.855312"><ele>166.4</ele><time>2026-07-09T18:52:34Z</time><extensions><gpxtpx:TrackPointExtension><gpxtpx:hr>136</gpxtpx:hr></gpxtpx:TrackPointExtension></extensions></trkpt><trkpt lat="56.026067" lon="37.855307"><ele>166.4</ele><time>2026-07-09T18:52:35Z</time><extensions><gpxtpx:TrackPointExtension><gpxtpx:hr>137</gpxtpx:hr></gpxtpx:TrackPointExtension></extensions></trkpt><trkpt lat="56.02605" lon="37.855302"><ele>166.6</ele><time>2026-07-09T18:52:36Z</time><extensions><gpxtpx:TrackPointExtension><gpxtpx:hr>136</gpxtpx:hr></gpxtpx:TrackPointExtension></extensions></trkpt><trkpt lat="56.026027" lon="37.855285"><ele>166.6</ele><time>2026-07-09T18:52:37Z</time><extensions><gpxtpx:TrackPointExtension><gpxtpx:hr>136</gpxtpx:hr></gpxtpx:TrackPointExtension></extensions></trkpt><trkpt lat="56.026002" lon="37.855277"><ele>166.4</ele><time>2026-07-09T18:52:38Z</time><extensions><gpxtpx:TrackPointExtension><gpxtpx:hr>136</gpxtpx:hr></gpxtpx:TrackPointExtension></extensions></trkpt><trkpt lat="56.025982" lon="37.855272"><ele>166.4</ele><time>2026-07-09T18:52:39Z</time><extensions><gpxtpx:TrackPointExtension><gpxtpx:hr>136</gpxtpx:hr></gpxtpx:TrackPointExtension></extensions></trkpt><trkpt lat="56.025957" lon="37.855272"><ele>166.4</ele><time>2026-07-09T18:52:40Z</time><extensions><gpxtpx:TrackPointExtension><gpxtpx:hr>137</gpxtpx:hr></gpxtpx:TrackPointExtension></extensions></trkpt><trkpt lat="56.025937" lon="37.855262"><ele>166.4</ele><time>2026-07-09T18:52:41Z</time><extensions><gpxtpx:TrackPointExtension><gpxtpx:hr>137</gpxtpx:hr></gpxtpx:TrackPointExtension></extensions></trkpt><trkpt lat="56.025915" lon="37.855255"><ele>166.4</ele><time>2026-07-09T18:52:42Z</time><extensions><gpxtpx:TrackPointExtension><gpxtpx:hr>137</gpxtpx:hr></gpxtpx:TrackPointExtension></extensions></trkpt><trkpt lat="56.025888" lon="37.855237"><ele>166.4</ele><time>2026-07-09T18:52:43Z</time><extensions><gpxtpx:TrackPointExtension><gpxtpx:hr>137</gpxtpx:hr></gpxtpx:TrackPointExtension></extensions></trkpt><trkpt lat="56.025867" lon="37.85523"><ele>166.2</ele><time>2026-07-09T18:52:44Z</time><extensions><gpxtpx:TrackPointExtension><gpxtpx:hr>137</gpxtpx:hr></gpxtpx:TrackPointExtension></extensions></trkpt><trkpt lat="56.025847" lon="37.855227"><ele>166.2</ele><time>2026-07-09T18:52:45Z</time><extensions><gpxtpx:TrackPointExtension><gpxtpx:hr>138</gpxtpx:hr></gpxtpx:TrackPointExtension></extensions></trkpt><trkpt lat="56.025822" lon="37.855222"><ele>166.4</ele><time>2026-07-09T18:52:46Z</time><extensions><gpxtpx:TrackPointExtension><gpxtpx:hr>138</gpxtpx:hr></gpxtpx:TrackPointExtension></extensions></trkpt><trkpt lat="56.025802" lon="37.855217"><ele>166.4</ele><time>2026-07-09T18:52:47Z</time><extensions><gpxtpx:TrackPointExtension><gpxtpx:hr>138</gpxtpx:hr></gpxtpx:TrackPointExtension></extensions></trkpt><trkpt lat="56.025765" lon="37.855215"><ele>166.2</ele><time>2026-07-09T18:52:49Z</time><extensions><gpxtpx:TrackPointExtension><gpxtpx:hr>137</gpxtpx:hr></gpxtpx:TrackPointExtension></extensions></trkpt><trkpt lat="56.025745" lon="37.855225"><ele>166.2</ele><time>2026-07-09T18:52:50Z</time><extensions><gpxtpx:TrackPointExtension><gpxtpx:hr>137</gpxtpx:hr></gpxtpx:TrackPointExtension></extensions></trkpt></trkseg></trk></gpx>