<?xml version="1.0" encoding="UTF-8" standalone="no"?><gpx xmlns="http://www.topografix.com/GPX/1/1" xmlns:gpxtpx="http://www.garmin.com/xmlschemas/TrackPointExtension/v1" xmlns:xsi="http://www.w3.org/2001/XMLSchema-instance" creator="Suunto app" version="1.1" xsi:schemaLocation="http://www.topografix.com/GPX/1/1 http://www.topografix.com/GPX/1/1/gpx.xsd http://www.garmin.com/xmlschemas/TrackPointExtension/v1 http://www.garmin.com/xmlschemas/TrackPointExtensionv1.xsd"><metadata><name>suuntoapp-Running-2026-06-24T04-23-31Z</name><desc/><author><name>Anton</name></author></metadata><trk><name>suuntoapp-Running-2026-06-24T04-23-31Z</name><trkseg><trkpt lat="56.024482" lon="37.85276"><ele>167.4</ele><time>2026-06-24T04:23:33Z</time><extensions><gpxtpx:TrackPointExtension><gpxtpx:hr>105</gpxtpx:hr></gpxtpx:TrackPointExtension></extensions></trkpt><trkpt lat="56.024482" lon="37.852752"><ele>167.4</ele><time>2026-06-24T04:23:35Z</time><extensions><gpxtpx:TrackPointExtension><gpxtpx:hr>105</gpxtpx:hr></gpxtpx:TrackPointExtension></extensions></trkpt><trkpt lat="56.024505" lon="37.852712"><ele>167.4</ele><time>2026-06-24T04:23:38Z</time><extensions><gpxtpx:TrackPointExtension><gpxtpx:hr>105</gpxtpx:hr></gpxtpx:TrackPointExtension></extensions></trkpt><trkpt lat="56.024522" lon="37.852677"><ele>167.4</ele><time>2026-06-24T04:23:39Z</time><extensions><gpxtpx:TrackPointExtension><gpxtpx:hr>107</gpxtpx:hr></gpxtpx:TrackPointExtension></extensions></trkpt><trkpt lat="56.024537" lon="37.852632"><ele>167.4</ele><time>2026-06-24T04:23:40Z</time><extensions><gpxtpx:TrackPointExtension><gpxtpx:hr>108</gpxtpx:hr></gpxtpx:TrackPointExtension></extensions></trkpt><trkpt lat="56.024552" lon="37.852582"><ele>167.4</ele><time>2026-06-24T04:23:41Z</time><extensions><gpxtpx:TrackPointExtension><gpxtpx:hr>110</gpxtpx:hr></gpxtpx:TrackPointExtension></extensions></trkpt><trkpt lat="56.024557" lon="37.852527"><ele>167.2</ele><time>2026-06-24T04:23:42Z</time><extensions><gpxtpx:TrackPointExtension><gpxtpx:hr>108</gpxtpx:hr></gpxtpx:TrackPointExtension></extensions></trkpt><trkpt lat="56.024562" lon="37.852472"><ele>167.2</ele><time>2026-06-24T04:23:43Z</time><extensions><gpxtpx:TrackPointExtension><gpxtpx:hr>109</gpxtpx:hr></gpxtpx:TrackPointExtension></extensions></trkpt><trkpt lat="56.024557" lon="37.852422"><ele>167.0</ele><time>2026-06-24T04:23:44Z</time><extensions><gpxtpx:TrackPointExtension><gpxtpx:hr>110</gpxtpx:hr></gpxtpx:TrackPointExtension></extensions></trkpt><trkpt lat="56.024552" lon="37.852372"><ele>167.0</ele><time>2026-06-24T04:23:45Z</time><extensions><gpxtpx:TrackPointExtension><gpxtpx:hr>110</gpxtpx:hr></gpxtpx:TrackPointExtension></extensions></trkpt><trkpt lat="56.024542" lon="37.852332"><ele>167.0</ele><time>2026-06-24T04:23:46Z</time><extensions><gpxtpx:TrackPointExtension><gpxtpx:hr>111</gpxtpx:hr></gpxtpx:TrackPointExtension></extensions></trkpt><trkpt lat="56.024532" lon="37.852293"><ele>167.0</ele><time>2026-06-24T04:23:47Z</time><extensions><gpxtpx:TrackPointExtension><gpxtpx:hr>111</gpxtpx:hr></gpxtpx:TrackPointExtension></extensions></trkpt><trkpt lat="56.024515" lon="37.852257"><ele>167.0</ele><time>2026-06-24T04:23:48Z</time><extensions><gpxtpx:TrackPointExtension><gpxtpx:hr>112</gpxtpx:hr></gpxtpx:TrackPointExtension></extensions></trkpt><trkpt lat="56.0245" lon="37.852227"><ele>167.0</ele><time>2026-06-24T04:23:49Z</time><extensions><gpxtpx:TrackPointExtension><gpxtpx:hr>113</gpxtpx:hr></gpxtpx:TrackPointExtension></extensions></trkpt><trkpt lat="56.02448" lon="37.852202"><ele>167.0</ele><time>2026-06-24T04:23:50Z</time><extensions><gpxtpx:TrackPointExtension><gpxtpx:hr>113</gpxtpx:hr></gpxtpx:TrackPointExtension></extensions></trkpt><trkpt lat="56.024457" lon="37.852177"><ele>167.0</ele><time>2026-06-24T04:23:51Z</time><extensions><gpxtpx:TrackPointExtension><gpxtpx:hr>114</gpxtpx:hr></gpxtpx:TrackPointExtension></extensions></trkpt><trkpt lat="56.024435" lon="37.852157"><ele>167.0</ele><time>2026-06-24T04:23:52Z</time><extensions><gpxtpx:TrackPointExtension><gpxtpx:hr>115</gpxtpx:hr></gpxtpx:TrackPointExtension></extensions></trkpt><trkpt lat="56.024412" lon="37.852142"><ele>167.0</ele><time>2026-06-24T04:23:53Z</time><extensions><gpxtpx:TrackPointExtension><gpxtpx:hr>116</gpxtpx:hr></gpxtpx:TrackPointExtension></extensions></trkpt><trkpt lat="56.024387" lon="37.852137"><ele>167.0</ele><time>2026-06-24T04:23:54Z</time><extensions><gpxtpx:TrackPointExtension><gpxtpx:hr>117</gpxtpx:hr></gpxtpx:TrackPointExtension></extensions></trkpt><trkpt lat="56.024365" lon="37.852137"><ele>167.2</ele><time>2026-06-24T04:23:55Z</time><extensions><gpxtpx:TrackPointExtension><gpxtpx:hr>117</gpxtpx:hr></gpxtpx:TrackPointExtension></extensions></trkpt><trkpt lat="56.024337" lon="37.852135"><ele>167.2</ele><time>2026-06-24T04:23:56Z</time><extensions><gpxtpx:TrackPointExtension><gpxtpx:hr>117</gpxtpx:hr></gpxtpx:TrackPointExtension></extensions></trkpt><trkpt lat="56.024312" lon="37.852132"><ele>167.2</ele><time>2026-06-24T04:23:57Z</time><extensions><gpxtpx:TrackPointExtension><gpxtpx:hr>118</gpxtpx:hr></gpxtpx:TrackPointExtension></extensions></trkpt><trkpt lat="56.02429" lon="37.852132"><ele>167.2</ele><time>2026-06-24T04:23:58Z</time><extensions><gpxtpx:TrackPointExtension><gpxtpx:hr>118</gpxtpx:hr></gpxtpx:TrackPointExtension></extensions></trkpt><trkpt lat="56.024267" lon="37.852132"><ele>167.4</ele><time>2026-06-24T04:23:59Z</time><extensions><gpxtpx:TrackPointExtension><gpxtpx:hr>119</gpxtpx:hr></gpxtpx:TrackPointExtension></extensions></trkpt><trkpt lat="56.024242" lon="37.852132"><ele>167.4</ele><time>2026-06-24T04:24:00Z</time><extensions><gpxtpx:TrackPointExtension><gpxtpx:hr>120</gpxtpx:hr></gpxtpx:TrackPointExtension></extensions></trkpt><trkpt lat="56.02422" lon="37.852132"><ele>167.4</ele><time>2026-06-24T04:24:01Z</time><extensions><gpxtpx:TrackPointExtension><gpxtpx:hr>121</gpxtpx:hr></gpxtpx:TrackPointExtension></extensions></trkpt><trkpt lat="56.0242" lon="37.852135"><ele>167.4</ele><time>2026-06-24T04:24:02Z</time><extensions><gpxtpx:TrackPointExtension><gpxtpx:hr>121</gpxtpx:hr></gpxtpx:TrackPointExtension></extensions></trkpt><trkpt lat="56.024177" lon="37.85213"><ele>167.6</ele><time>2026-06-24T04:24:03Z</time><extensions><gpxtpx:TrackPointExtension><gpxtpx:hr>122</gpxtpx:hr></gpxtpx:TrackPointExtension></extensions></trkpt><trkpt lat="56.024155" lon="37.852122"><ele>167.4</ele><time>2026-06-24T04:24:04Z</time><extensions><gpxtpx:TrackPointExtension><gpxtpx:hr>123</gpxtpx:hr></gpxtpx:TrackPointExtension></extensions></trkpt><trkpt lat="56.02413" lon="37.852125"><ele>167.6</ele><time>2026-06-24T04:24:05Z</time><extensions><gpxtpx:TrackPointExtension><gpxtpx:hr>123</gpxtpx:hr></gpxtpx:TrackPointExtension></extensions></trkpt><trkpt lat="56.024105" lon="37.852125"><ele>167.6</ele><time>2026-06-24T04:24:06Z</time><extensions><gpxtpx:TrackPointExtension><gpxtpx:hr>125</gpxtpx:hr></gpxtpx:TrackPointExtension></extensions></trkpt><trkpt lat="56.024082" lon="37.85212"><ele>167.6</ele><time>2026-06-24T04:24:07Z</time><extensions><gpxtpx:TrackPointExtension><gpxtpx:hr>125</gpxtpx:hr></gpxtpx:TrackPointExtension></extensions></trkpt><trkpt lat="56.024057" lon="37.852117"><ele>167.6</ele><time>2026-06-24T04:24:08Z</time><extensions><gpxtpx:TrackPointExtension><gpxtpx:hr>125</gpxtpx:hr></gpxtpx:TrackPointExtension></extensions></trkpt><trkpt lat="56.024035" lon="37.85212"><ele>167.6</ele><time>2026-06-24T04:24:09Z</time><extensions><gpxtpx:TrackPointExtension><gpxtpx:hr>125</gpxtpx:hr></gpxtpx:TrackPointExtension></extensions></trkpt><trkpt lat="56.02401" lon="37.852117"><ele>167.4</ele><time>2026-06-24T04:24:10Z</time><extensions><gpxtpx:TrackPointExtension><gpxtpx:hr>125</gpxtpx:hr></gpxtpx:TrackPointExtension></extensions></trkpt><trkpt lat="56.023985" lon="37.852117"><ele>167.4</ele><time>2026-06-24T04:24:11Z</time><extensions><gpxtpx:TrackPointExtension><gpxtpx:hr>125</gpxtpx:hr></gpxtpx:TrackPointExtension></extensions></trkpt><trkpt lat="56.02396" lon="37.852127"><ele>167.4</ele><time>2026-06-24T04:24:12Z</time><extensions><gpxtpx:TrackPointExtension><gpxtpx:hr>126</gpxtpx:hr></gpxtpx:TrackPointExtension></extensions></trkpt><trkpt lat="56.023935" lon="37.852137"><ele>167.4</ele><time>2026-06-24T04:24:13Z</time><extensions><gpxtpx:TrackPointExtension><gpxtpx:hr>126</gpxtpx:hr></gpxtpx:TrackPointExtension></extensions></trkpt><trkpt lat="56.023912" lon="37.852155"><ele>167.4</ele><time>2026-06-24T04:24:14Z</time><extensions><gpxtpx:TrackPointExtension><gpxtpx:hr>127</gpxtpx:hr></gpxtpx:TrackPointExtension></extensions></trkpt><trkpt lat="56.023892" lon="37.852172"><ele>167.4</ele><time>2026-06-24T04:24:15Z</time><extensions><gpxtpx:TrackPointExtension><gpxtpx:hr>128</gpxtpx:hr></gpxtpx:TrackPointExtension></extensions></trkpt><trkpt lat="56.023872" lon="37.852197"><ele>167.4</ele><time>2026-06-24T04:24:16Z</time><extensions><gpxtpx:TrackPointExtension><gpxtpx:hr>128</gpxtpx:hr></gpxtpx:TrackPointExtension></extensions></trkpt><trkpt lat="56.023855" lon="37.852227"><ele>167.4</ele><time>2026-06-24T04:24:17Z</time><extensions><gpxtpx:TrackPointExtension><gpxtpx:hr>128</gpxtpx:hr></gpxtpx:TrackPointExtension></extensions></trkpt><trkpt lat="56.02384" lon="37.852262"><ele>167.4</ele><time>2026-06-24T04:24:18Z</time><extensions><gpxtpx:TrackPointExtension><gpxtpx:hr>128</gpxtpx:hr></gpxtpx:TrackPointExtension></extensions></trkpt><trkpt lat="56.023827" lon="37.852302"><ele>167.4</ele><time>2026-06-24T04:24:19Z</time><extensions><gpxtpx:TrackPointExtension><gpxtpx:hr>129</gpxtpx:hr></gpxtpx:TrackPointExtension></extensions></trkpt><trkpt lat="56.023817" lon="37.852342"><ele>167.4</ele><time>2026-06-24T04:24:20Z</time><extensions><gpxtpx:TrackPointExtension><gpxtpx:hr>128</gpxtpx:hr></gpxtpx:TrackPointExtension></extensions></trkpt><trkpt lat="56.023812" lon="37.852387"><ele>167.4</ele><time>2026-06-24T04:24:21Z</time><extensions><gpxtpx:TrackPointExtension><gpxtpx:hr>128</gpxtpx:hr></gpxtpx:TrackPointExtension></extensions></trkpt><trkpt lat="56.023812" lon="37.852432"><ele>167.4</ele><time>2026-06-24T04:24:22Z</time><extensions><gpxtpx:TrackPointExtension><gpxtpx:hr>128</gpxtpx:hr></gpxtpx:TrackPointExtension></extensions></trkpt><trkpt lat="56.023812" lon="37.85248"><ele>167.4</ele><time>2026-06-24T04:24:23Z</time><extensions><gpxtpx:TrackPointExtension><gpxtpx:hr>128</gpxtpx:hr></gpxtpx:TrackPointExtension></extensions></trkpt><trkpt lat="56.023817" lon="37.852527"><ele>167.4</ele><time>2026-06-24T04:24:24Z</time><extensions><gpxtpx:TrackPointExtension><gpxtpx:hr>128</gpxtpx:hr></gpxtpx:TrackPointExtension></extensions></trkpt><trkpt lat="56.023827" lon="37.852572"><ele>167.4</ele><time>2026-06-24T04:24:25Z</time><extensions><gpxtpx:TrackPointExtension><gpxtpx:hr>129</gpxtpx:hr></gpxtpx:TrackPointExtension></extensions></trkpt><trkpt lat="56.023837" lon="37.852607"><ele>167.4</ele><time>2026-06-24T04:24:26Z</time><extensions><gpxtpx:TrackPointExtension><gpxtpx:hr>129</gpxtpx:hr></gpxtpx:TrackPointExtension></extensions></trkpt><trkpt lat="56.023852" lon="37.85264"><ele>167.4</ele><time>2026-06-24T04:24:27Z</time><extensions><gpxtpx:TrackPointExtension><gpxtpx:hr>129</gpxtpx:hr></gpxtpx:TrackPointExtension></extensions></trkpt><trkpt lat="56.02387" lon="37.852667"><ele>167.6</ele><time>2026-06-24T04:24:28Z</time><extensions><gpxtpx:TrackPointExtension><gpxtpx:hr>130</gpxtpx:hr></gpxtpx:TrackPointExtension></extensions></trkpt><trkpt lat="56.023892" lon="37.852682"><ele>167.6</ele><time>2026-06-24T04:24:29Z</time><extensions><gpxtpx:TrackPointExtension><gpxtpx:hr>130</gpxtpx:hr></gpxtpx:TrackPointExtension></extensions></trkpt><trkpt lat="56.023915" lon="37.852697"><ele>167.6</ele><time>2026-06-24T04:24:30Z</time><extensions><gpxtpx:TrackPointExtension><gpxtpx:hr>130</gpxtpx:hr></gpxtpx:TrackPointExtension></extensions></trkpt><trkpt lat="56.023942" lon="37.852705"><ele>167.6</ele><time>2026-06-24T04:24:31Z</time><extensions><gpxtpx:TrackPointExtension><gpxtpx:hr>130</gpxtpx:hr></gpxtpx:TrackPointExtension></extensions></trkpt><trkpt lat="56.023965" lon="37.852707"><ele>167.6</ele><time>2026-06-24T04:24:32Z</time><extensions><gpxtpx:TrackPointExtension><gpxtpx:hr>131</gpxtpx:hr></gpxtpx:TrackPointExtension></extensions></trkpt><trkpt lat="56.023992" lon="37.852707"><ele>167.6</ele><time>2026-06-24T04:24:33Z</time><extensions><gpxtpx:TrackPointExtension><gpxtpx:hr>131</gpxtpx:hr></gpxtpx:TrackPointExtension></extensions></trkpt><trkpt lat="56.024015" lon="37.852707"><ele>167.6</ele><time>2026-06-24T04:24:34Z</time><extensions><gpxtpx:TrackPointExtension><gpxtpx:hr>132</gpxtpx:hr></gpxtpx:TrackPointExtension></extensions></trkpt><trkpt lat="56.024037" lon="37.852707"><ele>167.6</ele><time>2026-06-24T04:24:35Z</time><extensions><gpxtpx:TrackPointExtension><gpxtpx:hr>132</gpxtpx:hr></gpxtpx:TrackPointExtension></extensions></trkpt><trkpt lat="56.024065" lon="37.852705"><ele>167.6</ele><time>2026-06-24T04:24:36Z</time><extensions><gpxtpx:TrackPointExtension><gpxtpx:hr>132</gpxtpx:hr></gpxtpx:TrackPointExtension></extensions></trkpt><trkpt lat="56.024087" lon="37.852705"><ele>167.6</ele><time>2026-06-24T04:24:37Z</time><extensions><gpxtpx:TrackPointExtension><gpxtpx:hr>133</gpxtpx:hr></gpxtpx:TrackPointExtension></extensions></trkpt><trkpt lat="56.024112" lon="37.852705"><ele>167.6</ele><time>2026-06-24T04:24:38Z</time><extensions><gpxtpx:TrackPointExtension><gpxtpx:hr>133</gpxtpx:hr></gpxtpx:TrackPointExtension></extensions></trkpt><trkpt lat="56.024137" lon="37.852707"><ele>167.6</ele><time>2026-06-24T04:24:39Z</time><extensions><gpxtpx:TrackPointExtension><gpxtpx:hr>133</gpxtpx:hr></gpxtpx:TrackPointExtension></extensions></trkpt><trkpt lat="56.024157" lon="37.852705"><ele>167.6</ele><time>2026-06-24T04:24:40Z</time><extensions><gpxtpx:TrackPointExtension><gpxtpx:hr>133</gpxtpx:hr></gpxtpx:TrackPointExtension></extensions></trkpt><trkpt lat="56.02418" lon="37.852702"><ele>167.8</ele><time>2026-06-24T04:24:41Z</time><extensions><gpxtpx:TrackPointExtension><gpxtpx:hr>133</gpxtpx:hr></gpxtpx:TrackPointExtension></extensions></trkpt><trkpt lat="56.024202" lon="37.852707"><ele>167.8</ele><time>2026-06-24T04:24:42Z</time><extensions><gpxtpx:TrackPointExtension><gpxtpx:hr>134</gpxtpx:hr></gpxtpx:TrackPointExtension></extensions></trkpt><trkpt lat="56.024222" lon="37.852707"><ele>167.8</ele><time>2026-06-24T04:24:43Z</time><extensions><gpxtpx:TrackPointExtension><gpxtpx:hr>134</gpxtpx:hr></gpxtpx:TrackPointExtension></extensions></trkpt><trkpt lat="56.024247" lon="37.852707"><ele>167.8</ele><time>2026-06-24T04:24:44Z</time><extensions><gpxtpx:TrackPointExtension><gpxtpx:hr>135</gpxtpx:hr></gpxtpx:TrackPointExtension></extensions></trkpt><trkpt lat="56.024272" lon="37.852712"><ele>167.8</ele><time>2026-06-24T04:24:45Z</time><extensions><gpxtpx:TrackPointExtension><gpxtpx:hr>135</gpxtpx:hr></gpxtpx:TrackPointExtension></extensions></trkpt><trkpt lat="56.02432" lon="37.852715"><ele>167.8</ele><time>2026-06-24T04:24:47Z</time><extensions><gpxtpx:TrackPointExtension><gpxtpx:hr>134</gpxtpx:hr></gpxtpx:TrackPointExtension></extensions></trkpt><trkpt lat="56.024342" lon="37.852712"><ele>167.8</ele><time>2026-06-24T04:24:48Z</time><extensions><gpxtpx:TrackPointExtension><gpxtpx:hr>134</gpxtpx:hr></gpxtpx:TrackPointExtension></extensions></trkpt><trkpt lat="56.024365" lon="37.852712"><ele>167.6</ele><time>2026-06-24T04:24:49Z</time><extensions><gpxtpx:TrackPointExtension><gpxtpx:hr>135</gpxtpx:hr></gpxtpx:TrackPointExtension></extensions></trkpt><trkpt lat="56.02439" lon="37.852712"><ele>167.6</ele><time>2026-06-24T04:24:50Z</time><extensions><gpxtpx:TrackPointExtension><gpxtpx:hr>135</gpxtpx:hr></gpxtpx:TrackPointExtension></extensions></trkpt><trkpt lat="56.024415" lon="37.852702"><ele>167.6</ele><time>2026-06-24T04:24:51Z</time><extensions><gpxtpx:TrackPointExtension><gpxtpx:hr>137</gpxtpx:hr></gpxtpx:TrackPointExtension></extensions></trkpt><trkpt lat="56.024437" lon="37.852695"><ele>167.6</ele><time>2026-06-24T04:24:52Z</time><extensions><gpxtpx:TrackPointExtension><gpxtpx:hr>138</gpxtpx:hr></gpxtpx:TrackPointExtension></extensions></trkpt><trkpt lat="56.024462" lon="37.852677"><ele>167.6</ele><time>2026-06-24T04:24:53Z</time><extensions><gpxtpx:TrackPointExtension><gpxtpx:hr>139</gpxtpx:hr></gpxtpx:TrackPointExtension></extensions></trkpt><trkpt lat="56.024482" lon="37.852652"><ele>167.8</ele><time>2026-06-24T04:24:54Z</time><extensions><gpxtpx:TrackPointExtension><gpxtpx:hr>139</gpxtpx:hr></gpxtpx:TrackPointExtension></extensions></trkpt><trkpt lat="56.024522" lon="37.852602"><ele>167.8</ele><time>2026-06-24T04:24:56Z</time><extensions><gpxtpx:TrackPointExtension><gpxtpx:hr>138</gpxtpx:hr></gpxtpx:TrackPointExtension></extensions></trkpt><trkpt lat="56.024537" lon="37.852567"><ele>167.8</ele><time>2026-06-24T04:24:57Z</time><extensions><gpxtpx:TrackPointExtension><gpxtpx:hr>138</gpxtpx:hr></gpxtpx:TrackPointExtension></extensions></trkpt><trkpt lat="56.02455" lon="37.852532"><ele>167.6</ele><time>2026-06-24T04:24:58Z</time><extensions><gpxtpx:TrackPointExtension><gpxtpx:hr>139</gpxtpx:hr></gpxtpx:TrackPointExtension></extensions></trkpt><trkpt lat="56.024557" lon="37.852492"><ele>167.6</ele><time>2026-06-24T04:24:59Z</time><extensions><gpxtpx:TrackPointExtension><gpxtpx:hr>139</gpxtpx:hr></gpxtpx:TrackPointExtension></extensions></trkpt><trkpt lat="56.02456" lon="37.852455"><ele>167.4</ele><time>2026-06-24T04:25:00Z</time><extensions><gpxtpx:TrackPointExtension><gpxtpx:hr>140</gpxtpx:hr></gpxtpx:TrackPointExtension></extensions></trkpt><trkpt lat="56.024557" lon="37.852412"><ele>167.4</ele><time>2026-06-24T04:25:01Z</time><extensions><gpxtpx:TrackPointExtension><gpxtpx:hr>140</gpxtpx:hr></gpxtpx:TrackPointExtension></extensions></trkpt><trkpt lat="56.02455" lon="37.852372"><ele>167.4</ele><time>2026-06-24T04:25:02Z</time><extensions><gpxtpx:TrackPointExtension><gpxtpx:hr>140</gpxtpx:hr></gpxtpx:TrackPointExtension></extensions></trkpt><trkpt lat="56.024542" lon="37.852337"><ele>167.4</ele><time>2026-06-24T04:25:03Z</time><extensions><gpxtpx:TrackPointExtension><gpxtpx:hr>140</gpxtpx:hr></gpxtpx:TrackPointExtension></extensions></trkpt><trkpt lat="56.024532" lon="37.852302"><ele>167.4</ele><time>2026-06-24T04:25:04Z</time><extensions><gpxtpx:TrackPointExtension><gpxtpx:hr>140</gpxtpx:hr></gpxtpx:TrackPointExtension></extensions></trkpt><trkpt lat="56.024517" lon="37.85227"><ele>167.4</ele><time>2026-06-24T04:25:05Z</time><extensions><gpxtpx:TrackPointExtension><gpxtpx:hr>138</gpxtpx:hr></gpxtpx:TrackPointExtension></extensions></trkpt><trkpt lat="56.024497" lon="37.852242"><ele>167.4</ele><time>2026-06-24T04:25:06Z</time><extensions><gpxtpx:TrackPointExtension><gpxtpx:hr>138</gpxtpx:hr></gpxtpx:TrackPointExtension></extensions></trkpt><trkpt lat="56.024477" lon="37.852217"><ele>167.4</ele><time>2026-06-24T04:25:07Z</time><extensions><gpxtpx:TrackPointExtension><gpxtpx:hr>139</gpxtpx:hr></gpxtpx:TrackPointExtension></extensions></trkpt><trkpt lat="56.024455" lon="37.852195"><ele>167.4</ele><time>2026-06-24T04:25:08Z</time><extensions><gpxtpx:TrackPointExtension><gpxtpx:hr>139</gpxtpx:hr></gpxtpx:TrackPointExtension></extensions></trkpt><trkpt lat="56.024432" lon="37.852175"><ele>167.4</ele><time>2026-06-24T04:25:09Z</time><extensions><gpxtpx:TrackPointExtension><gpxtpx:hr>139</gpxtpx:hr></gpxtpx:TrackPointExtension></extensions></trkpt><trkpt lat="56.024407" lon="37.852162"><ele>167.4</ele><time>2026-06-24T04:25:10Z</time><extensions><gpxtpx:TrackPointExtension><gpxtpx:hr>139</gpxtpx:hr></gpxtpx:TrackPointExtension></extensions></trkpt><trkpt lat="56.024387" lon="37.85216"><ele>167.4</ele><time>2026-06-24T04:25:11Z</time><extensions><gpxtpx:TrackPointExtension><gpxtpx:hr>139</gpxtpx:hr></gpxtpx:TrackPointExtension></extensions></trkpt><trkpt lat="56.024362" lon="37.85216"><ele>167.4</ele><time>2026-06-24T04:25:12Z</time><extensions><gpxtpx:TrackPointExtension><gpxtpx:hr>138</gpxtpx:hr></gpxtpx:TrackPointExtension></extensions></trkpt><trkpt lat="56.024317" lon="37.85216"><ele>167.4</ele><time>2026-06-24T04:25:14Z</time><extensions><gpxtpx:TrackPointExtension><gpxtpx:hr>139</gpxtpx:hr></gpxtpx:TrackPointExtension></extensions></trkpt><trkpt lat="56.024292" lon="37.852162"><ele>167.4</ele><time>2026-06-24T04:25:15Z</time><extensions><gpxtpx:TrackPointExtension><gpxtpx:hr>137</gpxtpx:hr></gpxtpx:TrackPointExtension></extensions></trkpt><trkpt lat="56.024267" lon="37.852165"><ele>167.6</ele><time>2026-06-24T04:25:16Z</time><extensions><gpxtpx:TrackPointExtension><gpxtpx:hr>138</gpxtpx:hr></gpxtpx:TrackPointExtension></extensions></trkpt><trkpt lat="56.024245" lon="37.852165"><ele>167.6</ele><time>2026-06-24T04:25:17Z</time><extensions><gpxtpx:TrackPointExtension><gpxtpx:hr>138</gpxtpx:hr></gpxtpx:TrackPointExtension></extensions></trkpt><trkpt lat="56.02422" lon="37.852162"><ele>167.6</ele><time>2026-06-24T04:25:18Z</time><extensions><gpxtpx:TrackPointExtension><gpxtpx:hr>138</gpxtpx:hr></gpxtpx:TrackPointExtension></extensions></trkpt><trkpt lat="56.024197" lon="37.852167"><ele>167.6</ele><time>2026-06-24T04:25:19Z</time><extensions><gpxtpx:TrackPointExtension><gpxtpx:hr>139</gpxtpx:hr></gpxtpx:TrackPointExtension></extensions></trkpt><trkpt lat="56.024172" lon="37.852167"><ele>167.6</ele><time>2026-06-24T04:25:20Z</time><extensions><gpxtpx:TrackPointExtension><gpxtpx:hr>139</gpxtpx:hr></gpxtpx:TrackPointExtension></extensions></trkpt><trkpt lat="56.024147" lon="37.852167"><ele>167.6</ele><time>2026-06-24T04:25:21Z</time><extensions><gpxtpx:TrackPointExtension><gpxtpx:hr>138</gpxtpx:hr></gpxtpx:TrackPointExtension></extensions></trkpt><trkpt lat="56.024127" lon="37.852167"><ele>167.4</ele><time>2026-06-24T04:25:22Z</time><extensions><gpxtpx:TrackPointExtension><gpxtpx:hr>138</gpxtpx:hr></gpxtpx:TrackPointExtension></extensions></trkpt><trkpt lat="56.024105" lon="37.852167"><ele>167.4</ele><time>2026-06-24T04:25:23Z</time><extensions><gpxtpx:TrackPointExtension><gpxtpx:hr>138</gpxtpx:hr></gpxtpx:TrackPointExtension></extensions></trkpt><trkpt lat="56.024082" lon="37.852167"><ele>167.4</ele><time>2026-06-24T04:25:24Z</time><extensions><gpxtpx:TrackPointExtension><gpxtpx:hr>139</gpxtpx:hr></gpxtpx:TrackPointExtension></extensions></trkpt><trkpt lat="56.02406" lon="37.852167"><ele>167.6</ele><time>2026-06-24T04:25:25Z</time><extensions><gpxtpx:TrackPointExtension><gpxtpx:hr>138</gpxtpx:hr></gpxtpx:TrackPointExtension></extensions></trkpt><trkpt lat="56.024037" lon="37.852167"><ele>167.6</ele><time>2026-06-24T04:25:26Z</time><extensions><gpxtpx:TrackPointExtension><gpxtpx:hr>139</gpxtpx:hr></gpxtpx:TrackPointExtension></extensions></trkpt><trkpt lat="56.024012" lon="37.852165"><ele>167.6</ele><time>2026-06-24T04:25:27Z</time><extensions><gpxtpx:TrackPointExtension><gpxtpx:hr>139</gpxtpx:hr></gpxtpx:TrackPointExtension></extensions></trkpt><trkpt lat="56.023992" lon="37.852167"><ele>167.6</ele><time>2026-06-24T04:25:28Z</time><extensions><gpxtpx:TrackPointExtension><gpxtpx:hr>139</gpxtpx:hr></gpxtpx:TrackPointExtension></extensions></trkpt><trkpt lat="56.023967" lon="37.85217"><ele>167.6</ele><time>2026-06-24T04:25:29Z</time><extensions><gpxtpx:TrackPointExtension><gpxtpx:hr>138</gpxtpx:hr></gpxtpx:TrackPointExtension></extensions></trkpt><trkpt lat="56.023945" lon="37.852182"><ele>167.6</ele><time>2026-06-24T04:25:30Z</time><extensions><gpxtpx:TrackPointExtension><gpxtpx:hr>138</gpxtpx:hr></gpxtpx:TrackPointExtension></extensions></trkpt><trkpt lat="56.023922" lon="37.852192"><ele>167.6</ele><time>2026-06-24T04:25:31Z</time><extensions><gpxtpx:TrackPointExtension><gpxtpx:hr>138</gpxtpx:hr></gpxtpx:TrackPointExtension></extensions></trkpt><trkpt lat="56.023902" lon="37.852215"><ele>167.6</ele><time>2026-06-24T04:25:32Z</time><extensions><gpxtpx:TrackPointExtension><gpxtpx:hr>137</gpxtpx:hr></gpxtpx:TrackPointExtension></extensions></trkpt><trkpt lat="56.02388" lon="37.852237"><ele>167.6</ele><time>2026-06-24T04:25:33Z</time><extensions><gpxtpx:TrackPointExtension><gpxtpx:hr>138</gpxtpx:hr></gpxtpx:TrackPointExtension></extensions></trkpt><trkpt lat="56.023862" lon="37.852267"><ele>167.6</ele><time>2026-06-24T04:25:34Z</time><extensions><gpxtpx:TrackPointExtension><gpxtpx:hr>139</gpxtpx:hr></gpxtpx:TrackPointExtension></extensions></trkpt><trkpt lat="56.02385" lon="37.852302"><ele>167.6</ele><time>2026-06-24T04:25:35Z</time><extensions><gpxtpx:TrackPointExtension><gpxtpx:hr>139</gpxtpx:hr></gpxtpx:TrackPointExtension></extensions></trkpt><trkpt lat="56.023837" lon="37.85234"><ele>167.6</ele><time>2026-06-24T04:25:36Z</time><extensions><gpxtpx:TrackPointExtension><gpxtpx:hr>139</gpxtpx:hr></gpxtpx:TrackPointExtension></extensions></trkpt><trkpt lat="56.02383" lon="37.852377"><ele>167.6</ele><time>2026-06-24T04:25:37Z</time><extensions><gpxtpx:TrackPointExtension><gpxtpx:hr>138</gpxtpx:hr></gpxtpx:TrackPointExtension></extensions></trkpt><trkpt lat="56.023825" lon="37.85242"><ele>167.6</ele><time>2026-06-24T04:25:38Z</time><extensions><gpxtpx:TrackPointExtension><gpxtpx:hr>139</gpxtpx:hr></gpxtpx:TrackPointExtension></extensions></trkpt><trkpt lat="56.023822" lon="37.852465"><ele>167.4</ele><time>2026-06-24T04:25:39Z</time><extensions><gpxtpx:TrackPointExtension><gpxtpx:hr>140</gpxtpx:hr></gpxtpx:TrackPointExtension></extensions></trkpt><trkpt lat="56.023825" lon="37.852507"><ele>167.4</ele><time>2026-06-24T04:25:40Z</time><extensions><gpxtpx:TrackPointExtension><gpxtpx:hr>140</gpxtpx:hr></gpxtpx:TrackPointExtension></extensions></trkpt><trkpt lat="56.023833" lon="37.852552"><ele>167.4</ele><time>2026-06-24T04:25:41Z</time><extensions><gpxtpx:TrackPointExtension><gpxtpx:hr>140</gpxtpx:hr></gpxtpx:TrackPointExtension></extensions></trkpt><trkpt lat="56.023845" lon="37.852592"><ele>167.6</ele><time>2026-06-24T04:25:42Z</time><extensions><gpxtpx:TrackPointExtension><gpxtpx:hr>140</gpxtpx:hr></gpxtpx:TrackPointExtension></extensions></trkpt><trkpt lat="56.023855" lon="37.852637"><ele>167.6</ele><time>2026-06-24T04:25:43Z</time><extensions><gpxtpx:TrackPointExtension><gpxtpx:hr>140</gpxtpx:hr></gpxtpx:TrackPointExtension></extensions></trkpt><trkpt lat="56.02387" lon="37.85267"><ele>167.6</ele><time>2026-06-24T04:25:44Z</time><extensions><gpxtpx:TrackPointExtension><gpxtpx:hr>140</gpxtpx:hr></gpxtpx:TrackPointExtension></extensions></trkpt><trkpt lat="56.023887" lon="37.852695"><ele>167.6</ele><time>2026-06-24T04:25:45Z</time><extensions><gpxtpx:TrackPointExtension><gpxtpx:hr>139</gpxtpx:hr></gpxtpx:TrackPointExtension></extensions></trkpt><trkpt lat="56.023902" lon="37.852717"><ele>167.6</ele><time>2026-06-24T04:25:46Z</time><extensions><gpxtpx:TrackPointExtension><gpxtpx:hr>139</gpxtpx:hr></gpxtpx:TrackPointExtension></extensions></trkpt><trkpt lat="56.023925" lon="37.852732"><ele>167.6</ele><time>2026-06-24T04:25:47Z</time><extensions><gpxtpx:TrackPointExtension><gpxtpx:hr>140</gpxtpx:hr></gpxtpx:TrackPointExtension></extensions></trkpt><trkpt lat="56.023947" lon="37.852737"><ele>167.6</ele><time>2026-06-24T04:25:48Z</time><extensions><gpxtpx:TrackPointExtension><gpxtpx:hr>139</gpxtpx:hr></gpxtpx:TrackPointExtension></extensions></trkpt><trkpt lat="56.02397" lon="37.852742"><ele>167.6</ele><time>2026-06-24T04:25:49Z</time><extensions><gpxtpx:TrackPointExtension><gpxtpx:hr>139</gpxtpx:hr></gpxtpx:TrackPointExtension></extensions></trkpt><trkpt lat="56.024012" lon="37.85274"><ele>167.6</ele><time>2026-06-24T04:25:51Z</time><extensions><gpxtpx:TrackPointExtension><gpxtpx:hr>139</gpxtpx:hr></gpxtpx:TrackPointExtension></extensions></trkpt><trkpt lat="56.024037" lon="37.85274"><ele>167.6</ele><time>2026-06-24T04:25:52Z</time><extensions><gpxtpx:TrackPointExtension><gpxtpx:hr>140</gpxtpx:hr></gpxtpx:TrackPointExtension></extensions></trkpt><trkpt lat="56.024062" lon="37.852737"><ele>167.6</ele><time>2026-06-24T04:25:53Z</time><extensions><gpxtpx:TrackPointExtension><gpxtpx:hr>139</gpxtpx:hr></gpxtpx:TrackPointExtension></extensions></trkpt><trkpt lat="56.024085" lon="37.852732"><ele>167.6</ele><time>2026-06-24T04:25:54Z</time><extensions><gpxtpx:TrackPointExtension><gpxtpx:hr>139</gpxtpx:hr></gpxtpx:TrackPointExtension></extensions></trkpt><trkpt lat="56.024107" lon="37.852727"><ele>167.6</ele><time>2026-06-24T04:25:55Z</time><extensions><gpxtpx:TrackPointExtension><gpxtpx:hr>139</gpxtpx:hr></gpxtpx:TrackPointExtension></extensions></trkpt><trkpt lat="56.024132" lon="37.852725"><ele>167.6</ele><time>2026-06-24T04:25:56Z</time><extensions><gpxtpx:TrackPointExtension><gpxtpx:hr>139</gpxtpx:hr></gpxtpx:TrackPointExtension></extensions></trkpt><trkpt lat="56.024157" lon="37.852727"><ele>167.6</ele><time>2026-06-24T04:25:57Z</time><extensions><gpxtpx:TrackPointExtension><gpxtpx:hr>139</gpxtpx:hr></gpxtpx:TrackPointExtension></extensions></trkpt><trkpt lat="56.024182" lon="37.852727"><ele>167.6</ele><time>2026-06-24T04:25:58Z</time><extensions><gpxtpx:TrackPointExtension><gpxtpx:hr>140</gpxtpx:hr></gpxtpx:TrackPointExtension></extensions></trkpt><trkpt lat="56.024207" lon="37.852727"><ele>167.6</ele><time>2026-06-24T04:25:59Z</time><extensions><gpxtpx:TrackPointExtension><gpxtpx:hr>140</gpxtpx:hr></gpxtpx:TrackPointExtension></extensions></trkpt><trkpt lat="56.024232" lon="37.852727"><ele>167.6</ele><time>2026-06-24T04:26:00Z</time><extensions><gpxtpx:TrackPointExtension><gpxtpx:hr>140</gpxtpx:hr></gpxtpx:TrackPointExtension></extensions></trkpt><trkpt lat="56.024257" lon="37.852727"><ele>167.6</ele><time>2026-06-24T04:26:01Z</time><extensions><gpxtpx:TrackPointExtension><gpxtpx:hr>139</gpxtpx:hr></gpxtpx:TrackPointExtension></extensions></trkpt><trkpt lat="56.024282" lon="37.852727"><ele>167.6</ele><time>2026-06-24T04:26:02Z</time><extensions><gpxtpx:TrackPointExtension><gpxtpx:hr>140</gpxtpx:hr></gpxtpx:TrackPointExtension></extensions></trkpt><trkpt lat="56.024305" lon="37.852727"><ele>167.6</ele><time>2026-06-24T04:26:03Z</time><extensions><gpxtpx:TrackPointExtension><gpxtpx:hr>140</gpxtpx:hr></gpxtpx:TrackPointExtension></extensions></trkpt><trkpt lat="56.02433" lon="37.852725"><ele>167.6</ele><time>2026-06-24T04:26:04Z</time><extensions><gpxtpx:TrackPointExtension><gpxtpx:hr>140</gpxtpx:hr></gpxtpx:TrackPointExtension></extensions></trkpt><trkpt lat="56.024355" lon="37.852725"><ele>167.6</ele><time>2026-06-24T04:26:05Z</time><extensions><gpxtpx:TrackPointExtension><gpxtpx:hr>141</gpxtpx:hr></gpxtpx:TrackPointExtension></extensions></trkpt><trkpt lat="56.024377" lon="37.852725"><ele>167.8</ele><time>2026-06-24T04:26:06Z</time><extensions><gpxtpx:TrackPointExtension><gpxtpx:hr>140</gpxtpx:hr></gpxtpx:TrackPointExtension></extensions></trkpt><trkpt lat="56.024402" lon="37.85272"><ele>167.8</ele><time>2026-06-24T04:26:07Z</time><extensions><gpxtpx:TrackPointExtension><gpxtpx:hr>140</gpxtpx:hr></gpxtpx:TrackPointExtension></extensions></trkpt><trkpt lat="56.024427" lon="37.852712"><ele>167.8</ele><time>2026-06-24T04:26:08Z</time><extensions><gpxtpx:TrackPointExtension><gpxtpx:hr>140</gpxtpx:hr></gpxtpx:TrackPointExtension></extensions></trkpt><trkpt lat="56.024447" lon="37.852702"><ele>167.8</ele><time>2026-06-24T04:26:09Z</time><extensions><gpxtpx:TrackPointExtension><gpxtpx:hr>138</gpxtpx:hr></gpxtpx:TrackPointExtension></extensions></trkpt><trkpt lat="56.02447" lon="37.852687"><ele>167.8</ele><time>2026-06-24T04:26:10Z</time><extensions><gpxtpx:TrackPointExtension><gpxtpx:hr>139</gpxtpx:hr></gpxtpx:TrackPointExtension></extensions></trkpt><trkpt lat="56.02449" lon="37.852672"><ele>167.8</ele><time>2026-06-24T04:26:11Z</time><extensions><gpxtpx:TrackPointExtension><gpxtpx:hr>138</gpxtpx:hr></gpxtpx:TrackPointExtension></extensions></trkpt><trkpt lat="56.024507" lon="37.85265"><ele>167.8</ele><time>2026-06-24T04:26:12Z</time><extensions><gpxtpx:TrackPointExtension><gpxtpx:hr>138</gpxtpx:hr></gpxtpx:TrackPointExtension></extensions></trkpt><trkpt lat="56.024522" lon="37.852627"><ele>167.8</ele><time>2026-06-24T04:26:13Z</time><extensions><gpxtpx:TrackPointExtension><gpxtpx:hr>138</gpxtpx:hr></gpxtpx:TrackPointExtension></extensions></trkpt><trkpt lat="56.024542" lon="37.8526"><ele>167.8</ele><time>2026-06-24T04:26:14Z</time><extensions><gpxtpx:TrackPointExtension><gpxtpx:hr>137</gpxtpx:hr></gpxtpx:TrackPointExtension></extensions></trkpt><trkpt lat="56.024552" lon="37.852565"><ele>167.6</ele><time>2026-06-24T04:26:15Z</time><extensions><gpxtpx:TrackPointExtension><gpxtpx:hr>138</gpxtpx:hr></gpxtpx:TrackPointExtension></extensions></trkpt><trkpt lat="56.02456" lon="37.852525"><ele>167.6</ele><time>2026-06-24T04:26:16Z</time><extensions><gpxtpx:TrackPointExtension><gpxtpx:hr>138</gpxtpx:hr></gpxtpx:TrackPointExtension></extensions></trkpt><trkpt lat="56.024565" lon="37.852487"><ele>167.6</ele><time>2026-06-24T04:26:17Z</time><extensions><gpxtpx:TrackPointExtension><gpxtpx:hr>139</gpxtpx:hr></gpxtpx:TrackPointExtension></extensions></trkpt><trkpt lat="56.024565" lon="37.852442"><ele>167.6</ele><time>2026-06-24T04:26:18Z</time><extensions><gpxtpx:TrackPointExtension><gpxtpx:hr>139</gpxtpx:hr></gpxtpx:TrackPointExtension></extensions></trkpt><trkpt lat="56.024562" lon="37.852397"><ele>167.6</ele><time>2026-06-24T04:26:19Z</time><extensions><gpxtpx:TrackPointExtension><gpxtpx:hr>138</gpxtpx:hr></gpxtpx:TrackPointExtension></extensions></trkpt><trkpt lat="56.024552" lon="37.852357"><ele>167.4</ele><time>2026-06-24T04:26:20Z</time><extensions><gpxtpx:TrackPointExtension><gpxtpx:hr>139</gpxtpx:hr></gpxtpx:TrackPointExtension></extensions></trkpt><trkpt lat="56.024527" lon="37.852277"><ele>167.4</ele><time>2026-06-24T04:26:22Z</time><extensions><gpxtpx:TrackPointExtension><gpxtpx:hr>138</gpxtpx:hr></gpxtpx:TrackPointExtension></extensions></trkpt><trkpt lat="56.02451" lon="37.852245"><ele>167.2</ele><time>2026-06-24T04:26:23Z</time><extensions><gpxtpx:TrackPointExtension><gpxtpx:hr>138</gpxtpx:hr></gpxtpx:TrackPointExtension></extensions></trkpt><trkpt lat="56.024487" lon="37.852215"><ele>167.2</ele><time>2026-06-24T04:26:24Z</time><extensions><gpxtpx:TrackPointExtension><gpxtpx:hr>138</gpxtpx:hr></gpxtpx:TrackPointExtension></extensions></trkpt><trkpt lat="56.024467" lon="37.852187"><ele>167.2</ele><time>2026-06-24T04:26:25Z</time><extensions><gpxtpx:TrackPointExtension><gpxtpx:hr>139</gpxtpx:hr></gpxtpx:TrackPointExtension></extensions></trkpt><trkpt lat="56.02442" lon="37.852157"><ele>167.2</ele><time>2026-06-24T04:26:27Z</time><extensions><gpxtpx:TrackPointExtension><gpxtpx:hr>138</gpxtpx:hr></gpxtpx:TrackPointExtension></extensions></trkpt><trkpt lat="56.024395" lon="37.852152"><ele>167.2</ele><time>2026-06-24T04:26:28Z</time><extensions><gpxtpx:TrackPointExtension><gpxtpx:hr>139</gpxtpx:hr></gpxtpx:TrackPointExtension></extensions></trkpt><trkpt lat="56.024368" lon="37.852152"><ele>167.4</ele><time>2026-06-24T04:26:29Z</time><extensions><gpxtpx:TrackPointExtension><gpxtpx:hr>138</gpxtpx:hr></gpxtpx:TrackPointExtension></extensions></trkpt><trkpt lat="56.024342" lon="37.852152"><ele>167.4</ele><time>2026-06-24T04:26:30Z</time><extensions><gpxtpx:TrackPointExtension><gpxtpx:hr>139</gpxtpx:hr></gpxtpx:TrackPointExtension></extensions></trkpt><trkpt lat="56.024317" lon="37.852152"><ele>167.4</ele><time>2026-06-24T04:26:31Z</time><extensions><gpxtpx:TrackPointExtension><gpxtpx:hr>140</gpxtpx:hr></gpxtpx:TrackPointExtension></extensions></trkpt><trkpt lat="56.024292" lon="37.85215"><ele>167.4</ele><time>2026-06-24T04:26:32Z</time><extensions><gpxtpx:TrackPointExtension><gpxtpx:hr>140</gpxtpx:hr></gpxtpx:TrackPointExtension></extensions></trkpt><trkpt lat="56.024267" lon="37.852157"><ele>167.4</ele><time>2026-06-24T04:26:33Z</time><extensions><gpxtpx:TrackPointExtension><gpxtpx:hr>140</gpxtpx:hr></gpxtpx:TrackPointExtension></extensions></trkpt><trkpt lat="56.024245" lon="37.852157"><ele>167.4</ele><time>2026-06-24T04:26:34Z</time><extensions><gpxtpx:TrackPointExtension><gpxtpx:hr>139</gpxtpx:hr></gpxtpx:TrackPointExtension></extensions></trkpt><trkpt lat="56.024222" lon="37.852155"><ele>167.4</ele><time>2026-06-24T04:26:35Z</time><extensions><gpxtpx:TrackPointExtension><gpxtpx:hr>140</gpxtpx:hr></gpxtpx:TrackPointExtension></extensions></trkpt><trkpt lat="56.024195" lon="37.852157"><ele>167.6</ele><time>2026-06-24T04:26:36Z</time><extensions><gpxtpx:TrackPointExtension><gpxtpx:hr>140</gpxtpx:hr></gpxtpx:TrackPointExtension></extensions></trkpt><trkpt lat="56.024172" lon="37.85216"><ele>167.6</ele><time>2026-06-24T04:26:37Z</time><extensions><gpxtpx:TrackPointExtension><gpxtpx:hr>139</gpxtpx:hr></gpxtpx:TrackPointExtension></extensions></trkpt><trkpt lat="56.024147" lon="37.852157"><ele>167.6</ele><time>2026-06-24T04:26:38Z</time><extensions><gpxtpx:TrackPointExtension><gpxtpx:hr>140</gpxtpx:hr></gpxtpx:TrackPointExtension></extensions></trkpt><trkpt lat="56.024125" lon="37.852157"><ele>167.6</ele><time>2026-06-24T04:26:39Z</time><extensions><gpxtpx:TrackPointExtension><gpxtpx:hr>140</gpxtpx:hr></gpxtpx:TrackPointExtension></extensions></trkpt><trkpt lat="56.024102" lon="37.85216"><ele>167.6</ele><time>2026-06-24T04:26:40Z</time><extensions><gpxtpx:TrackPointExtension><gpxtpx:hr>140</gpxtpx:hr></gpxtpx:TrackPointExtension></extensions></trkpt><trkpt lat="56.024077" lon="37.852155"><ele>167.6</ele><time>2026-06-24T04:26:41Z</time><extensions><gpxtpx:TrackPointExtension><gpxtpx:hr>141</gpxtpx:hr></gpxtpx:TrackPointExtension></extensions></trkpt><trkpt lat="56.024052" lon="37.852152"><ele>167.6</ele><time>2026-06-24T04:26:42Z</time><extensions><gpxtpx:TrackPointExtension><gpxtpx:hr>140</gpxtpx:hr></gpxtpx:TrackPointExtension></extensions></trkpt><trkpt lat="56.02403" lon="37.852157"><ele>167.6</ele><time>2026-06-24T04:26:43Z</time><extensions><gpxtpx:TrackPointExtension><gpxtpx:hr>140</gpxtpx:hr></gpxtpx:TrackPointExtension></extensions></trkpt><trkpt lat="56.024005" lon="37.852157"><ele>167.4</ele><time>2026-06-24T04:26:44Z</time><extensions><gpxtpx:TrackPointExtension><gpxtpx:hr>141</gpxtpx:hr></gpxtpx:TrackPointExtension></extensions></trkpt><trkpt lat="56.02398" lon="37.852162"><ele>167.4</ele><time>2026-06-24T04:26:45Z</time><extensions><gpxtpx:TrackPointExtension><gpxtpx:hr>141</gpxtpx:hr></gpxtpx:TrackPointExtension></extensions></trkpt><trkpt lat="56.023957" lon="37.852165"><ele>167.4</ele><time>2026-06-24T04:26:46Z</time><extensions><gpxtpx:TrackPointExtension><gpxtpx:hr>140</gpxtpx:hr></gpxtpx:TrackPointExtension></extensions></trkpt><trkpt lat="56.023937" lon="37.85218"><ele>167.4</ele><time>2026-06-24T04:26:47Z</time><extensions><gpxtpx:TrackPointExtension><gpxtpx:hr>141</gpxtpx:hr></gpxtpx:TrackPointExtension></extensions></trkpt><trkpt lat="56.023912" lon="37.852195"><ele>167.4</ele><time>2026-06-24T04:26:48Z</time><extensions><gpxtpx:TrackPointExtension><gpxtpx:hr>140</gpxtpx:hr></gpxtpx:TrackPointExtension></extensions></trkpt><trkpt lat="56.023892" lon="37.852215"><ele>167.4</ele><time>2026-06-24T04:26:49Z</time><extensions><gpxtpx:TrackPointExtension><gpxtpx:hr>141</gpxtpx:hr></gpxtpx:TrackPointExtension></extensions></trkpt><trkpt lat="56.023875" lon="37.852242"><ele>167.6</ele><time>2026-06-24T04:26:50Z</time><extensions><gpxtpx:TrackPointExtension><gpxtpx:hr>141</gpxtpx:hr></gpxtpx:TrackPointExtension></extensions></trkpt><trkpt lat="56.023855" lon="37.852272"><ele>167.6</ele><time>2026-06-24T04:26:51Z</time><extensions><gpxtpx:TrackPointExtension><gpxtpx:hr>140</gpxtpx:hr></gpxtpx:TrackPointExtension></extensions></trkpt><trkpt lat="56.023842" lon="37.85231"><ele>167.6</ele><time>2026-06-24T04:26:52Z</time><extensions><gpxtpx:TrackPointExtension><gpxtpx:hr>141</gpxtpx:hr></gpxtpx:TrackPointExtension></extensions></trkpt><trkpt lat="56.023827" lon="37.852355"><ele>167.4</ele><time>2026-06-24T04:26:53Z</time><extensions><gpxtpx:TrackPointExtension><gpxtpx:hr>141</gpxtpx:hr></gpxtpx:TrackPointExtension></extensions></trkpt><trkpt lat="56.023817" lon="37.852402"><ele>167.6</ele><time>2026-06-24T04:26:54Z</time><extensions><gpxtpx:TrackPointExtension><gpxtpx:hr>141</gpxtpx:hr></gpxtpx:TrackPointExtension></extensions></trkpt><trkpt lat="56.023815" lon="37.852447"><ele>167.4</ele><time>2026-06-24T04:26:55Z</time><extensions><gpxtpx:TrackPointExtension><gpxtpx:hr>141</gpxtpx:hr></gpxtpx:TrackPointExtension></extensions></trkpt><trkpt lat="56.023817" lon="37.852495"><ele>167.4</ele><time>2026-06-24T04:26:56Z</time><extensions><gpxtpx:TrackPointExtension><gpxtpx:hr>142</gpxtpx:hr></gpxtpx:TrackPointExtension></extensions></trkpt><trkpt lat="56.023817" lon="37.852545"><ele>167.4</ele><time>2026-06-24T04:26:57Z</time><extensions><gpxtpx:TrackPointExtension><gpxtpx:hr>142</gpxtpx:hr></gpxtpx:TrackPointExtension></extensions></trkpt><trkpt lat="56.023825" lon="37.852582"><ele>167.4</ele><time>2026-06-24T04:26:58Z</time><extensions><gpxtpx:TrackPointExtension><gpxtpx:hr>142</gpxtpx:hr></gpxtpx:TrackPointExtension></extensions></trkpt><trkpt lat="56.023837" lon="37.852627"><ele>167.4</ele><time>2026-06-24T04:26:59Z</time><extensions><gpxtpx:TrackPointExtension><gpxtpx:hr>143</gpxtpx:hr></gpxtpx:TrackPointExtension></extensions></trkpt><trkpt lat="56.023852" lon="37.852662"><ele>167.4</ele><time>2026-06-24T04:27:00Z</time><extensions><gpxtpx:TrackPointExtension><gpxtpx:hr>144</gpxtpx:hr></gpxtpx:TrackPointExtension></extensions></trkpt><trkpt lat="56.023867" lon="37.852695"><ele>167.6</ele><time>2026-06-24T04:27:01Z</time><extensions><gpxtpx:TrackPointExtension><gpxtpx:hr>145</gpxtpx:hr></gpxtpx:TrackPointExtension></extensions></trkpt><trkpt lat="56.023887" lon="37.852722"><ele>167.6</ele><time>2026-06-24T04:27:02Z</time><extensions><gpxtpx:TrackPointExtension><gpxtpx:hr>144</gpxtpx:hr></gpxtpx:TrackPointExtension></extensions></trkpt><trkpt lat="56.023907" lon="37.85274"><ele>167.6</ele><time>2026-06-24T04:27:03Z</time><extensions><gpxtpx:TrackPointExtension><gpxtpx:hr>145</gpxtpx:hr></gpxtpx:TrackPointExtension></extensions></trkpt><trkpt lat="56.023932" lon="37.852752"><ele>167.8</ele><time>2026-06-24T04:27:04Z</time><extensions><gpxtpx:TrackPointExtension><gpxtpx:hr>146</gpxtpx:hr></gpxtpx:TrackPointExtension></extensions></trkpt><trkpt lat="56.023962" lon="37.852757"><ele>167.8</ele><time>2026-06-24T04:27:05Z</time><extensions><gpxtpx:TrackPointExtension><gpxtpx:hr>147</gpxtpx:hr></gpxtpx:TrackPointExtension></extensions></trkpt><trkpt lat="56.023992" lon="37.852765"><ele>167.8</ele><time>2026-06-24T04:27:06Z</time><extensions><gpxtpx:TrackPointExtension><gpxtpx:hr>149</gpxtpx:hr></gpxtpx:TrackPointExtension></extensions></trkpt><trkpt lat="56.02402" lon="37.852767"><ele>167.6</ele><time>2026-06-24T04:27:07Z</time><extensions><gpxtpx:TrackPointExtension><gpxtpx:hr>149</gpxtpx:hr></gpxtpx:TrackPointExtension></extensions></trkpt><trkpt lat="56.024052" lon="37.85277"><ele>167.4</ele><time>2026-06-24T04:27:08Z</time><extensions><gpxtpx:TrackPointExtension><gpxtpx:hr>149</gpxtpx:hr></gpxtpx:TrackPointExtension></extensions></trkpt><trkpt lat="56.024087" lon="37.85277"><ele>167.2</ele><time>2026-06-24T04:27:09Z</time><extensions><gpxtpx:TrackPointExtension><gpxtpx:hr>150</gpxtpx:hr></gpxtpx:TrackPointExtension></extensions></trkpt><trkpt lat="56.024122" lon="37.852767"><ele>167.2</ele><time>2026-06-24T04:27:10Z</time><extensions><gpxtpx:TrackPointExtension><gpxtpx:hr>151</gpxtpx:hr></gpxtpx:TrackPointExtension></extensions></trkpt><trkpt lat="56.024152" lon="37.852767"><ele>167.0</ele><time>2026-06-24T04:27:11Z</time><extensions><gpxtpx:TrackPointExtension><gpxtpx:hr>149</gpxtpx:hr></gpxtpx:TrackPointExtension></extensions></trkpt><trkpt lat="56.024187" lon="37.852772"><ele>167.0</ele><time>2026-06-24T04:27:12Z</time><extensions><gpxtpx:TrackPointExtension><gpxtpx:hr>151</gpxtpx:hr></gpxtpx:TrackPointExtension></extensions></trkpt><trkpt lat="56.024217" lon="37.85277"><ele>167.0</ele><time>2026-06-24T04:27:13Z</time><extensions><gpxtpx:TrackPointExtension><gpxtpx:hr>150</gpxtpx:hr></gpxtpx:TrackPointExtension></extensions></trkpt><trkpt lat="56.024252" lon="37.85277"><ele>167.0</ele><time>2026-06-24T04:27:14Z</time><extensions><gpxtpx:TrackPointExtension><gpxtpx:hr>150</gpxtpx:hr></gpxtpx:TrackPointExtension></extensions></trkpt><trkpt lat="56.024282" lon="37.852777"><ele>167.0</ele><time>2026-06-24T04:27:15Z</time><extensions><gpxtpx:TrackPointExtension><gpxtpx:hr>150</gpxtpx:hr></gpxtpx:TrackPointExtension></extensions></trkpt><trkpt lat="56.024315" lon="37.852777"><ele>167.0</ele><time>2026-06-24T04:27:16Z</time><extensions><gpxtpx:TrackPointExtension><gpxtpx:hr>148</gpxtpx:hr></gpxtpx:TrackPointExtension></extensions></trkpt><trkpt lat="56.024347" lon="37.852782"><ele>167.0</ele><time>2026-06-24T04:27:17Z</time><extensions><gpxtpx:TrackPointExtension><gpxtpx:hr>148</gpxtpx:hr></gpxtpx:TrackPointExtension></extensions></trkpt><trkpt lat="56.024377" lon="37.85279"><ele>167.0</ele><time>2026-06-24T04:27:18Z</time><extensions><gpxtpx:TrackPointExtension><gpxtpx:hr>153</gpxtpx:hr></gpxtpx:TrackPointExtension></extensions></trkpt><trkpt lat="56.024407" lon="37.85279"><ele>167.2</ele><time>2026-06-24T04:27:19Z</time><extensions><gpxtpx:TrackPointExtension><gpxtpx:hr>154</gpxtpx:hr></gpxtpx:TrackPointExtension></extensions></trkpt><trkpt lat="56.024437" lon="37.85278"><ele>167.4</ele><time>2026-06-24T04:27:20Z</time><extensions><gpxtpx:TrackPointExtension><gpxtpx:hr>155</gpxtpx:hr></gpxtpx:TrackPointExtension></extensions></trkpt><trkpt lat="56.024462" lon="37.852762"><ele>167.4</ele><time>2026-06-24T04:27:21Z</time><extensions><gpxtpx:TrackPointExtension><gpxtpx:hr>155</gpxtpx:hr></gpxtpx:TrackPointExtension></extensions></trkpt><trkpt lat="56.024482" lon="37.852737"><ele>167.4</ele><time>2026-06-24T04:27:22Z</time><extensions><gpxtpx:TrackPointExtension><gpxtpx:hr>155</gpxtpx:hr></gpxtpx:TrackPointExtension></extensions></trkpt><trkpt lat="56.0245" lon="37.852707"><ele>167.4</ele><time>2026-06-24T04:27:23Z</time><extensions><gpxtpx:TrackPointExtension><gpxtpx:hr>154</gpxtpx:hr></gpxtpx:TrackPointExtension></extensions></trkpt><trkpt lat="56.024517" lon="37.85268"><ele>167.4</ele><time>2026-06-24T04:27:24Z</time><extensions><gpxtpx:TrackPointExtension><gpxtpx:hr>155</gpxtpx:hr></gpxtpx:TrackPointExtension></extensions></trkpt><trkpt lat="56.024527" lon="37.852647"><ele>167.4</ele><time>2026-06-24T04:27:25Z</time><extensions><gpxtpx:TrackPointExtension><gpxtpx:hr>155</gpxtpx:hr></gpxtpx:TrackPointExtension></extensions></trkpt><trkpt lat="56.024542" lon="37.85261"><ele>167.4</ele><time>2026-06-24T04:27:26Z</time><extensions><gpxtpx:TrackPointExtension><gpxtpx:hr>155</gpxtpx:hr></gpxtpx:TrackPointExtension></extensions></trkpt><trkpt lat="56.02455" lon="37.852567"><ele>167.4</ele><time>2026-06-24T04:27:27Z</time><extensions><gpxtpx:TrackPointExtension><gpxtpx:hr>155</gpxtpx:hr></gpxtpx:TrackPointExtension></extensions></trkpt><trkpt lat="56.024557" lon="37.852525"><ele>167.4</ele><time>2026-06-24T04:27:28Z</time><extensions><gpxtpx:TrackPointExtension><gpxtpx:hr>154</gpxtpx:hr></gpxtpx:TrackPointExtension></extensions></trkpt><trkpt lat="56.024557" lon="37.852482"><ele>167.4</ele><time>2026-06-24T04:27:29Z</time><extensions><gpxtpx:TrackPointExtension><gpxtpx:hr>152</gpxtpx:hr></gpxtpx:TrackPointExtension></extensions></trkpt><trkpt lat="56.024557" lon="37.852442"><ele>167.6</ele><time>2026-06-24T04:27:30Z</time><extensions><gpxtpx:TrackPointExtension><gpxtpx:hr>153</gpxtpx:hr></gpxtpx:TrackPointExtension></extensions></trkpt><trkpt lat="56.02455" lon="37.852405"><ele>167.6</ele><time>2026-06-24T04:27:31Z</time><extensions><gpxtpx:TrackPointExtension><gpxtpx:hr>152</gpxtpx:hr></gpxtpx:TrackPointExtension></extensions></trkpt><trkpt lat="56.024542" lon="37.852365"><ele>167.6</ele><time>2026-06-24T04:27:32Z</time><extensions><gpxtpx:TrackPointExtension><gpxtpx:hr>153</gpxtpx:hr></gpxtpx:TrackPointExtension></extensions></trkpt><trkpt lat="56.02453" lon="37.852327"><ele>167.8</ele><time>2026-06-24T04:27:33Z</time><extensions><gpxtpx:TrackPointExtension><gpxtpx:hr>152</gpxtpx:hr></gpxtpx:TrackPointExtension></extensions></trkpt><trkpt lat="56.024517" lon="37.852293"><ele>167.6</ele><time>2026-06-24T04:27:34Z</time><extensions><gpxtpx:TrackPointExtension><gpxtpx:hr>152</gpxtpx:hr></gpxtpx:TrackPointExtension></extensions></trkpt><trkpt lat="56.0245" lon="37.852267"><ele>167.6</ele><time>2026-06-24T04:27:35Z</time><extensions><gpxtpx:TrackPointExtension><gpxtpx:hr>151</gpxtpx:hr></gpxtpx:TrackPointExtension></extensions></trkpt><trkpt lat="56.024477" lon="37.85224"><ele>167.6</ele><time>2026-06-24T04:27:36Z</time><extensions><gpxtpx:TrackPointExtension><gpxtpx:hr>153</gpxtpx:hr></gpxtpx:TrackPointExtension></extensions></trkpt><trkpt lat="56.02446" lon="37.85222"><ele>167.6</ele><time>2026-06-24T04:27:37Z</time><extensions><gpxtpx:TrackPointExtension><gpxtpx:hr>152</gpxtpx:hr></gpxtpx:TrackPointExtension></extensions></trkpt><trkpt lat="56.024438" lon="37.852205"><ele>167.6</ele><time>2026-06-24T04:27:38Z</time><extensions><gpxtpx:TrackPointExtension><gpxtpx:hr>152</gpxtpx:hr></gpxtpx:TrackPointExtension></extensions></trkpt><trkpt lat="56.024417" lon="37.852192"><ele>167.6</ele><time>2026-06-24T04:27:39Z</time><extensions><gpxtpx:TrackPointExtension><gpxtpx:hr>152</gpxtpx:hr></gpxtpx:TrackPointExtension></extensions></trkpt><trkpt lat="56.024392" lon="37.852187"><ele>167.6</ele><time>2026-06-24T04:27:40Z</time><extensions><gpxtpx:TrackPointExtension><gpxtpx:hr>152</gpxtpx:hr></gpxtpx:TrackPointExtension></extensions></trkpt><trkpt lat="56.024372" lon="37.852182"><ele>167.6</ele><time>2026-06-24T04:27:41Z</time><extensions><gpxtpx:TrackPointExtension><gpxtpx:hr>150</gpxtpx:hr></gpxtpx:TrackPointExtension></extensions></trkpt><trkpt lat="56.024347" lon="37.852182"><ele>167.6</ele><time>2026-06-24T04:27:42Z</time><extensions><gpxtpx:TrackPointExtension><gpxtpx:hr>150</gpxtpx:hr></gpxtpx:TrackPointExtension></extensions></trkpt><trkpt lat="56.024322" lon="37.852182"><ele>167.6</ele><time>2026-06-24T04:27:43Z</time><extensions><gpxtpx:TrackPointExtension><gpxtpx:hr>150</gpxtpx:hr></gpxtpx:TrackPointExtension></extensions></trkpt><trkpt lat="56.024297" lon="37.852182"><ele>167.6</ele><time>2026-06-24T04:27:44Z</time><extensions><gpxtpx:TrackPointExtension><gpxtpx:hr>151</gpxtpx:hr></gpxtpx:TrackPointExtension></extensions></trkpt><trkpt lat="56.024272" lon="37.852182"><ele>167.6</ele><time>2026-06-24T04:27:45Z</time><extensions><gpxtpx:TrackPointExtension><gpxtpx:hr>151</gpxtpx:hr></gpxtpx:TrackPointExtension></extensions></trkpt><trkpt lat="56.024252" lon="37.852182"><ele>167.8</ele><time>2026-06-24T04:27:46Z</time><extensions><gpxtpx:TrackPointExtension><gpxtpx:hr>150</gpxtpx:hr></gpxtpx:TrackPointExtension></extensions></trkpt><trkpt lat="56.024227" lon="37.852182"><ele>167.8</ele><time>2026-06-24T04:27:47Z</time><extensions><gpxtpx:TrackPointExtension><gpxtpx:hr>150</gpxtpx:hr></gpxtpx:TrackPointExtension></extensions></trkpt><trkpt lat="56.024205" lon="37.852182"><ele>167.6</ele><time>2026-06-24T04:27:48Z</time><extensions><gpxtpx:TrackPointExtension><gpxtpx:hr>150</gpxtpx:hr></gpxtpx:TrackPointExtension></extensions></trkpt><trkpt lat="56.024177" lon="37.852185"><ele>167.6</ele><time>2026-06-24T04:27:49Z</time><extensions><gpxtpx:TrackPointExtension><gpxtpx:hr>149</gpxtpx:hr></gpxtpx:TrackPointExtension></extensions></trkpt><trkpt lat="56.02413" lon="37.852187"><ele>167.6</ele><time>2026-06-24T04:27:51Z</time><extensions><gpxtpx:TrackPointExtension><gpxtpx:hr>149</gpxtpx:hr></gpxtpx:TrackPointExtension></extensions></trkpt><trkpt lat="56.024105" lon="37.85219"><ele>167.6</ele><time>2026-06-24T04:27:52Z</time><extensions><gpxtpx:TrackPointExtension><gpxtpx:hr>150</gpxtpx:hr></gpxtpx:TrackPointExtension></extensions></trkpt><trkpt lat="56.024082" lon="37.85219"><ele>167.6</ele><time>2026-06-24T04:27:53Z</time><extensions><gpxtpx:TrackPointExtension><gpxtpx:hr>150</gpxtpx:hr></gpxtpx:TrackPointExtension></extensions></trkpt><trkpt lat="56.024055" lon="37.852187"><ele>167.6</ele><time>2026-06-24T04:27:54Z</time><extensions><gpxtpx:TrackPointExtension><gpxtpx:hr>149</gpxtpx:hr></gpxtpx:TrackPointExtension></extensions></trkpt><trkpt lat="56.024032" lon="37.852182"><ele>167.6</ele><time>2026-06-24T04:27:55Z</time><extensions><gpxtpx:TrackPointExtension><gpxtpx:hr>149</gpxtpx:hr></gpxtpx:TrackPointExtension></extensions></trkpt><trkpt lat="56.024007" lon="37.85218"><ele>167.6</ele><time>2026-06-24T04:27:56Z</time><extensions><gpxtpx:TrackPointExtension><gpxtpx:hr>149</gpxtpx:hr></gpxtpx:TrackPointExtension></extensions></trkpt><trkpt lat="56.023982" lon="37.85218"><ele>167.6</ele><time>2026-06-24T04:27:57Z</time><extensions><gpxtpx:TrackPointExtension><gpxtpx:hr>151</gpxtpx:hr></gpxtpx:TrackPointExtension></extensions></trkpt><trkpt lat="56.023957" lon="37.852182"><ele>167.6</ele><time>2026-06-24T04:27:58Z</time><extensions><gpxtpx:TrackPointExtension><gpxtpx:hr>151</gpxtpx:hr></gpxtpx:TrackPointExtension></extensions></trkpt><trkpt lat="56.023935" lon="37.85219"><ele>167.6</ele><time>2026-06-24T04:27:59Z</time><extensions><gpxtpx:TrackPointExtension><gpxtpx:hr>150</gpxtpx:hr></gpxtpx:TrackPointExtension></extensions></trkpt><trkpt lat="56.02391" lon="37.852197"><ele>167.6</ele><time>2026-06-24T04:28:00Z</time><extensions><gpxtpx:TrackPointExtension><gpxtpx:hr>150</gpxtpx:hr></gpxtpx:TrackPointExtension></extensions></trkpt><trkpt lat="56.02389" lon="37.852217"><ele>167.6</ele><time>2026-06-24T04:28:01Z</time><extensions><gpxtpx:TrackPointExtension><gpxtpx:hr>148</gpxtpx:hr></gpxtpx:TrackPointExtension></extensions></trkpt><trkpt lat="56.023872" lon="37.85224"><ele>167.8</ele><time>2026-06-24T04:28:02Z</time><extensions><gpxtpx:TrackPointExtension><gpxtpx:hr>149</gpxtpx:hr></gpxtpx:TrackPointExtension></extensions></trkpt><trkpt lat="56.023855" lon="37.852267"><ele>167.6</ele><time>2026-06-24T04:28:03Z</time><extensions><gpxtpx:TrackPointExtension><gpxtpx:hr>150</gpxtpx:hr></gpxtpx:TrackPointExtension></extensions></trkpt><trkpt lat="56.023842" lon="37.852297"><ele>167.6</ele><time>2026-06-24T04:28:04Z</time><extensions><gpxtpx:TrackPointExtension><gpxtpx:hr>151</gpxtpx:hr></gpxtpx:TrackPointExtension></extensions></trkpt><trkpt lat="56.023827" lon="37.852337"><ele>167.6</ele><time>2026-06-24T04:28:05Z</time><extensions><gpxtpx:TrackPointExtension><gpxtpx:hr>150</gpxtpx:hr></gpxtpx:TrackPointExtension></extensions></trkpt><trkpt lat="56.023817" lon="37.852377"><ele>167.6</ele><time>2026-06-24T04:28:06Z</time><extensions><gpxtpx:TrackPointExtension><gpxtpx:hr>149</gpxtpx:hr></gpxtpx:TrackPointExtension></extensions></trkpt><trkpt lat="56.02381" lon="37.852417"><ele>167.6</ele><time>2026-06-24T04:28:07Z</time><extensions><gpxtpx:TrackPointExtension><gpxtpx:hr>151</gpxtpx:hr></gpxtpx:TrackPointExtension></extensions></trkpt><trkpt lat="56.023805" lon="37.852462"><ele>167.6</ele><time>2026-06-24T04:28:08Z</time><extensions><gpxtpx:TrackPointExtension><gpxtpx:hr>149</gpxtpx:hr></gpxtpx:TrackPointExtension></extensions></trkpt><trkpt lat="56.023805" lon="37.852507"><ele>167.6</ele><time>2026-06-24T04:28:09Z</time><extensions><gpxtpx:TrackPointExtension><gpxtpx:hr>150</gpxtpx:hr></gpxtpx:TrackPointExtension></extensions></trkpt><trkpt lat="56.023807" lon="37.85255"><ele>167.6</ele><time>2026-06-24T04:28:10Z</time><extensions><gpxtpx:TrackPointExtension><gpxtpx:hr>150</gpxtpx:hr></gpxtpx:TrackPointExtension></extensions></trkpt><trkpt lat="56.023817" lon="37.85259"><ele>167.8</ele><time>2026-06-24T04:28:11Z</time><extensions><gpxtpx:TrackPointExtension><gpxtpx:hr>150</gpxtpx:hr></gpxtpx:TrackPointExtension></extensions></trkpt><trkpt lat="56.023827" lon="37.852627"><ele>167.8</ele><time>2026-06-24T04:28:12Z</time><extensions><gpxtpx:TrackPointExtension><gpxtpx:hr>148</gpxtpx:hr></gpxtpx:TrackPointExtension></extensions></trkpt><trkpt lat="56.02384" lon="37.852662"><ele>167.8</ele><time>2026-06-24T04:28:13Z</time><extensions><gpxtpx:TrackPointExtension><gpxtpx:hr>149</gpxtpx:hr></gpxtpx:TrackPointExtension></extensions></trkpt><trkpt lat="56.023857" lon="37.85269"><ele>167.8</ele><time>2026-06-24T04:28:14Z</time><extensions><gpxtpx:TrackPointExtension><gpxtpx:hr>148</gpxtpx:hr></gpxtpx:TrackPointExtension></extensions></trkpt><trkpt lat="56.023872" lon="37.852717"><ele>167.8</ele><time>2026-06-24T04:28:15Z</time><extensions><gpxtpx:TrackPointExtension><gpxtpx:hr>149</gpxtpx:hr></gpxtpx:TrackPointExtension></extensions></trkpt><trkpt lat="56.023892" lon="37.852742"><ele>168.0</ele><time>2026-06-24T04:28:16Z</time><extensions><gpxtpx:TrackPointExtension><gpxtpx:hr>148</gpxtpx:hr></gpxtpx:TrackPointExtension></extensions></trkpt><trkpt lat="56.023912" lon="37.852762"><ele>168.0</ele><time>2026-06-24T04:28:17Z</time><extensions><gpxtpx:TrackPointExtension><gpxtpx:hr>147</gpxtpx:hr></gpxtpx:TrackPointExtension></extensions></trkpt><trkpt lat="56.023957" lon="37.85278"><ele>168.0</ele><time>2026-06-24T04:28:19Z</time><extensions><gpxtpx:TrackPointExtension><gpxtpx:hr>149</gpxtpx:hr></gpxtpx:TrackPointExtension></extensions></trkpt><trkpt lat="56.02398" lon="37.852782"><ele>168.0</ele><time>2026-06-24T04:28:20Z</time><extensions><gpxtpx:TrackPointExtension><gpxtpx:hr>148</gpxtpx:hr></gpxtpx:TrackPointExtension></extensions></trkpt><trkpt lat="56.024005" lon="37.852782"><ele>168.0</ele><time>2026-06-24T04:28:21Z</time><extensions><gpxtpx:TrackPointExtension><gpxtpx:hr>149</gpxtpx:hr></gpxtpx:TrackPointExtension></extensions></trkpt><trkpt lat="56.02403" lon="37.85278"><ele>168.0</ele><time>2026-06-24T04:28:22Z</time><extensions><gpxtpx:TrackPointExtension><gpxtpx:hr>148</gpxtpx:hr></gpxtpx:TrackPointExtension></extensions></trkpt><trkpt lat="56.024052" lon="37.85278"><ele>168.0</ele><time>2026-06-24T04:28:23Z</time><extensions><gpxtpx:TrackPointExtension><gpxtpx:hr>148</gpxtpx:hr></gpxtpx:TrackPointExtension></extensions></trkpt><trkpt lat="56.024077" lon="37.852777"><ele>168.2</ele><time>2026-06-24T04:28:24Z</time><extensions><gpxtpx:TrackPointExtension><gpxtpx:hr>149</gpxtpx:hr></gpxtpx:TrackPointExtension></extensions></trkpt><trkpt lat="56.024102" lon="37.852777"><ele>168.0</ele><time>2026-06-24T04:28:25Z</time><extensions><gpxtpx:TrackPointExtension><gpxtpx:hr>149</gpxtpx:hr></gpxtpx:TrackPointExtension></extensions></trkpt><trkpt lat="56.024122" lon="37.852777"><ele>168.0</ele><time>2026-06-24T04:28:26Z</time><extensions><gpxtpx:TrackPointExtension><gpxtpx:hr>147</gpxtpx:hr></gpxtpx:TrackPointExtension></extensions></trkpt><trkpt lat="56.024143" lon="37.85278"><ele>167.8</ele><time>2026-06-24T04:28:27Z</time><extensions><gpxtpx:TrackPointExtension><gpxtpx:hr>146</gpxtpx:hr></gpxtpx:TrackPointExtension></extensions></trkpt><trkpt lat="56.024167" lon="37.85278"><ele>167.8</ele><time>2026-06-24T04:28:28Z</time><extensions><gpxtpx:TrackPointExtension><gpxtpx:hr>148</gpxtpx:hr></gpxtpx:TrackPointExtension></extensions></trkpt><trkpt lat="56.024192" lon="37.85278"><ele>167.6</ele><time>2026-06-24T04:28:29Z</time><extensions><gpxtpx:TrackPointExtension><gpxtpx:hr>148</gpxtpx:hr></gpxtpx:TrackPointExtension></extensions></trkpt><trkpt lat="56.024217" lon="37.852777"><ele>167.6</ele><time>2026-06-24T04:28:30Z</time><extensions><gpxtpx:TrackPointExtension><gpxtpx:hr>148</gpxtpx:hr></gpxtpx:TrackPointExtension></extensions></trkpt><trkpt lat="56.024242" lon="37.852777"><ele>167.6</ele><time>2026-06-24T04:28:31Z</time><extensions><gpxtpx:TrackPointExtension><gpxtpx:hr>146</gpxtpx:hr></gpxtpx:TrackPointExtension></extensions></trkpt><trkpt lat="56.024262" lon="37.852777"><ele>167.6</ele><time>2026-06-24T04:28:32Z</time><extensions><gpxtpx:TrackPointExtension><gpxtpx:hr>148</gpxtpx:hr></gpxtpx:TrackPointExtension></extensions></trkpt><trkpt lat="56.024285" lon="37.85278"><ele>167.6</ele><time>2026-06-24T04:28:33Z</time><extensions><gpxtpx:TrackPointExtension><gpxtpx:hr>149</gpxtpx:hr></gpxtpx:TrackPointExtension></extensions></trkpt><trkpt lat="56.024307" lon="37.852777"><ele>167.6</ele><time>2026-06-24T04:28:34Z</time><extensions><gpxtpx:TrackPointExtension><gpxtpx:hr>150</gpxtpx:hr></gpxtpx:TrackPointExtension></extensions></trkpt><trkpt lat="56.024327" lon="37.852777"><ele>167.4</ele><time>2026-06-24T04:28:35Z</time><extensions><gpxtpx:TrackPointExtension><gpxtpx:hr>149</gpxtpx:hr></gpxtpx:TrackPointExtension></extensions></trkpt><trkpt lat="56.024352" lon="37.852777"><ele>167.4</ele><time>2026-06-24T04:28:36Z</time><extensions><gpxtpx:TrackPointExtension><gpxtpx:hr>148</gpxtpx:hr></gpxtpx:TrackPointExtension></extensions></trkpt><trkpt lat="56.024375" lon="37.852777"><ele>167.4</ele><time>2026-06-24T04:28:37Z</time><extensions><gpxtpx:TrackPointExtension><gpxtpx:hr>148</gpxtpx:hr></gpxtpx:TrackPointExtension></extensions></trkpt><trkpt lat="56.024397" lon="37.852777"><ele>167.4</ele><time>2026-06-24T04:28:38Z</time><extensions><gpxtpx:TrackPointExtension><gpxtpx:hr>149</gpxtpx:hr></gpxtpx:TrackPointExtension></extensions></trkpt><trkpt lat="56.024417" lon="37.852775"><ele>167.4</ele><time>2026-06-24T04:28:39Z</time><extensions><gpxtpx:TrackPointExtension><gpxtpx:hr>149</gpxtpx:hr></gpxtpx:TrackPointExtension></extensions></trkpt><trkpt lat="56.024438" lon="37.85277"><ele>167.4</ele><time>2026-06-24T04:28:40Z</time><extensions><gpxtpx:TrackPointExtension><gpxtpx:hr>149</gpxtpx:hr></gpxtpx:TrackPointExtension></extensions></trkpt><trkpt lat="56.024467" lon="37.852765"><ele>167.4</ele><time>2026-06-24T04:28:42Z</time><extensions><gpxtpx:TrackPointExtension><gpxtpx:hr>148</gpxtpx:hr></gpxtpx:TrackPointExtension></extensions></trkpt><trkpt lat="56.024485" lon="37.852747"><ele>167.4</ele><time>2026-06-24T04:28:44Z</time><extensions><gpxtpx:TrackPointExtension><gpxtpx:hr>148</gpxtpx:hr></gpxtpx:TrackPointExtension></extensions></trkpt><trkpt lat="56.024507" lon="37.852712"><ele>167.4</ele><time>2026-06-24T04:28:47Z</time><extensions><gpxtpx:TrackPointExtension><gpxtpx:hr>146</gpxtpx:hr></gpxtpx:TrackPointExtension></extensions></trkpt><trkpt lat="56.024522" lon="37.85265"><ele>167.6</ele><time>2026-06-24T04:28:49Z</time><extensions><gpxtpx:TrackPointExtension><gpxtpx:hr>145</gpxtpx:hr></gpxtpx:TrackPointExtension></extensions></trkpt><trkpt lat="56.024527" lon="37.85261"><ele>167.6</ele><time>2026-06-24T04:28:50Z</time><extensions><gpxtpx:TrackPointExtension><gpxtpx:hr>145</gpxtpx:hr></gpxtpx:TrackPointExtension></extensions></trkpt><trkpt lat="56.024537" lon="37.85257"><ele>167.6</ele><time>2026-06-24T04:28:51Z</time><extensions><gpxtpx:TrackPointExtension><gpxtpx:hr>144</gpxtpx:hr></gpxtpx:TrackPointExtension></extensions></trkpt><trkpt lat="56.024542" lon="37.85253"><ele>167.8</ele><time>2026-06-24T04:28:52Z</time><extensions><gpxtpx:TrackPointExtension><gpxtpx:hr>145</gpxtpx:hr></gpxtpx:TrackPointExtension></extensions></trkpt><trkpt lat="56.024547" lon="37.852487"><ele>167.8</ele><time>2026-06-24T04:28:53Z</time><extensions><gpxtpx:TrackPointExtension><gpxtpx:hr>144</gpxtpx:hr></gpxtpx:TrackPointExtension></extensions></trkpt><trkpt lat="56.024547" lon="37.852442"><ele>167.8</ele><time>2026-06-24T04:28:54Z</time><extensions><gpxtpx:TrackPointExtension><gpxtpx:hr>143</gpxtpx:hr></gpxtpx:TrackPointExtension></extensions></trkpt><trkpt lat="56.024542" lon="37.8524"><ele>167.6</ele><time>2026-06-24T04:28:55Z</time><extensions><gpxtpx:TrackPointExtension><gpxtpx:hr>143</gpxtpx:hr></gpxtpx:TrackPointExtension></extensions></trkpt><trkpt lat="56.024537" lon="37.85236"><ele>167.6</ele><time>2026-06-24T04:28:56Z</time><extensions><gpxtpx:TrackPointExtension><gpxtpx:hr>144</gpxtpx:hr></gpxtpx:TrackPointExtension></extensions></trkpt><trkpt lat="56.024527" lon="37.852325"><ele>167.6</ele><time>2026-06-24T04:28:57Z</time><extensions><gpxtpx:TrackPointExtension><gpxtpx:hr>143</gpxtpx:hr></gpxtpx:TrackPointExtension></extensions></trkpt><trkpt lat="56.024515" lon="37.85229"><ele>167.6</ele><time>2026-06-24T04:28:58Z</time><extensions><gpxtpx:TrackPointExtension><gpxtpx:hr>142</gpxtpx:hr></gpxtpx:TrackPointExtension></extensions></trkpt><trkpt lat="56.0245" lon="37.85226"><ele>167.6</ele><time>2026-06-24T04:28:59Z</time><extensions><gpxtpx:TrackPointExtension><gpxtpx:hr>144</gpxtpx:hr></gpxtpx:TrackPointExtension></extensions></trkpt><trkpt lat="56.024482" lon="37.852235"><ele>167.6</ele><time>2026-06-24T04:29:00Z</time><extensions><gpxtpx:TrackPointExtension><gpxtpx:hr>142</gpxtpx:hr></gpxtpx:TrackPointExtension></extensions></trkpt><trkpt lat="56.02446" lon="37.852212"><ele>167.6</ele><time>2026-06-24T04:29:01Z</time><extensions><gpxtpx:TrackPointExtension><gpxtpx:hr>142</gpxtpx:hr></gpxtpx:TrackPointExtension></extensions></trkpt><trkpt lat="56.024437" lon="37.852187"><ele>167.6</ele><time>2026-06-24T04:29:02Z</time><extensions><gpxtpx:TrackPointExtension><gpxtpx:hr>142</gpxtpx:hr></gpxtpx:TrackPointExtension></extensions></trkpt><trkpt lat="56.024412" lon="37.852172"><ele>167.6</ele><time>2026-06-24T04:29:03Z</time><extensions><gpxtpx:TrackPointExtension><gpxtpx:hr>142</gpxtpx:hr></gpxtpx:TrackPointExtension></extensions></trkpt><trkpt lat="56.024387" lon="37.852167"><ele>167.6</ele><time>2026-06-24T04:29:04Z</time><extensions><gpxtpx:TrackPointExtension><gpxtpx:hr>141</gpxtpx:hr></gpxtpx:TrackPointExtension></extensions></trkpt><trkpt lat="56.02436" lon="37.852162"><ele>167.6</ele><time>2026-06-24T04:29:05Z</time><extensions><gpxtpx:TrackPointExtension><gpxtpx:hr>142</gpxtpx:hr></gpxtpx:TrackPointExtension></extensions></trkpt><trkpt lat="56.024335" lon="37.852152"><ele>167.6</ele><time>2026-06-24T04:29:06Z</time><extensions><gpxtpx:TrackPointExtension><gpxtpx:hr>142</gpxtpx:hr></gpxtpx:TrackPointExtension></extensions></trkpt><trkpt lat="56.024307" lon="37.852152"><ele>167.6</ele><time>2026-06-24T04:29:07Z</time><extensions><gpxtpx:TrackPointExtension><gpxtpx:hr>141</gpxtpx:hr></gpxtpx:TrackPointExtension></extensions></trkpt><trkpt lat="56.024282" lon="37.852155"><ele>167.6</ele><time>2026-06-24T04:29:08Z</time><extensions><gpxtpx:TrackPointExtension><gpxtpx:hr>142</gpxtpx:hr></gpxtpx:TrackPointExtension></extensions></trkpt><trkpt lat="56.024257" lon="37.852157"><ele>167.4</ele><time>2026-06-24T04:29:09Z</time><extensions><gpxtpx:TrackPointExtension><gpxtpx:hr>142</gpxtpx:hr></gpxtpx:TrackPointExtension></extensions></trkpt><trkpt lat="56.024212" lon="37.852165"><ele>167.4</ele><time>2026-06-24T04:29:11Z</time><extensions><gpxtpx:TrackPointExtension><gpxtpx:hr>142</gpxtpx:hr></gpxtpx:TrackPointExtension></extensions></trkpt><trkpt lat="56.024187" lon="37.852162"><ele>167.4</ele><time>2026-06-24T04:29:12Z</time><extensions><gpxtpx:TrackPointExtension><gpxtpx:hr>142</gpxtpx:hr></gpxtpx:TrackPointExtension></extensions></trkpt><trkpt lat="56.024165" lon="37.852162"><ele>167.4</ele><time>2026-06-24T04:29:13Z</time><extensions><gpxtpx:TrackPointExtension><gpxtpx:hr>141</gpxtpx:hr></gpxtpx:TrackPointExtension></extensions></trkpt><trkpt lat="56.02414" lon="37.852162"><ele>167.4</ele><time>2026-06-24T04:29:14Z</time><extensions><gpxtpx:TrackPointExtension><gpxtpx:hr>141</gpxtpx:hr></gpxtpx:TrackPointExtension></extensions></trkpt><trkpt lat="56.024117" lon="37.85216"><ele>167.4</ele><time>2026-06-24T04:29:15Z</time><extensions><gpxtpx:TrackPointExtension><gpxtpx:hr>141</gpxtpx:hr></gpxtpx:TrackPointExtension></extensions></trkpt><trkpt lat="56.024092" lon="37.85216"><ele>167.4</ele><time>2026-06-24T04:29:16Z</time><extensions><gpxtpx:TrackPointExtension><gpxtpx:hr>140</gpxtpx:hr></gpxtpx:TrackPointExtension></extensions></trkpt><trkpt lat="56.02407" lon="37.85216"><ele>167.4</ele><time>2026-06-24T04:29:17Z</time><extensions><gpxtpx:TrackPointExtension><gpxtpx:hr>140</gpxtpx:hr></gpxtpx:TrackPointExtension></extensions></trkpt><trkpt lat="56.024045" lon="37.852157"><ele>167.4</ele><time>2026-06-24T04:29:18Z</time><extensions><gpxtpx:TrackPointExtension><gpxtpx:hr>140</gpxtpx:hr></gpxtpx:TrackPointExtension></extensions></trkpt><trkpt lat="56.02402" lon="37.852157"><ele>167.4</ele><time>2026-06-24T04:29:19Z</time><extensions><gpxtpx:TrackPointExtension><gpxtpx:hr>139</gpxtpx:hr></gpxtpx:TrackPointExtension></extensions></trkpt><trkpt lat="56.023997" lon="37.85216"><ele>167.4</ele><time>2026-06-24T04:29:20Z</time><extensions><gpxtpx:TrackPointExtension><gpxtpx:hr>139</gpxtpx:hr></gpxtpx:TrackPointExtension></extensions></trkpt><trkpt lat="56.023972" lon="37.852162"><ele>167.4</ele><time>2026-06-24T04:29:21Z</time><extensions><gpxtpx:TrackPointExtension><gpxtpx:hr>139</gpxtpx:hr></gpxtpx:TrackPointExtension></extensions></trkpt><trkpt lat="56.023945" lon="37.852167"><ele>167.6</ele><time>2026-06-24T04:29:22Z</time><extensions><gpxtpx:TrackPointExtension><gpxtpx:hr>139</gpxtpx:hr></gpxtpx:TrackPointExtension></extensions></trkpt><trkpt lat="56.023917" lon="37.852175"><ele>167.6</ele><time>2026-06-24T04:29:23Z</time><extensions><gpxtpx:TrackPointExtension><gpxtpx:hr>138</gpxtpx:hr></gpxtpx:TrackPointExtension></extensions></trkpt><trkpt lat="56.023892" lon="37.852187"><ele>167.4</ele><time>2026-06-24T04:29:24Z</time><extensions><gpxtpx:TrackPointExtension><gpxtpx:hr>138</gpxtpx:hr></gpxtpx:TrackPointExtension></extensions></trkpt><trkpt lat="56.023845" lon="37.85223"><ele>167.4</ele><time>2026-06-24T04:29:26Z</time><extensions><gpxtpx:TrackPointExtension><gpxtpx:hr>139</gpxtpx:hr></gpxtpx:TrackPointExtension></extensions></trkpt><trkpt lat="56.023827" lon="37.852262"><ele>167.4</ele><time>2026-06-24T04:29:27Z</time><extensions><gpxtpx:TrackPointExtension><gpxtpx:hr>139</gpxtpx:hr></gpxtpx:TrackPointExtension></extensions></trkpt><trkpt lat="56.023815" lon="37.852297"><ele>167.4</ele><time>2026-06-24T04:29:28Z</time><extensions><gpxtpx:TrackPointExtension><gpxtpx:hr>140</gpxtpx:hr></gpxtpx:TrackPointExtension></extensions></trkpt><trkpt lat="56.023805" lon="37.852337"><ele>167.2</ele><time>2026-06-24T04:29:29Z</time><extensions><gpxtpx:TrackPointExtension><gpxtpx:hr>139</gpxtpx:hr></gpxtpx:TrackPointExtension></extensions></trkpt><trkpt lat="56.0238" lon="37.852377"><ele>167.2</ele><time>2026-06-24T04:29:30Z</time><extensions><gpxtpx:TrackPointExtension><gpxtpx:hr>140</gpxtpx:hr></gpxtpx:TrackPointExtension></extensions></trkpt><trkpt lat="56.023797" lon="37.852427"><ele>167.2</ele><time>2026-06-24T04:29:31Z</time><extensions><gpxtpx:TrackPointExtension><gpxtpx:hr>141</gpxtpx:hr></gpxtpx:TrackPointExtension></extensions></trkpt><trkpt lat="56.023797" lon="37.852475"><ele>167.2</ele><time>2026-06-24T04:29:32Z</time><extensions><gpxtpx:TrackPointExtension><gpxtpx:hr>139</gpxtpx:hr></gpxtpx:TrackPointExtension></extensions></trkpt><trkpt lat="56.0238" lon="37.852522"><ele>167.2</ele><time>2026-06-24T04:29:33Z</time><extensions><gpxtpx:TrackPointExtension><gpxtpx:hr>140</gpxtpx:hr></gpxtpx:TrackPointExtension></extensions></trkpt><trkpt lat="56.023807" lon="37.852567"><ele>167.2</ele><time>2026-06-24T04:29:34Z</time><extensions><gpxtpx:TrackPointExtension><gpxtpx:hr>140</gpxtpx:hr></gpxtpx:TrackPointExtension></extensions></trkpt><trkpt lat="56.02382" lon="37.852607"><ele>167.2</ele><time>2026-06-24T04:29:35Z</time><extensions><gpxtpx:TrackPointExtension><gpxtpx:hr>139</gpxtpx:hr></gpxtpx:TrackPointExtension></extensions></trkpt><trkpt lat="56.023832" lon="37.85265"><ele>167.2</ele><time>2026-06-24T04:29:36Z</time><extensions><gpxtpx:TrackPointExtension><gpxtpx:hr>140</gpxtpx:hr></gpxtpx:TrackPointExtension></extensions></trkpt><trkpt lat="56.02385" lon="37.852685"><ele>167.4</ele><time>2026-06-24T04:29:37Z</time><extensions><gpxtpx:TrackPointExtension><gpxtpx:hr>140</gpxtpx:hr></gpxtpx:TrackPointExtension></extensions></trkpt><trkpt lat="56.023867" lon="37.852717"><ele>167.4</ele><time>2026-06-24T04:29:38Z</time><extensions><gpxtpx:TrackPointExtension><gpxtpx:hr>139</gpxtpx:hr></gpxtpx:TrackPointExtension></extensions></trkpt><trkpt lat="56.023887" lon="37.852742"><ele>167.6</ele><time>2026-06-24T04:29:39Z</time><extensions><gpxtpx:TrackPointExtension><gpxtpx:hr>140</gpxtpx:hr></gpxtpx:TrackPointExtension></extensions></trkpt><trkpt lat="56.023907" lon="37.852757"><ele>167.6</ele><time>2026-06-24T04:29:40Z</time><extensions><gpxtpx:TrackPointExtension><gpxtpx:hr>142</gpxtpx:hr></gpxtpx:TrackPointExtension></extensions></trkpt><trkpt lat="56.023925" lon="37.852767"><ele>167.6</ele><time>2026-06-24T04:29:41Z</time><extensions><gpxtpx:TrackPointExtension><gpxtpx:hr>141</gpxtpx:hr></gpxtpx:TrackPointExtension></extensions></trkpt><trkpt lat="56.023945" lon="37.852775"><ele>167.6</ele><time>2026-06-24T04:29:42Z</time><extensions><gpxtpx:TrackPointExtension><gpxtpx:hr>141</gpxtpx:hr></gpxtpx:TrackPointExtension></extensions></trkpt><trkpt lat="56.023962" lon="37.852777"><ele>167.4</ele><time>2026-06-24T04:29:43Z</time><extensions><gpxtpx:TrackPointExtension><gpxtpx:hr>141</gpxtpx:hr></gpxtpx:TrackPointExtension></extensions></trkpt><trkpt lat="56.023982" lon="37.852782"><ele>167.4</ele><time>2026-06-24T04:29:44Z</time><extensions><gpxtpx:TrackPointExtension><gpxtpx:hr>141</gpxtpx:hr></gpxtpx:TrackPointExtension></extensions></trkpt><trkpt lat="56.024002" lon="37.852782"><ele>167.4</ele><time>2026-06-24T04:29:45Z</time><extensions><gpxtpx:TrackPointExtension><gpxtpx:hr>142</gpxtpx:hr></gpxtpx:TrackPointExtension></extensions></trkpt><trkpt lat="56.024022" lon="37.852782"><ele>167.4</ele><time>2026-06-24T04:29:46Z</time><extensions><gpxtpx:TrackPointExtension><gpxtpx:hr>142</gpxtpx:hr></gpxtpx:TrackPointExtension></extensions></trkpt><trkpt lat="56.024042" lon="37.852777"><ele>167.4</ele><time>2026-06-24T04:29:47Z</time><extensions><gpxtpx:TrackPointExtension><gpxtpx:hr>142</gpxtpx:hr></gpxtpx:TrackPointExtension></extensions></trkpt><trkpt lat="56.024065" lon="37.852775"><ele>167.2</ele><time>2026-06-24T04:29:48Z</time><extensions><gpxtpx:TrackPointExtension><gpxtpx:hr>142</gpxtpx:hr></gpxtpx:TrackPointExtension></extensions></trkpt><trkpt lat="56.024085" lon="37.852775"><ele>167.2</ele><time>2026-06-24T04:29:49Z</time><extensions><gpxtpx:TrackPointExtension><gpxtpx:hr>143</gpxtpx:hr></gpxtpx:TrackPointExtension></extensions></trkpt><trkpt lat="56.024107" lon="37.852772"><ele>167.2</ele><time>2026-06-24T04:29:50Z</time><extensions><gpxtpx:TrackPointExtension><gpxtpx:hr>143</gpxtpx:hr></gpxtpx:TrackPointExtension></extensions></trkpt><trkpt lat="56.024127" lon="37.852772"><ele>167.2</ele><time>2026-06-24T04:29:51Z</time><extensions><gpxtpx:TrackPointExtension><gpxtpx:hr>142</gpxtpx:hr></gpxtpx:TrackPointExtension></extensions></trkpt><trkpt lat="56.024162" lon="37.852767"><ele>167.2</ele><time>2026-06-24T04:29:53Z</time><extensions><gpxtpx:TrackPointExtension><gpxtpx:hr>143</gpxtpx:hr></gpxtpx:TrackPointExtension></extensions></trkpt><trkpt lat="56.024182" lon="37.852765"><ele>167.4</ele><time>2026-06-24T04:29:54Z</time><extensions><gpxtpx:TrackPointExtension><gpxtpx:hr>143</gpxtpx:hr></gpxtpx:TrackPointExtension></extensions></trkpt><trkpt lat="56.024202" lon="37.852762"><ele>167.4</ele><time>2026-06-24T04:29:55Z</time><extensions><gpxtpx:TrackPointExtension><gpxtpx:hr>143</gpxtpx:hr></gpxtpx:TrackPointExtension></extensions></trkpt><trkpt lat="56.024222" lon="37.852762"><ele>167.6</ele><time>2026-06-24T04:29:56Z</time><extensions><gpxtpx:TrackPointExtension><gpxtpx:hr>143</gpxtpx:hr></gpxtpx:TrackPointExtension></extensions></trkpt><trkpt lat="56.024242" lon="37.852762"><ele>167.6</ele><time>2026-06-24T04:29:57Z</time><extensions><gpxtpx:TrackPointExtension><gpxtpx:hr>143</gpxtpx:hr></gpxtpx:TrackPointExtension></extensions></trkpt><trkpt lat="56.024262" lon="37.852765"><ele>167.6</ele><time>2026-06-24T04:29:58Z</time><extensions><gpxtpx:TrackPointExtension><gpxtpx:hr>142</gpxtpx:hr></gpxtpx:TrackPointExtension></extensions></trkpt><trkpt lat="56.024282" lon="37.852762"><ele>167.6</ele><time>2026-06-24T04:29:59Z</time><extensions><gpxtpx:TrackPointExtension><gpxtpx:hr>143</gpxtpx:hr></gpxtpx:TrackPointExtension></extensions></trkpt><trkpt lat="56.024302" lon="37.852762"><ele>167.6</ele><time>2026-06-24T04:30:00Z</time><extensions><gpxtpx:TrackPointExtension><gpxtpx:hr>144</gpxtpx:hr></gpxtpx:TrackPointExtension></extensions></trkpt><trkpt lat="56.024325" lon="37.852762"><ele>167.6</ele><time>2026-06-24T04:30:01Z</time><extensions><gpxtpx:TrackPointExtension><gpxtpx:hr>144</gpxtpx:hr></gpxtpx:TrackPointExtension></extensions></trkpt><trkpt lat="56.024347" lon="37.852762"><ele>167.6</ele><time>2026-06-24T04:30:02Z</time><extensions><gpxtpx:TrackPointExtension><gpxtpx:hr>144</gpxtpx:hr></gpxtpx:TrackPointExtension></extensions></trkpt><trkpt lat="56.024365" lon="37.852765"><ele>167.6</ele><time>2026-06-24T04:30:03Z</time><extensions><gpxtpx:TrackPointExtension><gpxtpx:hr>144</gpxtpx:hr></gpxtpx:TrackPointExtension></extensions></trkpt><trkpt lat="56.024382" lon="37.852767"><ele>167.6</ele><time>2026-06-24T04:30:04Z</time><extensions><gpxtpx:TrackPointExtension><gpxtpx:hr>145</gpxtpx:hr></gpxtpx:TrackPointExtension></extensions></trkpt><trkpt lat="56.02442" lon="37.852767"><ele>167.8</ele><time>2026-06-24T04:30:06Z</time><extensions><gpxtpx:TrackPointExtension><gpxtpx:hr>146</gpxtpx:hr></gpxtpx:TrackPointExtension></extensions></trkpt><trkpt lat="56.024442" lon="37.852762"><ele>167.8</ele><time>2026-06-24T04:30:07Z</time><extensions><gpxtpx:TrackPointExtension><gpxtpx:hr>144</gpxtpx:hr></gpxtpx:TrackPointExtension></extensions></trkpt><trkpt lat="56.02446" lon="37.852757"><ele>167.8</ele><time>2026-06-24T04:30:08Z</time><extensions><gpxtpx:TrackPointExtension><gpxtpx:hr>144</gpxtpx:hr></gpxtpx:TrackPointExtension></extensions></trkpt><trkpt lat="56.02449" lon="37.852717"><ele>167.8</ele><time>2026-06-24T04:30:10Z</time><extensions><gpxtpx:TrackPointExtension><gpxtpx:hr>145</gpxtpx:hr></gpxtpx:TrackPointExtension></extensions></trkpt><trkpt lat="56.024507" lon="37.852687"><ele>167.8</ele><time>2026-06-24T04:30:11Z</time><extensions><gpxtpx:TrackPointExtension><gpxtpx:hr>143</gpxtpx:hr></gpxtpx:TrackPointExtension></extensions></trkpt><trkpt lat="56.024522" lon="37.852657"><ele>167.6</ele><time>2026-06-24T04:30:12Z</time><extensions><gpxtpx:TrackPointExtension><gpxtpx:hr>143</gpxtpx:hr></gpxtpx:TrackPointExtension></extensions></trkpt><trkpt lat="56.024537" lon="37.852622"><ele>167.6</ele><time>2026-06-24T04:30:13Z</time><extensions><gpxtpx:TrackPointExtension><gpxtpx:hr>144</gpxtpx:hr></gpxtpx:TrackPointExtension></extensions></trkpt><trkpt lat="56.024557" lon="37.852542"><ele>167.4</ele><time>2026-06-24T04:30:15Z</time><extensions><gpxtpx:TrackPointExtension><gpxtpx:hr>144</gpxtpx:hr></gpxtpx:TrackPointExtension></extensions></trkpt><trkpt lat="56.024562" lon="37.852502"><ele>167.4</ele><time>2026-06-24T04:30:16Z</time><extensions><gpxtpx:TrackPointExtension><gpxtpx:hr>145</gpxtpx:hr></gpxtpx:TrackPointExtension></extensions></trkpt><trkpt lat="56.02456" lon="37.852412"><ele>167.4</ele><time>2026-06-24T04:30:18Z</time><extensions><gpxtpx:TrackPointExtension><gpxtpx:hr>145</gpxtpx:hr></gpxtpx:TrackPointExtension></extensions></trkpt><trkpt lat="56.024552" lon="37.85237"><ele>167.4</ele><time>2026-06-24T04:30:19Z</time><extensions><gpxtpx:TrackPointExtension><gpxtpx:hr>143</gpxtpx:hr></gpxtpx:TrackPointExtension></extensions></trkpt><trkpt lat="56.024535" lon="37.852292"><ele>167.4</ele><time>2026-06-24T04:30:21Z</time><extensions><gpxtpx:TrackPointExtension><gpxtpx:hr>143</gpxtpx:hr></gpxtpx:TrackPointExtension></extensions></trkpt><trkpt lat="56.024522" lon="37.85226"><ele>167.4</ele><time>2026-06-24T04:30:22Z</time><extensions><gpxtpx:TrackPointExtension><gpxtpx:hr>143</gpxtpx:hr></gpxtpx:TrackPointExtension></extensions></trkpt><trkpt lat="56.024487" lon="37.852205"><ele>167.4</ele><time>2026-06-24T04:30:24Z</time><extensions><gpxtpx:TrackPointExtension><gpxtpx:hr>144</gpxtpx:hr></gpxtpx:TrackPointExtension></extensions></trkpt><trkpt lat="56.024467" lon="37.852182"><ele>167.2</ele><time>2026-06-24T04:30:25Z</time><extensions><gpxtpx:TrackPointExtension><gpxtpx:hr>142</gpxtpx:hr></gpxtpx:TrackPointExtension></extensions></trkpt><trkpt lat="56.024417" lon="37.852155"><ele>167.2</ele><time>2026-06-24T04:30:27Z</time><extensions><gpxtpx:TrackPointExtension><gpxtpx:hr>143</gpxtpx:hr></gpxtpx:TrackPointExtension></extensions></trkpt><trkpt lat="56.02439" lon="37.852152"><ele>167.2</ele><time>2026-06-24T04:30:28Z</time><extensions><gpxtpx:TrackPointExtension><gpxtpx:hr>142</gpxtpx:hr></gpxtpx:TrackPointExtension></extensions></trkpt><trkpt lat="56.024365" lon="37.852155"><ele>167.2</ele><time>2026-06-24T04:30:29Z</time><extensions><gpxtpx:TrackPointExtension><gpxtpx:hr>143</gpxtpx:hr></gpxtpx:TrackPointExtension></extensions></trkpt><trkpt lat="56.024342" lon="37.852152"><ele>167.2</ele><time>2026-06-24T04:30:30Z</time><extensions><gpxtpx:TrackPointExtension><gpxtpx:hr>143</gpxtpx:hr></gpxtpx:TrackPointExtension></extensions></trkpt><trkpt lat="56.024317" lon="37.852157"><ele>167.2</ele><time>2026-06-24T04:30:31Z</time><extensions><gpxtpx:TrackPointExtension><gpxtpx:hr>143</gpxtpx:hr></gpxtpx:TrackPointExtension></extensions></trkpt><trkpt lat="56.024292" lon="37.852152"><ele>167.2</ele><time>2026-06-24T04:30:32Z</time><extensions><gpxtpx:TrackPointExtension><gpxtpx:hr>142</gpxtpx:hr></gpxtpx:TrackPointExtension></extensions></trkpt><trkpt lat="56.024267" lon="37.852157"><ele>167.4</ele><time>2026-06-24T04:30:33Z</time><extensions><gpxtpx:TrackPointExtension><gpxtpx:hr>143</gpxtpx:hr></gpxtpx:TrackPointExtension></extensions></trkpt><trkpt lat="56.024242" lon="37.852155"><ele>167.4</ele><time>2026-06-24T04:30:34Z</time><extensions><gpxtpx:TrackPointExtension><gpxtpx:hr>142</gpxtpx:hr></gpxtpx:TrackPointExtension></extensions></trkpt><trkpt lat="56.024197" lon="37.852142"><ele>167.4</ele><time>2026-06-24T04:30:36Z</time><extensions><gpxtpx:TrackPointExtension><gpxtpx:hr>142</gpxtpx:hr></gpxtpx:TrackPointExtension></extensions></trkpt><trkpt lat="56.024172" lon="37.85214"><ele>167.4</ele><time>2026-06-24T04:30:37Z</time><extensions><gpxtpx:TrackPointExtension><gpxtpx:hr>142</gpxtpx:hr></gpxtpx:TrackPointExtension></extensions></trkpt><trkpt lat="56.024127" lon="37.85214"><ele>167.4</ele><time>2026-06-24T04:30:39Z</time><extensions><gpxtpx:TrackPointExtension><gpxtpx:hr>142</gpxtpx:hr></gpxtpx:TrackPointExtension></extensions></trkpt><trkpt lat="56.024102" lon="37.85214"><ele>167.4</ele><time>2026-06-24T04:30:40Z</time><extensions><gpxtpx:TrackPointExtension><gpxtpx:hr>142</gpxtpx:hr></gpxtpx:TrackPointExtension></extensions></trkpt><trkpt lat="56.024082" lon="37.85214"><ele>167.4</ele><time>2026-06-24T04:30:41Z</time><extensions><gpxtpx:TrackPointExtension><gpxtpx:hr>141</gpxtpx:hr></gpxtpx:TrackPointExtension></extensions></trkpt><trkpt lat="56.024057" lon="37.852142"><ele>167.4</ele><time>2026-06-24T04:30:42Z</time><extensions><gpxtpx:TrackPointExtension><gpxtpx:hr>142</gpxtpx:hr></gpxtpx:TrackPointExtension></extensions></trkpt><trkpt lat="56.024037" lon="37.852142"><ele>167.4</ele><time>2026-06-24T04:30:43Z</time><extensions><gpxtpx:TrackPointExtension><gpxtpx:hr>142</gpxtpx:hr></gpxtpx:TrackPointExtension></extensions></trkpt><trkpt lat="56.024015" lon="37.852142"><ele>167.4</ele><time>2026-06-24T04:30:44Z</time><extensions><gpxtpx:TrackPointExtension><gpxtpx:hr>141</gpxtpx:hr></gpxtpx:TrackPointExtension></extensions></trkpt><trkpt lat="56.023992" lon="37.852145"><ele>167.4</ele><time>2026-06-24T04:30:45Z</time><extensions><gpxtpx:TrackPointExtension><gpxtpx:hr>142</gpxtpx:hr></gpxtpx:TrackPointExtension></extensions></trkpt><trkpt lat="56.02397" lon="37.852145"><ele>167.4</ele><time>2026-06-24T04:30:46Z</time><extensions><gpxtpx:TrackPointExtension><gpxtpx:hr>141</gpxtpx:hr></gpxtpx:TrackPointExtension></extensions></trkpt><trkpt lat="56.02395" lon="37.852147"><ele>167.4</ele><time>2026-06-24T04:30:47Z</time><extensions><gpxtpx:TrackPointExtension><gpxtpx:hr>141</gpxtpx:hr></gpxtpx:TrackPointExtension></extensions></trkpt><trkpt lat="56.023925" lon="37.852155"><ele>167.4</ele><time>2026-06-24T04:30:48Z</time><extensions><gpxtpx:TrackPointExtension><gpxtpx:hr>142</gpxtpx:hr></gpxtpx:TrackPointExtension></extensions></trkpt><trkpt lat="56.023882" lon="37.852192"><ele>167.4</ele><time>2026-06-24T04:30:50Z</time><extensions><gpxtpx:TrackPointExtension><gpxtpx:hr>141</gpxtpx:hr></gpxtpx:TrackPointExtension></extensions></trkpt><trkpt lat="56.023857" lon="37.852212"><ele>167.4</ele><time>2026-06-24T04:30:51Z</time><extensions><gpxtpx:TrackPointExtension><gpxtpx:hr>142</gpxtpx:hr></gpxtpx:TrackPointExtension></extensions></trkpt><trkpt lat="56.023827" lon="37.852272"><ele>167.4</ele><time>2026-06-24T04:30:53Z</time><extensions><gpxtpx:TrackPointExtension><gpxtpx:hr>141</gpxtpx:hr></gpxtpx:TrackPointExtension></extensions></trkpt><trkpt lat="56.023817" lon="37.852307"><ele>167.4</ele><time>2026-06-24T04:30:54Z</time><extensions><gpxtpx:TrackPointExtension><gpxtpx:hr>140</gpxtpx:hr></gpxtpx:TrackPointExtension></extensions></trkpt><trkpt lat="56.02381" lon="37.852347"><ele>167.4</ele><time>2026-06-24T04:30:55Z</time><extensions><gpxtpx:TrackPointExtension><gpxtpx:hr>139</gpxtpx:hr></gpxtpx:TrackPointExtension></extensions></trkpt><trkpt lat="56.023805" lon="37.852387"><ele>167.4</ele><time>2026-06-24T04:30:56Z</time><extensions><gpxtpx:TrackPointExtension><gpxtpx:hr>140</gpxtpx:hr></gpxtpx:TrackPointExtension></extensions></trkpt><trkpt lat="56.023802" lon="37.852435"><ele>167.4</ele><time>2026-06-24T04:30:57Z</time><extensions><gpxtpx:TrackPointExtension><gpxtpx:hr>139</gpxtpx:hr></gpxtpx:TrackPointExtension></extensions></trkpt><trkpt lat="56.023802" lon="37.852482"><ele>167.4</ele><time>2026-06-24T04:30:58Z</time><extensions><gpxtpx:TrackPointExtension><gpxtpx:hr>138</gpxtpx:hr></gpxtpx:TrackPointExtension></extensions></trkpt><trkpt lat="56.023807" lon="37.852522"><ele>167.4</ele><time>2026-06-24T04:30:59Z</time><extensions><gpxtpx:TrackPointExtension><gpxtpx:hr>139</gpxtpx:hr></gpxtpx:TrackPointExtension></extensions></trkpt><trkpt lat="56.023817" lon="37.852562"><ele>167.4</ele><time>2026-06-24T04:31:00Z</time><extensions><gpxtpx:TrackPointExtension><gpxtpx:hr>139</gpxtpx:hr></gpxtpx:TrackPointExtension></extensions></trkpt><trkpt lat="56.023827" lon="37.8526"><ele>167.4</ele><time>2026-06-24T04:31:01Z</time><extensions><gpxtpx:TrackPointExtension><gpxtpx:hr>139</gpxtpx:hr></gpxtpx:TrackPointExtension></extensions></trkpt><trkpt lat="56.023842" lon="37.852632"><ele>167.4</ele><time>2026-06-24T04:31:02Z</time><extensions><gpxtpx:TrackPointExtension><gpxtpx:hr>139</gpxtpx:hr></gpxtpx:TrackPointExtension></extensions></trkpt><trkpt lat="56.023857" lon="37.852667"><ele>167.4</ele><time>2026-06-24T04:31:03Z</time><extensions><gpxtpx:TrackPointExtension><gpxtpx:hr>138</gpxtpx:hr></gpxtpx:TrackPointExtension></extensions></trkpt><trkpt lat="56.023872" lon="37.852697"><ele>167.4</ele><time>2026-06-24T04:31:04Z</time><extensions><gpxtpx:TrackPointExtension><gpxtpx:hr>139</gpxtpx:hr></gpxtpx:TrackPointExtension></extensions></trkpt><trkpt lat="56.023895" lon="37.852722"><ele>167.4</ele><time>2026-06-24T04:31:05Z</time><extensions><gpxtpx:TrackPointExtension><gpxtpx:hr>139</gpxtpx:hr></gpxtpx:TrackPointExtension></extensions></trkpt><trkpt lat="56.023917" lon="37.852737"><ele>167.4</ele><time>2026-06-24T04:31:06Z</time><extensions><gpxtpx:TrackPointExtension><gpxtpx:hr>138</gpxtpx:hr></gpxtpx:TrackPointExtension></extensions></trkpt><trkpt lat="56.02394" lon="37.85275"><ele>167.4</ele><time>2026-06-24T04:31:07Z</time><extensions><gpxtpx:TrackPointExtension><gpxtpx:hr>138</gpxtpx:hr></gpxtpx:TrackPointExtension></extensions></trkpt><trkpt lat="56.023962" lon="37.852757"><ele>167.4</ele><time>2026-06-24T04:31:08Z</time><extensions><gpxtpx:TrackPointExtension><gpxtpx:hr>137</gpxtpx:hr></gpxtpx:TrackPointExtension></extensions></trkpt><trkpt lat="56.023982" lon="37.85276"><ele>167.4</ele><time>2026-06-24T04:31:09Z</time><extensions><gpxtpx:TrackPointExtension><gpxtpx:hr>139</gpxtpx:hr></gpxtpx:TrackPointExtension></extensions></trkpt><trkpt lat="56.024002" lon="37.852765"><ele>167.2</ele><time>2026-06-24T04:31:10Z</time><extensions><gpxtpx:TrackPointExtension><gpxtpx:hr>139</gpxtpx:hr></gpxtpx:TrackPointExtension></extensions></trkpt><trkpt lat="56.024027" lon="37.852767"><ele>167.2</ele><time>2026-06-24T04:31:11Z</time><extensions><gpxtpx:TrackPointExtension><gpxtpx:hr>139</gpxtpx:hr></gpxtpx:TrackPointExtension></extensions></trkpt><trkpt lat="56.024067" lon="37.85277"><ele>167.2</ele><time>2026-06-24T04:31:13Z</time><extensions><gpxtpx:TrackPointExtension><gpxtpx:hr>138</gpxtpx:hr></gpxtpx:TrackPointExtension></extensions></trkpt><trkpt lat="56.024087" lon="37.852772"><ele>167.2</ele><time>2026-06-24T04:31:14Z</time><extensions><gpxtpx:TrackPointExtension><gpxtpx:hr>139</gpxtpx:hr></gpxtpx:TrackPointExtension></extensions></trkpt><trkpt lat="56.024112" lon="37.852775"><ele>167.2</ele><time>2026-06-24T04:31:15Z</time><extensions><gpxtpx:TrackPointExtension><gpxtpx:hr>139</gpxtpx:hr></gpxtpx:TrackPointExtension></extensions></trkpt><trkpt lat="56.024137" lon="37.852777"><ele>167.2</ele><time>2026-06-24T04:31:16Z</time><extensions><gpxtpx:TrackPointExtension><gpxtpx:hr>137</gpxtpx:hr></gpxtpx:TrackPointExtension></extensions></trkpt><trkpt lat="56.024187" lon="37.852787"><ele>167.2</ele><time>2026-06-24T04:31:18Z</time><extensions><gpxtpx:TrackPointExtension><gpxtpx:hr>138</gpxtpx:hr></gpxtpx:TrackPointExtension></extensions></trkpt><trkpt lat="56.024212" lon="37.852787"><ele>167.2</ele><time>2026-06-24T04:31:19Z</time><extensions><gpxtpx:TrackPointExtension><gpxtpx:hr>139</gpxtpx:hr></gpxtpx:TrackPointExtension></extensions></trkpt><trkpt lat="56.024265" lon="37.852792"><ele>167.2</ele><time>2026-06-24T04:31:21Z</time><extensions><gpxtpx:TrackPointExtension><gpxtpx:hr>140</gpxtpx:hr></gpxtpx:TrackPointExtension></extensions></trkpt><trkpt lat="56.024287" lon="37.852792"><ele>167.2</ele><time>2026-06-24T04:31:22Z</time><extensions><gpxtpx:TrackPointExtension><gpxtpx:hr>140</gpxtpx:hr></gpxtpx:TrackPointExtension></extensions></trkpt><trkpt lat="56.024312" lon="37.852787"><ele>167.2</ele><time>2026-06-24T04:31:23Z</time><extensions><gpxtpx:TrackPointExtension><gpxtpx:hr>139</gpxtpx:hr></gpxtpx:TrackPointExtension></extensions></trkpt><trkpt lat="56.024337" lon="37.852792"><ele>167.2</ele><time>2026-06-24T04:31:24Z</time><extensions><gpxtpx:TrackPointExtension><gpxtpx:hr>140</gpxtpx:hr></gpxtpx:TrackPointExtension></extensions></trkpt><trkpt lat="56.024362" lon="37.85279"><ele>167.2</ele><time>2026-06-24T04:31:25Z</time><extensions><gpxtpx:TrackPointExtension><gpxtpx:hr>139</gpxtpx:hr></gpxtpx:TrackPointExtension></extensions></trkpt><trkpt lat="56.024385" lon="37.85278"><ele>167.4</ele><time>2026-06-24T04:31:26Z</time><extensions><gpxtpx:TrackPointExtension><gpxtpx:hr>139</gpxtpx:hr></gpxtpx:TrackPointExtension></extensions></trkpt><trkpt lat="56.024407" lon="37.852762"><ele>167.4</ele><time>2026-06-24T04:31:27Z</time><extensions><gpxtpx:TrackPointExtension><gpxtpx:hr>139</gpxtpx:hr></gpxtpx:TrackPointExtension></extensions></trkpt><trkpt lat="56.024437" lon="37.852752"><ele>167.2</ele><time>2026-06-24T04:31:29Z</time><extensions><gpxtpx:TrackPointExtension><gpxtpx:hr>139</gpxtpx:hr></gpxtpx:TrackPointExtension></extensions></trkpt><trkpt lat="56.024457" lon="37.852745"><ele>167.2</ele><time>2026-06-24T04:31:30Z</time><extensions><gpxtpx:TrackPointExtension><gpxtpx:hr>140</gpxtpx:hr></gpxtpx:TrackPointExtension></extensions></trkpt><trkpt lat="56.02448" lon="37.852732"><ele>167.2</ele><time>2026-06-24T04:31:31Z</time><extensions><gpxtpx:TrackPointExtension><gpxtpx:hr>138</gpxtpx:hr></gpxtpx:TrackPointExtension></extensions></trkpt><trkpt lat="56.0245" lon="37.852707"><ele>167.2</ele><time>2026-06-24T04:31:32Z</time><extensions><gpxtpx:TrackPointExtension><gpxtpx:hr>139</gpxtpx:hr></gpxtpx:TrackPointExtension></extensions></trkpt><trkpt lat="56.024517" lon="37.852677"><ele>167.2</ele><time>2026-06-24T04:31:33Z</time><extensions><gpxtpx:TrackPointExtension><gpxtpx:hr>138</gpxtpx:hr></gpxtpx:TrackPointExtension></extensions></trkpt><trkpt lat="56.02453" lon="37.852642"><ele>167.2</ele><time>2026-06-24T04:31:34Z</time><extensions><gpxtpx:TrackPointExtension><gpxtpx:hr>139</gpxtpx:hr></gpxtpx:TrackPointExtension></extensions></trkpt><trkpt lat="56.024542" lon="37.8526"><ele>167.2</ele><time>2026-06-24T04:31:35Z</time><extensions><gpxtpx:TrackPointExtension><gpxtpx:hr>139</gpxtpx:hr></gpxtpx:TrackPointExtension></extensions></trkpt><trkpt lat="56.024552" lon="37.85256"><ele>167.0</ele><time>2026-06-24T04:31:36Z</time><extensions><gpxtpx:TrackPointExtension><gpxtpx:hr>139</gpxtpx:hr></gpxtpx:TrackPointExtension></extensions></trkpt><trkpt lat="56.02456" lon="37.852517"><ele>167.0</ele><time>2026-06-24T04:31:37Z</time><extensions><gpxtpx:TrackPointExtension><gpxtpx:hr>140</gpxtpx:hr></gpxtpx:TrackPointExtension></extensions></trkpt><trkpt lat="56.024562" lon="37.852475"><ele>167.0</ele><time>2026-06-24T04:31:38Z</time><extensions><gpxtpx:TrackPointExtension><gpxtpx:hr>138</gpxtpx:hr></gpxtpx:TrackPointExtension></extensions></trkpt><trkpt lat="56.024562" lon="37.852427"><ele>167.0</ele><time>2026-06-24T04:31:39Z</time><extensions><gpxtpx:TrackPointExtension><gpxtpx:hr>139</gpxtpx:hr></gpxtpx:TrackPointExtension></extensions></trkpt><trkpt lat="56.024557" lon="37.852385"><ele>167.0</ele><time>2026-06-24T04:31:40Z</time><extensions><gpxtpx:TrackPointExtension><gpxtpx:hr>139</gpxtpx:hr></gpxtpx:TrackPointExtension></extensions></trkpt><trkpt lat="56.024547" lon="37.852342"><ele>167.0</ele><time>2026-06-24T04:31:41Z</time><extensions><gpxtpx:TrackPointExtension><gpxtpx:hr>138</gpxtpx:hr></gpxtpx:TrackPointExtension></extensions></trkpt><trkpt lat="56.024537" lon="37.852302"><ele>167.0</ele><time>2026-06-24T04:31:42Z</time><extensions><gpxtpx:TrackPointExtension><gpxtpx:hr>138</gpxtpx:hr></gpxtpx:TrackPointExtension></extensions></trkpt><trkpt lat="56.024522" lon="37.852262"><ele>167.0</ele><time>2026-06-24T04:31:43Z</time><extensions><gpxtpx:TrackPointExtension><gpxtpx:hr>138</gpxtpx:hr></gpxtpx:TrackPointExtension></extensions></trkpt><trkpt lat="56.024505" lon="37.852223"><ele>167.0</ele><time>2026-06-24T04:31:44Z</time><extensions><gpxtpx:TrackPointExtension><gpxtpx:hr>136</gpxtpx:hr></gpxtpx:TrackPointExtension></extensions></trkpt><trkpt lat="56.024485" lon="37.852195"><ele>167.0</ele><time>2026-06-24T04:31:45Z</time><extensions><gpxtpx:TrackPointExtension><gpxtpx:hr>137</gpxtpx:hr></gpxtpx:TrackPointExtension></extensions></trkpt><trkpt lat="56.024462" lon="37.852172"><ele>167.0</ele><time>2026-06-24T04:31:46Z</time><extensions><gpxtpx:TrackPointExtension><gpxtpx:hr>136</gpxtpx:hr></gpxtpx:TrackPointExtension></extensions></trkpt><trkpt lat="56.024438" lon="37.852157"><ele>167.0</ele><time>2026-06-24T04:31:47Z</time><extensions><gpxtpx:TrackPointExtension><gpxtpx:hr>137</gpxtpx:hr></gpxtpx:TrackPointExtension></extensions></trkpt><trkpt lat="56.024417" lon="37.852147"><ele>167.0</ele><time>2026-06-24T04:31:48Z</time><extensions><gpxtpx:TrackPointExtension><gpxtpx:hr>136</gpxtpx:hr></gpxtpx:TrackPointExtension></extensions></trkpt><trkpt lat="56.024387" lon="37.852137"><ele>167.0</ele><time>2026-06-24T04:31:49Z</time><extensions><gpxtpx:TrackPointExtension><gpxtpx:hr>137</gpxtpx:hr></gpxtpx:TrackPointExtension></extensions></trkpt><trkpt lat="56.024362" lon="37.852137"><ele>167.2</ele><time>2026-06-24T04:31:50Z</time><extensions><gpxtpx:TrackPointExtension><gpxtpx:hr>136</gpxtpx:hr></gpxtpx:TrackPointExtension></extensions></trkpt><trkpt lat="56.024337" lon="37.852135"><ele>167.2</ele><time>2026-06-24T04:31:51Z</time><extensions><gpxtpx:TrackPointExtension><gpxtpx:hr>137</gpxtpx:hr></gpxtpx:TrackPointExtension></extensions></trkpt><trkpt lat="56.024312" lon="37.852137"><ele>167.2</ele><time>2026-06-24T04:31:52Z</time><extensions><gpxtpx:TrackPointExtension><gpxtpx:hr>139</gpxtpx:hr></gpxtpx:TrackPointExtension></extensions></trkpt><trkpt lat="56.024287" lon="37.852135"><ele>167.0</ele><time>2026-06-24T04:31:53Z</time><extensions><gpxtpx:TrackPointExtension><gpxtpx:hr>137</gpxtpx:hr></gpxtpx:TrackPointExtension></extensions></trkpt><trkpt lat="56.024262" lon="37.852135"><ele>167.0</ele><time>2026-06-24T04:31:54Z</time><extensions><gpxtpx:TrackPointExtension><gpxtpx:hr>139</gpxtpx:hr></gpxtpx:TrackPointExtension></extensions></trkpt><trkpt lat="56.024237" lon="37.852137"><ele>167.0</ele><time>2026-06-24T04:31:55Z</time><extensions><gpxtpx:TrackPointExtension><gpxtpx:hr>139</gpxtpx:hr></gpxtpx:TrackPointExtension></extensions></trkpt><trkpt lat="56.024217" lon="37.852135"><ele>167.0</ele><time>2026-06-24T04:31:56Z</time><extensions><gpxtpx:TrackPointExtension><gpxtpx:hr>139</gpxtpx:hr></gpxtpx:TrackPointExtension></extensions></trkpt><trkpt lat="56.024192" lon="37.852137"><ele>167.0</ele><time>2026-06-24T04:31:57Z</time><extensions><gpxtpx:TrackPointExtension><gpxtpx:hr>139</gpxtpx:hr></gpxtpx:TrackPointExtension></extensions></trkpt><trkpt lat="56.024167" lon="37.85214"><ele>167.0</ele><time>2026-06-24T04:31:58Z</time><extensions><gpxtpx:TrackPointExtension><gpxtpx:hr>139</gpxtpx:hr></gpxtpx:TrackPointExtension></extensions></trkpt><trkpt lat="56.024142" lon="37.85214"><ele>167.0</ele><time>2026-06-24T04:31:59Z</time><extensions><gpxtpx:TrackPointExtension><gpxtpx:hr>139</gpxtpx:hr></gpxtpx:TrackPointExtension></extensions></trkpt><trkpt lat="56.02412" lon="37.852135"><ele>167.0</ele><time>2026-06-24T04:32:00Z</time><extensions><gpxtpx:TrackPointExtension><gpxtpx:hr>139</gpxtpx:hr></gpxtpx:TrackPointExtension></extensions></trkpt><trkpt lat="56.024095" lon="37.852135"><ele>167.0</ele><time>2026-06-24T04:32:01Z</time><extensions><gpxtpx:TrackPointExtension><gpxtpx:hr>139</gpxtpx:hr></gpxtpx:TrackPointExtension></extensions></trkpt><trkpt lat="56.02407" lon="37.852137"><ele>166.8</ele><time>2026-06-24T04:32:02Z</time><extensions><gpxtpx:TrackPointExtension><gpxtpx:hr>139</gpxtpx:hr></gpxtpx:TrackPointExtension></extensions></trkpt><trkpt lat="56.024045" lon="37.852137"><ele>166.8</ele><time>2026-06-24T04:32:03Z</time><extensions><gpxtpx:TrackPointExtension><gpxtpx:hr>139</gpxtpx:hr></gpxtpx:TrackPointExtension></extensions></trkpt><trkpt lat="56.024017" lon="37.852135"><ele>167.0</ele><time>2026-06-24T04:32:04Z</time><extensions><gpxtpx:TrackPointExtension><gpxtpx:hr>139</gpxtpx:hr></gpxtpx:TrackPointExtension></extensions></trkpt><trkpt lat="56.023992" lon="37.852132"><ele>167.0</ele><time>2026-06-24T04:32:05Z</time><extensions><gpxtpx:TrackPointExtension><gpxtpx:hr>139</gpxtpx:hr></gpxtpx:TrackPointExtension></extensions></trkpt><trkpt lat="56.023967" lon="37.85213"><ele>167.0</ele><time>2026-06-24T04:32:06Z</time><extensions><gpxtpx:TrackPointExtension><gpxtpx:hr>139</gpxtpx:hr></gpxtpx:TrackPointExtension></extensions></trkpt><trkpt lat="56.023942" lon="37.852137"><ele>167.0</ele><time>2026-06-24T04:32:07Z</time><extensions><gpxtpx:TrackPointExtension><gpxtpx:hr>139</gpxtpx:hr></gpxtpx:TrackPointExtension></extensions></trkpt><trkpt lat="56.023918" lon="37.85215"><ele>167.0</ele><time>2026-06-24T04:32:08Z</time><extensions><gpxtpx:TrackPointExtension><gpxtpx:hr>139</gpxtpx:hr></gpxtpx:TrackPointExtension></extensions></trkpt><trkpt lat="56.023897" lon="37.852165"><ele>166.8</ele><time>2026-06-24T04:32:09Z</time><extensions><gpxtpx:TrackPointExtension><gpxtpx:hr>139</gpxtpx:hr></gpxtpx:TrackPointExtension></extensions></trkpt><trkpt lat="56.023877" lon="37.852187"><ele>166.8</ele><time>2026-06-24T04:32:10Z</time><extensions><gpxtpx:TrackPointExtension><gpxtpx:hr>139</gpxtpx:hr></gpxtpx:TrackPointExtension></extensions></trkpt><trkpt lat="56.02386" lon="37.852217"><ele>167.0</ele><time>2026-06-24T04:32:11Z</time><extensions><gpxtpx:TrackPointExtension><gpxtpx:hr>139</gpxtpx:hr></gpxtpx:TrackPointExtension></extensions></trkpt><trkpt lat="56.023842" lon="37.852255"><ele>167.0</ele><time>2026-06-24T04:32:12Z</time><extensions><gpxtpx:TrackPointExtension><gpxtpx:hr>139</gpxtpx:hr></gpxtpx:TrackPointExtension></extensions></trkpt><trkpt lat="56.023827" lon="37.852293"><ele>167.0</ele><time>2026-06-24T04:32:13Z</time><extensions><gpxtpx:TrackPointExtension><gpxtpx:hr>139</gpxtpx:hr></gpxtpx:TrackPointExtension></extensions></trkpt><trkpt lat="56.023815" lon="37.852335"><ele>167.0</ele><time>2026-06-24T04:32:14Z</time><extensions><gpxtpx:TrackPointExtension><gpxtpx:hr>139</gpxtpx:hr></gpxtpx:TrackPointExtension></extensions></trkpt><trkpt lat="56.023812" lon="37.852377"><ele>167.0</ele><time>2026-06-24T04:32:15Z</time><extensions><gpxtpx:TrackPointExtension><gpxtpx:hr>139</gpxtpx:hr></gpxtpx:TrackPointExtension></extensions></trkpt><trkpt lat="56.02381" lon="37.852427"><ele>167.0</ele><time>2026-06-24T04:32:16Z</time><extensions><gpxtpx:TrackPointExtension><gpxtpx:hr>139</gpxtpx:hr></gpxtpx:TrackPointExtension></extensions></trkpt><trkpt lat="56.023812" lon="37.852477"><ele>167.0</ele><time>2026-06-24T04:32:17Z</time><extensions><gpxtpx:TrackPointExtension><gpxtpx:hr>139</gpxtpx:hr></gpxtpx:TrackPointExtension></extensions></trkpt><trkpt lat="56.023817" lon="37.852522"><ele>167.0</ele><time>2026-06-24T04:32:18Z</time><extensions><gpxtpx:TrackPointExtension><gpxtpx:hr>139</gpxtpx:hr></gpxtpx:TrackPointExtension></extensions></trkpt><trkpt lat="56.023822" lon="37.852565"><ele>167.0</ele><time>2026-06-24T04:32:19Z</time><extensions><gpxtpx:TrackPointExtension><gpxtpx:hr>139</gpxtpx:hr></gpxtpx:TrackPointExtension></extensions></trkpt><trkpt lat="56.02383" lon="37.852607"><ele>167.0</ele><time>2026-06-24T04:32:20Z</time><extensions><gpxtpx:TrackPointExtension><gpxtpx:hr>139</gpxtpx:hr></gpxtpx:TrackPointExtension></extensions></trkpt><trkpt lat="56.023842" lon="37.852647"><ele>167.2</ele><time>2026-06-24T04:32:21Z</time><extensions><gpxtpx:TrackPointExtension><gpxtpx:hr>139</gpxtpx:hr></gpxtpx:TrackPointExtension></extensions></trkpt><trkpt lat="56.02386" lon="37.852677"><ele>167.0</ele><time>2026-06-24T04:32:22Z</time><extensions><gpxtpx:TrackPointExtension><gpxtpx:hr>139</gpxtpx:hr></gpxtpx:TrackPointExtension></extensions></trkpt><trkpt lat="56.02388" lon="37.852707"><ele>167.0</ele><time>2026-06-24T04:32:23Z</time><extensions><gpxtpx:TrackPointExtension><gpxtpx:hr>139</gpxtpx:hr></gpxtpx:TrackPointExtension></extensions></trkpt><trkpt lat="56.0239" lon="37.852732"><ele>167.2</ele><time>2026-06-24T04:32:24Z</time><extensions><gpxtpx:TrackPointExtension><gpxtpx:hr>139</gpxtpx:hr></gpxtpx:TrackPointExtension></extensions></trkpt><trkpt lat="56.023922" lon="37.85275"><ele>167.2</ele><time>2026-06-24T04:32:25Z</time><extensions><gpxtpx:TrackPointExtension><gpxtpx:hr>139</gpxtpx:hr></gpxtpx:TrackPointExtension></extensions></trkpt><trkpt lat="56.023947" lon="37.852762"><ele>167.2</ele><time>2026-06-24T04:32:26Z</time><extensions><gpxtpx:TrackPointExtension><gpxtpx:hr>139</gpxtpx:hr></gpxtpx:TrackPointExtension></extensions></trkpt><trkpt lat="56.023972" lon="37.852772"><ele>167.2</ele><time>2026-06-24T04:32:27Z</time><extensions><gpxtpx:TrackPointExtension><gpxtpx:hr>139</gpxtpx:hr></gpxtpx:TrackPointExtension></extensions></trkpt><trkpt lat="56.023995" lon="37.852775"><ele>167.2</ele><time>2026-06-24T04:32:28Z</time><extensions><gpxtpx:TrackPointExtension><gpxtpx:hr>139</gpxtpx:hr></gpxtpx:TrackPointExtension></extensions></trkpt><trkpt lat="56.02402" lon="37.852775"><ele>167.2</ele><time>2026-06-24T04:32:29Z</time><extensions><gpxtpx:TrackPointExtension><gpxtpx:hr>139</gpxtpx:hr></gpxtpx:TrackPointExtension></extensions></trkpt><trkpt lat="56.024045" lon="37.852775"><ele>167.2</ele><time>2026-06-24T04:32:30Z</time><extensions><gpxtpx:TrackPointExtension><gpxtpx:hr>139</gpxtpx:hr></gpxtpx:TrackPointExtension></extensions></trkpt><trkpt lat="56.024067" lon="37.852775"><ele>167.2</ele><time>2026-06-24T04:32:31Z</time><extensions><gpxtpx:TrackPointExtension><gpxtpx:hr>139</gpxtpx:hr></gpxtpx:TrackPointExtension></extensions></trkpt><trkpt lat="56.024087" lon="37.852772"><ele>167.2</ele><time>2026-06-24T04:32:32Z</time><extensions><gpxtpx:TrackPointExtension><gpxtpx:hr>139</gpxtpx:hr></gpxtpx:TrackPointExtension></extensions></trkpt><trkpt lat="56.024115" lon="37.852772"><ele>167.2</ele><time>2026-06-24T04:32:33Z</time><extensions><gpxtpx:TrackPointExtension><gpxtpx:hr>139</gpxtpx:hr></gpxtpx:TrackPointExtension></extensions></trkpt><trkpt lat="56.024142" lon="37.852775"><ele>167.4</ele><time>2026-06-24T04:32:34Z</time><extensions><gpxtpx:TrackPointExtension><gpxtpx:hr>139</gpxtpx:hr></gpxtpx:TrackPointExtension></extensions></trkpt><trkpt lat="56.024165" lon="37.852775"><ele>167.4</ele><time>2026-06-24T04:32:35Z</time><extensions><gpxtpx:TrackPointExtension><gpxtpx:hr>139</gpxtpx:hr></gpxtpx:TrackPointExtension></extensions></trkpt><trkpt lat="56.024187" lon="37.85278"><ele>167.4</ele><time>2026-06-24T04:32:36Z</time><extensions><gpxtpx:TrackPointExtension><gpxtpx:hr>139</gpxtpx:hr></gpxtpx:TrackPointExtension></extensions></trkpt><trkpt lat="56.024213" lon="37.852785"><ele>167.2</ele><time>2026-06-24T04:32:37Z</time><extensions><gpxtpx:TrackPointExtension><gpxtpx:hr>139</gpxtpx:hr></gpxtpx:TrackPointExtension></extensions></trkpt><trkpt lat="56.02424" lon="37.852785"><ele>167.2</ele><time>2026-06-24T04:32:38Z</time><extensions><gpxtpx:TrackPointExtension><gpxtpx:hr>139</gpxtpx:hr></gpxtpx:TrackPointExtension></extensions></trkpt><trkpt lat="56.024265" lon="37.852787"><ele>167.2</ele><time>2026-06-24T04:32:39Z</time><extensions><gpxtpx:TrackPointExtension><gpxtpx:hr>139</gpxtpx:hr></gpxtpx:TrackPointExtension></extensions></trkpt><trkpt lat="56.024287" lon="37.852787"><ele>167.2</ele><time>2026-06-24T04:32:40Z</time><extensions><gpxtpx:TrackPointExtension><gpxtpx:hr>139</gpxtpx:hr></gpxtpx:TrackPointExtension></extensions></trkpt><trkpt lat="56.024315" lon="37.85279"><ele>167.2</ele><time>2026-06-24T04:32:41Z</time><extensions><gpxtpx:TrackPointExtension><gpxtpx:hr>139</gpxtpx:hr></gpxtpx:TrackPointExtension></extensions></trkpt><trkpt lat="56.02434" lon="37.852797"><ele>167.2</ele><time>2026-06-24T04:32:42Z</time><extensions><gpxtpx:TrackPointExtension><gpxtpx:hr>139</gpxtpx:hr></gpxtpx:TrackPointExtension></extensions></trkpt><trkpt lat="56.024367" lon="37.8528"><ele>167.2</ele><time>2026-06-24T04:32:43Z</time><extensions><gpxtpx:TrackPointExtension><gpxtpx:hr>139</gpxtpx:hr></gpxtpx:TrackPointExtension></extensions></trkpt><trkpt lat="56.024417" lon="37.852795"><ele>167.2</ele><time>2026-06-24T04:32:45Z</time><extensions><gpxtpx:TrackPointExtension><gpxtpx:hr>139</gpxtpx:hr></gpxtpx:TrackPointExtension></extensions></trkpt><trkpt lat="56.024442" lon="37.852787"><ele>167.2</ele><time>2026-06-24T04:32:46Z</time><extensions><gpxtpx:TrackPointExtension><gpxtpx:hr>139</gpxtpx:hr></gpxtpx:TrackPointExtension></extensions></trkpt><trkpt lat="56.02449" lon="37.852755"><ele>167.2</ele><time>2026-06-24T04:32:48Z</time><extensions><gpxtpx:TrackPointExtension><gpxtpx:hr>139</gpxtpx:hr></gpxtpx:TrackPointExtension></extensions></trkpt><trkpt lat="56.02451" lon="37.852722"><ele>167.4</ele><time>2026-06-24T04:32:49Z</time><extensions><gpxtpx:TrackPointExtension><gpxtpx:hr>139</gpxtpx:hr></gpxtpx:TrackPointExtension></extensions></trkpt><trkpt lat="56.02453" lon="37.852692"><ele>167.4</ele><time>2026-06-24T04:32:50Z</time><extensions><gpxtpx:TrackPointExtension><gpxtpx:hr>139</gpxtpx:hr></gpxtpx:TrackPointExtension></extensions></trkpt><trkpt lat="56.024547" lon="37.852652"><ele>167.2</ele><time>2026-06-24T04:32:51Z</time><extensions><gpxtpx:TrackPointExtension><gpxtpx:hr>139</gpxtpx:hr></gpxtpx:TrackPointExtension></extensions></trkpt><trkpt lat="56.02456" lon="37.85261"><ele>167.2</ele><time>2026-06-24T04:32:52Z</time><extensions><gpxtpx:TrackPointExtension><gpxtpx:hr>139</gpxtpx:hr></gpxtpx:TrackPointExtension></extensions></trkpt><trkpt lat="56.024567" lon="37.852567"><ele>167.4</ele><time>2026-06-24T04:32:53Z</time><extensions><gpxtpx:TrackPointExtension><gpxtpx:hr>139</gpxtpx:hr></gpxtpx:TrackPointExtension></extensions></trkpt><trkpt lat="56.024572" lon="37.852517"><ele>167.2</ele><time>2026-06-24T04:32:54Z</time><extensions><gpxtpx:TrackPointExtension><gpxtpx:hr>139</gpxtpx:hr></gpxtpx:TrackPointExtension></extensions></trkpt><trkpt lat="56.024577" lon="37.85247"><ele>167.2</ele><time>2026-06-24T04:32:55Z</time><extensions><gpxtpx:TrackPointExtension><gpxtpx:hr>139</gpxtpx:hr></gpxtpx:TrackPointExtension></extensions></trkpt><trkpt lat="56.024577" lon="37.852425"><ele>167.2</ele><time>2026-06-24T04:32:56Z</time><extensions><gpxtpx:TrackPointExtension><gpxtpx:hr>139</gpxtpx:hr></gpxtpx:TrackPointExtension></extensions></trkpt><trkpt lat="56.02457" lon="37.852377"><ele>167.4</ele><time>2026-06-24T04:32:57Z</time><extensions><gpxtpx:TrackPointExtension><gpxtpx:hr>139</gpxtpx:hr></gpxtpx:TrackPointExtension></extensions></trkpt><trkpt lat="56.02456" lon="37.852342"><ele>167.4</ele><time>2026-06-24T04:32:58Z</time><extensions><gpxtpx:TrackPointExtension><gpxtpx:hr>139</gpxtpx:hr></gpxtpx:TrackPointExtension></extensions></trkpt><trkpt lat="56.024547" lon="37.852305"><ele>167.2</ele><time>2026-06-24T04:32:59Z</time><extensions><gpxtpx:TrackPointExtension><gpxtpx:hr>139</gpxtpx:hr></gpxtpx:TrackPointExtension></extensions></trkpt><trkpt lat="56.02453" lon="37.852272"><ele>167.2</ele><time>2026-06-24T04:33:00Z</time><extensions><gpxtpx:TrackPointExtension><gpxtpx:hr>139</gpxtpx:hr></gpxtpx:TrackPointExtension></extensions></trkpt><trkpt lat="56.02451" lon="37.852245"><ele>167.2</ele><time>2026-06-24T04:33:01Z</time><extensions><gpxtpx:TrackPointExtension><gpxtpx:hr>139</gpxtpx:hr></gpxtpx:TrackPointExtension></extensions></trkpt><trkpt lat="56.024487" lon="37.85221"><ele>167.2</ele><time>2026-06-24T04:33:02Z</time><extensions><gpxtpx:TrackPointExtension><gpxtpx:hr>139</gpxtpx:hr></gpxtpx:TrackPointExtension></extensions></trkpt><trkpt lat="56.024462" lon="37.852185"><ele>167.2</ele><time>2026-06-24T04:33:03Z</time><extensions><gpxtpx:TrackPointExtension><gpxtpx:hr>139</gpxtpx:hr></gpxtpx:TrackPointExtension></extensions></trkpt><trkpt lat="56.024442" lon="37.852165"><ele>167.2</ele><time>2026-06-24T04:33:04Z</time><extensions><gpxtpx:TrackPointExtension><gpxtpx:hr>139</gpxtpx:hr></gpxtpx:TrackPointExtension></extensions></trkpt><trkpt lat="56.024412" lon="37.852157"><ele>167.2</ele><time>2026-06-24T04:33:05Z</time><extensions><gpxtpx:TrackPointExtension><gpxtpx:hr>139</gpxtpx:hr></gpxtpx:TrackPointExtension></extensions></trkpt><trkpt lat="56.024387" lon="37.852152"><ele>167.2</ele><time>2026-06-24T04:33:06Z</time><extensions><gpxtpx:TrackPointExtension><gpxtpx:hr>139</gpxtpx:hr></gpxtpx:TrackPointExtension></extensions></trkpt><trkpt lat="56.024362" lon="37.85215"><ele>167.4</ele><time>2026-06-24T04:33:07Z</time><extensions><gpxtpx:TrackPointExtension><gpxtpx:hr>139</gpxtpx:hr></gpxtpx:TrackPointExtension></extensions></trkpt><trkpt lat="56.024337" lon="37.852152"><ele>167.2</ele><time>2026-06-24T04:33:08Z</time><extensions><gpxtpx:TrackPointExtension><gpxtpx:hr>139</gpxtpx:hr></gpxtpx:TrackPointExtension></extensions></trkpt><trkpt lat="56.024312" lon="37.852155"><ele>167.2</ele><time>2026-06-24T04:33:09Z</time><extensions><gpxtpx:TrackPointExtension><gpxtpx:hr>139</gpxtpx:hr></gpxtpx:TrackPointExtension></extensions></trkpt><trkpt lat="56.024285" lon="37.852155"><ele>167.2</ele><time>2026-06-24T04:33:10Z</time><extensions><gpxtpx:TrackPointExtension><gpxtpx:hr>139</gpxtpx:hr></gpxtpx:TrackPointExtension></extensions></trkpt><trkpt lat="56.024257" lon="37.85215"><ele>167.2</ele><time>2026-06-24T04:33:11Z</time><extensions><gpxtpx:TrackPointExtension><gpxtpx:hr>139</gpxtpx:hr></gpxtpx:TrackPointExtension></extensions></trkpt><trkpt lat="56.024232" lon="37.852147"><ele>167.2</ele><time>2026-06-24T04:33:12Z</time><extensions><gpxtpx:TrackPointExtension><gpxtpx:hr>139</gpxtpx:hr></gpxtpx:TrackPointExtension></extensions></trkpt><trkpt lat="56.024207" lon="37.852152"><ele>167.2</ele><time>2026-06-24T04:33:13Z</time><extensions><gpxtpx:TrackPointExtension><gpxtpx:hr>139</gpxtpx:hr></gpxtpx:TrackPointExtension></extensions></trkpt><trkpt lat="56.024185" lon="37.852155"><ele>167.2</ele><time>2026-06-24T04:33:14Z</time><extensions><gpxtpx:TrackPointExtension><gpxtpx:hr>139</gpxtpx:hr></gpxtpx:TrackPointExtension></extensions></trkpt><trkpt lat="56.024162" lon="37.852157"><ele>167.2</ele><time>2026-06-24T04:33:15Z</time><extensions><gpxtpx:TrackPointExtension><gpxtpx:hr>139</gpxtpx:hr></gpxtpx:TrackPointExtension></extensions></trkpt><trkpt lat="56.024137" lon="37.85216"><ele>167.2</ele><time>2026-06-24T04:33:16Z</time><extensions><gpxtpx:TrackPointExtension><gpxtpx:hr>139</gpxtpx:hr></gpxtpx:TrackPointExtension></extensions></trkpt><trkpt lat="56.024112" lon="37.85216"><ele>167.2</ele><time>2026-06-24T04:33:17Z</time><extensions><gpxtpx:TrackPointExtension><gpxtpx:hr>139</gpxtpx:hr></gpxtpx:TrackPointExtension></extensions></trkpt><trkpt lat="56.024085" lon="37.852155"><ele>167.2</ele><time>2026-06-24T04:33:18Z</time><extensions><gpxtpx:TrackPointExtension><gpxtpx:hr>139</gpxtpx:hr></gpxtpx:TrackPointExtension></extensions></trkpt><trkpt lat="56.024062" lon="37.852155"><ele>167.2</ele><time>2026-06-24T04:33:19Z</time><extensions><gpxtpx:TrackPointExtension><gpxtpx:hr>139</gpxtpx:hr></gpxtpx:TrackPointExtension></extensions></trkpt><trkpt lat="56.024037" lon="37.852155"><ele>167.2</ele><time>2026-06-24T04:33:20Z</time><extensions><gpxtpx:TrackPointExtension><gpxtpx:hr>139</gpxtpx:hr></gpxtpx:TrackPointExtension></extensions></trkpt><trkpt lat="56.024012" lon="37.852152"><ele>167.2</ele><time>2026-06-24T04:33:21Z</time><extensions><gpxtpx:TrackPointExtension><gpxtpx:hr>139</gpxtpx:hr></gpxtpx:TrackPointExtension></extensions></trkpt><trkpt lat="56.023987" lon="37.852152"><ele>167.2</ele><time>2026-06-24T04:33:22Z</time><extensions><gpxtpx:TrackPointExtension><gpxtpx:hr>139</gpxtpx:hr></gpxtpx:TrackPointExtension></extensions></trkpt><trkpt lat="56.023962" lon="37.852152"><ele>167.2</ele><time>2026-06-24T04:33:23Z</time><extensions><gpxtpx:TrackPointExtension><gpxtpx:hr>139</gpxtpx:hr></gpxtpx:TrackPointExtension></extensions></trkpt><trkpt lat="56.023935" lon="37.852155"><ele>167.2</ele><time>2026-06-24T04:33:24Z</time><extensions><gpxtpx:TrackPointExtension><gpxtpx:hr>139</gpxtpx:hr></gpxtpx:TrackPointExtension></extensions></trkpt><trkpt lat="56.02391" lon="37.852167"><ele>167.2</ele><time>2026-06-24T04:33:25Z</time><extensions><gpxtpx:TrackPointExtension><gpxtpx:hr>139</gpxtpx:hr></gpxtpx:TrackPointExtension></extensions></trkpt><trkpt lat="56.023885" lon="37.852182"><ele>167.2</ele><time>2026-06-24T04:33:26Z</time><extensions><gpxtpx:TrackPointExtension><gpxtpx:hr>139</gpxtpx:hr></gpxtpx:TrackPointExtension></extensions></trkpt><trkpt lat="56.023862" lon="37.852202"><ele>167.0</ele><time>2026-06-24T04:33:27Z</time><extensions><gpxtpx:TrackPointExtension><gpxtpx:hr>139</gpxtpx:hr></gpxtpx:TrackPointExtension></extensions></trkpt><trkpt lat="56.023842" lon="37.852232"><ele>167.0</ele><time>2026-06-24T04:33:28Z</time><extensions><gpxtpx:TrackPointExtension><gpxtpx:hr>139</gpxtpx:hr></gpxtpx:TrackPointExtension></extensions></trkpt><trkpt lat="56.023827" lon="37.852267"><ele>167.0</ele><time>2026-06-24T04:33:29Z</time><extensions><gpxtpx:TrackPointExtension><gpxtpx:hr>139</gpxtpx:hr></gpxtpx:TrackPointExtension></extensions></trkpt><trkpt lat="56.023817" lon="37.85231"><ele>167.0</ele><time>2026-06-24T04:33:30Z</time><extensions><gpxtpx:TrackPointExtension><gpxtpx:hr>139</gpxtpx:hr></gpxtpx:TrackPointExtension></extensions></trkpt><trkpt lat="56.02381" lon="37.852357"><ele>167.0</ele><time>2026-06-24T04:33:31Z</time><extensions><gpxtpx:TrackPointExtension><gpxtpx:hr>139</gpxtpx:hr></gpxtpx:TrackPointExtension></extensions></trkpt><trkpt lat="56.023807" lon="37.8524"><ele>167.0</ele><time>2026-06-24T04:33:32Z</time><extensions><gpxtpx:TrackPointExtension><gpxtpx:hr>139</gpxtpx:hr></gpxtpx:TrackPointExtension></extensions></trkpt><trkpt lat="56.023805" lon="37.852447"><ele>167.0</ele><time>2026-06-24T04:33:33Z</time><extensions><gpxtpx:TrackPointExtension><gpxtpx:hr>139</gpxtpx:hr></gpxtpx:TrackPointExtension></extensions></trkpt><trkpt lat="56.023807" lon="37.852497"><ele>167.2</ele><time>2026-06-24T04:33:34Z</time><extensions><gpxtpx:TrackPointExtension><gpxtpx:hr>139</gpxtpx:hr></gpxtpx:TrackPointExtension></extensions></trkpt><trkpt lat="56.023812" lon="37.85254"><ele>167.2</ele><time>2026-06-24T04:33:35Z</time><extensions><gpxtpx:TrackPointExtension><gpxtpx:hr>139</gpxtpx:hr></gpxtpx:TrackPointExtension></extensions></trkpt><trkpt lat="56.023822" lon="37.852585"><ele>167.2</ele><time>2026-06-24T04:33:36Z</time><extensions><gpxtpx:TrackPointExtension><gpxtpx:hr>139</gpxtpx:hr></gpxtpx:TrackPointExtension></extensions></trkpt><trkpt lat="56.023832" lon="37.85262"><ele>167.2</ele><time>2026-06-24T04:33:37Z</time><extensions><gpxtpx:TrackPointExtension><gpxtpx:hr>139</gpxtpx:hr></gpxtpx:TrackPointExtension></extensions></trkpt><trkpt lat="56.023847" lon="37.852652"><ele>167.2</ele><time>2026-06-24T04:33:38Z</time><extensions><gpxtpx:TrackPointExtension><gpxtpx:hr>139</gpxtpx:hr></gpxtpx:TrackPointExtension></extensions></trkpt><trkpt lat="56.023867" lon="37.852685"><ele>167.2</ele><time>2026-06-24T04:33:39Z</time><extensions><gpxtpx:TrackPointExtension><gpxtpx:hr>139</gpxtpx:hr></gpxtpx:TrackPointExtension></extensions></trkpt><trkpt lat="56.023887" lon="37.852712"><ele>167.2</ele><time>2026-06-24T04:33:40Z</time><extensions><gpxtpx:TrackPointExtension><gpxtpx:hr>139</gpxtpx:hr></gpxtpx:TrackPointExtension></extensions></trkpt><trkpt lat="56.023912" lon="37.852732"><ele>167.2</ele><time>2026-06-24T04:33:41Z</time><extensions><gpxtpx:TrackPointExtension><gpxtpx:hr>139</gpxtpx:hr></gpxtpx:TrackPointExtension></extensions></trkpt><trkpt lat="56.02394" lon="37.852752"><ele>167.2</ele><time>2026-06-24T04:33:42Z</time><extensions><gpxtpx:TrackPointExtension><gpxtpx:hr>139</gpxtpx:hr></gpxtpx:TrackPointExtension></extensions></trkpt><trkpt lat="56.023975" lon="37.852765"><ele>167.2</ele><time>2026-06-24T04:33:43Z</time><extensions><gpxtpx:TrackPointExtension><gpxtpx:hr>139</gpxtpx:hr></gpxtpx:TrackPointExtension></extensions></trkpt><trkpt lat="56.024017" lon="37.852775"><ele>167.0</ele><time>2026-06-24T04:33:44Z</time><extensions><gpxtpx:TrackPointExtension><gpxtpx:hr>139</gpxtpx:hr></gpxtpx:TrackPointExtension></extensions></trkpt><trkpt lat="56.02407" lon="37.852777"><ele>167.0</ele><time>2026-06-24T04:33:45Z</time><extensions><gpxtpx:TrackPointExtension><gpxtpx:hr>139</gpxtpx:hr></gpxtpx:TrackPointExtension></extensions></trkpt><trkpt lat="56.024122" lon="37.85278"><ele>166.8</ele><time>2026-06-24T04:33:46Z</time><extensions><gpxtpx:TrackPointExtension><gpxtpx:hr>139</gpxtpx:hr></gpxtpx:TrackPointExtension></extensions></trkpt><trkpt lat="56.024175" lon="37.852782"><ele>166.6</ele><time>2026-06-24T04:33:47Z</time><extensions><gpxtpx:TrackPointExtension><gpxtpx:hr>139</gpxtpx:hr></gpxtpx:TrackPointExtension></extensions></trkpt><trkpt lat="56.024227" lon="37.852782"><ele>166.4</ele><time>2026-06-24T04:33:48Z</time><extensions><gpxtpx:TrackPointExtension><gpxtpx:hr>139</gpxtpx:hr></gpxtpx:TrackPointExtension></extensions></trkpt><trkpt lat="56.024277" lon="37.852787"><ele>166.4</ele><time>2026-06-24T04:33:49Z</time><extensions><gpxtpx:TrackPointExtension><gpxtpx:hr>139</gpxtpx:hr></gpxtpx:TrackPointExtension></extensions></trkpt><trkpt lat="56.02433" lon="37.852792"><ele>166.4</ele><time>2026-06-24T04:33:50Z</time><extensions><gpxtpx:TrackPointExtension><gpxtpx:hr>139</gpxtpx:hr></gpxtpx:TrackPointExtension></extensions></trkpt><trkpt lat="56.024377" lon="37.852792"><ele>166.4</ele><time>2026-06-24T04:33:51Z</time><extensions><gpxtpx:TrackPointExtension><gpxtpx:hr>139</gpxtpx:hr></gpxtpx:TrackPointExtension></extensions></trkpt><trkpt lat="56.024417" lon="37.85279"><ele>166.4</ele><time>2026-06-24T04:33:52Z</time><extensions><gpxtpx:TrackPointExtension><gpxtpx:hr>139</gpxtpx:hr></gpxtpx:TrackPointExtension></extensions></trkpt><trkpt lat="56.024455" lon="37.852775"><ele>166.4</ele><time>2026-06-24T04:33:53Z</time><extensions><gpxtpx:TrackPointExtension><gpxtpx:hr>139</gpxtpx:hr></gpxtpx:TrackPointExtension></extensions></trkpt><trkpt lat="56.024485" lon="37.852752"><ele>166.4</ele><time>2026-06-24T04:33:54Z</time><extensions><gpxtpx:TrackPointExtension><gpxtpx:hr>139</gpxtpx:hr></gpxtpx:TrackPointExtension></extensions></trkpt><trkpt lat="56.02451" lon="37.852727"><ele>166.6</ele><time>2026-06-24T04:33:55Z</time><extensions><gpxtpx:TrackPointExtension><gpxtpx:hr>139</gpxtpx:hr></gpxtpx:TrackPointExtension></extensions></trkpt><trkpt lat="56.02453" lon="37.852695"><ele>166.6</ele><time>2026-06-24T04:33:56Z</time><extensions><gpxtpx:TrackPointExtension><gpxtpx:hr>139</gpxtpx:hr></gpxtpx:TrackPointExtension></extensions></trkpt><trkpt lat="56.024547" lon="37.85266"><ele>166.6</ele><time>2026-06-24T04:33:57Z</time><extensions><gpxtpx:TrackPointExtension><gpxtpx:hr>139</gpxtpx:hr></gpxtpx:TrackPointExtension></extensions></trkpt><trkpt lat="56.02456" lon="37.852617"><ele>166.8</ele><time>2026-06-24T04:33:58Z</time><extensions><gpxtpx:TrackPointExtension><gpxtpx:hr>139</gpxtpx:hr></gpxtpx:TrackPointExtension></extensions></trkpt><trkpt lat="56.024567" lon="37.852575"><ele>166.8</ele><time>2026-06-24T04:33:59Z</time><extensions><gpxtpx:TrackPointExtension><gpxtpx:hr>139</gpxtpx:hr></gpxtpx:TrackPointExtension></extensions></trkpt><trkpt lat="56.024572" lon="37.852532"><ele>166.8</ele><time>2026-06-24T04:34:00Z</time><extensions><gpxtpx:TrackPointExtension><gpxtpx:hr>139</gpxtpx:hr></gpxtpx:TrackPointExtension></extensions></trkpt><trkpt lat="56.024575" lon="37.852487"><ele>166.8</ele><time>2026-06-24T04:34:01Z</time><extensions><gpxtpx:TrackPointExtension><gpxtpx:hr>139</gpxtpx:hr></gpxtpx:TrackPointExtension></extensions></trkpt><trkpt lat="56.024575" lon="37.852445"><ele>167.0</ele><time>2026-06-24T04:34:02Z</time><extensions><gpxtpx:TrackPointExtension><gpxtpx:hr>139</gpxtpx:hr></gpxtpx:TrackPointExtension></extensions></trkpt><trkpt lat="56.024572" lon="37.852407"><ele>167.0</ele><time>2026-06-24T04:34:03Z</time><extensions><gpxtpx:TrackPointExtension><gpxtpx:hr>139</gpxtpx:hr></gpxtpx:TrackPointExtension></extensions></trkpt><trkpt lat="56.024562" lon="37.852365"><ele>167.0</ele><time>2026-06-24T04:34:04Z</time><extensions><gpxtpx:TrackPointExtension><gpxtpx:hr>139</gpxtpx:hr></gpxtpx:TrackPointExtension></extensions></trkpt><trkpt lat="56.024552" lon="37.852327"><ele>166.8</ele><time>2026-06-24T04:34:05Z</time><extensions><gpxtpx:TrackPointExtension><gpxtpx:hr>139</gpxtpx:hr></gpxtpx:TrackPointExtension></extensions></trkpt><trkpt lat="56.02454" lon="37.852292"><ele>166.8</ele><time>2026-06-24T04:34:06Z</time><extensions><gpxtpx:TrackPointExtension><gpxtpx:hr>139</gpxtpx:hr></gpxtpx:TrackPointExtension></extensions></trkpt><trkpt lat="56.024522" lon="37.852255"><ele>166.8</ele><time>2026-06-24T04:34:07Z</time><extensions><gpxtpx:TrackPointExtension><gpxtpx:hr>139</gpxtpx:hr></gpxtpx:TrackPointExtension></extensions></trkpt><trkpt lat="56.024502" lon="37.852223"><ele>166.8</ele><time>2026-06-24T04:34:08Z</time><extensions><gpxtpx:TrackPointExtension><gpxtpx:hr>139</gpxtpx:hr></gpxtpx:TrackPointExtension></extensions></trkpt><trkpt lat="56.024485" lon="37.852195"><ele>166.8</ele><time>2026-06-24T04:34:09Z</time><extensions><gpxtpx:TrackPointExtension><gpxtpx:hr>139</gpxtpx:hr></gpxtpx:TrackPointExtension></extensions></trkpt><trkpt lat="56.02446" lon="37.852172"><ele>167.0</ele><time>2026-06-24T04:34:10Z</time><extensions><gpxtpx:TrackPointExtension><gpxtpx:hr>139</gpxtpx:hr></gpxtpx:TrackPointExtension></extensions></trkpt><trkpt lat="56.024437" lon="37.852157"><ele>167.0</ele><time>2026-06-24T04:34:11Z</time><extensions><gpxtpx:TrackPointExtension><gpxtpx:hr>139</gpxtpx:hr></gpxtpx:TrackPointExtension></extensions></trkpt><trkpt lat="56.024412" lon="37.852152"><ele>167.0</ele><time>2026-06-24T04:34:12Z</time><extensions><gpxtpx:TrackPointExtension><gpxtpx:hr>139</gpxtpx:hr></gpxtpx:TrackPointExtension></extensions></trkpt><trkpt lat="56.024387" lon="37.852152"><ele>167.0</ele><time>2026-06-24T04:34:13Z</time><extensions><gpxtpx:TrackPointExtension><gpxtpx:hr>139</gpxtpx:hr></gpxtpx:TrackPointExtension></extensions></trkpt><trkpt lat="56.024362" lon="37.852152"><ele>167.0</ele><time>2026-06-24T04:34:14Z</time><extensions><gpxtpx:TrackPointExtension><gpxtpx:hr>139</gpxtpx:hr></gpxtpx:TrackPointExtension></extensions></trkpt><trkpt lat="56.024337" lon="37.852147"><ele>167.0</ele><time>2026-06-24T04:34:15Z</time><extensions><gpxtpx:TrackPointExtension><gpxtpx:hr>139</gpxtpx:hr></gpxtpx:TrackPointExtension></extensions></trkpt><trkpt lat="56.024312" lon="37.852145"><ele>166.8</ele><time>2026-06-24T04:34:16Z</time><extensions><gpxtpx:TrackPointExtension><gpxtpx:hr>139</gpxtpx:hr></gpxtpx:TrackPointExtension></extensions></trkpt><trkpt lat="56.024292" lon="37.852142"><ele>167.0</ele><time>2026-06-24T04:34:17Z</time><extensions><gpxtpx:TrackPointExtension><gpxtpx:hr>139</gpxtpx:hr></gpxtpx:TrackPointExtension></extensions></trkpt><trkpt lat="56.024177" lon="37.85216"><ele>167.2</ele><time>2026-06-24T04:34:52Z</time><extensions><gpxtpx:TrackPointExtension><gpxtpx:hr>139</gpxtpx:hr></gpxtpx:TrackPointExtension></extensions></trkpt><trkpt lat="56.024142" lon="37.85217"><ele>167.2</ele><time>2026-06-24T04:34:54Z</time><extensions><gpxtpx:TrackPointExtension><gpxtpx:hr>139</gpxtpx:hr></gpxtpx:TrackPointExtension></extensions></trkpt><trkpt lat="56.024122" lon="37.852175"><ele>167.2</ele><time>2026-06-24T04:34:55Z</time><extensions><gpxtpx:TrackPointExtension><gpxtpx:hr>139</gpxtpx:hr></gpxtpx:TrackPointExtension></extensions></trkpt><trkpt lat="56.024095" lon="37.852177"><ele>167.2</ele><time>2026-06-24T04:34:57Z</time><extensions><gpxtpx:TrackPointExtension><gpxtpx:hr>139</gpxtpx:hr></gpxtpx:TrackPointExtension></extensions></trkpt><trkpt lat="56.024077" lon="37.852175"><ele>167.2</ele><time>2026-06-24T04:34:59Z</time><extensions><gpxtpx:TrackPointExtension><gpxtpx:hr>139</gpxtpx:hr></gpxtpx:TrackPointExtension></extensions></trkpt><trkpt lat="56.024057" lon="37.852167"><ele>167.2</ele><time>2026-06-24T04:35:01Z</time><extensions><gpxtpx:TrackPointExtension><gpxtpx:hr>139</gpxtpx:hr></gpxtpx:TrackPointExtension></extensions></trkpt><trkpt lat="56.024037" lon="37.852167"><ele>167.4</ele><time>2026-06-24T04:35:03Z</time><extensions><gpxtpx:TrackPointExtension><gpxtpx:hr>139</gpxtpx:hr></gpxtpx:TrackPointExtension></extensions></trkpt><trkpt lat="56.024012" lon="37.85216"><ele>167.2</ele><time>2026-06-24T04:35:06Z</time><extensions><gpxtpx:TrackPointExtension><gpxtpx:hr>139</gpxtpx:hr></gpxtpx:TrackPointExtension></extensions></trkpt><trkpt lat="56.023992" lon="37.852157"><ele>167.4</ele><time>2026-06-24T04:35:08Z</time><extensions><gpxtpx:TrackPointExtension><gpxtpx:hr>139</gpxtpx:hr></gpxtpx:TrackPointExtension></extensions></trkpt><trkpt lat="56.023967" lon="37.852162"><ele>167.4</ele><time>2026-06-24T04:35:10Z</time><extensions><gpxtpx:TrackPointExtension><gpxtpx:hr>139</gpxtpx:hr></gpxtpx:TrackPointExtension></extensions></trkpt><trkpt lat="56.023947" lon="37.852167"><ele>167.2</ele><time>2026-06-24T04:35:11Z</time><extensions><gpxtpx:TrackPointExtension><gpxtpx:hr>139</gpxtpx:hr></gpxtpx:TrackPointExtension></extensions></trkpt><trkpt lat="56.023927" lon="37.852177"><ele>167.0</ele><time>2026-06-24T04:35:12Z</time><extensions><gpxtpx:TrackPointExtension><gpxtpx:hr>139</gpxtpx:hr></gpxtpx:TrackPointExtension></extensions></trkpt><trkpt lat="56.023905" lon="37.852197"><ele>167.0</ele><time>2026-06-24T04:35:13Z</time><extensions><gpxtpx:TrackPointExtension><gpxtpx:hr>139</gpxtpx:hr></gpxtpx:TrackPointExtension></extensions></trkpt><trkpt lat="56.023885" lon="37.852217"><ele>166.8</ele><time>2026-06-24T04:35:14Z</time><extensions><gpxtpx:TrackPointExtension><gpxtpx:hr>139</gpxtpx:hr></gpxtpx:TrackPointExtension></extensions></trkpt><trkpt lat="56.023862" lon="37.852242"><ele>166.8</ele><time>2026-06-24T04:35:15Z</time><extensions><gpxtpx:TrackPointExtension><gpxtpx:hr>139</gpxtpx:hr></gpxtpx:TrackPointExtension></extensions></trkpt><trkpt lat="56.023847" lon="37.852277"><ele>166.6</ele><time>2026-06-24T04:35:16Z</time><extensions><gpxtpx:TrackPointExtension><gpxtpx:hr>139</gpxtpx:hr></gpxtpx:TrackPointExtension></extensions></trkpt><trkpt lat="56.023832" lon="37.852312"><ele>166.6</ele><time>2026-06-24T04:35:17Z</time><extensions><gpxtpx:TrackPointExtension><gpxtpx:hr>139</gpxtpx:hr></gpxtpx:TrackPointExtension></extensions></trkpt><trkpt lat="56.02382" lon="37.852352"><ele>166.6</ele><time>2026-06-24T04:35:18Z</time><extensions><gpxtpx:TrackPointExtension><gpxtpx:hr>139</gpxtpx:hr></gpxtpx:TrackPointExtension></extensions></trkpt><trkpt lat="56.023815" lon="37.852392"><ele>166.6</ele><time>2026-06-24T04:35:19Z</time><extensions><gpxtpx:TrackPointExtension><gpxtpx:hr>139</gpxtpx:hr></gpxtpx:TrackPointExtension></extensions></trkpt><trkpt lat="56.02381" lon="37.852432"><ele>166.6</ele><time>2026-06-24T04:35:20Z</time><extensions><gpxtpx:TrackPointExtension><gpxtpx:hr>139</gpxtpx:hr></gpxtpx:TrackPointExtension></extensions></trkpt><trkpt lat="56.023812" lon="37.852527"><ele>166.4</ele><time>2026-06-24T04:35:22Z</time><extensions><gpxtpx:TrackPointExtension><gpxtpx:hr>139</gpxtpx:hr></gpxtpx:TrackPointExtension></extensions></trkpt><trkpt lat="56.02382" lon="37.85257"><ele>166.4</ele><time>2026-06-24T04:35:23Z</time><extensions><gpxtpx:TrackPointExtension><gpxtpx:hr>139</gpxtpx:hr></gpxtpx:TrackPointExtension></extensions></trkpt><trkpt lat="56.023832" lon="37.852612"><ele>166.6</ele><time>2026-06-24T04:35:24Z</time><extensions><gpxtpx:TrackPointExtension><gpxtpx:hr>139</gpxtpx:hr></gpxtpx:TrackPointExtension></extensions></trkpt><trkpt lat="56.023842" lon="37.85265"><ele>166.6</ele><time>2026-06-24T04:35:25Z</time><extensions><gpxtpx:TrackPointExtension><gpxtpx:hr>139</gpxtpx:hr></gpxtpx:TrackPointExtension></extensions></trkpt><trkpt lat="56.02386" lon="37.852687"><ele>166.6</ele><time>2026-06-24T04:35:26Z</time><extensions><gpxtpx:TrackPointExtension><gpxtpx:hr>139</gpxtpx:hr></gpxtpx:TrackPointExtension></extensions></trkpt><trkpt lat="56.023882" lon="37.852722"><ele>166.6</ele><time>2026-06-24T04:35:27Z</time><extensions><gpxtpx:TrackPointExtension><gpxtpx:hr>139</gpxtpx:hr></gpxtpx:TrackPointExtension></extensions></trkpt><trkpt lat="56.023902" lon="37.852747"><ele>166.8</ele><time>2026-06-24T04:35:28Z</time><extensions><gpxtpx:TrackPointExtension><gpxtpx:hr>139</gpxtpx:hr></gpxtpx:TrackPointExtension></extensions></trkpt><trkpt lat="56.02395" lon="37.852782"><ele>166.8</ele><time>2026-06-24T04:35:30Z</time><extensions><gpxtpx:TrackPointExtension><gpxtpx:hr>139</gpxtpx:hr></gpxtpx:TrackPointExtension></extensions></trkpt><trkpt lat="56.023972" lon="37.852792"><ele>166.8</ele><time>2026-06-24T04:35:31Z</time><extensions><gpxtpx:TrackPointExtension><gpxtpx:hr>139</gpxtpx:hr></gpxtpx:TrackPointExtension></extensions></trkpt><trkpt lat="56.024" lon="37.852797"><ele>166.8</ele><time>2026-06-24T04:35:32Z</time><extensions><gpxtpx:TrackPointExtension><gpxtpx:hr>139</gpxtpx:hr></gpxtpx:TrackPointExtension></extensions></trkpt><trkpt lat="56.024025" lon="37.852795"><ele>166.8</ele><time>2026-06-24T04:35:33Z</time><extensions><gpxtpx:TrackPointExtension><gpxtpx:hr>139</gpxtpx:hr></gpxtpx:TrackPointExtension></extensions></trkpt><trkpt lat="56.024047" lon="37.852795"><ele>166.8</ele><time>2026-06-24T04:35:34Z</time><extensions><gpxtpx:TrackPointExtension><gpxtpx:hr>139</gpxtpx:hr></gpxtpx:TrackPointExtension></extensions></trkpt><trkpt lat="56.024075" lon="37.852792"><ele>166.8</ele><time>2026-06-24T04:35:35Z</time><extensions><gpxtpx:TrackPointExtension><gpxtpx:hr>139</gpxtpx:hr></gpxtpx:TrackPointExtension></extensions></trkpt><trkpt lat="56.0241" lon="37.85279"><ele>166.8</ele><time>2026-06-24T04:35:36Z</time><extensions><gpxtpx:TrackPointExtension><gpxtpx:hr>139</gpxtpx:hr></gpxtpx:TrackPointExtension></extensions></trkpt><trkpt lat="56.024122" lon="37.85279"><ele>166.8</ele><time>2026-06-24T04:35:37Z</time><extensions><gpxtpx:TrackPointExtension><gpxtpx:hr>139</gpxtpx:hr></gpxtpx:TrackPointExtension></extensions></trkpt><trkpt lat="56.024147" lon="37.85279"><ele>166.8</ele><time>2026-06-24T04:35:38Z</time><extensions><gpxtpx:TrackPointExtension><gpxtpx:hr>139</gpxtpx:hr></gpxtpx:TrackPointExtension></extensions></trkpt><trkpt lat="56.02417" lon="37.85279"><ele>166.8</ele><time>2026-06-24T04:35:39Z</time><extensions><gpxtpx:TrackPointExtension><gpxtpx:hr>139</gpxtpx:hr></gpxtpx:TrackPointExtension></extensions></trkpt><trkpt lat="56.024195" lon="37.852787"><ele>166.8</ele><time>2026-06-24T04:35:40Z</time><extensions><gpxtpx:TrackPointExtension><gpxtpx:hr>139</gpxtpx:hr></gpxtpx:TrackPointExtension></extensions></trkpt><trkpt lat="56.024217" lon="37.852787"><ele>167.0</ele><time>2026-06-24T04:35:41Z</time><extensions><gpxtpx:TrackPointExtension><gpxtpx:hr>139</gpxtpx:hr></gpxtpx:TrackPointExtension></extensions></trkpt><trkpt lat="56.024242" lon="37.852787"><ele>166.8</ele><time>2026-06-24T04:35:42Z</time><extensions><gpxtpx:TrackPointExtension><gpxtpx:hr>139</gpxtpx:hr></gpxtpx:TrackPointExtension></extensions></trkpt><trkpt lat="56.024267" lon="37.852787"><ele>166.8</ele><time>2026-06-24T04:35:43Z</time><extensions><gpxtpx:TrackPointExtension><gpxtpx:hr>139</gpxtpx:hr></gpxtpx:TrackPointExtension></extensions></trkpt><trkpt lat="56.024292" lon="37.852787"><ele>166.8</ele><time>2026-06-24T04:35:44Z</time><extensions><gpxtpx:TrackPointExtension><gpxtpx:hr>139</gpxtpx:hr></gpxtpx:TrackPointExtension></extensions></trkpt><trkpt lat="56.024315" lon="37.852787"><ele>166.8</ele><time>2026-06-24T04:35:45Z</time><extensions><gpxtpx:TrackPointExtension><gpxtpx:hr>139</gpxtpx:hr></gpxtpx:TrackPointExtension></extensions></trkpt><trkpt lat="56.024342" lon="37.852787"><ele>166.6</ele><time>2026-06-24T04:35:46Z</time><extensions><gpxtpx:TrackPointExtension><gpxtpx:hr>139</gpxtpx:hr></gpxtpx:TrackPointExtension></extensions></trkpt><trkpt lat="56.024365" lon="37.852787"><ele>166.6</ele><time>2026-06-24T04:35:47Z</time><extensions><gpxtpx:TrackPointExtension><gpxtpx:hr>139</gpxtpx:hr></gpxtpx:TrackPointExtension></extensions></trkpt><trkpt lat="56.02439" lon="37.852787"><ele>166.6</ele><time>2026-06-24T04:35:48Z</time><extensions><gpxtpx:TrackPointExtension><gpxtpx:hr>139</gpxtpx:hr></gpxtpx:TrackPointExtension></extensions></trkpt><trkpt lat="56.024417" lon="37.852787"><ele>166.6</ele><time>2026-06-24T04:35:49Z</time><extensions><gpxtpx:TrackPointExtension><gpxtpx:hr>139</gpxtpx:hr></gpxtpx:TrackPointExtension></extensions></trkpt><trkpt lat="56.024442" lon="37.852782"><ele>166.6</ele><time>2026-06-24T04:35:50Z</time><extensions><gpxtpx:TrackPointExtension><gpxtpx:hr>139</gpxtpx:hr></gpxtpx:TrackPointExtension></extensions></trkpt><trkpt lat="56.024467" lon="37.85277"><ele>166.6</ele><time>2026-06-24T04:35:51Z</time><extensions><gpxtpx:TrackPointExtension><gpxtpx:hr>139</gpxtpx:hr></gpxtpx:TrackPointExtension></extensions></trkpt><trkpt lat="56.02449" lon="37.852747"><ele>166.6</ele><time>2026-06-24T04:35:52Z</time><extensions><gpxtpx:TrackPointExtension><gpxtpx:hr>139</gpxtpx:hr></gpxtpx:TrackPointExtension></extensions></trkpt><trkpt lat="56.024507" lon="37.852722"><ele>166.6</ele><time>2026-06-24T04:35:53Z</time><extensions><gpxtpx:TrackPointExtension><gpxtpx:hr>139</gpxtpx:hr></gpxtpx:TrackPointExtension></extensions></trkpt><trkpt lat="56.024523" lon="37.85269"><ele>166.6</ele><time>2026-06-24T04:35:54Z</time><extensions><gpxtpx:TrackPointExtension><gpxtpx:hr>139</gpxtpx:hr></gpxtpx:TrackPointExtension></extensions></trkpt><trkpt lat="56.02454" lon="37.852657"><ele>166.6</ele><time>2026-06-24T04:35:55Z</time><extensions><gpxtpx:TrackPointExtension><gpxtpx:hr>139</gpxtpx:hr></gpxtpx:TrackPointExtension></extensions></trkpt><trkpt lat="56.02455" lon="37.852622"><ele>166.6</ele><time>2026-06-24T04:35:56Z</time><extensions><gpxtpx:TrackPointExtension><gpxtpx:hr>139</gpxtpx:hr></gpxtpx:TrackPointExtension></extensions></trkpt><trkpt lat="56.024557" lon="37.852577"><ele>166.8</ele><time>2026-06-24T04:35:57Z</time><extensions><gpxtpx:TrackPointExtension><gpxtpx:hr>139</gpxtpx:hr></gpxtpx:TrackPointExtension></extensions></trkpt><trkpt lat="56.02456" lon="37.852537"><ele>166.8</ele><time>2026-06-24T04:35:58Z</time><extensions><gpxtpx:TrackPointExtension><gpxtpx:hr>139</gpxtpx:hr></gpxtpx:TrackPointExtension></extensions></trkpt><trkpt lat="56.024562" lon="37.852497"><ele>166.6</ele><time>2026-06-24T04:35:59Z</time><extensions><gpxtpx:TrackPointExtension><gpxtpx:hr>139</gpxtpx:hr></gpxtpx:TrackPointExtension></extensions></trkpt><trkpt lat="56.02456" lon="37.852452"><ele>166.6</ele><time>2026-06-24T04:36:00Z</time><extensions><gpxtpx:TrackPointExtension><gpxtpx:hr>139</gpxtpx:hr></gpxtpx:TrackPointExtension></extensions></trkpt><trkpt lat="56.024557" lon="37.852415"><ele>166.6</ele><time>2026-06-24T04:36:01Z</time><extensions><gpxtpx:TrackPointExtension><gpxtpx:hr>139</gpxtpx:hr></gpxtpx:TrackPointExtension></extensions></trkpt><trkpt lat="56.02455" lon="37.852377"><ele>166.4</ele><time>2026-06-24T04:36:02Z</time><extensions><gpxtpx:TrackPointExtension><gpxtpx:hr>139</gpxtpx:hr></gpxtpx:TrackPointExtension></extensions></trkpt><trkpt lat="56.02454" lon="37.852345"><ele>166.4</ele><time>2026-06-24T04:36:03Z</time><extensions><gpxtpx:TrackPointExtension><gpxtpx:hr>139</gpxtpx:hr></gpxtpx:TrackPointExtension></extensions></trkpt><trkpt lat="56.02453" lon="37.852312"><ele>166.4</ele><time>2026-06-24T04:36:04Z</time><extensions><gpxtpx:TrackPointExtension><gpxtpx:hr>139</gpxtpx:hr></gpxtpx:TrackPointExtension></extensions></trkpt><trkpt lat="56.024517" lon="37.852282"><ele>166.2</ele><time>2026-06-24T04:36:05Z</time><extensions><gpxtpx:TrackPointExtension><gpxtpx:hr>139</gpxtpx:hr></gpxtpx:TrackPointExtension></extensions></trkpt><trkpt lat="56.024497" lon="37.852252"><ele>166.2</ele><time>2026-06-24T04:36:06Z</time><extensions><gpxtpx:TrackPointExtension><gpxtpx:hr>139</gpxtpx:hr></gpxtpx:TrackPointExtension></extensions></trkpt><trkpt lat="56.024477" lon="37.852227"><ele>166.2</ele><time>2026-06-24T04:36:07Z</time><extensions><gpxtpx:TrackPointExtension><gpxtpx:hr>139</gpxtpx:hr></gpxtpx:TrackPointExtension></extensions></trkpt><trkpt lat="56.02446" lon="37.852212"><ele>166.4</ele><time>2026-06-24T04:36:08Z</time><extensions><gpxtpx:TrackPointExtension><gpxtpx:hr>139</gpxtpx:hr></gpxtpx:TrackPointExtension></extensions></trkpt><trkpt lat="56.024437" lon="37.852197"><ele>166.4</ele><time>2026-06-24T04:36:09Z</time><extensions><gpxtpx:TrackPointExtension><gpxtpx:hr>139</gpxtpx:hr></gpxtpx:TrackPointExtension></extensions></trkpt><trkpt lat="56.024417" lon="37.85219"><ele>166.4</ele><time>2026-06-24T04:36:10Z</time><extensions><gpxtpx:TrackPointExtension><gpxtpx:hr>139</gpxtpx:hr></gpxtpx:TrackPointExtension></extensions></trkpt><trkpt lat="56.024387" lon="37.852182"><ele>166.6</ele><time>2026-06-24T04:36:12Z</time><extensions><gpxtpx:TrackPointExtension><gpxtpx:hr>139</gpxtpx:hr></gpxtpx:TrackPointExtension></extensions></trkpt><trkpt lat="56.024367" lon="37.85218"><ele>166.6</ele><time>2026-06-24T04:36:14Z</time><extensions><gpxtpx:TrackPointExtension><gpxtpx:hr>139</gpxtpx:hr></gpxtpx:TrackPointExtension></extensions></trkpt><trkpt lat="56.023892" lon="37.852182"><ele>166.8</ele><time>2026-06-24T04:37:08Z</time><extensions><gpxtpx:TrackPointExtension><gpxtpx:hr>129</gpxtpx:hr></gpxtpx:TrackPointExtension></extensions></trkpt><trkpt lat="56.02387" lon="37.852207"><ele>166.8</ele><time>2026-06-24T04:37:09Z</time><extensions><gpxtpx:TrackPointExtension><gpxtpx:hr>129</gpxtpx:hr></gpxtpx:TrackPointExtension></extensions></trkpt><trkpt lat="56.023847" lon="37.85224"><ele>166.4</ele><time>2026-06-24T04:37:10Z</time><extensions><gpxtpx:TrackPointExtension><gpxtpx:hr>129</gpxtpx:hr></gpxtpx:TrackPointExtension></extensions></trkpt><trkpt lat="56.023827" lon="37.852277"><ele>166.6</ele><time>2026-06-24T04:37:11Z</time><extensions><gpxtpx:TrackPointExtension><gpxtpx:hr>130</gpxtpx:hr></gpxtpx:TrackPointExtension></extensions></trkpt><trkpt lat="56.023815" lon="37.852322"><ele>166.6</ele><time>2026-06-24T04:37:12Z</time><extensions><gpxtpx:TrackPointExtension><gpxtpx:hr>130</gpxtpx:hr></gpxtpx:TrackPointExtension></extensions></trkpt><trkpt lat="56.023807" lon="37.85237"><ele>166.6</ele><time>2026-06-24T04:37:13Z</time><extensions><gpxtpx:TrackPointExtension><gpxtpx:hr>130</gpxtpx:hr></gpxtpx:TrackPointExtension></extensions></trkpt><trkpt lat="56.023802" lon="37.85242"><ele>166.4</ele><time>2026-06-24T04:37:14Z</time><extensions><gpxtpx:TrackPointExtension><gpxtpx:hr>130</gpxtpx:hr></gpxtpx:TrackPointExtension></extensions></trkpt><trkpt lat="56.0238" lon="37.852472"><ele>166.4</ele><time>2026-06-24T04:37:15Z</time><extensions><gpxtpx:TrackPointExtension><gpxtpx:hr>130</gpxtpx:hr></gpxtpx:TrackPointExtension></extensions></trkpt><trkpt lat="56.023802" lon="37.852517"><ele>166.4</ele><time>2026-06-24T04:37:16Z</time><extensions><gpxtpx:TrackPointExtension><gpxtpx:hr>130</gpxtpx:hr></gpxtpx:TrackPointExtension></extensions></trkpt><trkpt lat="56.023807" lon="37.852565"><ele>166.4</ele><time>2026-06-24T04:37:17Z</time><extensions><gpxtpx:TrackPointExtension><gpxtpx:hr>131</gpxtpx:hr></gpxtpx:TrackPointExtension></extensions></trkpt><trkpt lat="56.02382" lon="37.852607"><ele>166.2</ele><time>2026-06-24T04:37:18Z</time><extensions><gpxtpx:TrackPointExtension><gpxtpx:hr>130</gpxtpx:hr></gpxtpx:TrackPointExtension></extensions></trkpt><trkpt lat="56.023833" lon="37.852647"><ele>166.2</ele><time>2026-06-24T04:37:19Z</time><extensions><gpxtpx:TrackPointExtension><gpxtpx:hr>130</gpxtpx:hr></gpxtpx:TrackPointExtension></extensions></trkpt><trkpt lat="56.023855" lon="37.852682"><ele>166.2</ele><time>2026-06-24T04:37:20Z</time><extensions><gpxtpx:TrackPointExtension><gpxtpx:hr>131</gpxtpx:hr></gpxtpx:TrackPointExtension></extensions></trkpt><trkpt lat="56.023877" lon="37.852717"><ele>166.4</ele><time>2026-06-24T04:37:21Z</time><extensions><gpxtpx:TrackPointExtension><gpxtpx:hr>131</gpxtpx:hr></gpxtpx:TrackPointExtension></extensions></trkpt><trkpt lat="56.023897" lon="37.852747"><ele>166.4</ele><time>2026-06-24T04:37:22Z</time><extensions><gpxtpx:TrackPointExtension><gpxtpx:hr>131</gpxtpx:hr></gpxtpx:TrackPointExtension></extensions></trkpt><trkpt lat="56.023922" lon="37.852767"><ele>166.4</ele><time>2026-06-24T04:37:23Z</time><extensions><gpxtpx:TrackPointExtension><gpxtpx:hr>132</gpxtpx:hr></gpxtpx:TrackPointExtension></extensions></trkpt><trkpt lat="56.02395" lon="37.852777"><ele>166.4</ele><time>2026-06-24T04:37:24Z</time><extensions><gpxtpx:TrackPointExtension><gpxtpx:hr>133</gpxtpx:hr></gpxtpx:TrackPointExtension></extensions></trkpt><trkpt lat="56.023977" lon="37.85278"><ele>166.4</ele><time>2026-06-24T04:37:25Z</time><extensions><gpxtpx:TrackPointExtension><gpxtpx:hr>133</gpxtpx:hr></gpxtpx:TrackPointExtension></extensions></trkpt><trkpt lat="56.024005" lon="37.85278"><ele>166.4</ele><time>2026-06-24T04:37:26Z</time><extensions><gpxtpx:TrackPointExtension><gpxtpx:hr>134</gpxtpx:hr></gpxtpx:TrackPointExtension></extensions></trkpt><trkpt lat="56.02403" lon="37.852782"><ele>166.4</ele><time>2026-06-24T04:37:27Z</time><extensions><gpxtpx:TrackPointExtension><gpxtpx:hr>134</gpxtpx:hr></gpxtpx:TrackPointExtension></extensions></trkpt><trkpt lat="56.024057" lon="37.852782"><ele>166.4</ele><time>2026-06-24T04:37:28Z</time><extensions><gpxtpx:TrackPointExtension><gpxtpx:hr>135</gpxtpx:hr></gpxtpx:TrackPointExtension></extensions></trkpt><trkpt lat="56.024082" lon="37.852777"><ele>166.4</ele><time>2026-06-24T04:37:29Z</time><extensions><gpxtpx:TrackPointExtension><gpxtpx:hr>135</gpxtpx:hr></gpxtpx:TrackPointExtension></extensions></trkpt><trkpt lat="56.024107" lon="37.85278"><ele>166.4</ele><time>2026-06-24T04:37:30Z</time><extensions><gpxtpx:TrackPointExtension><gpxtpx:hr>136</gpxtpx:hr></gpxtpx:TrackPointExtension></extensions></trkpt><trkpt lat="56.024135" lon="37.852777"><ele>166.4</ele><time>2026-06-24T04:37:31Z</time><extensions><gpxtpx:TrackPointExtension><gpxtpx:hr>136</gpxtpx:hr></gpxtpx:TrackPointExtension></extensions></trkpt><trkpt lat="56.02416" lon="37.852777"><ele>166.6</ele><time>2026-06-24T04:37:32Z</time><extensions><gpxtpx:TrackPointExtension><gpxtpx:hr>137</gpxtpx:hr></gpxtpx:TrackPointExtension></extensions></trkpt><trkpt lat="56.024187" lon="37.85278"><ele>166.6</ele><time>2026-06-24T04:37:33Z</time><extensions><gpxtpx:TrackPointExtension><gpxtpx:hr>138</gpxtpx:hr></gpxtpx:TrackPointExtension></extensions></trkpt><trkpt lat="56.024212" lon="37.852782"><ele>166.6</ele><time>2026-06-24T04:37:34Z</time><extensions><gpxtpx:TrackPointExtension><gpxtpx:hr>138</gpxtpx:hr></gpxtpx:TrackPointExtension></extensions></trkpt><trkpt lat="56.024237" lon="37.852787"><ele>166.4</ele><time>2026-06-24T04:37:35Z</time><extensions><gpxtpx:TrackPointExtension><gpxtpx:hr>138</gpxtpx:hr></gpxtpx:TrackPointExtension></extensions></trkpt><trkpt lat="56.024262" lon="37.85279"><ele>166.4</ele><time>2026-06-24T04:37:36Z</time><extensions><gpxtpx:TrackPointExtension><gpxtpx:hr>139</gpxtpx:hr></gpxtpx:TrackPointExtension></extensions></trkpt><trkpt lat="56.02429" lon="37.852792"><ele>166.4</ele><time>2026-06-24T04:37:37Z</time><extensions><gpxtpx:TrackPointExtension><gpxtpx:hr>140</gpxtpx:hr></gpxtpx:TrackPointExtension></extensions></trkpt><trkpt lat="56.024315" lon="37.852792"><ele>166.4</ele><time>2026-06-24T04:37:38Z</time><extensions><gpxtpx:TrackPointExtension><gpxtpx:hr>140</gpxtpx:hr></gpxtpx:TrackPointExtension></extensions></trkpt><trkpt lat="56.024342" lon="37.85279"><ele>166.6</ele><time>2026-06-24T04:37:39Z</time><extensions><gpxtpx:TrackPointExtension><gpxtpx:hr>141</gpxtpx:hr></gpxtpx:TrackPointExtension></extensions></trkpt><trkpt lat="56.024368" lon="37.85279"><ele>166.6</ele><time>2026-06-24T04:37:40Z</time><extensions><gpxtpx:TrackPointExtension><gpxtpx:hr>140</gpxtpx:hr></gpxtpx:TrackPointExtension></extensions></trkpt><trkpt lat="56.024395" lon="37.85279"><ele>166.4</ele><time>2026-06-24T04:37:41Z</time><extensions><gpxtpx:TrackPointExtension><gpxtpx:hr>140</gpxtpx:hr></gpxtpx:TrackPointExtension></extensions></trkpt><trkpt lat="56.024422" lon="37.852787"><ele>166.6</ele><time>2026-06-24T04:37:42Z</time><extensions><gpxtpx:TrackPointExtension><gpxtpx:hr>142</gpxtpx:hr></gpxtpx:TrackPointExtension></extensions></trkpt><trkpt lat="56.024447" lon="37.852782"><ele>166.6</ele><time>2026-06-24T04:37:43Z</time><extensions><gpxtpx:TrackPointExtension><gpxtpx:hr>142</gpxtpx:hr></gpxtpx:TrackPointExtension></extensions></trkpt><trkpt lat="56.02447" lon="37.852772"><ele>166.4</ele><time>2026-06-24T04:37:44Z</time><extensions><gpxtpx:TrackPointExtension><gpxtpx:hr>142</gpxtpx:hr></gpxtpx:TrackPointExtension></extensions></trkpt><trkpt lat="56.02449" lon="37.852757"><ele>166.4</ele><time>2026-06-24T04:37:45Z</time><extensions><gpxtpx:TrackPointExtension><gpxtpx:hr>142</gpxtpx:hr></gpxtpx:TrackPointExtension></extensions></trkpt><trkpt lat="56.024517" lon="37.85274"><ele>166.6</ele><time>2026-06-24T04:37:47Z</time><extensions><gpxtpx:TrackPointExtension><gpxtpx:hr>141</gpxtpx:hr></gpxtpx:TrackPointExtension></extensions></trkpt><trkpt lat="56.024537" lon="37.8527"><ele>166.4</ele><time>2026-06-24T04:37:50Z</time><extensions><gpxtpx:TrackPointExtension><gpxtpx:hr>141</gpxtpx:hr></gpxtpx:TrackPointExtension></extensions></trkpt><trkpt lat="56.024547" lon="37.852667"><ele>166.2</ele><time>2026-06-24T04:37:51Z</time><extensions><gpxtpx:TrackPointExtension><gpxtpx:hr>140</gpxtpx:hr></gpxtpx:TrackPointExtension></extensions></trkpt><trkpt lat="56.024557" lon="37.852625"><ele>166.2</ele><time>2026-06-24T04:37:52Z</time><extensions><gpxtpx:TrackPointExtension><gpxtpx:hr>140</gpxtpx:hr></gpxtpx:TrackPointExtension></extensions></trkpt><trkpt lat="56.024565" lon="37.852582"><ele>166.2</ele><time>2026-06-24T04:37:53Z</time><extensions><gpxtpx:TrackPointExtension><gpxtpx:hr>140</gpxtpx:hr></gpxtpx:TrackPointExtension></extensions></trkpt><trkpt lat="56.024567" lon="37.852537"><ele>166.2</ele><time>2026-06-24T04:37:54Z</time><extensions><gpxtpx:TrackPointExtension><gpxtpx:hr>141</gpxtpx:hr></gpxtpx:TrackPointExtension></extensions></trkpt><trkpt lat="56.024572" lon="37.852487"><ele>166.4</ele><time>2026-06-24T04:37:55Z</time><extensions><gpxtpx:TrackPointExtension><gpxtpx:hr>141</gpxtpx:hr></gpxtpx:TrackPointExtension></extensions></trkpt><trkpt lat="56.024572" lon="37.85244"><ele>166.4</ele><time>2026-06-24T04:37:56Z</time><extensions><gpxtpx:TrackPointExtension><gpxtpx:hr>140</gpxtpx:hr></gpxtpx:TrackPointExtension></extensions></trkpt><trkpt lat="56.024565" lon="37.852395"><ele>166.4</ele><time>2026-06-24T04:37:57Z</time><extensions><gpxtpx:TrackPointExtension><gpxtpx:hr>142</gpxtpx:hr></gpxtpx:TrackPointExtension></extensions></trkpt><trkpt lat="56.024555" lon="37.852352"><ele>166.4</ele><time>2026-06-24T04:37:58Z</time><extensions><gpxtpx:TrackPointExtension><gpxtpx:hr>142</gpxtpx:hr></gpxtpx:TrackPointExtension></extensions></trkpt><trkpt lat="56.024542" lon="37.852315"><ele>166.2</ele><time>2026-06-24T04:37:59Z</time><extensions><gpxtpx:TrackPointExtension><gpxtpx:hr>141</gpxtpx:hr></gpxtpx:TrackPointExtension></extensions></trkpt><trkpt lat="56.024527" lon="37.852277"><ele>166.2</ele><time>2026-06-24T04:38:00Z</time><extensions><gpxtpx:TrackPointExtension><gpxtpx:hr>142</gpxtpx:hr></gpxtpx:TrackPointExtension></extensions></trkpt><trkpt lat="56.024507" lon="37.852247"><ele>166.2</ele><time>2026-06-24T04:38:01Z</time><extensions><gpxtpx:TrackPointExtension><gpxtpx:hr>142</gpxtpx:hr></gpxtpx:TrackPointExtension></extensions></trkpt><trkpt lat="56.024487" lon="37.852215"><ele>166.2</ele><time>2026-06-24T04:38:02Z</time><extensions><gpxtpx:TrackPointExtension><gpxtpx:hr>143</gpxtpx:hr></gpxtpx:TrackPointExtension></extensions></trkpt><trkpt lat="56.024462" lon="37.852192"><ele>166.2</ele><time>2026-06-24T04:38:03Z</time><extensions><gpxtpx:TrackPointExtension><gpxtpx:hr>144</gpxtpx:hr></gpxtpx:TrackPointExtension></extensions></trkpt><trkpt lat="56.024438" lon="37.852177"><ele>166.2</ele><time>2026-06-24T04:38:04Z</time><extensions><gpxtpx:TrackPointExtension><gpxtpx:hr>143</gpxtpx:hr></gpxtpx:TrackPointExtension></extensions></trkpt><trkpt lat="56.024412" lon="37.852167"><ele>166.2</ele><time>2026-06-24T04:38:05Z</time><extensions><gpxtpx:TrackPointExtension><gpxtpx:hr>145</gpxtpx:hr></gpxtpx:TrackPointExtension></extensions></trkpt><trkpt lat="56.024382" lon="37.852162"><ele>166.2</ele><time>2026-06-24T04:38:06Z</time><extensions><gpxtpx:TrackPointExtension><gpxtpx:hr>146</gpxtpx:hr></gpxtpx:TrackPointExtension></extensions></trkpt><trkpt lat="56.024357" lon="37.852162"><ele>166.2</ele><time>2026-06-24T04:38:07Z</time><extensions><gpxtpx:TrackPointExtension><gpxtpx:hr>145</gpxtpx:hr></gpxtpx:TrackPointExtension></extensions></trkpt><trkpt lat="56.024302" lon="37.852162"><ele>166.2</ele><time>2026-06-24T04:38:09Z</time><extensions><gpxtpx:TrackPointExtension><gpxtpx:hr>146</gpxtpx:hr></gpxtpx:TrackPointExtension></extensions></trkpt><trkpt lat="56.024277" lon="37.852157"><ele>166.2</ele><time>2026-06-24T04:38:10Z</time><extensions><gpxtpx:TrackPointExtension><gpxtpx:hr>145</gpxtpx:hr></gpxtpx:TrackPointExtension></extensions></trkpt><trkpt lat="56.02423" lon="37.852155"><ele>166.2</ele><time>2026-06-24T04:38:12Z</time><extensions><gpxtpx:TrackPointExtension><gpxtpx:hr>147</gpxtpx:hr></gpxtpx:TrackPointExtension></extensions></trkpt><trkpt lat="56.024207" lon="37.852157"><ele>166.4</ele><time>2026-06-24T04:38:13Z</time><extensions><gpxtpx:TrackPointExtension><gpxtpx:hr>147</gpxtpx:hr></gpxtpx:TrackPointExtension></extensions></trkpt><trkpt lat="56.024185" lon="37.852152"><ele>166.4</ele><time>2026-06-24T04:38:14Z</time><extensions><gpxtpx:TrackPointExtension><gpxtpx:hr>146</gpxtpx:hr></gpxtpx:TrackPointExtension></extensions></trkpt><trkpt lat="56.02416" lon="37.852152"><ele>166.4</ele><time>2026-06-24T04:38:15Z</time><extensions><gpxtpx:TrackPointExtension><gpxtpx:hr>146</gpxtpx:hr></gpxtpx:TrackPointExtension></extensions></trkpt><trkpt lat="56.024142" lon="37.852155"><ele>166.4</ele><time>2026-06-24T04:38:16Z</time><extensions><gpxtpx:TrackPointExtension><gpxtpx:hr>147</gpxtpx:hr></gpxtpx:TrackPointExtension></extensions></trkpt><trkpt lat="56.02412" lon="37.852155"><ele>166.4</ele><time>2026-06-24T04:38:17Z</time><extensions><gpxtpx:TrackPointExtension><gpxtpx:hr>146</gpxtpx:hr></gpxtpx:TrackPointExtension></extensions></trkpt><trkpt lat="56.024097" lon="37.852152"><ele>166.4</ele><time>2026-06-24T04:38:18Z</time><extensions><gpxtpx:TrackPointExtension><gpxtpx:hr>146</gpxtpx:hr></gpxtpx:TrackPointExtension></extensions></trkpt><trkpt lat="56.024072" lon="37.852147"><ele>166.4</ele><time>2026-06-24T04:38:19Z</time><extensions><gpxtpx:TrackPointExtension><gpxtpx:hr>146</gpxtpx:hr></gpxtpx:TrackPointExtension></extensions></trkpt><trkpt lat="56.024045" lon="37.852147"><ele>166.4</ele><time>2026-06-24T04:38:20Z</time><extensions><gpxtpx:TrackPointExtension><gpxtpx:hr>146</gpxtpx:hr></gpxtpx:TrackPointExtension></extensions></trkpt><trkpt lat="56.024022" lon="37.852142"><ele>166.4</ele><time>2026-06-24T04:38:21Z</time><extensions><gpxtpx:TrackPointExtension><gpxtpx:hr>146</gpxtpx:hr></gpxtpx:TrackPointExtension></extensions></trkpt><trkpt lat="56.023997" lon="37.852142"><ele>166.2</ele><time>2026-06-24T04:38:22Z</time><extensions><gpxtpx:TrackPointExtension><gpxtpx:hr>147</gpxtpx:hr></gpxtpx:TrackPointExtension></extensions></trkpt><trkpt lat="56.023972" lon="37.852147"><ele>166.4</ele><time>2026-06-24T04:38:23Z</time><extensions><gpxtpx:TrackPointExtension><gpxtpx:hr>146</gpxtpx:hr></gpxtpx:TrackPointExtension></extensions></trkpt><trkpt lat="56.023947" lon="37.85215"><ele>166.4</ele><time>2026-06-24T04:38:24Z</time><extensions><gpxtpx:TrackPointExtension><gpxtpx:hr>147</gpxtpx:hr></gpxtpx:TrackPointExtension></extensions></trkpt><trkpt lat="56.023922" lon="37.852162"><ele>166.4</ele><time>2026-06-24T04:38:25Z</time><extensions><gpxtpx:TrackPointExtension><gpxtpx:hr>147</gpxtpx:hr></gpxtpx:TrackPointExtension></extensions></trkpt><trkpt lat="56.023897" lon="37.852177"><ele>166.2</ele><time>2026-06-24T04:38:26Z</time><extensions><gpxtpx:TrackPointExtension><gpxtpx:hr>146</gpxtpx:hr></gpxtpx:TrackPointExtension></extensions></trkpt><trkpt lat="56.023875" lon="37.852195"><ele>166.2</ele><time>2026-06-24T04:38:27Z</time><extensions><gpxtpx:TrackPointExtension><gpxtpx:hr>146</gpxtpx:hr></gpxtpx:TrackPointExtension></extensions></trkpt><trkpt lat="56.023855" lon="37.852222"><ele>166.2</ele><time>2026-06-24T04:38:28Z</time><extensions><gpxtpx:TrackPointExtension><gpxtpx:hr>148</gpxtpx:hr></gpxtpx:TrackPointExtension></extensions></trkpt><trkpt lat="56.023837" lon="37.852252"><ele>166.2</ele><time>2026-06-24T04:38:29Z</time><extensions><gpxtpx:TrackPointExtension><gpxtpx:hr>148</gpxtpx:hr></gpxtpx:TrackPointExtension></extensions></trkpt><trkpt lat="56.023825" lon="37.85229"><ele>166.2</ele><time>2026-06-24T04:38:30Z</time><extensions><gpxtpx:TrackPointExtension><gpxtpx:hr>147</gpxtpx:hr></gpxtpx:TrackPointExtension></extensions></trkpt><trkpt lat="56.023817" lon="37.852337"><ele>166.2</ele><time>2026-06-24T04:38:31Z</time><extensions><gpxtpx:TrackPointExtension><gpxtpx:hr>146</gpxtpx:hr></gpxtpx:TrackPointExtension></extensions></trkpt><trkpt lat="56.02381" lon="37.852377"><ele>166.2</ele><time>2026-06-24T04:38:32Z</time><extensions><gpxtpx:TrackPointExtension><gpxtpx:hr>147</gpxtpx:hr></gpxtpx:TrackPointExtension></extensions></trkpt><trkpt lat="56.023805" lon="37.852422"><ele>166.4</ele><time>2026-06-24T04:38:33Z</time><extensions><gpxtpx:TrackPointExtension><gpxtpx:hr>149</gpxtpx:hr></gpxtpx:TrackPointExtension></extensions></trkpt><trkpt lat="56.023805" lon="37.852472"><ele>166.4</ele><time>2026-06-24T04:38:34Z</time><extensions><gpxtpx:TrackPointExtension><gpxtpx:hr>147</gpxtpx:hr></gpxtpx:TrackPointExtension></extensions></trkpt><trkpt lat="56.02382" lon="37.852552"><ele>166.4</ele><time>2026-06-24T04:38:36Z</time><extensions><gpxtpx:TrackPointExtension><gpxtpx:hr>147</gpxtpx:hr></gpxtpx:TrackPointExtension></extensions></trkpt><trkpt lat="56.023832" lon="37.85259"><ele>166.4</ele><time>2026-06-24T04:38:37Z</time><extensions><gpxtpx:TrackPointExtension><gpxtpx:hr>148</gpxtpx:hr></gpxtpx:TrackPointExtension></extensions></trkpt><trkpt lat="56.023845" lon="37.85263"><ele>166.4</ele><time>2026-06-24T04:38:38Z</time><extensions><gpxtpx:TrackPointExtension><gpxtpx:hr>147</gpxtpx:hr></gpxtpx:TrackPointExtension></extensions></trkpt><trkpt lat="56.023862" lon="37.852662"><ele>166.4</ele><time>2026-06-24T04:38:39Z</time><extensions><gpxtpx:TrackPointExtension><gpxtpx:hr>146</gpxtpx:hr></gpxtpx:TrackPointExtension></extensions></trkpt><trkpt lat="56.023885" lon="37.852692"><ele>166.4</ele><time>2026-06-24T04:38:40Z</time><extensions><gpxtpx:TrackPointExtension><gpxtpx:hr>146</gpxtpx:hr></gpxtpx:TrackPointExtension></extensions></trkpt><trkpt lat="56.023905" lon="37.852712"><ele>166.4</ele><time>2026-06-24T04:38:41Z</time><extensions><gpxtpx:TrackPointExtension><gpxtpx:hr>147</gpxtpx:hr></gpxtpx:TrackPointExtension></extensions></trkpt><trkpt lat="56.023927" lon="37.852727"><ele>166.4</ele><time>2026-06-24T04:38:42Z</time><extensions><gpxtpx:TrackPointExtension><gpxtpx:hr>146</gpxtpx:hr></gpxtpx:TrackPointExtension></extensions></trkpt><trkpt lat="56.02395" lon="37.852737"><ele>166.4</ele><time>2026-06-24T04:38:43Z</time><extensions><gpxtpx:TrackPointExtension><gpxtpx:hr>145</gpxtpx:hr></gpxtpx:TrackPointExtension></extensions></trkpt><trkpt lat="56.023972" lon="37.85274"><ele>166.4</ele><time>2026-06-24T04:38:44Z</time><extensions><gpxtpx:TrackPointExtension><gpxtpx:hr>146</gpxtpx:hr></gpxtpx:TrackPointExtension></extensions></trkpt><trkpt lat="56.023997" lon="37.852742"><ele>166.2</ele><time>2026-06-24T04:38:45Z</time><extensions><gpxtpx:TrackPointExtension><gpxtpx:hr>146</gpxtpx:hr></gpxtpx:TrackPointExtension></extensions></trkpt><trkpt lat="56.024022" lon="37.852747"><ele>166.2</ele><time>2026-06-24T04:38:46Z</time><extensions><gpxtpx:TrackPointExtension><gpxtpx:hr>145</gpxtpx:hr></gpxtpx:TrackPointExtension></extensions></trkpt><trkpt lat="56.024047" lon="37.852747"><ele>166.2</ele><time>2026-06-24T04:38:47Z</time><extensions><gpxtpx:TrackPointExtension><gpxtpx:hr>145</gpxtpx:hr></gpxtpx:TrackPointExtension></extensions></trkpt><trkpt lat="56.02407" lon="37.852747"><ele>166.2</ele><time>2026-06-24T04:38:48Z</time><extensions><gpxtpx:TrackPointExtension><gpxtpx:hr>146</gpxtpx:hr></gpxtpx:TrackPointExtension></extensions></trkpt><trkpt lat="56.024095" lon="37.852747"><ele>166.4</ele><time>2026-06-24T04:38:49Z</time><extensions><gpxtpx:TrackPointExtension><gpxtpx:hr>147</gpxtpx:hr></gpxtpx:TrackPointExtension></extensions></trkpt><trkpt lat="56.024117" lon="37.852752"><ele>166.4</ele><time>2026-06-24T04:38:50Z</time><extensions><gpxtpx:TrackPointExtension><gpxtpx:hr>147</gpxtpx:hr></gpxtpx:TrackPointExtension></extensions></trkpt><trkpt lat="56.024142" lon="37.852752"><ele>166.4</ele><time>2026-06-24T04:38:51Z</time><extensions><gpxtpx:TrackPointExtension><gpxtpx:hr>147</gpxtpx:hr></gpxtpx:TrackPointExtension></extensions></trkpt><trkpt lat="56.024167" lon="37.852755"><ele>166.2</ele><time>2026-06-24T04:38:52Z</time><extensions><gpxtpx:TrackPointExtension><gpxtpx:hr>147</gpxtpx:hr></gpxtpx:TrackPointExtension></extensions></trkpt><trkpt lat="56.024185" lon="37.852752"><ele>166.2</ele><time>2026-06-24T04:38:53Z</time><extensions><gpxtpx:TrackPointExtension><gpxtpx:hr>147</gpxtpx:hr></gpxtpx:TrackPointExtension></extensions></trkpt><trkpt lat="56.024207" lon="37.85275"><ele>166.2</ele><time>2026-06-24T04:38:54Z</time><extensions><gpxtpx:TrackPointExtension><gpxtpx:hr>145</gpxtpx:hr></gpxtpx:TrackPointExtension></extensions></trkpt><trkpt lat="56.024232" lon="37.85275"><ele>166.2</ele><time>2026-06-24T04:38:55Z</time><extensions><gpxtpx:TrackPointExtension><gpxtpx:hr>145</gpxtpx:hr></gpxtpx:TrackPointExtension></extensions></trkpt><trkpt lat="56.024255" lon="37.852747"><ele>166.2</ele><time>2026-06-24T04:38:56Z</time><extensions><gpxtpx:TrackPointExtension><gpxtpx:hr>146</gpxtpx:hr></gpxtpx:TrackPointExtension></extensions></trkpt><trkpt lat="56.024298" lon="37.852747"><ele>166.2</ele><time>2026-06-24T04:38:58Z</time><extensions><gpxtpx:TrackPointExtension><gpxtpx:hr>144</gpxtpx:hr></gpxtpx:TrackPointExtension></extensions></trkpt><trkpt lat="56.024322" lon="37.852747"><ele>166.2</ele><time>2026-06-24T04:38:59Z</time><extensions><gpxtpx:TrackPointExtension><gpxtpx:hr>145</gpxtpx:hr></gpxtpx:TrackPointExtension></extensions></trkpt><trkpt lat="56.024347" lon="37.852747"><ele>166.2</ele><time>2026-06-24T04:39:00Z</time><extensions><gpxtpx:TrackPointExtension><gpxtpx:hr>145</gpxtpx:hr></gpxtpx:TrackPointExtension></extensions></trkpt><trkpt lat="56.024372" lon="37.852747"><ele>166.2</ele><time>2026-06-24T04:39:01Z</time><extensions><gpxtpx:TrackPointExtension><gpxtpx:hr>145</gpxtpx:hr></gpxtpx:TrackPointExtension></extensions></trkpt><trkpt lat="56.024397" lon="37.852747"><ele>166.2</ele><time>2026-06-24T04:39:02Z</time><extensions><gpxtpx:TrackPointExtension><gpxtpx:hr>144</gpxtpx:hr></gpxtpx:TrackPointExtension></extensions></trkpt><trkpt lat="56.024422" lon="37.852745"><ele>166.2</ele><time>2026-06-24T04:39:03Z</time><extensions><gpxtpx:TrackPointExtension><gpxtpx:hr>145</gpxtpx:hr></gpxtpx:TrackPointExtension></extensions></trkpt><trkpt lat="56.024447" lon="37.852735"><ele>166.2</ele><time>2026-06-24T04:39:04Z</time><extensions><gpxtpx:TrackPointExtension><gpxtpx:hr>145</gpxtpx:hr></gpxtpx:TrackPointExtension></extensions></trkpt><trkpt lat="56.02447" lon="37.852725"><ele>166.2</ele><time>2026-06-24T04:39:05Z</time><extensions><gpxtpx:TrackPointExtension><gpxtpx:hr>144</gpxtpx:hr></gpxtpx:TrackPointExtension></extensions></trkpt><trkpt lat="56.02449" lon="37.852707"><ele>166.2</ele><time>2026-06-24T04:39:06Z</time><extensions><gpxtpx:TrackPointExtension><gpxtpx:hr>145</gpxtpx:hr></gpxtpx:TrackPointExtension></extensions></trkpt><trkpt lat="56.024507" lon="37.852682"><ele>166.4</ele><time>2026-06-24T04:39:07Z</time><extensions><gpxtpx:TrackPointExtension><gpxtpx:hr>145</gpxtpx:hr></gpxtpx:TrackPointExtension></extensions></trkpt><trkpt lat="56.02452" lon="37.852652"><ele>166.2</ele><time>2026-06-24T04:39:08Z</time><extensions><gpxtpx:TrackPointExtension><gpxtpx:hr>145</gpxtpx:hr></gpxtpx:TrackPointExtension></extensions></trkpt><trkpt lat="56.024535" lon="37.852615"><ele>166.4</ele><time>2026-06-24T04:39:09Z</time><extensions><gpxtpx:TrackPointExtension><gpxtpx:hr>144</gpxtpx:hr></gpxtpx:TrackPointExtension></extensions></trkpt><trkpt lat="56.024545" lon="37.852575"><ele>166.4</ele><time>2026-06-24T04:39:10Z</time><extensions><gpxtpx:TrackPointExtension><gpxtpx:hr>145</gpxtpx:hr></gpxtpx:TrackPointExtension></extensions></trkpt><trkpt lat="56.024552" lon="37.852535"><ele>166.2</ele><time>2026-06-24T04:39:11Z</time><extensions><gpxtpx:TrackPointExtension><gpxtpx:hr>145</gpxtpx:hr></gpxtpx:TrackPointExtension></extensions></trkpt><trkpt lat="56.024557" lon="37.852495"><ele>166.2</ele><time>2026-06-24T04:39:12Z</time><extensions><gpxtpx:TrackPointExtension><gpxtpx:hr>145</gpxtpx:hr></gpxtpx:TrackPointExtension></extensions></trkpt><trkpt lat="56.024557" lon="37.852455"><ele>166.4</ele><time>2026-06-24T04:39:13Z</time><extensions><gpxtpx:TrackPointExtension><gpxtpx:hr>145</gpxtpx:hr></gpxtpx:TrackPointExtension></extensions></trkpt><trkpt lat="56.024552" lon="37.85241"><ele>166.6</ele><time>2026-06-24T04:39:14Z</time><extensions><gpxtpx:TrackPointExtension><gpxtpx:hr>146</gpxtpx:hr></gpxtpx:TrackPointExtension></extensions></trkpt><trkpt lat="56.024532" lon="37.85233"><ele>166.6</ele><time>2026-06-24T04:39:16Z</time><extensions><gpxtpx:TrackPointExtension><gpxtpx:hr>145</gpxtpx:hr></gpxtpx:TrackPointExtension></extensions></trkpt><trkpt lat="56.024517" lon="37.852285"><ele>166.6</ele><time>2026-06-24T04:39:17Z</time><extensions><gpxtpx:TrackPointExtension><gpxtpx:hr>146</gpxtpx:hr></gpxtpx:TrackPointExtension></extensions></trkpt><trkpt lat="56.0245" lon="37.852252"><ele>166.6</ele><time>2026-06-24T04:39:18Z</time><extensions><gpxtpx:TrackPointExtension><gpxtpx:hr>146</gpxtpx:hr></gpxtpx:TrackPointExtension></extensions></trkpt><trkpt lat="56.024477" lon="37.852227"><ele>166.4</ele><time>2026-06-24T04:39:19Z</time><extensions><gpxtpx:TrackPointExtension><gpxtpx:hr>146</gpxtpx:hr></gpxtpx:TrackPointExtension></extensions></trkpt><trkpt lat="56.024457" lon="37.852207"><ele>166.6</ele><time>2026-06-24T04:39:20Z</time><extensions><gpxtpx:TrackPointExtension><gpxtpx:hr>146</gpxtpx:hr></gpxtpx:TrackPointExtension></extensions></trkpt><trkpt lat="56.024432" lon="37.85219"><ele>166.4</ele><time>2026-06-24T04:39:21Z</time><extensions><gpxtpx:TrackPointExtension><gpxtpx:hr>147</gpxtpx:hr></gpxtpx:TrackPointExtension></extensions></trkpt><trkpt lat="56.024407" lon="37.852182"><ele>166.4</ele><time>2026-06-24T04:39:22Z</time><extensions><gpxtpx:TrackPointExtension><gpxtpx:hr>147</gpxtpx:hr></gpxtpx:TrackPointExtension></extensions></trkpt><trkpt lat="56.024382" lon="37.85218"><ele>166.4</ele><time>2026-06-24T04:39:23Z</time><extensions><gpxtpx:TrackPointExtension><gpxtpx:hr>146</gpxtpx:hr></gpxtpx:TrackPointExtension></extensions></trkpt><trkpt lat="56.024357" lon="37.852177"><ele>166.4</ele><time>2026-06-24T04:39:24Z</time><extensions><gpxtpx:TrackPointExtension><gpxtpx:hr>147</gpxtpx:hr></gpxtpx:TrackPointExtension></extensions></trkpt><trkpt lat="56.024335" lon="37.852177"><ele>166.4</ele><time>2026-06-24T04:39:25Z</time><extensions><gpxtpx:TrackPointExtension><gpxtpx:hr>147</gpxtpx:hr></gpxtpx:TrackPointExtension></extensions></trkpt><trkpt lat="56.024307" lon="37.852177"><ele>166.4</ele><time>2026-06-24T04:39:26Z</time><extensions><gpxtpx:TrackPointExtension><gpxtpx:hr>146</gpxtpx:hr></gpxtpx:TrackPointExtension></extensions></trkpt><trkpt lat="56.024285" lon="37.852175"><ele>166.4</ele><time>2026-06-24T04:39:27Z</time><extensions><gpxtpx:TrackPointExtension><gpxtpx:hr>147</gpxtpx:hr></gpxtpx:TrackPointExtension></extensions></trkpt><trkpt lat="56.024257" lon="37.852167"><ele>166.4</ele><time>2026-06-24T04:39:28Z</time><extensions><gpxtpx:TrackPointExtension><gpxtpx:hr>148</gpxtpx:hr></gpxtpx:TrackPointExtension></extensions></trkpt><trkpt lat="56.024232" lon="37.852167"><ele>166.4</ele><time>2026-06-24T04:39:29Z</time><extensions><gpxtpx:TrackPointExtension><gpxtpx:hr>148</gpxtpx:hr></gpxtpx:TrackPointExtension></extensions></trkpt><trkpt lat="56.024212" lon="37.85217"><ele>166.4</ele><time>2026-06-24T04:39:30Z</time><extensions><gpxtpx:TrackPointExtension><gpxtpx:hr>148</gpxtpx:hr></gpxtpx:TrackPointExtension></extensions></trkpt><trkpt lat="56.024187" lon="37.852175"><ele>166.4</ele><time>2026-06-24T04:39:31Z</time><extensions><gpxtpx:TrackPointExtension><gpxtpx:hr>147</gpxtpx:hr></gpxtpx:TrackPointExtension></extensions></trkpt><trkpt lat="56.024165" lon="37.852177"><ele>166.4</ele><time>2026-06-24T04:39:32Z</time><extensions><gpxtpx:TrackPointExtension><gpxtpx:hr>148</gpxtpx:hr></gpxtpx:TrackPointExtension></extensions></trkpt><trkpt lat="56.024142" lon="37.852177"><ele>166.4</ele><time>2026-06-24T04:39:33Z</time><extensions><gpxtpx:TrackPointExtension><gpxtpx:hr>148</gpxtpx:hr></gpxtpx:TrackPointExtension></extensions></trkpt><trkpt lat="56.024117" lon="37.852177"><ele>166.4</ele><time>2026-06-24T04:39:34Z</time><extensions><gpxtpx:TrackPointExtension><gpxtpx:hr>147</gpxtpx:hr></gpxtpx:TrackPointExtension></extensions></trkpt><trkpt lat="56.024092" lon="37.852177"><ele>166.4</ele><time>2026-06-24T04:39:35Z</time><extensions><gpxtpx:TrackPointExtension><gpxtpx:hr>147</gpxtpx:hr></gpxtpx:TrackPointExtension></extensions></trkpt><trkpt lat="56.024067" lon="37.852172"><ele>166.4</ele><time>2026-06-24T04:39:36Z</time><extensions><gpxtpx:TrackPointExtension><gpxtpx:hr>148</gpxtpx:hr></gpxtpx:TrackPointExtension></extensions></trkpt><trkpt lat="56.024042" lon="37.852172"><ele>166.6</ele><time>2026-06-24T04:39:37Z</time><extensions><gpxtpx:TrackPointExtension><gpxtpx:hr>148</gpxtpx:hr></gpxtpx:TrackPointExtension></extensions></trkpt><trkpt lat="56.024017" lon="37.852167"><ele>166.4</ele><time>2026-06-24T04:39:38Z</time><extensions><gpxtpx:TrackPointExtension><gpxtpx:hr>147</gpxtpx:hr></gpxtpx:TrackPointExtension></extensions></trkpt><trkpt lat="56.023995" lon="37.852167"><ele>166.4</ele><time>2026-06-24T04:39:39Z</time><extensions><gpxtpx:TrackPointExtension><gpxtpx:hr>147</gpxtpx:hr></gpxtpx:TrackPointExtension></extensions></trkpt><trkpt lat="56.02397" lon="37.85217"><ele>166.4</ele><time>2026-06-24T04:39:40Z</time><extensions><gpxtpx:TrackPointExtension><gpxtpx:hr>148</gpxtpx:hr></gpxtpx:TrackPointExtension></extensions></trkpt><trkpt lat="56.023947" lon="37.852177"><ele>166.4</ele><time>2026-06-24T04:39:41Z</time><extensions><gpxtpx:TrackPointExtension><gpxtpx:hr>148</gpxtpx:hr></gpxtpx:TrackPointExtension></extensions></trkpt><trkpt lat="56.023925" lon="37.852192"><ele>166.4</ele><time>2026-06-24T04:39:42Z</time><extensions><gpxtpx:TrackPointExtension><gpxtpx:hr>147</gpxtpx:hr></gpxtpx:TrackPointExtension></extensions></trkpt><trkpt lat="56.023902" lon="37.852212"><ele>166.4</ele><time>2026-06-24T04:39:43Z</time><extensions><gpxtpx:TrackPointExtension><gpxtpx:hr>147</gpxtpx:hr></gpxtpx:TrackPointExtension></extensions></trkpt><trkpt lat="56.023882" lon="37.852237"><ele>166.4</ele><time>2026-06-24T04:39:44Z</time><extensions><gpxtpx:TrackPointExtension><gpxtpx:hr>148</gpxtpx:hr></gpxtpx:TrackPointExtension></extensions></trkpt><trkpt lat="56.023862" lon="37.85227"><ele>166.2</ele><time>2026-06-24T04:39:45Z</time><extensions><gpxtpx:TrackPointExtension><gpxtpx:hr>148</gpxtpx:hr></gpxtpx:TrackPointExtension></extensions></trkpt><trkpt lat="56.02385" lon="37.852305"><ele>166.2</ele><time>2026-06-24T04:39:46Z</time><extensions><gpxtpx:TrackPointExtension><gpxtpx:hr>147</gpxtpx:hr></gpxtpx:TrackPointExtension></extensions></trkpt><trkpt lat="56.023837" lon="37.852342"><ele>166.2</ele><time>2026-06-24T04:39:47Z</time><extensions><gpxtpx:TrackPointExtension><gpxtpx:hr>147</gpxtpx:hr></gpxtpx:TrackPointExtension></extensions></trkpt><trkpt lat="56.023827" lon="37.852385"><ele>166.2</ele><time>2026-06-24T04:39:48Z</time><extensions><gpxtpx:TrackPointExtension><gpxtpx:hr>147</gpxtpx:hr></gpxtpx:TrackPointExtension></extensions></trkpt><trkpt lat="56.023962" lon="37.85275"><ele>166.2</ele><time>2026-06-24T04:39:59Z</time><extensions><gpxtpx:TrackPointExtension><gpxtpx:hr>146</gpxtpx:hr></gpxtpx:TrackPointExtension></extensions></trkpt><trkpt lat="56.023982" lon="37.852752"><ele>166.2</ele><time>2026-06-24T04:40:00Z</time><extensions><gpxtpx:TrackPointExtension><gpxtpx:hr>145</gpxtpx:hr></gpxtpx:TrackPointExtension></extensions></trkpt><trkpt lat="56.024002" lon="37.852755"><ele>166.2</ele><time>2026-06-24T04:40:01Z</time><extensions><gpxtpx:TrackPointExtension><gpxtpx:hr>144</gpxtpx:hr></gpxtpx:TrackPointExtension></extensions></trkpt><trkpt lat="56.02402" lon="37.852757"><ele>166.2</ele><time>2026-06-24T04:40:02Z</time><extensions><gpxtpx:TrackPointExtension><gpxtpx:hr>145</gpxtpx:hr></gpxtpx:TrackPointExtension></extensions></trkpt><trkpt lat="56.024042" lon="37.852757"><ele>166.4</ele><time>2026-06-24T04:40:03Z</time><extensions><gpxtpx:TrackPointExtension><gpxtpx:hr>145</gpxtpx:hr></gpxtpx:TrackPointExtension></extensions></trkpt><trkpt lat="56.024065" lon="37.852757"><ele>166.4</ele><time>2026-06-24T04:40:04Z</time><extensions><gpxtpx:TrackPointExtension><gpxtpx:hr>144</gpxtpx:hr></gpxtpx:TrackPointExtension></extensions></trkpt><trkpt lat="56.024087" lon="37.852755"><ele>166.4</ele><time>2026-06-24T04:40:05Z</time><extensions><gpxtpx:TrackPointExtension><gpxtpx:hr>144</gpxtpx:hr></gpxtpx:TrackPointExtension></extensions></trkpt><trkpt lat="56.02411" lon="37.852757"><ele>166.4</ele><time>2026-06-24T04:40:06Z</time><extensions><gpxtpx:TrackPointExtension><gpxtpx:hr>146</gpxtpx:hr></gpxtpx:TrackPointExtension></extensions></trkpt><trkpt lat="56.024132" lon="37.852757"><ele>166.2</ele><time>2026-06-24T04:40:07Z</time><extensions><gpxtpx:TrackPointExtension><gpxtpx:hr>145</gpxtpx:hr></gpxtpx:TrackPointExtension></extensions></trkpt><trkpt lat="56.024155" lon="37.852757"><ele>166.2</ele><time>2026-06-24T04:40:08Z</time><extensions><gpxtpx:TrackPointExtension><gpxtpx:hr>144</gpxtpx:hr></gpxtpx:TrackPointExtension></extensions></trkpt><trkpt lat="56.024175" lon="37.852762"><ele>166.2</ele><time>2026-06-24T04:40:09Z</time><extensions><gpxtpx:TrackPointExtension><gpxtpx:hr>144</gpxtpx:hr></gpxtpx:TrackPointExtension></extensions></trkpt><trkpt lat="56.024197" lon="37.852765"><ele>166.2</ele><time>2026-06-24T04:40:10Z</time><extensions><gpxtpx:TrackPointExtension><gpxtpx:hr>146</gpxtpx:hr></gpxtpx:TrackPointExtension></extensions></trkpt><trkpt lat="56.02422" lon="37.852767"><ele>166.2</ele><time>2026-06-24T04:40:11Z</time><extensions><gpxtpx:TrackPointExtension><gpxtpx:hr>147</gpxtpx:hr></gpxtpx:TrackPointExtension></extensions></trkpt><trkpt lat="56.024242" lon="37.852767"><ele>166.2</ele><time>2026-06-24T04:40:12Z</time><extensions><gpxtpx:TrackPointExtension><gpxtpx:hr>146</gpxtpx:hr></gpxtpx:TrackPointExtension></extensions></trkpt><trkpt lat="56.024267" lon="37.852767"><ele>166.4</ele><time>2026-06-24T04:40:13Z</time><extensions><gpxtpx:TrackPointExtension><gpxtpx:hr>146</gpxtpx:hr></gpxtpx:TrackPointExtension></extensions></trkpt><trkpt lat="56.024287" lon="37.852767"><ele>166.4</ele><time>2026-06-24T04:40:14Z</time><extensions><gpxtpx:TrackPointExtension><gpxtpx:hr>147</gpxtpx:hr></gpxtpx:TrackPointExtension></extensions></trkpt><trkpt lat="56.024337" lon="37.852767"><ele>166.6</ele><time>2026-06-24T04:40:16Z</time><extensions><gpxtpx:TrackPointExtension><gpxtpx:hr>148</gpxtpx:hr></gpxtpx:TrackPointExtension></extensions></trkpt><trkpt lat="56.024365" lon="37.852765"><ele>166.6</ele><time>2026-06-24T04:40:17Z</time><extensions><gpxtpx:TrackPointExtension><gpxtpx:hr>147</gpxtpx:hr></gpxtpx:TrackPointExtension></extensions></trkpt><trkpt lat="56.024392" lon="37.852762"><ele>166.6</ele><time>2026-06-24T04:40:18Z</time><extensions><gpxtpx:TrackPointExtension><gpxtpx:hr>148</gpxtpx:hr></gpxtpx:TrackPointExtension></extensions></trkpt><trkpt lat="56.024417" lon="37.852755"><ele>166.6</ele><time>2026-06-24T04:40:19Z</time><extensions><gpxtpx:TrackPointExtension><gpxtpx:hr>149</gpxtpx:hr></gpxtpx:TrackPointExtension></extensions></trkpt><trkpt lat="56.024438" lon="37.85274"><ele>166.6</ele><time>2026-06-24T04:40:20Z</time><extensions><gpxtpx:TrackPointExtension><gpxtpx:hr>148</gpxtpx:hr></gpxtpx:TrackPointExtension></extensions></trkpt><trkpt lat="56.02446" lon="37.852717"><ele>166.6</ele><time>2026-06-24T04:40:21Z</time><extensions><gpxtpx:TrackPointExtension><gpxtpx:hr>147</gpxtpx:hr></gpxtpx:TrackPointExtension></extensions></trkpt><trkpt lat="56.02448" lon="37.852687"><ele>166.6</ele><time>2026-06-24T04:40:22Z</time><extensions><gpxtpx:TrackPointExtension><gpxtpx:hr>149</gpxtpx:hr></gpxtpx:TrackPointExtension></extensions></trkpt><trkpt lat="56.024497" lon="37.852652"><ele>166.6</ele><time>2026-06-24T04:40:23Z</time><extensions><gpxtpx:TrackPointExtension><gpxtpx:hr>150</gpxtpx:hr></gpxtpx:TrackPointExtension></extensions></trkpt><trkpt lat="56.024512" lon="37.852615"><ele>166.4</ele><time>2026-06-24T04:40:24Z</time><extensions><gpxtpx:TrackPointExtension><gpxtpx:hr>149</gpxtpx:hr></gpxtpx:TrackPointExtension></extensions></trkpt><trkpt lat="56.024527" lon="37.852575"><ele>166.4</ele><time>2026-06-24T04:40:25Z</time><extensions><gpxtpx:TrackPointExtension><gpxtpx:hr>149</gpxtpx:hr></gpxtpx:TrackPointExtension></extensions></trkpt><trkpt lat="56.02454" lon="37.85253"><ele>166.2</ele><time>2026-06-24T04:40:26Z</time><extensions><gpxtpx:TrackPointExtension><gpxtpx:hr>150</gpxtpx:hr></gpxtpx:TrackPointExtension></extensions></trkpt><trkpt lat="56.024547" lon="37.852475"><ele>166.2</ele><time>2026-06-24T04:40:27Z</time><extensions><gpxtpx:TrackPointExtension><gpxtpx:hr>150</gpxtpx:hr></gpxtpx:TrackPointExtension></extensions></trkpt><trkpt lat="56.024542" lon="37.85241"><ele>166.4</ele><time>2026-06-24T04:40:28Z</time><extensions><gpxtpx:TrackPointExtension><gpxtpx:hr>149</gpxtpx:hr></gpxtpx:TrackPointExtension></extensions></trkpt><trkpt lat="56.024532" lon="37.852347"><ele>166.4</ele><time>2026-06-24T04:40:29Z</time><extensions><gpxtpx:TrackPointExtension><gpxtpx:hr>151</gpxtpx:hr></gpxtpx:TrackPointExtension></extensions></trkpt><trkpt lat="56.024512" lon="37.852285"><ele>166.2</ele><time>2026-06-24T04:40:30Z</time><extensions><gpxtpx:TrackPointExtension><gpxtpx:hr>151</gpxtpx:hr></gpxtpx:TrackPointExtension></extensions></trkpt><trkpt lat="56.024487" lon="37.852237"><ele>166.2</ele><time>2026-06-24T04:40:31Z</time><extensions><gpxtpx:TrackPointExtension><gpxtpx:hr>151</gpxtpx:hr></gpxtpx:TrackPointExtension></extensions></trkpt><trkpt lat="56.024452" lon="37.852205"><ele>166.2</ele><time>2026-06-24T04:40:32Z</time><extensions><gpxtpx:TrackPointExtension><gpxtpx:hr>153</gpxtpx:hr></gpxtpx:TrackPointExtension></extensions></trkpt><trkpt lat="56.024412" lon="37.852182"><ele>166.0</ele><time>2026-06-24T04:40:33Z</time><extensions><gpxtpx:TrackPointExtension><gpxtpx:hr>152</gpxtpx:hr></gpxtpx:TrackPointExtension></extensions></trkpt><trkpt lat="56.024372" lon="37.852167"><ele>166.0</ele><time>2026-06-24T04:40:34Z</time><extensions><gpxtpx:TrackPointExtension><gpxtpx:hr>152</gpxtpx:hr></gpxtpx:TrackPointExtension></extensions></trkpt><trkpt lat="56.024332" lon="37.85216"><ele>166.0</ele><time>2026-06-24T04:40:35Z</time><extensions><gpxtpx:TrackPointExtension><gpxtpx:hr>154</gpxtpx:hr></gpxtpx:TrackPointExtension></extensions></trkpt><trkpt lat="56.024295" lon="37.852155"><ele>166.2</ele><time>2026-06-24T04:40:36Z</time><extensions><gpxtpx:TrackPointExtension><gpxtpx:hr>154</gpxtpx:hr></gpxtpx:TrackPointExtension></extensions></trkpt><trkpt lat="56.024257" lon="37.852155"><ele>166.2</ele><time>2026-06-24T04:40:37Z</time><extensions><gpxtpx:TrackPointExtension><gpxtpx:hr>154</gpxtpx:hr></gpxtpx:TrackPointExtension></extensions></trkpt><trkpt lat="56.024213" lon="37.852155"><ele>166.0</ele><time>2026-06-24T04:40:38Z</time><extensions><gpxtpx:TrackPointExtension><gpxtpx:hr>153</gpxtpx:hr></gpxtpx:TrackPointExtension></extensions></trkpt><trkpt lat="56.024177" lon="37.852155"><ele>166.0</ele><time>2026-06-24T04:40:39Z</time><extensions><gpxtpx:TrackPointExtension><gpxtpx:hr>155</gpxtpx:hr></gpxtpx:TrackPointExtension></extensions></trkpt><trkpt lat="56.024137" lon="37.852152"><ele>166.0</ele><time>2026-06-24T04:40:40Z</time><extensions><gpxtpx:TrackPointExtension><gpxtpx:hr>156</gpxtpx:hr></gpxtpx:TrackPointExtension></extensions></trkpt><trkpt lat="56.024102" lon="37.85215"><ele>166.0</ele><time>2026-06-24T04:40:41Z</time><extensions><gpxtpx:TrackPointExtension><gpxtpx:hr>155</gpxtpx:hr></gpxtpx:TrackPointExtension></extensions></trkpt><trkpt lat="56.02407" lon="37.852152"><ele>166.0</ele><time>2026-06-24T04:40:42Z</time><extensions><gpxtpx:TrackPointExtension><gpxtpx:hr>155</gpxtpx:hr></gpxtpx:TrackPointExtension></extensions></trkpt><trkpt lat="56.024037" lon="37.852147"><ele>166.0</ele><time>2026-06-24T04:40:43Z</time><extensions><gpxtpx:TrackPointExtension><gpxtpx:hr>156</gpxtpx:hr></gpxtpx:TrackPointExtension></extensions></trkpt><trkpt lat="56.024005" lon="37.85215"><ele>166.2</ele><time>2026-06-24T04:40:44Z</time><extensions><gpxtpx:TrackPointExtension><gpxtpx:hr>157</gpxtpx:hr></gpxtpx:TrackPointExtension></extensions></trkpt><trkpt lat="56.023967" lon="37.852155"><ele>166.2</ele><time>2026-06-24T04:40:45Z</time><extensions><gpxtpx:TrackPointExtension><gpxtpx:hr>156</gpxtpx:hr></gpxtpx:TrackPointExtension></extensions></trkpt><trkpt lat="56.023932" lon="37.852162"><ele>166.2</ele><time>2026-06-24T04:40:46Z</time><extensions><gpxtpx:TrackPointExtension><gpxtpx:hr>157</gpxtpx:hr></gpxtpx:TrackPointExtension></extensions></trkpt><trkpt lat="56.023897" lon="37.852187"><ele>166.2</ele><time>2026-06-24T04:40:47Z</time><extensions><gpxtpx:TrackPointExtension><gpxtpx:hr>157</gpxtpx:hr></gpxtpx:TrackPointExtension></extensions></trkpt><trkpt lat="56.02387" lon="37.852223"><ele>166.2</ele><time>2026-06-24T04:40:48Z</time><extensions><gpxtpx:TrackPointExtension><gpxtpx:hr>158</gpxtpx:hr></gpxtpx:TrackPointExtension></extensions></trkpt><trkpt lat="56.023842" lon="37.852272"><ele>166.2</ele><time>2026-06-24T04:40:49Z</time><extensions><gpxtpx:TrackPointExtension><gpxtpx:hr>160</gpxtpx:hr></gpxtpx:TrackPointExtension></extensions></trkpt><trkpt lat="56.023822" lon="37.852332"><ele>166.2</ele><time>2026-06-24T04:40:50Z</time><extensions><gpxtpx:TrackPointExtension><gpxtpx:hr>158</gpxtpx:hr></gpxtpx:TrackPointExtension></extensions></trkpt><trkpt lat="56.023805" lon="37.8524"><ele>166.4</ele><time>2026-06-24T04:40:51Z</time><extensions><gpxtpx:TrackPointExtension><gpxtpx:hr>158</gpxtpx:hr></gpxtpx:TrackPointExtension></extensions></trkpt><trkpt lat="56.0238" lon="37.85247"><ele>166.2</ele><time>2026-06-24T04:40:52Z</time><extensions><gpxtpx:TrackPointExtension><gpxtpx:hr>158</gpxtpx:hr></gpxtpx:TrackPointExtension></extensions></trkpt><trkpt lat="56.023807" lon="37.852532"><ele>166.2</ele><time>2026-06-24T04:40:53Z</time><extensions><gpxtpx:TrackPointExtension><gpxtpx:hr>159</gpxtpx:hr></gpxtpx:TrackPointExtension></extensions></trkpt><trkpt lat="56.023822" lon="37.852592"><ele>166.2</ele><time>2026-06-24T04:40:54Z</time><extensions><gpxtpx:TrackPointExtension><gpxtpx:hr>160</gpxtpx:hr></gpxtpx:TrackPointExtension></extensions></trkpt><trkpt lat="56.023842" lon="37.85265"><ele>166.2</ele><time>2026-06-24T04:40:55Z</time><extensions><gpxtpx:TrackPointExtension><gpxtpx:hr>160</gpxtpx:hr></gpxtpx:TrackPointExtension></extensions></trkpt><trkpt lat="56.023867" lon="37.852697"><ele>166.4</ele><time>2026-06-24T04:40:56Z</time><extensions><gpxtpx:TrackPointExtension><gpxtpx:hr>159</gpxtpx:hr></gpxtpx:TrackPointExtension></extensions></trkpt><trkpt lat="56.0239" lon="37.852737"><ele>166.2</ele><time>2026-06-24T04:40:57Z</time><extensions><gpxtpx:TrackPointExtension><gpxtpx:hr>161</gpxtpx:hr></gpxtpx:TrackPointExtension></extensions></trkpt><trkpt lat="56.023932" lon="37.852762"><ele>166.2</ele><time>2026-06-24T04:40:58Z</time><extensions><gpxtpx:TrackPointExtension><gpxtpx:hr>160</gpxtpx:hr></gpxtpx:TrackPointExtension></extensions></trkpt><trkpt lat="56.023967" lon="37.852775"><ele>166.2</ele><time>2026-06-24T04:40:59Z</time><extensions><gpxtpx:TrackPointExtension><gpxtpx:hr>162</gpxtpx:hr></gpxtpx:TrackPointExtension></extensions></trkpt><trkpt lat="56.024002" lon="37.852782"><ele>166.2</ele><time>2026-06-24T04:41:00Z</time><extensions><gpxtpx:TrackPointExtension><gpxtpx:hr>163</gpxtpx:hr></gpxtpx:TrackPointExtension></extensions></trkpt><trkpt lat="56.02404" lon="37.852782"><ele>166.0</ele><time>2026-06-24T04:41:01Z</time><extensions><gpxtpx:TrackPointExtension><gpxtpx:hr>163</gpxtpx:hr></gpxtpx:TrackPointExtension></extensions></trkpt><trkpt lat="56.024077" lon="37.85278"><ele>166.0</ele><time>2026-06-24T04:41:02Z</time><extensions><gpxtpx:TrackPointExtension><gpxtpx:hr>162</gpxtpx:hr></gpxtpx:TrackPointExtension></extensions></trkpt><trkpt lat="56.024112" lon="37.852777"><ele>166.0</ele><time>2026-06-24T04:41:03Z</time><extensions><gpxtpx:TrackPointExtension><gpxtpx:hr>161</gpxtpx:hr></gpxtpx:TrackPointExtension></extensions></trkpt><trkpt lat="56.024147" lon="37.852772"><ele>166.0</ele><time>2026-06-24T04:41:04Z</time><extensions><gpxtpx:TrackPointExtension><gpxtpx:hr>161</gpxtpx:hr></gpxtpx:TrackPointExtension></extensions></trkpt><trkpt lat="56.024182" lon="37.85277"><ele>165.8</ele><time>2026-06-24T04:41:05Z</time><extensions><gpxtpx:TrackPointExtension><gpxtpx:hr>162</gpxtpx:hr></gpxtpx:TrackPointExtension></extensions></trkpt><trkpt lat="56.024217" lon="37.852767"><ele>165.8</ele><time>2026-06-24T04:41:06Z</time><extensions><gpxtpx:TrackPointExtension><gpxtpx:hr>163</gpxtpx:hr></gpxtpx:TrackPointExtension></extensions></trkpt><trkpt lat="56.024252" lon="37.85277"><ele>166.0</ele><time>2026-06-24T04:41:07Z</time><extensions><gpxtpx:TrackPointExtension><gpxtpx:hr>163</gpxtpx:hr></gpxtpx:TrackPointExtension></extensions></trkpt><trkpt lat="56.024287" lon="37.852765"><ele>166.0</ele><time>2026-06-24T04:41:08Z</time><extensions><gpxtpx:TrackPointExtension><gpxtpx:hr>163</gpxtpx:hr></gpxtpx:TrackPointExtension></extensions></trkpt><trkpt lat="56.024322" lon="37.852765"><ele>166.0</ele><time>2026-06-24T04:41:09Z</time><extensions><gpxtpx:TrackPointExtension><gpxtpx:hr>163</gpxtpx:hr></gpxtpx:TrackPointExtension></extensions></trkpt><trkpt lat="56.02436" lon="37.85277"><ele>166.0</ele><time>2026-06-24T04:41:10Z</time><extensions><gpxtpx:TrackPointExtension><gpxtpx:hr>164</gpxtpx:hr></gpxtpx:TrackPointExtension></extensions></trkpt><trkpt lat="56.024397" lon="37.852762"><ele>166.2</ele><time>2026-06-24T04:41:11Z</time><extensions><gpxtpx:TrackPointExtension><gpxtpx:hr>163</gpxtpx:hr></gpxtpx:TrackPointExtension></extensions></trkpt><trkpt lat="56.02447" lon="37.852732"><ele>166.4</ele><time>2026-06-24T04:41:13Z</time><extensions><gpxtpx:TrackPointExtension><gpxtpx:hr>164</gpxtpx:hr></gpxtpx:TrackPointExtension></extensions></trkpt><trkpt lat="56.0245" lon="37.852695"><ele>166.4</ele><time>2026-06-24T04:41:14Z</time><extensions><gpxtpx:TrackPointExtension><gpxtpx:hr>165</gpxtpx:hr></gpxtpx:TrackPointExtension></extensions></trkpt><trkpt lat="56.024522" lon="37.852642"><ele>166.4</ele><time>2026-06-24T04:41:15Z</time><extensions><gpxtpx:TrackPointExtension><gpxtpx:hr>163</gpxtpx:hr></gpxtpx:TrackPointExtension></extensions></trkpt><trkpt lat="56.02454" lon="37.852587"><ele>166.4</ele><time>2026-06-24T04:41:16Z</time><extensions><gpxtpx:TrackPointExtension><gpxtpx:hr>163</gpxtpx:hr></gpxtpx:TrackPointExtension></extensions></trkpt><trkpt lat="56.024552" lon="37.852525"><ele>166.4</ele><time>2026-06-24T04:41:17Z</time><extensions><gpxtpx:TrackPointExtension><gpxtpx:hr>162</gpxtpx:hr></gpxtpx:TrackPointExtension></extensions></trkpt><trkpt lat="56.024552" lon="37.85246"><ele>166.2</ele><time>2026-06-24T04:41:18Z</time><extensions><gpxtpx:TrackPointExtension><gpxtpx:hr>163</gpxtpx:hr></gpxtpx:TrackPointExtension></extensions></trkpt><trkpt lat="56.02455" lon="37.852397"><ele>166.2</ele><time>2026-06-24T04:41:19Z</time><extensions><gpxtpx:TrackPointExtension><gpxtpx:hr>162</gpxtpx:hr></gpxtpx:TrackPointExtension></extensions></trkpt><trkpt lat="56.02454" lon="37.852335"><ele>166.0</ele><time>2026-06-24T04:41:20Z</time><extensions><gpxtpx:TrackPointExtension><gpxtpx:hr>163</gpxtpx:hr></gpxtpx:TrackPointExtension></extensions></trkpt><trkpt lat="56.024522" lon="37.852282"><ele>166.0</ele><time>2026-06-24T04:41:21Z</time><extensions><gpxtpx:TrackPointExtension><gpxtpx:hr>164</gpxtpx:hr></gpxtpx:TrackPointExtension></extensions></trkpt><trkpt lat="56.024497" lon="37.852237"><ele>166.0</ele><time>2026-06-24T04:41:22Z</time><extensions><gpxtpx:TrackPointExtension><gpxtpx:hr>164</gpxtpx:hr></gpxtpx:TrackPointExtension></extensions></trkpt><trkpt lat="56.024467" lon="37.852202"><ele>166.0</ele><time>2026-06-24T04:41:23Z</time><extensions><gpxtpx:TrackPointExtension><gpxtpx:hr>165</gpxtpx:hr></gpxtpx:TrackPointExtension></extensions></trkpt><trkpt lat="56.024432" lon="37.85218"><ele>166.0</ele><time>2026-06-24T04:41:24Z</time><extensions><gpxtpx:TrackPointExtension><gpxtpx:hr>163</gpxtpx:hr></gpxtpx:TrackPointExtension></extensions></trkpt><trkpt lat="56.02439" lon="37.852172"><ele>166.0</ele><time>2026-06-24T04:41:25Z</time><extensions><gpxtpx:TrackPointExtension><gpxtpx:hr>163</gpxtpx:hr></gpxtpx:TrackPointExtension></extensions></trkpt><trkpt lat="56.024352" lon="37.852167"><ele>165.8</ele><time>2026-06-24T04:41:26Z</time><extensions><gpxtpx:TrackPointExtension><gpxtpx:hr>164</gpxtpx:hr></gpxtpx:TrackPointExtension></extensions></trkpt><trkpt lat="56.024312" lon="37.852167"><ele>165.8</ele><time>2026-06-24T04:41:27Z</time><extensions><gpxtpx:TrackPointExtension><gpxtpx:hr>165</gpxtpx:hr></gpxtpx:TrackPointExtension></extensions></trkpt><trkpt lat="56.024272" lon="37.852162"><ele>166.0</ele><time>2026-06-24T04:41:28Z</time><extensions><gpxtpx:TrackPointExtension><gpxtpx:hr>165</gpxtpx:hr></gpxtpx:TrackPointExtension></extensions></trkpt><trkpt lat="56.024232" lon="37.852157"><ele>166.0</ele><time>2026-06-24T04:41:29Z</time><extensions><gpxtpx:TrackPointExtension><gpxtpx:hr>165</gpxtpx:hr></gpxtpx:TrackPointExtension></extensions></trkpt><trkpt lat="56.024197" lon="37.852155"><ele>166.0</ele><time>2026-06-24T04:41:30Z</time><extensions><gpxtpx:TrackPointExtension><gpxtpx:hr>166</gpxtpx:hr></gpxtpx:TrackPointExtension></extensions></trkpt><trkpt lat="56.024165" lon="37.852155"><ele>166.0</ele><time>2026-06-24T04:41:31Z</time><extensions><gpxtpx:TrackPointExtension><gpxtpx:hr>167</gpxtpx:hr></gpxtpx:TrackPointExtension></extensions></trkpt><trkpt lat="56.02413" lon="37.852157"><ele>166.0</ele><time>2026-06-24T04:41:32Z</time><extensions><gpxtpx:TrackPointExtension><gpxtpx:hr>166</gpxtpx:hr></gpxtpx:TrackPointExtension></extensions></trkpt><trkpt lat="56.024092" lon="37.852157"><ele>166.0</ele><time>2026-06-24T04:41:33Z</time><extensions><gpxtpx:TrackPointExtension><gpxtpx:hr>165</gpxtpx:hr></gpxtpx:TrackPointExtension></extensions></trkpt><trkpt lat="56.024057" lon="37.852155"><ele>166.0</ele><time>2026-06-24T04:41:34Z</time><extensions><gpxtpx:TrackPointExtension><gpxtpx:hr>165</gpxtpx:hr></gpxtpx:TrackPointExtension></extensions></trkpt><trkpt lat="56.02402" lon="37.852155"><ele>166.0</ele><time>2026-06-24T04:41:35Z</time><extensions><gpxtpx:TrackPointExtension><gpxtpx:hr>164</gpxtpx:hr></gpxtpx:TrackPointExtension></extensions></trkpt><trkpt lat="56.023985" lon="37.852157"><ele>166.0</ele><time>2026-06-24T04:41:36Z</time><extensions><gpxtpx:TrackPointExtension><gpxtpx:hr>163</gpxtpx:hr></gpxtpx:TrackPointExtension></extensions></trkpt><trkpt lat="56.023947" lon="37.85217"><ele>166.0</ele><time>2026-06-24T04:41:37Z</time><extensions><gpxtpx:TrackPointExtension><gpxtpx:hr>163</gpxtpx:hr></gpxtpx:TrackPointExtension></extensions></trkpt><trkpt lat="56.023917" lon="37.852192"><ele>165.8</ele><time>2026-06-24T04:41:38Z</time><extensions><gpxtpx:TrackPointExtension><gpxtpx:hr>163</gpxtpx:hr></gpxtpx:TrackPointExtension></extensions></trkpt><trkpt lat="56.023882" lon="37.852222"><ele>165.8</ele><time>2026-06-24T04:41:39Z</time><extensions><gpxtpx:TrackPointExtension><gpxtpx:hr>165</gpxtpx:hr></gpxtpx:TrackPointExtension></extensions></trkpt><trkpt lat="56.023857" lon="37.852267"><ele>165.8</ele><time>2026-06-24T04:41:40Z</time><extensions><gpxtpx:TrackPointExtension><gpxtpx:hr>167</gpxtpx:hr></gpxtpx:TrackPointExtension></extensions></trkpt><trkpt lat="56.023833" lon="37.852327"><ele>165.8</ele><time>2026-06-24T04:41:41Z</time><extensions><gpxtpx:TrackPointExtension><gpxtpx:hr>169</gpxtpx:hr></gpxtpx:TrackPointExtension></extensions></trkpt><trkpt lat="56.02382" lon="37.852392"><ele>165.8</ele><time>2026-06-24T04:41:42Z</time><extensions><gpxtpx:TrackPointExtension><gpxtpx:hr>167</gpxtpx:hr></gpxtpx:TrackPointExtension></extensions></trkpt><trkpt lat="56.023812" lon="37.852465"><ele>165.8</ele><time>2026-06-24T04:41:43Z</time><extensions><gpxtpx:TrackPointExtension><gpxtpx:hr>167</gpxtpx:hr></gpxtpx:TrackPointExtension></extensions></trkpt><trkpt lat="56.023817" lon="37.852535"><ele>165.8</ele><time>2026-06-24T04:41:44Z</time><extensions><gpxtpx:TrackPointExtension><gpxtpx:hr>167</gpxtpx:hr></gpxtpx:TrackPointExtension></extensions></trkpt><trkpt lat="56.023827" lon="37.852592"><ele>165.8</ele><time>2026-06-24T04:41:45Z</time><extensions><gpxtpx:TrackPointExtension><gpxtpx:hr>167</gpxtpx:hr></gpxtpx:TrackPointExtension></extensions></trkpt><trkpt lat="56.023845" lon="37.852655"><ele>165.8</ele><time>2026-06-24T04:41:46Z</time><extensions><gpxtpx:TrackPointExtension><gpxtpx:hr>168</gpxtpx:hr></gpxtpx:TrackPointExtension></extensions></trkpt><trkpt lat="56.023872" lon="37.8527"><ele>165.8</ele><time>2026-06-24T04:41:47Z</time><extensions><gpxtpx:TrackPointExtension><gpxtpx:hr>166</gpxtpx:hr></gpxtpx:TrackPointExtension></extensions></trkpt><trkpt lat="56.023902" lon="37.852737"><ele>166.0</ele><time>2026-06-24T04:41:48Z</time><extensions><gpxtpx:TrackPointExtension><gpxtpx:hr>168</gpxtpx:hr></gpxtpx:TrackPointExtension></extensions></trkpt><trkpt lat="56.023937" lon="37.852765"><ele>166.0</ele><time>2026-06-24T04:41:49Z</time><extensions><gpxtpx:TrackPointExtension><gpxtpx:hr>169</gpxtpx:hr></gpxtpx:TrackPointExtension></extensions></trkpt><trkpt lat="56.023977" lon="37.852782"><ele>166.0</ele><time>2026-06-24T04:41:50Z</time><extensions><gpxtpx:TrackPointExtension><gpxtpx:hr>168</gpxtpx:hr></gpxtpx:TrackPointExtension></extensions></trkpt><trkpt lat="56.024017" lon="37.852787"><ele>166.0</ele><time>2026-06-24T04:41:51Z</time><extensions><gpxtpx:TrackPointExtension><gpxtpx:hr>168</gpxtpx:hr></gpxtpx:TrackPointExtension></extensions></trkpt><trkpt lat="56.024052" lon="37.852795"><ele>166.0</ele><time>2026-06-24T04:41:52Z</time><extensions><gpxtpx:TrackPointExtension><gpxtpx:hr>168</gpxtpx:hr></gpxtpx:TrackPointExtension></extensions></trkpt><trkpt lat="56.024092" lon="37.852792"><ele>166.0</ele><time>2026-06-24T04:41:53Z</time><extensions><gpxtpx:TrackPointExtension><gpxtpx:hr>168</gpxtpx:hr></gpxtpx:TrackPointExtension></extensions></trkpt><trkpt lat="56.024127" lon="37.852792"><ele>166.2</ele><time>2026-06-24T04:41:54Z</time><extensions><gpxtpx:TrackPointExtension><gpxtpx:hr>168</gpxtpx:hr></gpxtpx:TrackPointExtension></extensions></trkpt><trkpt lat="56.024165" lon="37.852787"><ele>166.2</ele><time>2026-06-24T04:41:55Z</time><extensions><gpxtpx:TrackPointExtension><gpxtpx:hr>168</gpxtpx:hr></gpxtpx:TrackPointExtension></extensions></trkpt><trkpt lat="56.024237" lon="37.852777"><ele>166.0</ele><time>2026-06-24T04:41:57Z</time><extensions><gpxtpx:TrackPointExtension><gpxtpx:hr>167</gpxtpx:hr></gpxtpx:TrackPointExtension></extensions></trkpt><trkpt lat="56.024272" lon="37.852775"><ele>166.0</ele><time>2026-06-24T04:41:58Z</time><extensions><gpxtpx:TrackPointExtension><gpxtpx:hr>167</gpxtpx:hr></gpxtpx:TrackPointExtension></extensions></trkpt><trkpt lat="56.024307" lon="37.852775"><ele>166.0</ele><time>2026-06-24T04:41:59Z</time><extensions><gpxtpx:TrackPointExtension><gpxtpx:hr>167</gpxtpx:hr></gpxtpx:TrackPointExtension></extensions></trkpt><trkpt lat="56.024345" lon="37.85277"><ele>166.0</ele><time>2026-06-24T04:42:00Z</time><extensions><gpxtpx:TrackPointExtension><gpxtpx:hr>167</gpxtpx:hr></gpxtpx:TrackPointExtension></extensions></trkpt><trkpt lat="56.024377" lon="37.85277"><ele>166.0</ele><time>2026-06-24T04:42:01Z</time><extensions><gpxtpx:TrackPointExtension><gpxtpx:hr>166</gpxtpx:hr></gpxtpx:TrackPointExtension></extensions></trkpt><trkpt lat="56.024412" lon="37.852757"><ele>166.0</ele><time>2026-06-24T04:42:02Z</time><extensions><gpxtpx:TrackPointExtension><gpxtpx:hr>167</gpxtpx:hr></gpxtpx:TrackPointExtension></extensions></trkpt><trkpt lat="56.024447" lon="37.852737"><ele>166.2</ele><time>2026-06-24T04:42:03Z</time><extensions><gpxtpx:TrackPointExtension><gpxtpx:hr>168</gpxtpx:hr></gpxtpx:TrackPointExtension></extensions></trkpt><trkpt lat="56.024482" lon="37.852707"><ele>166.2</ele><time>2026-06-24T04:42:04Z</time><extensions><gpxtpx:TrackPointExtension><gpxtpx:hr>167</gpxtpx:hr></gpxtpx:TrackPointExtension></extensions></trkpt><trkpt lat="56.024512" lon="37.852662"><ele>166.2</ele><time>2026-06-24T04:42:05Z</time><extensions><gpxtpx:TrackPointExtension><gpxtpx:hr>168</gpxtpx:hr></gpxtpx:TrackPointExtension></extensions></trkpt><trkpt lat="56.024532" lon="37.852603"><ele>166.2</ele><time>2026-06-24T04:42:06Z</time><extensions><gpxtpx:TrackPointExtension><gpxtpx:hr>169</gpxtpx:hr></gpxtpx:TrackPointExtension></extensions></trkpt><trkpt lat="56.024547" lon="37.85254"><ele>166.2</ele><time>2026-06-24T04:42:07Z</time><extensions><gpxtpx:TrackPointExtension><gpxtpx:hr>169</gpxtpx:hr></gpxtpx:TrackPointExtension></extensions></trkpt><trkpt lat="56.024555" lon="37.852472"><ele>166.0</ele><time>2026-06-24T04:42:08Z</time><extensions><gpxtpx:TrackPointExtension><gpxtpx:hr>167</gpxtpx:hr></gpxtpx:TrackPointExtension></extensions></trkpt><trkpt lat="56.024552" lon="37.852407"><ele>166.0</ele><time>2026-06-24T04:42:09Z</time><extensions><gpxtpx:TrackPointExtension><gpxtpx:hr>168</gpxtpx:hr></gpxtpx:TrackPointExtension></extensions></trkpt><trkpt lat="56.024542" lon="37.852345"><ele>166.0</ele><time>2026-06-24T04:42:10Z</time><extensions><gpxtpx:TrackPointExtension><gpxtpx:hr>168</gpxtpx:hr></gpxtpx:TrackPointExtension></extensions></trkpt><trkpt lat="56.024522" lon="37.85229"><ele>165.8</ele><time>2026-06-24T04:42:11Z</time><extensions><gpxtpx:TrackPointExtension><gpxtpx:hr>168</gpxtpx:hr></gpxtpx:TrackPointExtension></extensions></trkpt><trkpt lat="56.024497" lon="37.852245"><ele>165.8</ele><time>2026-06-24T04:42:12Z</time><extensions><gpxtpx:TrackPointExtension><gpxtpx:hr>167</gpxtpx:hr></gpxtpx:TrackPointExtension></extensions></trkpt><trkpt lat="56.024465" lon="37.852212"><ele>165.8</ele><time>2026-06-24T04:42:13Z</time><extensions><gpxtpx:TrackPointExtension><gpxtpx:hr>167</gpxtpx:hr></gpxtpx:TrackPointExtension></extensions></trkpt><trkpt lat="56.02443" lon="37.852187"><ele>165.8</ele><time>2026-06-24T04:42:14Z</time><extensions><gpxtpx:TrackPointExtension><gpxtpx:hr>169</gpxtpx:hr></gpxtpx:TrackPointExtension></extensions></trkpt><trkpt lat="56.024392" lon="37.852175"><ele>165.8</ele><time>2026-06-24T04:42:15Z</time><extensions><gpxtpx:TrackPointExtension><gpxtpx:hr>169</gpxtpx:hr></gpxtpx:TrackPointExtension></extensions></trkpt><trkpt lat="56.024352" lon="37.852172"><ele>165.8</ele><time>2026-06-24T04:42:16Z</time><extensions><gpxtpx:TrackPointExtension><gpxtpx:hr>168</gpxtpx:hr></gpxtpx:TrackPointExtension></extensions></trkpt><trkpt lat="56.024312" lon="37.852172"><ele>165.8</ele><time>2026-06-24T04:42:17Z</time><extensions><gpxtpx:TrackPointExtension><gpxtpx:hr>169</gpxtpx:hr></gpxtpx:TrackPointExtension></extensions></trkpt><trkpt lat="56.024272" lon="37.85218"><ele>165.8</ele><time>2026-06-24T04:42:18Z</time><extensions><gpxtpx:TrackPointExtension><gpxtpx:hr>169</gpxtpx:hr></gpxtpx:TrackPointExtension></extensions></trkpt><trkpt lat="56.024232" lon="37.852182"><ele>165.8</ele><time>2026-06-24T04:42:19Z</time><extensions><gpxtpx:TrackPointExtension><gpxtpx:hr>167</gpxtpx:hr></gpxtpx:TrackPointExtension></extensions></trkpt><trkpt lat="56.024192" lon="37.85218"><ele>165.8</ele><time>2026-06-24T04:42:20Z</time><extensions><gpxtpx:TrackPointExtension><gpxtpx:hr>168</gpxtpx:hr></gpxtpx:TrackPointExtension></extensions></trkpt><trkpt lat="56.024152" lon="37.852177"><ele>166.0</ele><time>2026-06-24T04:42:21Z</time><extensions><gpxtpx:TrackPointExtension><gpxtpx:hr>167</gpxtpx:hr></gpxtpx:TrackPointExtension></extensions></trkpt><trkpt lat="56.024112" lon="37.852175"><ele>166.0</ele><time>2026-06-24T04:42:22Z</time><extensions><gpxtpx:TrackPointExtension><gpxtpx:hr>168</gpxtpx:hr></gpxtpx:TrackPointExtension></extensions></trkpt><trkpt lat="56.02407" lon="37.852172"><ele>166.0</ele><time>2026-06-24T04:42:23Z</time><extensions><gpxtpx:TrackPointExtension><gpxtpx:hr>168</gpxtpx:hr></gpxtpx:TrackPointExtension></extensions></trkpt><trkpt lat="56.024032" lon="37.852172"><ele>165.8</ele><time>2026-06-24T04:42:24Z</time><extensions><gpxtpx:TrackPointExtension><gpxtpx:hr>168</gpxtpx:hr></gpxtpx:TrackPointExtension></extensions></trkpt><trkpt lat="56.023992" lon="37.852167"><ele>165.8</ele><time>2026-06-24T04:42:25Z</time><extensions><gpxtpx:TrackPointExtension><gpxtpx:hr>168</gpxtpx:hr></gpxtpx:TrackPointExtension></extensions></trkpt><trkpt lat="56.023952" lon="37.852162"><ele>166.0</ele><time>2026-06-24T04:42:26Z</time><extensions><gpxtpx:TrackPointExtension><gpxtpx:hr>168</gpxtpx:hr></gpxtpx:TrackPointExtension></extensions></trkpt><trkpt lat="56.023912" lon="37.85217"><ele>166.0</ele><time>2026-06-24T04:42:27Z</time><extensions><gpxtpx:TrackPointExtension><gpxtpx:hr>168</gpxtpx:hr></gpxtpx:TrackPointExtension></extensions></trkpt><trkpt lat="56.023877" lon="37.852197"><ele>166.0</ele><time>2026-06-24T04:42:28Z</time><extensions><gpxtpx:TrackPointExtension><gpxtpx:hr>169</gpxtpx:hr></gpxtpx:TrackPointExtension></extensions></trkpt><trkpt lat="56.02385" lon="37.852237"><ele>166.0</ele><time>2026-06-24T04:42:29Z</time><extensions><gpxtpx:TrackPointExtension><gpxtpx:hr>169</gpxtpx:hr></gpxtpx:TrackPointExtension></extensions></trkpt><trkpt lat="56.02383" lon="37.852297"><ele>166.0</ele><time>2026-06-24T04:42:30Z</time><extensions><gpxtpx:TrackPointExtension><gpxtpx:hr>170</gpxtpx:hr></gpxtpx:TrackPointExtension></extensions></trkpt><trkpt lat="56.023815" lon="37.852365"><ele>166.0</ele><time>2026-06-24T04:42:31Z</time><extensions><gpxtpx:TrackPointExtension><gpxtpx:hr>169</gpxtpx:hr></gpxtpx:TrackPointExtension></extensions></trkpt><trkpt lat="56.023812" lon="37.852437"><ele>166.2</ele><time>2026-06-24T04:42:32Z</time><extensions><gpxtpx:TrackPointExtension><gpxtpx:hr>169</gpxtpx:hr></gpxtpx:TrackPointExtension></extensions></trkpt><trkpt lat="56.023817" lon="37.85251"><ele>166.2</ele><time>2026-06-24T04:42:33Z</time><extensions><gpxtpx:TrackPointExtension><gpxtpx:hr>168</gpxtpx:hr></gpxtpx:TrackPointExtension></extensions></trkpt><trkpt lat="56.023827" lon="37.85258"><ele>166.2</ele><time>2026-06-24T04:42:34Z</time><extensions><gpxtpx:TrackPointExtension><gpxtpx:hr>167</gpxtpx:hr></gpxtpx:TrackPointExtension></extensions></trkpt><trkpt lat="56.023847" lon="37.85264"><ele>166.4</ele><time>2026-06-24T04:42:35Z</time><extensions><gpxtpx:TrackPointExtension><gpxtpx:hr>168</gpxtpx:hr></gpxtpx:TrackPointExtension></extensions></trkpt><trkpt lat="56.023875" lon="37.852692"><ele>166.4</ele><time>2026-06-24T04:42:36Z</time><extensions><gpxtpx:TrackPointExtension><gpxtpx:hr>168</gpxtpx:hr></gpxtpx:TrackPointExtension></extensions></trkpt><trkpt lat="56.023907" lon="37.852732"><ele>166.2</ele><time>2026-06-24T04:42:37Z</time><extensions><gpxtpx:TrackPointExtension><gpxtpx:hr>167</gpxtpx:hr></gpxtpx:TrackPointExtension></extensions></trkpt><trkpt lat="56.023942" lon="37.852762"><ele>166.2</ele><time>2026-06-24T04:42:38Z</time><extensions><gpxtpx:TrackPointExtension><gpxtpx:hr>167</gpxtpx:hr></gpxtpx:TrackPointExtension></extensions></trkpt><trkpt lat="56.023982" lon="37.852777"><ele>166.2</ele><time>2026-06-24T04:42:39Z</time><extensions><gpxtpx:TrackPointExtension><gpxtpx:hr>169</gpxtpx:hr></gpxtpx:TrackPointExtension></extensions></trkpt><trkpt lat="56.024022" lon="37.852787"><ele>166.2</ele><time>2026-06-24T04:42:40Z</time><extensions><gpxtpx:TrackPointExtension><gpxtpx:hr>170</gpxtpx:hr></gpxtpx:TrackPointExtension></extensions></trkpt><trkpt lat="56.024062" lon="37.852792"><ele>166.0</ele><time>2026-06-24T04:42:41Z</time><extensions><gpxtpx:TrackPointExtension><gpxtpx:hr>169</gpxtpx:hr></gpxtpx:TrackPointExtension></extensions></trkpt><trkpt lat="56.0241" lon="37.852787"><ele>165.8</ele><time>2026-06-24T04:42:42Z</time><extensions><gpxtpx:TrackPointExtension><gpxtpx:hr>169</gpxtpx:hr></gpxtpx:TrackPointExtension></extensions></trkpt><trkpt lat="56.024137" lon="37.852782"><ele>165.8</ele><time>2026-06-24T04:42:43Z</time><extensions><gpxtpx:TrackPointExtension><gpxtpx:hr>169</gpxtpx:hr></gpxtpx:TrackPointExtension></extensions></trkpt><trkpt lat="56.024175" lon="37.852777"><ele>166.0</ele><time>2026-06-24T04:42:44Z</time><extensions><gpxtpx:TrackPointExtension><gpxtpx:hr>168</gpxtpx:hr></gpxtpx:TrackPointExtension></extensions></trkpt><trkpt lat="56.024212" lon="37.852772"><ele>166.0</ele><time>2026-06-24T04:42:45Z</time><extensions><gpxtpx:TrackPointExtension><gpxtpx:hr>169</gpxtpx:hr></gpxtpx:TrackPointExtension></extensions></trkpt><trkpt lat="56.024247" lon="37.852767"><ele>166.0</ele><time>2026-06-24T04:42:46Z</time><extensions><gpxtpx:TrackPointExtension><gpxtpx:hr>168</gpxtpx:hr></gpxtpx:TrackPointExtension></extensions></trkpt><trkpt lat="56.024282" lon="37.852762"><ele>165.8</ele><time>2026-06-24T04:42:47Z</time><extensions><gpxtpx:TrackPointExtension><gpxtpx:hr>168</gpxtpx:hr></gpxtpx:TrackPointExtension></extensions></trkpt><trkpt lat="56.024317" lon="37.852757"><ele>166.0</ele><time>2026-06-24T04:42:48Z</time><extensions><gpxtpx:TrackPointExtension><gpxtpx:hr>170</gpxtpx:hr></gpxtpx:TrackPointExtension></extensions></trkpt><trkpt lat="56.024355" lon="37.852755"><ele>166.0</ele><time>2026-06-24T04:42:49Z</time><extensions><gpxtpx:TrackPointExtension><gpxtpx:hr>168</gpxtpx:hr></gpxtpx:TrackPointExtension></extensions></trkpt><trkpt lat="56.024425" lon="37.852742"><ele>166.0</ele><time>2026-06-24T04:42:51Z</time><extensions><gpxtpx:TrackPointExtension><gpxtpx:hr>168</gpxtpx:hr></gpxtpx:TrackPointExtension></extensions></trkpt><trkpt lat="56.02446" lon="37.852717"><ele>165.8</ele><time>2026-06-24T04:42:52Z</time><extensions><gpxtpx:TrackPointExtension><gpxtpx:hr>169</gpxtpx:hr></gpxtpx:TrackPointExtension></extensions></trkpt><trkpt lat="56.024487" lon="37.852687"><ele>165.8</ele><time>2026-06-24T04:42:53Z</time><extensions><gpxtpx:TrackPointExtension><gpxtpx:hr>168</gpxtpx:hr></gpxtpx:TrackPointExtension></extensions></trkpt><trkpt lat="56.024515" lon="37.852642"><ele>165.8</ele><time>2026-06-24T04:42:54Z</time><extensions><gpxtpx:TrackPointExtension><gpxtpx:hr>169</gpxtpx:hr></gpxtpx:TrackPointExtension></extensions></trkpt><trkpt lat="56.024535" lon="37.852592"><ele>165.8</ele><time>2026-06-24T04:42:55Z</time><extensions><gpxtpx:TrackPointExtension><gpxtpx:hr>170</gpxtpx:hr></gpxtpx:TrackPointExtension></extensions></trkpt><trkpt lat="56.024547" lon="37.852532"><ele>165.8</ele><time>2026-06-24T04:42:56Z</time><extensions><gpxtpx:TrackPointExtension><gpxtpx:hr>170</gpxtpx:hr></gpxtpx:TrackPointExtension></extensions></trkpt><trkpt lat="56.024552" lon="37.852472"><ele>165.8</ele><time>2026-06-24T04:42:57Z</time><extensions><gpxtpx:TrackPointExtension><gpxtpx:hr>169</gpxtpx:hr></gpxtpx:TrackPointExtension></extensions></trkpt><trkpt lat="56.024547" lon="37.85241"><ele>165.8</ele><time>2026-06-24T04:42:58Z</time><extensions><gpxtpx:TrackPointExtension><gpxtpx:hr>170</gpxtpx:hr></gpxtpx:TrackPointExtension></extensions></trkpt><trkpt lat="56.02454" lon="37.852352"><ele>166.0</ele><time>2026-06-24T04:42:59Z</time><extensions><gpxtpx:TrackPointExtension><gpxtpx:hr>170</gpxtpx:hr></gpxtpx:TrackPointExtension></extensions></trkpt><trkpt lat="56.024522" lon="37.852302"><ele>166.2</ele><time>2026-06-24T04:43:00Z</time><extensions><gpxtpx:TrackPointExtension><gpxtpx:hr>169</gpxtpx:hr></gpxtpx:TrackPointExtension></extensions></trkpt><trkpt lat="56.024495" lon="37.852257"><ele>166.2</ele><time>2026-06-24T04:43:01Z</time><extensions><gpxtpx:TrackPointExtension><gpxtpx:hr>169</gpxtpx:hr></gpxtpx:TrackPointExtension></extensions></trkpt><trkpt lat="56.024467" lon="37.852222"><ele>166.0</ele><time>2026-06-24T04:43:02Z</time><extensions><gpxtpx:TrackPointExtension><gpxtpx:hr>169</gpxtpx:hr></gpxtpx:TrackPointExtension></extensions></trkpt><trkpt lat="56.024432" lon="37.852197"><ele>166.0</ele><time>2026-06-24T04:43:03Z</time><extensions><gpxtpx:TrackPointExtension><gpxtpx:hr>169</gpxtpx:hr></gpxtpx:TrackPointExtension></extensions></trkpt><trkpt lat="56.024397" lon="37.852182"><ele>166.0</ele><time>2026-06-24T04:43:04Z</time><extensions><gpxtpx:TrackPointExtension><gpxtpx:hr>170</gpxtpx:hr></gpxtpx:TrackPointExtension></extensions></trkpt><trkpt lat="56.024362" lon="37.852177"><ele>166.0</ele><time>2026-06-24T04:43:05Z</time><extensions><gpxtpx:TrackPointExtension><gpxtpx:hr>170</gpxtpx:hr></gpxtpx:TrackPointExtension></extensions></trkpt><trkpt lat="56.02433" lon="37.852172"><ele>166.0</ele><time>2026-06-24T04:43:06Z</time><extensions><gpxtpx:TrackPointExtension><gpxtpx:hr>169</gpxtpx:hr></gpxtpx:TrackPointExtension></extensions></trkpt><trkpt lat="56.024297" lon="37.852172"><ele>166.0</ele><time>2026-06-24T04:43:07Z</time><extensions><gpxtpx:TrackPointExtension><gpxtpx:hr>168</gpxtpx:hr></gpxtpx:TrackPointExtension></extensions></trkpt><trkpt lat="56.024267" lon="37.852172"><ele>166.0</ele><time>2026-06-24T04:43:08Z</time><extensions><gpxtpx:TrackPointExtension><gpxtpx:hr>169</gpxtpx:hr></gpxtpx:TrackPointExtension></extensions></trkpt><trkpt lat="56.02424" lon="37.852177"><ele>166.0</ele><time>2026-06-24T04:43:09Z</time><extensions><gpxtpx:TrackPointExtension><gpxtpx:hr>168</gpxtpx:hr></gpxtpx:TrackPointExtension></extensions></trkpt><trkpt lat="56.024212" lon="37.85218"><ele>166.0</ele><time>2026-06-24T04:43:10Z</time><extensions><gpxtpx:TrackPointExtension><gpxtpx:hr>169</gpxtpx:hr></gpxtpx:TrackPointExtension></extensions></trkpt><trkpt lat="56.02419" lon="37.85218"><ele>165.8</ele><time>2026-06-24T04:43:11Z</time><extensions><gpxtpx:TrackPointExtension><gpxtpx:hr>169</gpxtpx:hr></gpxtpx:TrackPointExtension></extensions></trkpt><trkpt lat="56.024165" lon="37.852185"><ele>165.8</ele><time>2026-06-24T04:43:12Z</time><extensions><gpxtpx:TrackPointExtension><gpxtpx:hr>169</gpxtpx:hr></gpxtpx:TrackPointExtension></extensions></trkpt><trkpt lat="56.024143" lon="37.85219"><ele>165.8</ele><time>2026-06-24T04:43:13Z</time><extensions><gpxtpx:TrackPointExtension><gpxtpx:hr>168</gpxtpx:hr></gpxtpx:TrackPointExtension></extensions></trkpt><trkpt lat="56.024127" lon="37.852192"><ele>165.8</ele><time>2026-06-24T04:43:14Z</time><extensions><gpxtpx:TrackPointExtension><gpxtpx:hr>168</gpxtpx:hr></gpxtpx:TrackPointExtension></extensions></trkpt><trkpt lat="56.024107" lon="37.852195"><ele>165.8</ele><time>2026-06-24T04:43:15Z</time><extensions><gpxtpx:TrackPointExtension><gpxtpx:hr>169</gpxtpx:hr></gpxtpx:TrackPointExtension></extensions></trkpt><trkpt lat="56.024087" lon="37.852192"><ele>165.8</ele><time>2026-06-24T04:43:16Z</time><extensions><gpxtpx:TrackPointExtension><gpxtpx:hr>168</gpxtpx:hr></gpxtpx:TrackPointExtension></extensions></trkpt><trkpt lat="56.024067" lon="37.852192"><ele>165.8</ele><time>2026-06-24T04:43:17Z</time><extensions><gpxtpx:TrackPointExtension><gpxtpx:hr>166</gpxtpx:hr></gpxtpx:TrackPointExtension></extensions></trkpt><trkpt lat="56.024047" lon="37.852195"><ele>165.8</ele><time>2026-06-24T04:43:18Z</time><extensions><gpxtpx:TrackPointExtension><gpxtpx:hr>167</gpxtpx:hr></gpxtpx:TrackPointExtension></extensions></trkpt><trkpt lat="56.024027" lon="37.852195"><ele>165.8</ele><time>2026-06-24T04:43:19Z</time><extensions><gpxtpx:TrackPointExtension><gpxtpx:hr>166</gpxtpx:hr></gpxtpx:TrackPointExtension></extensions></trkpt><trkpt lat="56.024007" lon="37.852195"><ele>165.8</ele><time>2026-06-24T04:43:20Z</time><extensions><gpxtpx:TrackPointExtension><gpxtpx:hr>167</gpxtpx:hr></gpxtpx:TrackPointExtension></extensions></trkpt><trkpt lat="56.023987" lon="37.852192"><ele>165.8</ele><time>2026-06-24T04:43:21Z</time><extensions><gpxtpx:TrackPointExtension><gpxtpx:hr>166</gpxtpx:hr></gpxtpx:TrackPointExtension></extensions></trkpt><trkpt lat="56.023967" lon="37.852197"><ele>165.8</ele><time>2026-06-24T04:43:22Z</time><extensions><gpxtpx:TrackPointExtension><gpxtpx:hr>166</gpxtpx:hr></gpxtpx:TrackPointExtension></extensions></trkpt><trkpt lat="56.023945" lon="37.852202"><ele>165.8</ele><time>2026-06-24T04:43:23Z</time><extensions><gpxtpx:TrackPointExtension><gpxtpx:hr>165</gpxtpx:hr></gpxtpx:TrackPointExtension></extensions></trkpt><trkpt lat="56.023925" lon="37.852217"><ele>165.8</ele><time>2026-06-24T04:43:24Z</time><extensions><gpxtpx:TrackPointExtension><gpxtpx:hr>165</gpxtpx:hr></gpxtpx:TrackPointExtension></extensions></trkpt><trkpt lat="56.023907" lon="37.852232"><ele>165.8</ele><time>2026-06-24T04:43:25Z</time><extensions><gpxtpx:TrackPointExtension><gpxtpx:hr>165</gpxtpx:hr></gpxtpx:TrackPointExtension></extensions></trkpt><trkpt lat="56.023887" lon="37.852245"><ele>165.8</ele><time>2026-06-24T04:43:26Z</time><extensions><gpxtpx:TrackPointExtension><gpxtpx:hr>163</gpxtpx:hr></gpxtpx:TrackPointExtension></extensions></trkpt><trkpt lat="56.02387" lon="37.852267"><ele>165.8</ele><time>2026-06-24T04:43:27Z</time><extensions><gpxtpx:TrackPointExtension><gpxtpx:hr>164</gpxtpx:hr></gpxtpx:TrackPointExtension></extensions></trkpt><trkpt lat="56.023855" lon="37.852293"><ele>165.8</ele><time>2026-06-24T04:43:28Z</time><extensions><gpxtpx:TrackPointExtension><gpxtpx:hr>164</gpxtpx:hr></gpxtpx:TrackPointExtension></extensions></trkpt><trkpt lat="56.023842" lon="37.852327"><ele>165.6</ele><time>2026-06-24T04:43:29Z</time><extensions><gpxtpx:TrackPointExtension><gpxtpx:hr>163</gpxtpx:hr></gpxtpx:TrackPointExtension></extensions></trkpt><trkpt lat="56.023832" lon="37.852362"><ele>165.6</ele><time>2026-06-24T04:43:30Z</time><extensions><gpxtpx:TrackPointExtension><gpxtpx:hr>163</gpxtpx:hr></gpxtpx:TrackPointExtension></extensions></trkpt><trkpt lat="56.023827" lon="37.852402"><ele>165.8</ele><time>2026-06-24T04:43:31Z</time><extensions><gpxtpx:TrackPointExtension><gpxtpx:hr>164</gpxtpx:hr></gpxtpx:TrackPointExtension></extensions></trkpt><trkpt lat="56.023825" lon="37.852442"><ele>165.8</ele><time>2026-06-24T04:43:32Z</time><extensions><gpxtpx:TrackPointExtension><gpxtpx:hr>163</gpxtpx:hr></gpxtpx:TrackPointExtension></extensions></trkpt><trkpt lat="56.023825" lon="37.852487"><ele>165.8</ele><time>2026-06-24T04:43:33Z</time><extensions><gpxtpx:TrackPointExtension><gpxtpx:hr>163</gpxtpx:hr></gpxtpx:TrackPointExtension></extensions></trkpt><trkpt lat="56.023827" lon="37.852522"><ele>165.6</ele><time>2026-06-24T04:43:34Z</time><extensions><gpxtpx:TrackPointExtension><gpxtpx:hr>163</gpxtpx:hr></gpxtpx:TrackPointExtension></extensions></trkpt><trkpt lat="56.023833" lon="37.852565"><ele>165.6</ele><time>2026-06-24T04:43:35Z</time><extensions><gpxtpx:TrackPointExtension><gpxtpx:hr>162</gpxtpx:hr></gpxtpx:TrackPointExtension></extensions></trkpt><trkpt lat="56.023845" lon="37.8526"><ele>165.6</ele><time>2026-06-24T04:43:36Z</time><extensions><gpxtpx:TrackPointExtension><gpxtpx:hr>161</gpxtpx:hr></gpxtpx:TrackPointExtension></extensions></trkpt><trkpt lat="56.023857" lon="37.852632"><ele>165.6</ele><time>2026-06-24T04:43:37Z</time><extensions><gpxtpx:TrackPointExtension><gpxtpx:hr>161</gpxtpx:hr></gpxtpx:TrackPointExtension></extensions></trkpt><trkpt lat="56.023872" lon="37.852667"><ele>165.6</ele><time>2026-06-24T04:43:38Z</time><extensions><gpxtpx:TrackPointExtension><gpxtpx:hr>160</gpxtpx:hr></gpxtpx:TrackPointExtension></extensions></trkpt><trkpt lat="56.023887" lon="37.852697"><ele>165.6</ele><time>2026-06-24T04:43:39Z</time><extensions><gpxtpx:TrackPointExtension><gpxtpx:hr>162</gpxtpx:hr></gpxtpx:TrackPointExtension></extensions></trkpt><trkpt lat="56.023905" lon="37.852722"><ele>165.8</ele><time>2026-06-24T04:43:40Z</time><extensions><gpxtpx:TrackPointExtension><gpxtpx:hr>160</gpxtpx:hr></gpxtpx:TrackPointExtension></extensions></trkpt><trkpt lat="56.023922" lon="37.852735"><ele>165.8</ele><time>2026-06-24T04:43:41Z</time><extensions><gpxtpx:TrackPointExtension><gpxtpx:hr>159</gpxtpx:hr></gpxtpx:TrackPointExtension></extensions></trkpt><trkpt lat="56.023945" lon="37.852747"><ele>165.8</ele><time>2026-06-24T04:43:42Z</time><extensions><gpxtpx:TrackPointExtension><gpxtpx:hr>159</gpxtpx:hr></gpxtpx:TrackPointExtension></extensions></trkpt><trkpt lat="56.023965" lon="37.852762"><ele>165.8</ele><time>2026-06-24T04:43:43Z</time><extensions><gpxtpx:TrackPointExtension><gpxtpx:hr>159</gpxtpx:hr></gpxtpx:TrackPointExtension></extensions></trkpt><trkpt lat="56.023985" lon="37.85277"><ele>165.8</ele><time>2026-06-24T04:43:44Z</time><extensions><gpxtpx:TrackPointExtension><gpxtpx:hr>159</gpxtpx:hr></gpxtpx:TrackPointExtension></extensions></trkpt><trkpt lat="56.024007" lon="37.85277"><ele>166.0</ele><time>2026-06-24T04:43:45Z</time><extensions><gpxtpx:TrackPointExtension><gpxtpx:hr>158</gpxtpx:hr></gpxtpx:TrackPointExtension></extensions></trkpt><trkpt lat="56.024027" lon="37.852765"><ele>166.0</ele><time>2026-06-24T04:43:46Z</time><extensions><gpxtpx:TrackPointExtension><gpxtpx:hr>158</gpxtpx:hr></gpxtpx:TrackPointExtension></extensions></trkpt><trkpt lat="56.02405" lon="37.85276"><ele>165.8</ele><time>2026-06-24T04:43:47Z</time><extensions><gpxtpx:TrackPointExtension><gpxtpx:hr>157</gpxtpx:hr></gpxtpx:TrackPointExtension></extensions></trkpt><trkpt lat="56.024072" lon="37.85276"><ele>165.8</ele><time>2026-06-24T04:43:48Z</time><extensions><gpxtpx:TrackPointExtension><gpxtpx:hr>158</gpxtpx:hr></gpxtpx:TrackPointExtension></extensions></trkpt><trkpt lat="56.024095" lon="37.852762"><ele>165.8</ele><time>2026-06-24T04:43:49Z</time><extensions><gpxtpx:TrackPointExtension><gpxtpx:hr>158</gpxtpx:hr></gpxtpx:TrackPointExtension></extensions></trkpt><trkpt lat="56.024115" lon="37.852767"><ele>165.8</ele><time>2026-06-24T04:43:50Z</time><extensions><gpxtpx:TrackPointExtension><gpxtpx:hr>157</gpxtpx:hr></gpxtpx:TrackPointExtension></extensions></trkpt><trkpt lat="56.024135" lon="37.852772"><ele>165.8</ele><time>2026-06-24T04:43:51Z</time><extensions><gpxtpx:TrackPointExtension><gpxtpx:hr>158</gpxtpx:hr></gpxtpx:TrackPointExtension></extensions></trkpt><trkpt lat="56.024157" lon="37.852777"><ele>165.8</ele><time>2026-06-24T04:43:52Z</time><extensions><gpxtpx:TrackPointExtension><gpxtpx:hr>158</gpxtpx:hr></gpxtpx:TrackPointExtension></extensions></trkpt><trkpt lat="56.024177" lon="37.852777"><ele>165.8</ele><time>2026-06-24T04:43:53Z</time><extensions><gpxtpx:TrackPointExtension><gpxtpx:hr>157</gpxtpx:hr></gpxtpx:TrackPointExtension></extensions></trkpt><trkpt lat="56.024197" lon="37.852777"><ele>165.8</ele><time>2026-06-24T04:43:54Z</time><extensions><gpxtpx:TrackPointExtension><gpxtpx:hr>158</gpxtpx:hr></gpxtpx:TrackPointExtension></extensions></trkpt><trkpt lat="56.024217" lon="37.852782"><ele>165.8</ele><time>2026-06-24T04:43:55Z</time><extensions><gpxtpx:TrackPointExtension><gpxtpx:hr>158</gpxtpx:hr></gpxtpx:TrackPointExtension></extensions></trkpt><trkpt lat="56.024237" lon="37.852787"><ele>165.8</ele><time>2026-06-24T04:43:56Z</time><extensions><gpxtpx:TrackPointExtension><gpxtpx:hr>157</gpxtpx:hr></gpxtpx:TrackPointExtension></extensions></trkpt><trkpt lat="56.024257" lon="37.852792"><ele>165.8</ele><time>2026-06-24T04:43:57Z</time><extensions><gpxtpx:TrackPointExtension><gpxtpx:hr>157</gpxtpx:hr></gpxtpx:TrackPointExtension></extensions></trkpt><trkpt lat="56.024277" lon="37.852795"><ele>165.8</ele><time>2026-06-24T04:43:58Z</time><extensions><gpxtpx:TrackPointExtension><gpxtpx:hr>157</gpxtpx:hr></gpxtpx:TrackPointExtension></extensions></trkpt><trkpt lat="56.024297" lon="37.8528"><ele>165.8</ele><time>2026-06-24T04:43:59Z</time><extensions><gpxtpx:TrackPointExtension><gpxtpx:hr>156</gpxtpx:hr></gpxtpx:TrackPointExtension></extensions></trkpt><trkpt lat="56.024317" lon="37.852802"><ele>165.8</ele><time>2026-06-24T04:44:00Z</time><extensions><gpxtpx:TrackPointExtension><gpxtpx:hr>156</gpxtpx:hr></gpxtpx:TrackPointExtension></extensions></trkpt><trkpt lat="56.024337" lon="37.8528"><ele>165.8</ele><time>2026-06-24T04:44:01Z</time><extensions><gpxtpx:TrackPointExtension><gpxtpx:hr>155</gpxtpx:hr></gpxtpx:TrackPointExtension></extensions></trkpt><trkpt lat="56.024377" lon="37.852797"><ele>165.8</ele><time>2026-06-24T04:44:03Z</time><extensions><gpxtpx:TrackPointExtension><gpxtpx:hr>155</gpxtpx:hr></gpxtpx:TrackPointExtension></extensions></trkpt><trkpt lat="56.0244" lon="37.852792"><ele>165.8</ele><time>2026-06-24T04:44:04Z</time><extensions><gpxtpx:TrackPointExtension><gpxtpx:hr>155</gpxtpx:hr></gpxtpx:TrackPointExtension></extensions></trkpt><trkpt lat="56.024422" lon="37.852787"><ele>165.8</ele><time>2026-06-24T04:44:05Z</time><extensions><gpxtpx:TrackPointExtension><gpxtpx:hr>153</gpxtpx:hr></gpxtpx:TrackPointExtension></extensions></trkpt><trkpt lat="56.024442" lon="37.852777"><ele>165.8</ele><time>2026-06-24T04:44:06Z</time><extensions><gpxtpx:TrackPointExtension><gpxtpx:hr>153</gpxtpx:hr></gpxtpx:TrackPointExtension></extensions></trkpt><trkpt lat="56.024465" lon="37.852762"><ele>165.8</ele><time>2026-06-24T04:44:07Z</time><extensions><gpxtpx:TrackPointExtension><gpxtpx:hr>154</gpxtpx:hr></gpxtpx:TrackPointExtension></extensions></trkpt><trkpt lat="56.024487" lon="37.852742"><ele>165.8</ele><time>2026-06-24T04:44:08Z</time><extensions><gpxtpx:TrackPointExtension><gpxtpx:hr>154</gpxtpx:hr></gpxtpx:TrackPointExtension></extensions></trkpt><trkpt lat="56.02452" lon="37.852692"><ele>165.8</ele><time>2026-06-24T04:44:10Z</time><extensions><gpxtpx:TrackPointExtension><gpxtpx:hr>153</gpxtpx:hr></gpxtpx:TrackPointExtension></extensions></trkpt><trkpt lat="56.024537" lon="37.85266"><ele>165.8</ele><time>2026-06-24T04:44:11Z</time><extensions><gpxtpx:TrackPointExtension><gpxtpx:hr>154</gpxtpx:hr></gpxtpx:TrackPointExtension></extensions></trkpt><trkpt lat="56.024555" lon="37.852625"><ele>165.8</ele><time>2026-06-24T04:44:12Z</time><extensions><gpxtpx:TrackPointExtension><gpxtpx:hr>154</gpxtpx:hr></gpxtpx:TrackPointExtension></extensions></trkpt><trkpt lat="56.024565" lon="37.852587"><ele>165.6</ele><time>2026-06-24T04:44:13Z</time><extensions><gpxtpx:TrackPointExtension><gpxtpx:hr>153</gpxtpx:hr></gpxtpx:TrackPointExtension></extensions></trkpt><trkpt lat="56.024572" lon="37.852547"><ele>165.6</ele><time>2026-06-24T04:44:14Z</time><extensions><gpxtpx:TrackPointExtension><gpxtpx:hr>153</gpxtpx:hr></gpxtpx:TrackPointExtension></extensions></trkpt><trkpt lat="56.024572" lon="37.852462"><ele>165.6</ele><time>2026-06-24T04:44:16Z</time><extensions><gpxtpx:TrackPointExtension><gpxtpx:hr>152</gpxtpx:hr></gpxtpx:TrackPointExtension></extensions></trkpt><trkpt lat="56.024562" lon="37.852382"><ele>165.4</ele><time>2026-06-24T04:44:18Z</time><extensions><gpxtpx:TrackPointExtension><gpxtpx:hr>151</gpxtpx:hr></gpxtpx:TrackPointExtension></extensions></trkpt><trkpt lat="56.024552" lon="37.85235"><ele>165.6</ele><time>2026-06-24T04:44:19Z</time><extensions><gpxtpx:TrackPointExtension><gpxtpx:hr>152</gpxtpx:hr></gpxtpx:TrackPointExtension></extensions></trkpt><trkpt lat="56.02453" lon="37.85228"><ele>165.8</ele><time>2026-06-24T04:44:21Z</time><extensions><gpxtpx:TrackPointExtension><gpxtpx:hr>149</gpxtpx:hr></gpxtpx:TrackPointExtension></extensions></trkpt><trkpt lat="56.024515" lon="37.852252"><ele>165.6</ele><time>2026-06-24T04:44:22Z</time><extensions><gpxtpx:TrackPointExtension><gpxtpx:hr>149</gpxtpx:hr></gpxtpx:TrackPointExtension></extensions></trkpt><trkpt lat="56.02448" lon="37.852207"><ele>165.6</ele><time>2026-06-24T04:44:24Z</time><extensions><gpxtpx:TrackPointExtension><gpxtpx:hr>150</gpxtpx:hr></gpxtpx:TrackPointExtension></extensions></trkpt><trkpt lat="56.02446" lon="37.852182"><ele>165.6</ele><time>2026-06-24T04:44:25Z</time><extensions><gpxtpx:TrackPointExtension><gpxtpx:hr>148</gpxtpx:hr></gpxtpx:TrackPointExtension></extensions></trkpt><trkpt lat="56.024437" lon="37.852165"><ele>165.6</ele><time>2026-06-24T04:44:26Z</time><extensions><gpxtpx:TrackPointExtension><gpxtpx:hr>148</gpxtpx:hr></gpxtpx:TrackPointExtension></extensions></trkpt><trkpt lat="56.024392" lon="37.852147"><ele>165.6</ele><time>2026-06-24T04:44:28Z</time><extensions><gpxtpx:TrackPointExtension><gpxtpx:hr>146</gpxtpx:hr></gpxtpx:TrackPointExtension></extensions></trkpt><trkpt lat="56.024367" lon="37.852147"><ele>165.4</ele><time>2026-06-24T04:44:29Z</time><extensions><gpxtpx:TrackPointExtension><gpxtpx:hr>146</gpxtpx:hr></gpxtpx:TrackPointExtension></extensions></trkpt><trkpt lat="56.024347" lon="37.85215"><ele>165.6</ele><time>2026-06-24T04:44:30Z</time><extensions><gpxtpx:TrackPointExtension><gpxtpx:hr>147</gpxtpx:hr></gpxtpx:TrackPointExtension></extensions></trkpt><trkpt lat="56.024322" lon="37.85215"><ele>165.4</ele><time>2026-06-24T04:44:31Z</time><extensions><gpxtpx:TrackPointExtension><gpxtpx:hr>147</gpxtpx:hr></gpxtpx:TrackPointExtension></extensions></trkpt><trkpt lat="56.024302" lon="37.852152"><ele>165.4</ele><time>2026-06-24T04:44:32Z</time><extensions><gpxtpx:TrackPointExtension><gpxtpx:hr>146</gpxtpx:hr></gpxtpx:TrackPointExtension></extensions></trkpt><trkpt lat="56.024262" lon="37.85215"><ele>165.4</ele><time>2026-06-24T04:44:34Z</time><extensions><gpxtpx:TrackPointExtension><gpxtpx:hr>145</gpxtpx:hr></gpxtpx:TrackPointExtension></extensions></trkpt><trkpt lat="56.02422" lon="37.852152"><ele>165.4</ele><time>2026-06-24T04:44:36Z</time><extensions><gpxtpx:TrackPointExtension><gpxtpx:hr>145</gpxtpx:hr></gpxtpx:TrackPointExtension></extensions></trkpt><trkpt lat="56.024197" lon="37.852152"><ele>165.4</ele><time>2026-06-24T04:44:37Z</time><extensions><gpxtpx:TrackPointExtension><gpxtpx:hr>145</gpxtpx:hr></gpxtpx:TrackPointExtension></extensions></trkpt><trkpt lat="56.024175" lon="37.852152"><ele>165.4</ele><time>2026-06-24T04:44:38Z</time><extensions><gpxtpx:TrackPointExtension><gpxtpx:hr>143</gpxtpx:hr></gpxtpx:TrackPointExtension></extensions></trkpt><trkpt lat="56.024132" lon="37.852152"><ele>165.4</ele><time>2026-06-24T04:44:40Z</time><extensions><gpxtpx:TrackPointExtension><gpxtpx:hr>145</gpxtpx:hr></gpxtpx:TrackPointExtension></extensions></trkpt><trkpt lat="56.024112" lon="37.852155"><ele>165.4</ele><time>2026-06-24T04:44:41Z</time><extensions><gpxtpx:TrackPointExtension><gpxtpx:hr>146</gpxtpx:hr></gpxtpx:TrackPointExtension></extensions></trkpt><trkpt lat="56.02407" lon="37.852157"><ele>165.4</ele><time>2026-06-24T04:44:43Z</time><extensions><gpxtpx:TrackPointExtension><gpxtpx:hr>145</gpxtpx:hr></gpxtpx:TrackPointExtension></extensions></trkpt><trkpt lat="56.024047" lon="37.852157"><ele>165.4</ele><time>2026-06-24T04:44:44Z</time><extensions><gpxtpx:TrackPointExtension><gpxtpx:hr>145</gpxtpx:hr></gpxtpx:TrackPointExtension></extensions></trkpt><trkpt lat="56.024027" lon="37.852155"><ele>165.4</ele><time>2026-06-24T04:44:45Z</time><extensions><gpxtpx:TrackPointExtension><gpxtpx:hr>145</gpxtpx:hr></gpxtpx:TrackPointExtension></extensions></trkpt><trkpt lat="56.024007" lon="37.85215"><ele>165.4</ele><time>2026-06-24T04:44:46Z</time><extensions><gpxtpx:TrackPointExtension><gpxtpx:hr>145</gpxtpx:hr></gpxtpx:TrackPointExtension></extensions></trkpt><trkpt lat="56.02396" lon="37.852147"><ele>165.4</ele><time>2026-06-24T04:44:48Z</time><extensions><gpxtpx:TrackPointExtension><gpxtpx:hr>143</gpxtpx:hr></gpxtpx:TrackPointExtension></extensions></trkpt><trkpt lat="56.023937" lon="37.852152"><ele>165.4</ele><time>2026-06-24T04:44:49Z</time><extensions><gpxtpx:TrackPointExtension><gpxtpx:hr>143</gpxtpx:hr></gpxtpx:TrackPointExtension></extensions></trkpt><trkpt lat="56.023892" lon="37.852175"><ele>165.6</ele><time>2026-06-24T04:44:51Z</time><extensions><gpxtpx:TrackPointExtension><gpxtpx:hr>144</gpxtpx:hr></gpxtpx:TrackPointExtension></extensions></trkpt><trkpt lat="56.02387" lon="37.852192"><ele>165.6</ele><time>2026-06-24T04:44:52Z</time><extensions><gpxtpx:TrackPointExtension><gpxtpx:hr>144</gpxtpx:hr></gpxtpx:TrackPointExtension></extensions></trkpt><trkpt lat="56.02384" lon="37.852247"><ele>165.6</ele><time>2026-06-24T04:44:54Z</time><extensions><gpxtpx:TrackPointExtension><gpxtpx:hr>145</gpxtpx:hr></gpxtpx:TrackPointExtension></extensions></trkpt><trkpt lat="56.023827" lon="37.852275"><ele>165.6</ele><time>2026-06-24T04:44:55Z</time><extensions><gpxtpx:TrackPointExtension><gpxtpx:hr>144</gpxtpx:hr></gpxtpx:TrackPointExtension></extensions></trkpt><trkpt lat="56.023815" lon="37.852315"><ele>165.4</ele><time>2026-06-24T04:44:56Z</time><extensions><gpxtpx:TrackPointExtension><gpxtpx:hr>144</gpxtpx:hr></gpxtpx:TrackPointExtension></extensions></trkpt><trkpt lat="56.023802" lon="37.852392"><ele>165.4</ele><time>2026-06-24T04:44:58Z</time><extensions><gpxtpx:TrackPointExtension><gpxtpx:hr>144</gpxtpx:hr></gpxtpx:TrackPointExtension></extensions></trkpt><trkpt lat="56.023807" lon="37.85248"><ele>165.4</ele><time>2026-06-24T04:45:00Z</time><extensions><gpxtpx:TrackPointExtension><gpxtpx:hr>141</gpxtpx:hr></gpxtpx:TrackPointExtension></extensions></trkpt><trkpt lat="56.023815" lon="37.852522"><ele>165.2</ele><time>2026-06-24T04:45:01Z</time><extensions><gpxtpx:TrackPointExtension><gpxtpx:hr>141</gpxtpx:hr></gpxtpx:TrackPointExtension></extensions></trkpt><trkpt lat="56.023827" lon="37.852552"><ele>165.4</ele><time>2026-06-24T04:45:02Z</time><extensions><gpxtpx:TrackPointExtension><gpxtpx:hr>142</gpxtpx:hr></gpxtpx:TrackPointExtension></extensions></trkpt><trkpt lat="56.023847" lon="37.852622"><ele>165.2</ele><time>2026-06-24T04:45:04Z</time><extensions><gpxtpx:TrackPointExtension><gpxtpx:hr>140</gpxtpx:hr></gpxtpx:TrackPointExtension></extensions></trkpt><trkpt lat="56.02386" lon="37.852655"><ele>165.4</ele><time>2026-06-24T04:45:05Z</time><extensions><gpxtpx:TrackPointExtension><gpxtpx:hr>141</gpxtpx:hr></gpxtpx:TrackPointExtension></extensions></trkpt><trkpt lat="56.023877" lon="37.852687"><ele>165.6</ele><time>2026-06-24T04:45:06Z</time><extensions><gpxtpx:TrackPointExtension><gpxtpx:hr>141</gpxtpx:hr></gpxtpx:TrackPointExtension></extensions></trkpt><trkpt lat="56.023897" lon="37.85271"><ele>165.6</ele><time>2026-06-24T04:45:07Z</time><extensions><gpxtpx:TrackPointExtension><gpxtpx:hr>140</gpxtpx:hr></gpxtpx:TrackPointExtension></extensions></trkpt><trkpt lat="56.023917" lon="37.852727"><ele>165.6</ele><time>2026-06-24T04:45:08Z</time><extensions><gpxtpx:TrackPointExtension><gpxtpx:hr>141</gpxtpx:hr></gpxtpx:TrackPointExtension></extensions></trkpt><trkpt lat="56.023942" lon="37.85274"><ele>165.4</ele><time>2026-06-24T04:45:09Z</time><extensions><gpxtpx:TrackPointExtension><gpxtpx:hr>141</gpxtpx:hr></gpxtpx:TrackPointExtension></extensions></trkpt><trkpt lat="56.023967" lon="37.852747"><ele>165.4</ele><time>2026-06-24T04:45:10Z</time><extensions><gpxtpx:TrackPointExtension><gpxtpx:hr>141</gpxtpx:hr></gpxtpx:TrackPointExtension></extensions></trkpt><trkpt lat="56.023987" lon="37.852747"><ele>165.4</ele><time>2026-06-24T04:45:11Z</time><extensions><gpxtpx:TrackPointExtension><gpxtpx:hr>141</gpxtpx:hr></gpxtpx:TrackPointExtension></extensions></trkpt><trkpt lat="56.024012" lon="37.852747"><ele>165.4</ele><time>2026-06-24T04:45:12Z</time><extensions><gpxtpx:TrackPointExtension><gpxtpx:hr>142</gpxtpx:hr></gpxtpx:TrackPointExtension></extensions></trkpt><trkpt lat="56.024037" lon="37.852752"><ele>165.4</ele><time>2026-06-24T04:45:13Z</time><extensions><gpxtpx:TrackPointExtension><gpxtpx:hr>142</gpxtpx:hr></gpxtpx:TrackPointExtension></extensions></trkpt><trkpt lat="56.024082" lon="37.852752"><ele>165.4</ele><time>2026-06-24T04:45:15Z</time><extensions><gpxtpx:TrackPointExtension><gpxtpx:hr>144</gpxtpx:hr></gpxtpx:TrackPointExtension></extensions></trkpt><trkpt lat="56.024105" lon="37.852757"><ele>165.4</ele><time>2026-06-24T04:45:16Z</time><extensions><gpxtpx:TrackPointExtension><gpxtpx:hr>144</gpxtpx:hr></gpxtpx:TrackPointExtension></extensions></trkpt><trkpt lat="56.02413" lon="37.852757"><ele>165.4</ele><time>2026-06-24T04:45:17Z</time><extensions><gpxtpx:TrackPointExtension><gpxtpx:hr>143</gpxtpx:hr></gpxtpx:TrackPointExtension></extensions></trkpt><trkpt lat="56.024182" lon="37.852757"><ele>165.2</ele><time>2026-06-24T04:45:19Z</time><extensions><gpxtpx:TrackPointExtension><gpxtpx:hr>145</gpxtpx:hr></gpxtpx:TrackPointExtension></extensions></trkpt><trkpt lat="56.02423" lon="37.852752"><ele>165.2</ele><time>2026-06-24T04:45:21Z</time><extensions><gpxtpx:TrackPointExtension><gpxtpx:hr>144</gpxtpx:hr></gpxtpx:TrackPointExtension></extensions></trkpt><trkpt lat="56.024252" lon="37.852752"><ele>165.2</ele><time>2026-06-24T04:45:22Z</time><extensions><gpxtpx:TrackPointExtension><gpxtpx:hr>145</gpxtpx:hr></gpxtpx:TrackPointExtension></extensions></trkpt><trkpt lat="56.024302" lon="37.852752"><ele>165.2</ele><time>2026-06-24T04:45:24Z</time><extensions><gpxtpx:TrackPointExtension><gpxtpx:hr>146</gpxtpx:hr></gpxtpx:TrackPointExtension></extensions></trkpt><trkpt lat="56.024322" lon="37.852757"><ele>165.4</ele><time>2026-06-24T04:45:25Z</time><extensions><gpxtpx:TrackPointExtension><gpxtpx:hr>145</gpxtpx:hr></gpxtpx:TrackPointExtension></extensions></trkpt><trkpt lat="56.024347" lon="37.852755"><ele>165.4</ele><time>2026-06-24T04:45:26Z</time><extensions><gpxtpx:TrackPointExtension><gpxtpx:hr>145</gpxtpx:hr></gpxtpx:TrackPointExtension></extensions></trkpt><trkpt lat="56.024392" lon="37.852757"><ele>165.2</ele><time>2026-06-24T04:45:28Z</time><extensions><gpxtpx:TrackPointExtension><gpxtpx:hr>144</gpxtpx:hr></gpxtpx:TrackPointExtension></extensions></trkpt><trkpt lat="56.024438" lon="37.852745"><ele>165.2</ele><time>2026-06-24T04:45:30Z</time><extensions><gpxtpx:TrackPointExtension><gpxtpx:hr>146</gpxtpx:hr></gpxtpx:TrackPointExtension></extensions></trkpt><trkpt lat="56.024462" lon="37.85273"><ele>165.2</ele><time>2026-06-24T04:45:31Z</time><extensions><gpxtpx:TrackPointExtension><gpxtpx:hr>145</gpxtpx:hr></gpxtpx:TrackPointExtension></extensions></trkpt><trkpt lat="56.024482" lon="37.852707"><ele>165.4</ele><time>2026-06-24T04:45:32Z</time><extensions><gpxtpx:TrackPointExtension><gpxtpx:hr>144</gpxtpx:hr></gpxtpx:TrackPointExtension></extensions></trkpt><trkpt lat="56.024517" lon="37.85265"><ele>165.4</ele><time>2026-06-24T04:45:34Z</time><extensions><gpxtpx:TrackPointExtension><gpxtpx:hr>145</gpxtpx:hr></gpxtpx:TrackPointExtension></extensions></trkpt><trkpt lat="56.024535" lon="37.852612"><ele>165.4</ele><time>2026-06-24T04:45:35Z</time><extensions><gpxtpx:TrackPointExtension><gpxtpx:hr>145</gpxtpx:hr></gpxtpx:TrackPointExtension></extensions></trkpt><trkpt lat="56.024547" lon="37.852572"><ele>165.4</ele><time>2026-06-24T04:45:36Z</time><extensions><gpxtpx:TrackPointExtension><gpxtpx:hr>145</gpxtpx:hr></gpxtpx:TrackPointExtension></extensions></trkpt><trkpt lat="56.024552" lon="37.852532"><ele>165.4</ele><time>2026-06-24T04:45:37Z</time><extensions><gpxtpx:TrackPointExtension><gpxtpx:hr>146</gpxtpx:hr></gpxtpx:TrackPointExtension></extensions></trkpt><trkpt lat="56.024555" lon="37.852445"><ele>165.4</ele><time>2026-06-24T04:45:39Z</time><extensions><gpxtpx:TrackPointExtension><gpxtpx:hr>145</gpxtpx:hr></gpxtpx:TrackPointExtension></extensions></trkpt><trkpt lat="56.02455" lon="37.852405"><ele>165.4</ele><time>2026-06-24T04:45:40Z</time><extensions><gpxtpx:TrackPointExtension><gpxtpx:hr>145</gpxtpx:hr></gpxtpx:TrackPointExtension></extensions></trkpt><trkpt lat="56.024542" lon="37.852362"><ele>165.4</ele><time>2026-06-24T04:45:41Z</time><extensions><gpxtpx:TrackPointExtension><gpxtpx:hr>146</gpxtpx:hr></gpxtpx:TrackPointExtension></extensions></trkpt><trkpt lat="56.024532" lon="37.852322"><ele>165.4</ele><time>2026-06-24T04:45:42Z</time><extensions><gpxtpx:TrackPointExtension><gpxtpx:hr>147</gpxtpx:hr></gpxtpx:TrackPointExtension></extensions></trkpt><trkpt lat="56.024517" lon="37.85229"><ele>165.2</ele><time>2026-06-24T04:45:43Z</time><extensions><gpxtpx:TrackPointExtension><gpxtpx:hr>147</gpxtpx:hr></gpxtpx:TrackPointExtension></extensions></trkpt><trkpt lat="56.024497" lon="37.852257"><ele>165.2</ele><time>2026-06-24T04:45:44Z</time><extensions><gpxtpx:TrackPointExtension><gpxtpx:hr>146</gpxtpx:hr></gpxtpx:TrackPointExtension></extensions></trkpt><trkpt lat="56.02446" lon="37.852207"><ele>165.2</ele><time>2026-06-24T04:45:46Z</time><extensions><gpxtpx:TrackPointExtension><gpxtpx:hr>148</gpxtpx:hr></gpxtpx:TrackPointExtension></extensions></trkpt><trkpt lat="56.024412" lon="37.852165"><ele>165.0</ele><time>2026-06-24T04:45:48Z</time><extensions><gpxtpx:TrackPointExtension><gpxtpx:hr>146</gpxtpx:hr></gpxtpx:TrackPointExtension></extensions></trkpt><trkpt lat="56.02439" lon="37.85216"><ele>165.0</ele><time>2026-06-24T04:45:49Z</time><extensions><gpxtpx:TrackPointExtension><gpxtpx:hr>145</gpxtpx:hr></gpxtpx:TrackPointExtension></extensions></trkpt><trkpt lat="56.024365" lon="37.852162"><ele>165.0</ele><time>2026-06-24T04:45:50Z</time><extensions><gpxtpx:TrackPointExtension><gpxtpx:hr>146</gpxtpx:hr></gpxtpx:TrackPointExtension></extensions></trkpt><trkpt lat="56.024337" lon="37.852167"><ele>165.2</ele><time>2026-06-24T04:45:51Z</time><extensions><gpxtpx:TrackPointExtension><gpxtpx:hr>146</gpxtpx:hr></gpxtpx:TrackPointExtension></extensions></trkpt><trkpt lat="56.024317" lon="37.852167"><ele>165.0</ele><time>2026-06-24T04:45:52Z</time><extensions><gpxtpx:TrackPointExtension><gpxtpx:hr>147</gpxtpx:hr></gpxtpx:TrackPointExtension></extensions></trkpt><trkpt lat="56.024292" lon="37.852167"><ele>165.2</ele><time>2026-06-24T04:45:53Z</time><extensions><gpxtpx:TrackPointExtension><gpxtpx:hr>145</gpxtpx:hr></gpxtpx:TrackPointExtension></extensions></trkpt><trkpt lat="56.024252" lon="37.852172"><ele>165.2</ele><time>2026-06-24T04:45:55Z</time><extensions><gpxtpx:TrackPointExtension><gpxtpx:hr>147</gpxtpx:hr></gpxtpx:TrackPointExtension></extensions></trkpt><trkpt lat="56.024207" lon="37.852167"><ele>165.2</ele><time>2026-06-24T04:45:57Z</time><extensions><gpxtpx:TrackPointExtension><gpxtpx:hr>145</gpxtpx:hr></gpxtpx:TrackPointExtension></extensions></trkpt><trkpt lat="56.024187" lon="37.852167"><ele>165.2</ele><time>2026-06-24T04:45:58Z</time><extensions><gpxtpx:TrackPointExtension><gpxtpx:hr>146</gpxtpx:hr></gpxtpx:TrackPointExtension></extensions></trkpt><trkpt lat="56.024167" lon="37.852167"><ele>165.2</ele><time>2026-06-24T04:45:59Z</time><extensions><gpxtpx:TrackPointExtension><gpxtpx:hr>147</gpxtpx:hr></gpxtpx:TrackPointExtension></extensions></trkpt><trkpt lat="56.024147" lon="37.85217"><ele>165.2</ele><time>2026-06-24T04:46:00Z</time><extensions><gpxtpx:TrackPointExtension><gpxtpx:hr>146</gpxtpx:hr></gpxtpx:TrackPointExtension></extensions></trkpt><trkpt lat="56.024122" lon="37.852172"><ele>165.2</ele><time>2026-06-24T04:46:01Z</time><extensions><gpxtpx:TrackPointExtension><gpxtpx:hr>146</gpxtpx:hr></gpxtpx:TrackPointExtension></extensions></trkpt><trkpt lat="56.024072" lon="37.85217"><ele>165.4</ele><time>2026-06-24T04:46:03Z</time><extensions><gpxtpx:TrackPointExtension><gpxtpx:hr>147</gpxtpx:hr></gpxtpx:TrackPointExtension></extensions></trkpt><trkpt lat="56.024052" lon="37.852167"><ele>165.4</ele><time>2026-06-24T04:46:04Z</time><extensions><gpxtpx:TrackPointExtension><gpxtpx:hr>147</gpxtpx:hr></gpxtpx:TrackPointExtension></extensions></trkpt><trkpt lat="56.024027" lon="37.852167"><ele>165.2</ele><time>2026-06-24T04:46:05Z</time><extensions><gpxtpx:TrackPointExtension><gpxtpx:hr>147</gpxtpx:hr></gpxtpx:TrackPointExtension></extensions></trkpt><trkpt lat="56.023977" lon="37.852167"><ele>165.2</ele><time>2026-06-24T04:46:07Z</time><extensions><gpxtpx:TrackPointExtension><gpxtpx:hr>148</gpxtpx:hr></gpxtpx:TrackPointExtension></extensions></trkpt><trkpt lat="56.02395" lon="37.852167"><ele>165.0</ele><time>2026-06-24T04:46:08Z</time><extensions><gpxtpx:TrackPointExtension><gpxtpx:hr>149</gpxtpx:hr></gpxtpx:TrackPointExtension></extensions></trkpt><trkpt lat="56.023918" lon="37.85218"><ele>165.0</ele><time>2026-06-24T04:46:09Z</time><extensions><gpxtpx:TrackPointExtension><gpxtpx:hr>148</gpxtpx:hr></gpxtpx:TrackPointExtension></extensions></trkpt><trkpt lat="56.023892" lon="37.852202"><ele>165.0</ele><time>2026-06-24T04:46:10Z</time><extensions><gpxtpx:TrackPointExtension><gpxtpx:hr>148</gpxtpx:hr></gpxtpx:TrackPointExtension></extensions></trkpt><trkpt lat="56.023865" lon="37.852235"><ele>165.0</ele><time>2026-06-24T04:46:11Z</time><extensions><gpxtpx:TrackPointExtension><gpxtpx:hr>150</gpxtpx:hr></gpxtpx:TrackPointExtension></extensions></trkpt><trkpt lat="56.023842" lon="37.85228"><ele>165.0</ele><time>2026-06-24T04:46:12Z</time><extensions><gpxtpx:TrackPointExtension><gpxtpx:hr>150</gpxtpx:hr></gpxtpx:TrackPointExtension></extensions></trkpt><trkpt lat="56.023827" lon="37.852335"><ele>165.0</ele><time>2026-06-24T04:46:13Z</time><extensions><gpxtpx:TrackPointExtension><gpxtpx:hr>150</gpxtpx:hr></gpxtpx:TrackPointExtension></extensions></trkpt><trkpt lat="56.023812" lon="37.85246"><ele>165.0</ele><time>2026-06-24T04:46:15Z</time><extensions><gpxtpx:TrackPointExtension><gpxtpx:hr>150</gpxtpx:hr></gpxtpx:TrackPointExtension></extensions></trkpt><trkpt lat="56.023822" lon="37.85253"><ele>165.0</ele><time>2026-06-24T04:46:16Z</time><extensions><gpxtpx:TrackPointExtension><gpxtpx:hr>150</gpxtpx:hr></gpxtpx:TrackPointExtension></extensions></trkpt><trkpt lat="56.023833" lon="37.8526"><ele>165.0</ele><time>2026-06-24T04:46:17Z</time><extensions><gpxtpx:TrackPointExtension><gpxtpx:hr>150</gpxtpx:hr></gpxtpx:TrackPointExtension></extensions></trkpt><trkpt lat="56.023857" lon="37.85266"><ele>165.0</ele><time>2026-06-24T04:46:18Z</time><extensions><gpxtpx:TrackPointExtension><gpxtpx:hr>150</gpxtpx:hr></gpxtpx:TrackPointExtension></extensions></trkpt><trkpt lat="56.023887" lon="37.852712"><ele>165.0</ele><time>2026-06-24T04:46:19Z</time><extensions><gpxtpx:TrackPointExtension><gpxtpx:hr>151</gpxtpx:hr></gpxtpx:TrackPointExtension></extensions></trkpt><trkpt lat="56.023962" lon="37.852772"><ele>165.0</ele><time>2026-06-24T04:46:21Z</time><extensions><gpxtpx:TrackPointExtension><gpxtpx:hr>152</gpxtpx:hr></gpxtpx:TrackPointExtension></extensions></trkpt><trkpt lat="56.023997" lon="37.85278"><ele>165.0</ele><time>2026-06-24T04:46:22Z</time><extensions><gpxtpx:TrackPointExtension><gpxtpx:hr>154</gpxtpx:hr></gpxtpx:TrackPointExtension></extensions></trkpt><trkpt lat="56.024072" lon="37.852782"><ele>165.0</ele><time>2026-06-24T04:46:24Z</time><extensions><gpxtpx:TrackPointExtension><gpxtpx:hr>154</gpxtpx:hr></gpxtpx:TrackPointExtension></extensions></trkpt><trkpt lat="56.024107" lon="37.852777"><ele>165.0</ele><time>2026-06-24T04:46:25Z</time><extensions><gpxtpx:TrackPointExtension><gpxtpx:hr>154</gpxtpx:hr></gpxtpx:TrackPointExtension></extensions></trkpt><trkpt lat="56.024177" lon="37.852772"><ele>164.8</ele><time>2026-06-24T04:46:27Z</time><extensions><gpxtpx:TrackPointExtension><gpxtpx:hr>156</gpxtpx:hr></gpxtpx:TrackPointExtension></extensions></trkpt><trkpt lat="56.024213" lon="37.852772"><ele>164.8</ele><time>2026-06-24T04:46:28Z</time><extensions><gpxtpx:TrackPointExtension><gpxtpx:hr>155</gpxtpx:hr></gpxtpx:TrackPointExtension></extensions></trkpt><trkpt lat="56.02425" lon="37.85277"><ele>164.8</ele><time>2026-06-24T04:46:29Z</time><extensions><gpxtpx:TrackPointExtension><gpxtpx:hr>157</gpxtpx:hr></gpxtpx:TrackPointExtension></extensions></trkpt><trkpt lat="56.024317" lon="37.85277"><ele>165.0</ele><time>2026-06-24T04:46:31Z</time><extensions><gpxtpx:TrackPointExtension><gpxtpx:hr>158</gpxtpx:hr></gpxtpx:TrackPointExtension></extensions></trkpt><trkpt lat="56.024357" lon="37.85277"><ele>165.0</ele><time>2026-06-24T04:46:32Z</time><extensions><gpxtpx:TrackPointExtension><gpxtpx:hr>158</gpxtpx:hr></gpxtpx:TrackPointExtension></extensions></trkpt><trkpt lat="56.024392" lon="37.852767"><ele>165.0</ele><time>2026-06-24T04:46:33Z</time><extensions><gpxtpx:TrackPointExtension><gpxtpx:hr>159</gpxtpx:hr></gpxtpx:TrackPointExtension></extensions></trkpt><trkpt lat="56.024432" lon="37.852755"><ele>165.0</ele><time>2026-06-24T04:46:34Z</time><extensions><gpxtpx:TrackPointExtension><gpxtpx:hr>160</gpxtpx:hr></gpxtpx:TrackPointExtension></extensions></trkpt><trkpt lat="56.0245" lon="37.852697"><ele>165.0</ele><time>2026-06-24T04:46:36Z</time><extensions><gpxtpx:TrackPointExtension><gpxtpx:hr>159</gpxtpx:hr></gpxtpx:TrackPointExtension></extensions></trkpt><trkpt lat="56.024527" lon="37.85265"><ele>165.0</ele><time>2026-06-24T04:46:37Z</time><extensions><gpxtpx:TrackPointExtension><gpxtpx:hr>159</gpxtpx:hr></gpxtpx:TrackPointExtension></extensions></trkpt><trkpt lat="56.024545" lon="37.852592"><ele>165.0</ele><time>2026-06-24T04:46:38Z</time><extensions><gpxtpx:TrackPointExtension><gpxtpx:hr>159</gpxtpx:hr></gpxtpx:TrackPointExtension></extensions></trkpt><trkpt lat="56.024557" lon="37.85253"><ele>165.0</ele><time>2026-06-24T04:46:39Z</time><extensions><gpxtpx:TrackPointExtension><gpxtpx:hr>160</gpxtpx:hr></gpxtpx:TrackPointExtension></extensions></trkpt><trkpt lat="56.024562" lon="37.852462"><ele>165.0</ele><time>2026-06-24T04:46:40Z</time><extensions><gpxtpx:TrackPointExtension><gpxtpx:hr>159</gpxtpx:hr></gpxtpx:TrackPointExtension></extensions></trkpt><trkpt lat="56.024562" lon="37.852392"><ele>165.0</ele><time>2026-06-24T04:46:41Z</time><extensions><gpxtpx:TrackPointExtension><gpxtpx:hr>160</gpxtpx:hr></gpxtpx:TrackPointExtension></extensions></trkpt><trkpt lat="56.02455" lon="37.852327"><ele>164.8</ele><time>2026-06-24T04:46:42Z</time><extensions><gpxtpx:TrackPointExtension><gpxtpx:hr>162</gpxtpx:hr></gpxtpx:TrackPointExtension></extensions></trkpt><trkpt lat="56.024527" lon="37.85227"><ele>164.8</ele><time>2026-06-24T04:46:43Z</time><extensions><gpxtpx:TrackPointExtension><gpxtpx:hr>164</gpxtpx:hr></gpxtpx:TrackPointExtension></extensions></trkpt><trkpt lat="56.0245" lon="37.852222"><ele>164.8</ele><time>2026-06-24T04:46:44Z</time><extensions><gpxtpx:TrackPointExtension><gpxtpx:hr>164</gpxtpx:hr></gpxtpx:TrackPointExtension></extensions></trkpt><trkpt lat="56.024467" lon="37.852182"><ele>165.0</ele><time>2026-06-24T04:46:45Z</time><extensions><gpxtpx:TrackPointExtension><gpxtpx:hr>164</gpxtpx:hr></gpxtpx:TrackPointExtension></extensions></trkpt><trkpt lat="56.024432" lon="37.852157"><ele>165.0</ele><time>2026-06-24T04:46:46Z</time><extensions><gpxtpx:TrackPointExtension><gpxtpx:hr>163</gpxtpx:hr></gpxtpx:TrackPointExtension></extensions></trkpt><trkpt lat="56.024395" lon="37.852147"><ele>165.0</ele><time>2026-06-24T04:46:47Z</time><extensions><gpxtpx:TrackPointExtension><gpxtpx:hr>164</gpxtpx:hr></gpxtpx:TrackPointExtension></extensions></trkpt><trkpt lat="56.024355" lon="37.852142"><ele>165.2</ele><time>2026-06-24T04:46:48Z</time><extensions><gpxtpx:TrackPointExtension><gpxtpx:hr>164</gpxtpx:hr></gpxtpx:TrackPointExtension></extensions></trkpt><trkpt lat="56.024317" lon="37.852137"><ele>165.2</ele><time>2026-06-24T04:46:49Z</time><extensions><gpxtpx:TrackPointExtension><gpxtpx:hr>164</gpxtpx:hr></gpxtpx:TrackPointExtension></extensions></trkpt><trkpt lat="56.02428" lon="37.852135"><ele>165.4</ele><time>2026-06-24T04:46:50Z</time><extensions><gpxtpx:TrackPointExtension><gpxtpx:hr>165</gpxtpx:hr></gpxtpx:TrackPointExtension></extensions></trkpt><trkpt lat="56.02424" lon="37.852142"><ele>165.4</ele><time>2026-06-24T04:46:51Z</time><extensions><gpxtpx:TrackPointExtension><gpxtpx:hr>164</gpxtpx:hr></gpxtpx:TrackPointExtension></extensions></trkpt><trkpt lat="56.0242" lon="37.852145"><ele>165.4</ele><time>2026-06-24T04:46:52Z</time><extensions><gpxtpx:TrackPointExtension><gpxtpx:hr>164</gpxtpx:hr></gpxtpx:TrackPointExtension></extensions></trkpt><trkpt lat="56.024162" lon="37.852145"><ele>165.2</ele><time>2026-06-24T04:46:53Z</time><extensions><gpxtpx:TrackPointExtension><gpxtpx:hr>165</gpxtpx:hr></gpxtpx:TrackPointExtension></extensions></trkpt><trkpt lat="56.024122" lon="37.852147"><ele>165.2</ele><time>2026-06-24T04:46:54Z</time><extensions><gpxtpx:TrackPointExtension><gpxtpx:hr>165</gpxtpx:hr></gpxtpx:TrackPointExtension></extensions></trkpt><trkpt lat="56.024085" lon="37.852152"><ele>165.2</ele><time>2026-06-24T04:46:55Z</time><extensions><gpxtpx:TrackPointExtension><gpxtpx:hr>165</gpxtpx:hr></gpxtpx:TrackPointExtension></extensions></trkpt><trkpt lat="56.024047" lon="37.852157"><ele>165.2</ele><time>2026-06-24T04:46:56Z</time><extensions><gpxtpx:TrackPointExtension><gpxtpx:hr>166</gpxtpx:hr></gpxtpx:TrackPointExtension></extensions></trkpt><trkpt lat="56.024007" lon="37.852157"><ele>165.2</ele><time>2026-06-24T04:46:57Z</time><extensions><gpxtpx:TrackPointExtension><gpxtpx:hr>167</gpxtpx:hr></gpxtpx:TrackPointExtension></extensions></trkpt><trkpt lat="56.023967" lon="37.852167"><ele>165.2</ele><time>2026-06-24T04:46:58Z</time><extensions><gpxtpx:TrackPointExtension><gpxtpx:hr>166</gpxtpx:hr></gpxtpx:TrackPointExtension></extensions></trkpt><trkpt lat="56.023927" lon="37.85218"><ele>165.2</ele><time>2026-06-24T04:46:59Z</time><extensions><gpxtpx:TrackPointExtension><gpxtpx:hr>166</gpxtpx:hr></gpxtpx:TrackPointExtension></extensions></trkpt><trkpt lat="56.023892" lon="37.8522"><ele>165.2</ele><time>2026-06-24T04:47:00Z</time><extensions><gpxtpx:TrackPointExtension><gpxtpx:hr>166</gpxtpx:hr></gpxtpx:TrackPointExtension></extensions></trkpt><trkpt lat="56.023857" lon="37.852237"><ele>165.2</ele><time>2026-06-24T04:47:01Z</time><extensions><gpxtpx:TrackPointExtension><gpxtpx:hr>165</gpxtpx:hr></gpxtpx:TrackPointExtension></extensions></trkpt><trkpt lat="56.023815" lon="37.852337"><ele>165.2</ele><time>2026-06-24T04:47:03Z</time><extensions><gpxtpx:TrackPointExtension><gpxtpx:hr>167</gpxtpx:hr></gpxtpx:TrackPointExtension></extensions></trkpt><trkpt lat="56.023802" lon="37.852402"><ele>165.2</ele><time>2026-06-24T04:47:04Z</time><extensions><gpxtpx:TrackPointExtension><gpxtpx:hr>167</gpxtpx:hr></gpxtpx:TrackPointExtension></extensions></trkpt><trkpt lat="56.0238" lon="37.852552"><ele>165.4</ele><time>2026-06-24T04:47:06Z</time><extensions><gpxtpx:TrackPointExtension><gpxtpx:hr>167</gpxtpx:hr></gpxtpx:TrackPointExtension></extensions></trkpt><trkpt lat="56.02381" lon="37.852625"><ele>165.4</ele><time>2026-06-24T04:47:07Z</time><extensions><gpxtpx:TrackPointExtension><gpxtpx:hr>166</gpxtpx:hr></gpxtpx:TrackPointExtension></extensions></trkpt><trkpt lat="56.023855" lon="37.852732"><ele>165.4</ele><time>2026-06-24T04:47:09Z</time><extensions><gpxtpx:TrackPointExtension><gpxtpx:hr>168</gpxtpx:hr></gpxtpx:TrackPointExtension></extensions></trkpt><trkpt lat="56.023887" lon="37.852762"><ele>165.4</ele><time>2026-06-24T04:47:10Z</time><extensions><gpxtpx:TrackPointExtension><gpxtpx:hr>166</gpxtpx:hr></gpxtpx:TrackPointExtension></extensions></trkpt><trkpt lat="56.023952" lon="37.852822"><ele>165.4</ele><time>2026-06-24T04:47:12Z</time><extensions><gpxtpx:TrackPointExtension><gpxtpx:hr>169</gpxtpx:hr></gpxtpx:TrackPointExtension></extensions></trkpt><trkpt lat="56.023988" lon="37.852837"><ele>165.4</ele><time>2026-06-24T04:47:13Z</time><extensions><gpxtpx:TrackPointExtension><gpxtpx:hr>168</gpxtpx:hr></gpxtpx:TrackPointExtension></extensions></trkpt><trkpt lat="56.024032" lon="37.852837"><ele>165.4</ele><time>2026-06-24T04:47:14Z</time><extensions><gpxtpx:TrackPointExtension><gpxtpx:hr>169</gpxtpx:hr></gpxtpx:TrackPointExtension></extensions></trkpt><trkpt lat="56.02407" lon="37.852828"><ele>165.4</ele><time>2026-06-24T04:47:15Z</time><extensions><gpxtpx:TrackPointExtension><gpxtpx:hr>168</gpxtpx:hr></gpxtpx:TrackPointExtension></extensions></trkpt><trkpt lat="56.024107" lon="37.852825"><ele>165.2</ele><time>2026-06-24T04:47:16Z</time><extensions><gpxtpx:TrackPointExtension><gpxtpx:hr>167</gpxtpx:hr></gpxtpx:TrackPointExtension></extensions></trkpt><trkpt lat="56.024147" lon="37.852817"><ele>165.4</ele><time>2026-06-24T04:47:17Z</time><extensions><gpxtpx:TrackPointExtension><gpxtpx:hr>169</gpxtpx:hr></gpxtpx:TrackPointExtension></extensions></trkpt><trkpt lat="56.02422" lon="37.852807"><ele>165.4</ele><time>2026-06-24T04:47:19Z</time><extensions><gpxtpx:TrackPointExtension><gpxtpx:hr>168</gpxtpx:hr></gpxtpx:TrackPointExtension></extensions></trkpt><trkpt lat="56.024257" lon="37.852802"><ele>165.2</ele><time>2026-06-24T04:47:20Z</time><extensions><gpxtpx:TrackPointExtension><gpxtpx:hr>167</gpxtpx:hr></gpxtpx:TrackPointExtension></extensions></trkpt><trkpt lat="56.024297" lon="37.852797"><ele>165.4</ele><time>2026-06-24T04:47:21Z</time><extensions><gpxtpx:TrackPointExtension><gpxtpx:hr>168</gpxtpx:hr></gpxtpx:TrackPointExtension></extensions></trkpt><trkpt lat="56.024332" lon="37.852792"><ele>165.4</ele><time>2026-06-24T04:47:22Z</time><extensions><gpxtpx:TrackPointExtension><gpxtpx:hr>168</gpxtpx:hr></gpxtpx:TrackPointExtension></extensions></trkpt><trkpt lat="56.024367" lon="37.85279"><ele>165.4</ele><time>2026-06-24T04:47:23Z</time><extensions><gpxtpx:TrackPointExtension><gpxtpx:hr>168</gpxtpx:hr></gpxtpx:TrackPointExtension></extensions></trkpt><trkpt lat="56.024402" lon="37.852785"><ele>165.4</ele><time>2026-06-24T04:47:24Z</time><extensions><gpxtpx:TrackPointExtension><gpxtpx:hr>167</gpxtpx:hr></gpxtpx:TrackPointExtension></extensions></trkpt><trkpt lat="56.024437" lon="37.85277"><ele>165.2</ele><time>2026-06-24T04:47:25Z</time><extensions><gpxtpx:TrackPointExtension><gpxtpx:hr>167</gpxtpx:hr></gpxtpx:TrackPointExtension></extensions></trkpt><trkpt lat="56.024467" lon="37.852742"><ele>165.2</ele><time>2026-06-24T04:47:26Z</time><extensions><gpxtpx:TrackPointExtension><gpxtpx:hr>167</gpxtpx:hr></gpxtpx:TrackPointExtension></extensions></trkpt><trkpt lat="56.024495" lon="37.852702"><ele>165.2</ele><time>2026-06-24T04:47:27Z</time><extensions><gpxtpx:TrackPointExtension><gpxtpx:hr>168</gpxtpx:hr></gpxtpx:TrackPointExtension></extensions></trkpt><trkpt lat="56.02452" lon="37.852657"><ele>165.4</ele><time>2026-06-24T04:47:28Z</time><extensions><gpxtpx:TrackPointExtension><gpxtpx:hr>168</gpxtpx:hr></gpxtpx:TrackPointExtension></extensions></trkpt><trkpt lat="56.02454" lon="37.852607"><ele>165.4</ele><time>2026-06-24T04:47:29Z</time><extensions><gpxtpx:TrackPointExtension><gpxtpx:hr>169</gpxtpx:hr></gpxtpx:TrackPointExtension></extensions></trkpt><trkpt lat="56.024557" lon="37.852545"><ele>165.2</ele><time>2026-06-24T04:47:30Z</time><extensions><gpxtpx:TrackPointExtension><gpxtpx:hr>168</gpxtpx:hr></gpxtpx:TrackPointExtension></extensions></trkpt><trkpt lat="56.024565" lon="37.852482"><ele>165.0</ele><time>2026-06-24T04:47:31Z</time><extensions><gpxtpx:TrackPointExtension><gpxtpx:hr>169</gpxtpx:hr></gpxtpx:TrackPointExtension></extensions></trkpt><trkpt lat="56.024562" lon="37.852412"><ele>165.0</ele><time>2026-06-24T04:47:32Z</time><extensions><gpxtpx:TrackPointExtension><gpxtpx:hr>170</gpxtpx:hr></gpxtpx:TrackPointExtension></extensions></trkpt><trkpt lat="56.024552" lon="37.85235"><ele>165.0</ele><time>2026-06-24T04:47:33Z</time><extensions><gpxtpx:TrackPointExtension><gpxtpx:hr>171</gpxtpx:hr></gpxtpx:TrackPointExtension></extensions></trkpt><trkpt lat="56.024537" lon="37.852292"><ele>165.0</ele><time>2026-06-24T04:47:34Z</time><extensions><gpxtpx:TrackPointExtension><gpxtpx:hr>171</gpxtpx:hr></gpxtpx:TrackPointExtension></extensions></trkpt><trkpt lat="56.024485" lon="37.852197"><ele>165.0</ele><time>2026-06-24T04:47:36Z</time><extensions><gpxtpx:TrackPointExtension><gpxtpx:hr>170</gpxtpx:hr></gpxtpx:TrackPointExtension></extensions></trkpt><trkpt lat="56.024452" lon="37.85216"><ele>165.0</ele><time>2026-06-24T04:47:37Z</time><extensions><gpxtpx:TrackPointExtension><gpxtpx:hr>170</gpxtpx:hr></gpxtpx:TrackPointExtension></extensions></trkpt><trkpt lat="56.02438" lon="37.852127"><ele>165.2</ele><time>2026-06-24T04:47:39Z</time><extensions><gpxtpx:TrackPointExtension><gpxtpx:hr>170</gpxtpx:hr></gpxtpx:TrackPointExtension></extensions></trkpt><trkpt lat="56.024342" lon="37.852122"><ele>165.2</ele><time>2026-06-24T04:47:40Z</time><extensions><gpxtpx:TrackPointExtension><gpxtpx:hr>169</gpxtpx:hr></gpxtpx:TrackPointExtension></extensions></trkpt><trkpt lat="56.024267" lon="37.85213"><ele>165.2</ele><time>2026-06-24T04:47:42Z</time><extensions><gpxtpx:TrackPointExtension><gpxtpx:hr>168</gpxtpx:hr></gpxtpx:TrackPointExtension></extensions></trkpt><trkpt lat="56.024227" lon="37.85213"><ele>165.0</ele><time>2026-06-24T04:47:43Z</time><extensions><gpxtpx:TrackPointExtension><gpxtpx:hr>168</gpxtpx:hr></gpxtpx:TrackPointExtension></extensions></trkpt><trkpt lat="56.02419" lon="37.852132"><ele>165.0</ele><time>2026-06-24T04:47:44Z</time><extensions><gpxtpx:TrackPointExtension><gpxtpx:hr>171</gpxtpx:hr></gpxtpx:TrackPointExtension></extensions></trkpt><trkpt lat="56.024115" lon="37.85214"><ele>165.0</ele><time>2026-06-24T04:47:46Z</time><extensions><gpxtpx:TrackPointExtension><gpxtpx:hr>170</gpxtpx:hr></gpxtpx:TrackPointExtension></extensions></trkpt><trkpt lat="56.024042" lon="37.852145"><ele>165.0</ele><time>2026-06-24T04:47:48Z</time><extensions><gpxtpx:TrackPointExtension><gpxtpx:hr>170</gpxtpx:hr></gpxtpx:TrackPointExtension></extensions></trkpt><trkpt lat="56.024007" lon="37.852145"><ele>165.0</ele><time>2026-06-24T04:47:49Z</time><extensions><gpxtpx:TrackPointExtension><gpxtpx:hr>170</gpxtpx:hr></gpxtpx:TrackPointExtension></extensions></trkpt><trkpt lat="56.023935" lon="37.852147"><ele>165.0</ele><time>2026-06-24T04:47:51Z</time><extensions><gpxtpx:TrackPointExtension><gpxtpx:hr>170</gpxtpx:hr></gpxtpx:TrackPointExtension></extensions></trkpt><trkpt lat="56.023897" lon="37.852162"><ele>165.0</ele><time>2026-06-24T04:47:52Z</time><extensions><gpxtpx:TrackPointExtension><gpxtpx:hr>171</gpxtpx:hr></gpxtpx:TrackPointExtension></extensions></trkpt><trkpt lat="56.023832" lon="37.852232"><ele>165.0</ele><time>2026-06-24T04:47:54Z</time><extensions><gpxtpx:TrackPointExtension><gpxtpx:hr>170</gpxtpx:hr></gpxtpx:TrackPointExtension></extensions></trkpt><trkpt lat="56.023807" lon="37.852282"><ele>165.0</ele><time>2026-06-24T04:47:55Z</time><extensions><gpxtpx:TrackPointExtension><gpxtpx:hr>170</gpxtpx:hr></gpxtpx:TrackPointExtension></extensions></trkpt><trkpt lat="56.023792" lon="37.852342"><ele>165.0</ele><time>2026-06-24T04:47:56Z</time><extensions><gpxtpx:TrackPointExtension><gpxtpx:hr>171</gpxtpx:hr></gpxtpx:TrackPointExtension></extensions></trkpt><trkpt lat="56.023785" lon="37.852412"><ele>165.0</ele><time>2026-06-24T04:47:57Z</time><extensions><gpxtpx:TrackPointExtension><gpxtpx:hr>172</gpxtpx:hr></gpxtpx:TrackPointExtension></extensions></trkpt><trkpt lat="56.023787" lon="37.852562"><ele>165.2</ele><time>2026-06-24T04:47:59Z</time><extensions><gpxtpx:TrackPointExtension><gpxtpx:hr>172</gpxtpx:hr></gpxtpx:TrackPointExtension></extensions></trkpt><trkpt lat="56.0238" lon="37.852632"><ele>165.2</ele><time>2026-06-24T04:48:00Z</time><extensions><gpxtpx:TrackPointExtension><gpxtpx:hr>172</gpxtpx:hr></gpxtpx:TrackPointExtension></extensions></trkpt><trkpt lat="56.023847" lon="37.85273"><ele>165.2</ele><time>2026-06-24T04:48:02Z</time><extensions><gpxtpx:TrackPointExtension><gpxtpx:hr>171</gpxtpx:hr></gpxtpx:TrackPointExtension></extensions></trkpt><trkpt lat="56.023912" lon="37.852772"><ele>165.2</ele><time>2026-06-24T04:48:04Z</time><extensions><gpxtpx:TrackPointExtension><gpxtpx:hr>172</gpxtpx:hr></gpxtpx:TrackPointExtension></extensions></trkpt><trkpt lat="56.023947" lon="37.852782"><ele>165.4</ele><time>2026-06-24T04:48:05Z</time><extensions><gpxtpx:TrackPointExtension><gpxtpx:hr>170</gpxtpx:hr></gpxtpx:TrackPointExtension></extensions></trkpt><trkpt lat="56.023987" lon="37.852792"><ele>165.4</ele><time>2026-06-24T04:48:06Z</time><extensions><gpxtpx:TrackPointExtension><gpxtpx:hr>170</gpxtpx:hr></gpxtpx:TrackPointExtension></extensions></trkpt><trkpt lat="56.024022" lon="37.852812"><ele>165.4</ele><time>2026-06-24T04:48:07Z</time><extensions><gpxtpx:TrackPointExtension><gpxtpx:hr>170</gpxtpx:hr></gpxtpx:TrackPointExtension></extensions></trkpt><trkpt lat="56.024097" lon="37.852837"><ele>165.2</ele><time>2026-06-24T04:48:09Z</time><extensions><gpxtpx:TrackPointExtension><gpxtpx:hr>170</gpxtpx:hr></gpxtpx:TrackPointExtension></extensions></trkpt><trkpt lat="56.024137" lon="37.852832"><ele>165.2</ele><time>2026-06-24T04:48:10Z</time><extensions><gpxtpx:TrackPointExtension><gpxtpx:hr>171</gpxtpx:hr></gpxtpx:TrackPointExtension></extensions></trkpt><trkpt lat="56.02421" lon="37.85282"><ele>165.0</ele><time>2026-06-24T04:48:12Z</time><extensions><gpxtpx:TrackPointExtension><gpxtpx:hr>170</gpxtpx:hr></gpxtpx:TrackPointExtension></extensions></trkpt><trkpt lat="56.024245" lon="37.85281"><ele>165.0</ele><time>2026-06-24T04:48:13Z</time><extensions><gpxtpx:TrackPointExtension><gpxtpx:hr>171</gpxtpx:hr></gpxtpx:TrackPointExtension></extensions></trkpt><trkpt lat="56.024317" lon="37.852792"><ele>165.2</ele><time>2026-06-24T04:48:15Z</time><extensions><gpxtpx:TrackPointExtension><gpxtpx:hr>172</gpxtpx:hr></gpxtpx:TrackPointExtension></extensions></trkpt><trkpt lat="56.024355" lon="37.852787"><ele>165.2</ele><time>2026-06-24T04:48:16Z</time><extensions><gpxtpx:TrackPointExtension><gpxtpx:hr>172</gpxtpx:hr></gpxtpx:TrackPointExtension></extensions></trkpt><trkpt lat="56.024392" lon="37.852782"><ele>165.2</ele><time>2026-06-24T04:48:17Z</time><extensions><gpxtpx:TrackPointExtension><gpxtpx:hr>172</gpxtpx:hr></gpxtpx:TrackPointExtension></extensions></trkpt><trkpt lat="56.024427" lon="37.852772"><ele>165.2</ele><time>2026-06-24T04:48:18Z</time><extensions><gpxtpx:TrackPointExtension><gpxtpx:hr>172</gpxtpx:hr></gpxtpx:TrackPointExtension></extensions></trkpt><trkpt lat="56.02446" lon="37.85275"><ele>165.2</ele><time>2026-06-24T04:48:19Z</time><extensions><gpxtpx:TrackPointExtension><gpxtpx:hr>172</gpxtpx:hr></gpxtpx:TrackPointExtension></extensions></trkpt><trkpt lat="56.024522" lon="37.852682"><ele>165.2</ele><time>2026-06-24T04:48:21Z</time><extensions><gpxtpx:TrackPointExtension><gpxtpx:hr>171</gpxtpx:hr></gpxtpx:TrackPointExtension></extensions></trkpt><trkpt lat="56.024542" lon="37.852627"><ele>165.2</ele><time>2026-06-24T04:48:22Z</time><extensions><gpxtpx:TrackPointExtension><gpxtpx:hr>172</gpxtpx:hr></gpxtpx:TrackPointExtension></extensions></trkpt><trkpt lat="56.02456" lon="37.852565"><ele>165.4</ele><time>2026-06-24T04:48:23Z</time><extensions><gpxtpx:TrackPointExtension><gpxtpx:hr>172</gpxtpx:hr></gpxtpx:TrackPointExtension></extensions></trkpt><trkpt lat="56.024567" lon="37.852497"><ele>165.4</ele><time>2026-06-24T04:48:24Z</time><extensions><gpxtpx:TrackPointExtension><gpxtpx:hr>172</gpxtpx:hr></gpxtpx:TrackPointExtension></extensions></trkpt><trkpt lat="56.024567" lon="37.852435"><ele>165.4</ele><time>2026-06-24T04:48:25Z</time><extensions><gpxtpx:TrackPointExtension><gpxtpx:hr>171</gpxtpx:hr></gpxtpx:TrackPointExtension></extensions></trkpt><trkpt lat="56.024557" lon="37.85237"><ele>165.2</ele><time>2026-06-24T04:48:26Z</time><extensions><gpxtpx:TrackPointExtension><gpxtpx:hr>171</gpxtpx:hr></gpxtpx:TrackPointExtension></extensions></trkpt><trkpt lat="56.02452" lon="37.85226"><ele>165.2</ele><time>2026-06-24T04:48:28Z</time><extensions><gpxtpx:TrackPointExtension><gpxtpx:hr>171</gpxtpx:hr></gpxtpx:TrackPointExtension></extensions></trkpt><trkpt lat="56.024492" lon="37.852217"><ele>165.2</ele><time>2026-06-24T04:48:29Z</time><extensions><gpxtpx:TrackPointExtension><gpxtpx:hr>171</gpxtpx:hr></gpxtpx:TrackPointExtension></extensions></trkpt><trkpt lat="56.024462" lon="37.852182"><ele>165.2</ele><time>2026-06-24T04:48:30Z</time><extensions><gpxtpx:TrackPointExtension><gpxtpx:hr>171</gpxtpx:hr></gpxtpx:TrackPointExtension></extensions></trkpt><trkpt lat="56.024427" lon="37.852157"><ele>165.2</ele><time>2026-06-24T04:48:31Z</time><extensions><gpxtpx:TrackPointExtension><gpxtpx:hr>171</gpxtpx:hr></gpxtpx:TrackPointExtension></extensions></trkpt><trkpt lat="56.024387" lon="37.852147"><ele>165.2</ele><time>2026-06-24T04:48:32Z</time><extensions><gpxtpx:TrackPointExtension><gpxtpx:hr>172</gpxtpx:hr></gpxtpx:TrackPointExtension></extensions></trkpt><trkpt lat="56.024312" lon="37.852142"><ele>165.0</ele><time>2026-06-24T04:48:34Z</time><extensions><gpxtpx:TrackPointExtension><gpxtpx:hr>171</gpxtpx:hr></gpxtpx:TrackPointExtension></extensions></trkpt><trkpt lat="56.024235" lon="37.852137"><ele>165.2</ele><time>2026-06-24T04:48:36Z</time><extensions><gpxtpx:TrackPointExtension><gpxtpx:hr>172</gpxtpx:hr></gpxtpx:TrackPointExtension></extensions></trkpt><trkpt lat="56.024197" lon="37.852132"><ele>165.2</ele><time>2026-06-24T04:48:37Z</time><extensions><gpxtpx:TrackPointExtension><gpxtpx:hr>171</gpxtpx:hr></gpxtpx:TrackPointExtension></extensions></trkpt><trkpt lat="56.024162" lon="37.852132"><ele>165.2</ele><time>2026-06-24T04:48:38Z</time><extensions><gpxtpx:TrackPointExtension><gpxtpx:hr>172</gpxtpx:hr></gpxtpx:TrackPointExtension></extensions></trkpt><trkpt lat="56.024125" lon="37.852127"><ele>165.2</ele><time>2026-06-24T04:48:39Z</time><extensions><gpxtpx:TrackPointExtension><gpxtpx:hr>172</gpxtpx:hr></gpxtpx:TrackPointExtension></extensions></trkpt><trkpt lat="56.024087" lon="37.852132"><ele>165.2</ele><time>2026-06-24T04:48:40Z</time><extensions><gpxtpx:TrackPointExtension><gpxtpx:hr>172</gpxtpx:hr></gpxtpx:TrackPointExtension></extensions></trkpt><trkpt lat="56.024052" lon="37.85213"><ele>165.2</ele><time>2026-06-24T04:48:41Z</time><extensions><gpxtpx:TrackPointExtension><gpxtpx:hr>172</gpxtpx:hr></gpxtpx:TrackPointExtension></extensions></trkpt><trkpt lat="56.023982" lon="37.85213"><ele>165.2</ele><time>2026-06-24T04:48:43Z</time><extensions><gpxtpx:TrackPointExtension><gpxtpx:hr>172</gpxtpx:hr></gpxtpx:TrackPointExtension></extensions></trkpt><trkpt lat="56.023947" lon="37.852132"><ele>165.2</ele><time>2026-06-24T04:48:44Z</time><extensions><gpxtpx:TrackPointExtension><gpxtpx:hr>172</gpxtpx:hr></gpxtpx:TrackPointExtension></extensions></trkpt><trkpt lat="56.023912" lon="37.852147"><ele>165.2</ele><time>2026-06-24T04:48:45Z</time><extensions><gpxtpx:TrackPointExtension><gpxtpx:hr>172</gpxtpx:hr></gpxtpx:TrackPointExtension></extensions></trkpt><trkpt lat="56.023877" lon="37.852172"><ele>165.2</ele><time>2026-06-24T04:48:46Z</time><extensions><gpxtpx:TrackPointExtension><gpxtpx:hr>173</gpxtpx:hr></gpxtpx:TrackPointExtension></extensions></trkpt><trkpt lat="56.023827" lon="37.852257"><ele>165.2</ele><time>2026-06-24T04:48:48Z</time><extensions><gpxtpx:TrackPointExtension><gpxtpx:hr>173</gpxtpx:hr></gpxtpx:TrackPointExtension></extensions></trkpt><trkpt lat="56.023812" lon="37.852317"><ele>165.2</ele><time>2026-06-24T04:48:49Z</time><extensions><gpxtpx:TrackPointExtension><gpxtpx:hr>172</gpxtpx:hr></gpxtpx:TrackPointExtension></extensions></trkpt><trkpt lat="56.0238" lon="37.85244"><ele>165.2</ele><time>2026-06-24T04:48:51Z</time><extensions><gpxtpx:TrackPointExtension><gpxtpx:hr>173</gpxtpx:hr></gpxtpx:TrackPointExtension></extensions></trkpt><trkpt lat="56.023802" lon="37.85251"><ele>165.2</ele><time>2026-06-24T04:48:52Z</time><extensions><gpxtpx:TrackPointExtension><gpxtpx:hr>173</gpxtpx:hr></gpxtpx:TrackPointExtension></extensions></trkpt><trkpt lat="56.02381" lon="37.852577"><ele>165.2</ele><time>2026-06-24T04:48:53Z</time><extensions><gpxtpx:TrackPointExtension><gpxtpx:hr>173</gpxtpx:hr></gpxtpx:TrackPointExtension></extensions></trkpt><trkpt lat="56.023847" lon="37.8527"><ele>165.4</ele><time>2026-06-24T04:48:55Z</time><extensions><gpxtpx:TrackPointExtension><gpxtpx:hr>172</gpxtpx:hr></gpxtpx:TrackPointExtension></extensions></trkpt><trkpt lat="56.023875" lon="37.852742"><ele>165.4</ele><time>2026-06-24T04:48:56Z</time><extensions><gpxtpx:TrackPointExtension><gpxtpx:hr>173</gpxtpx:hr></gpxtpx:TrackPointExtension></extensions></trkpt><trkpt lat="56.023937" lon="37.852792"><ele>165.4</ele><time>2026-06-24T04:48:58Z</time><extensions><gpxtpx:TrackPointExtension><gpxtpx:hr>172</gpxtpx:hr></gpxtpx:TrackPointExtension></extensions></trkpt><trkpt lat="56.024007" lon="37.8528"><ele>165.4</ele><time>2026-06-24T04:49:00Z</time><extensions><gpxtpx:TrackPointExtension><gpxtpx:hr>173</gpxtpx:hr></gpxtpx:TrackPointExtension></extensions></trkpt><trkpt lat="56.024042" lon="37.852797"><ele>165.6</ele><time>2026-06-24T04:49:01Z</time><extensions><gpxtpx:TrackPointExtension><gpxtpx:hr>172</gpxtpx:hr></gpxtpx:TrackPointExtension></extensions></trkpt><trkpt lat="56.02411" lon="37.852792"><ele>165.4</ele><time>2026-06-24T04:49:03Z</time><extensions><gpxtpx:TrackPointExtension><gpxtpx:hr>171</gpxtpx:hr></gpxtpx:TrackPointExtension></extensions></trkpt><trkpt lat="56.024143" lon="37.852792"><ele>165.4</ele><time>2026-06-24T04:49:04Z</time><extensions><gpxtpx:TrackPointExtension><gpxtpx:hr>172</gpxtpx:hr></gpxtpx:TrackPointExtension></extensions></trkpt><trkpt lat="56.024177" lon="37.852792"><ele>165.4</ele><time>2026-06-24T04:49:05Z</time><extensions><gpxtpx:TrackPointExtension><gpxtpx:hr>172</gpxtpx:hr></gpxtpx:TrackPointExtension></extensions></trkpt><trkpt lat="56.024207" lon="37.852792"><ele>165.4</ele><time>2026-06-24T04:49:06Z</time><extensions><gpxtpx:TrackPointExtension><gpxtpx:hr>172</gpxtpx:hr></gpxtpx:TrackPointExtension></extensions></trkpt><trkpt lat="56.024237" lon="37.852795"><ele>165.2</ele><time>2026-06-24T04:49:07Z</time><extensions><gpxtpx:TrackPointExtension><gpxtpx:hr>171</gpxtpx:hr></gpxtpx:TrackPointExtension></extensions></trkpt><trkpt lat="56.024292" lon="37.852792"><ele>165.2</ele><time>2026-06-24T04:49:09Z</time><extensions><gpxtpx:TrackPointExtension><gpxtpx:hr>171</gpxtpx:hr></gpxtpx:TrackPointExtension></extensions></trkpt><trkpt lat="56.02432" lon="37.852792"><ele>165.0</ele><time>2026-06-24T04:49:10Z</time><extensions><gpxtpx:TrackPointExtension><gpxtpx:hr>170</gpxtpx:hr></gpxtpx:TrackPointExtension></extensions></trkpt><trkpt lat="56.024345" lon="37.85279"><ele>165.2</ele><time>2026-06-24T04:49:11Z</time><extensions><gpxtpx:TrackPointExtension><gpxtpx:hr>170</gpxtpx:hr></gpxtpx:TrackPointExtension></extensions></trkpt><trkpt lat="56.024392" lon="37.85279"><ele>165.4</ele><time>2026-06-24T04:49:13Z</time><extensions><gpxtpx:TrackPointExtension><gpxtpx:hr>170</gpxtpx:hr></gpxtpx:TrackPointExtension></extensions></trkpt><trkpt lat="56.024412" lon="37.852787"><ele>165.4</ele><time>2026-06-24T04:49:14Z</time><extensions><gpxtpx:TrackPointExtension><gpxtpx:hr>169</gpxtpx:hr></gpxtpx:TrackPointExtension></extensions></trkpt><trkpt lat="56.024452" lon="37.852772"><ele>165.4</ele><time>2026-06-24T04:49:16Z</time><extensions><gpxtpx:TrackPointExtension><gpxtpx:hr>169</gpxtpx:hr></gpxtpx:TrackPointExtension></extensions></trkpt><trkpt lat="56.024485" lon="37.85274"><ele>165.2</ele><time>2026-06-24T04:49:18Z</time><extensions><gpxtpx:TrackPointExtension><gpxtpx:hr>168</gpxtpx:hr></gpxtpx:TrackPointExtension></extensions></trkpt><trkpt lat="56.024497" lon="37.852717"><ele>165.2</ele><time>2026-06-24T04:49:19Z</time><extensions><gpxtpx:TrackPointExtension><gpxtpx:hr>169</gpxtpx:hr></gpxtpx:TrackPointExtension></extensions></trkpt><trkpt lat="56.024512" lon="37.85269"><ele>165.2</ele><time>2026-06-24T04:49:20Z</time><extensions><gpxtpx:TrackPointExtension><gpxtpx:hr>169</gpxtpx:hr></gpxtpx:TrackPointExtension></extensions></trkpt><trkpt lat="56.024532" lon="37.852632"><ele>165.0</ele><time>2026-06-24T04:49:22Z</time><extensions><gpxtpx:TrackPointExtension><gpxtpx:hr>169</gpxtpx:hr></gpxtpx:TrackPointExtension></extensions></trkpt><trkpt lat="56.02454" lon="37.852602"><ele>165.0</ele><time>2026-06-24T04:49:23Z</time><extensions><gpxtpx:TrackPointExtension><gpxtpx:hr>168</gpxtpx:hr></gpxtpx:TrackPointExtension></extensions></trkpt><trkpt lat="56.024555" lon="37.852535"><ele>165.0</ele><time>2026-06-24T04:49:25Z</time><extensions><gpxtpx:TrackPointExtension><gpxtpx:hr>167</gpxtpx:hr></gpxtpx:TrackPointExtension></extensions></trkpt><trkpt lat="56.024557" lon="37.852462"><ele>165.0</ele><time>2026-06-24T04:49:27Z</time><extensions><gpxtpx:TrackPointExtension><gpxtpx:hr>167</gpxtpx:hr></gpxtpx:TrackPointExtension></extensions></trkpt><trkpt lat="56.024555" lon="37.852427"><ele>165.0</ele><time>2026-06-24T04:49:28Z</time><extensions><gpxtpx:TrackPointExtension><gpxtpx:hr>166</gpxtpx:hr></gpxtpx:TrackPointExtension></extensions></trkpt><trkpt lat="56.024547" lon="37.85239"><ele>165.0</ele><time>2026-06-24T04:49:29Z</time><extensions><gpxtpx:TrackPointExtension><gpxtpx:hr>166</gpxtpx:hr></gpxtpx:TrackPointExtension></extensions></trkpt><trkpt lat="56.02454" lon="37.852357"><ele>165.2</ele><time>2026-06-24T04:49:30Z</time><extensions><gpxtpx:TrackPointExtension><gpxtpx:hr>167</gpxtpx:hr></gpxtpx:TrackPointExtension></extensions></trkpt><trkpt lat="56.024532" lon="37.852325"><ele>165.0</ele><time>2026-06-24T04:49:31Z</time><extensions><gpxtpx:TrackPointExtension><gpxtpx:hr>167</gpxtpx:hr></gpxtpx:TrackPointExtension></extensions></trkpt><trkpt lat="56.02451" lon="37.85227"><ele>165.0</ele><time>2026-06-24T04:49:33Z</time><extensions><gpxtpx:TrackPointExtension><gpxtpx:hr>165</gpxtpx:hr></gpxtpx:TrackPointExtension></extensions></trkpt><trkpt lat="56.024495" lon="37.85224"><ele>165.0</ele><time>2026-06-24T04:49:34Z</time><extensions><gpxtpx:TrackPointExtension><gpxtpx:hr>166</gpxtpx:hr></gpxtpx:TrackPointExtension></extensions></trkpt><trkpt lat="56.02448" lon="37.85222"><ele>165.0</ele><time>2026-06-24T04:49:35Z</time><extensions><gpxtpx:TrackPointExtension><gpxtpx:hr>164</gpxtpx:hr></gpxtpx:TrackPointExtension></extensions></trkpt><trkpt lat="56.024445" lon="37.852185"><ele>165.0</ele><time>2026-06-24T04:49:37Z</time><extensions><gpxtpx:TrackPointExtension><gpxtpx:hr>163</gpxtpx:hr></gpxtpx:TrackPointExtension></extensions></trkpt><trkpt lat="56.024427" lon="37.852172"><ele>165.0</ele><time>2026-06-24T04:49:38Z</time><extensions><gpxtpx:TrackPointExtension><gpxtpx:hr>164</gpxtpx:hr></gpxtpx:TrackPointExtension></extensions></trkpt><trkpt lat="56.024387" lon="37.852162"><ele>165.2</ele><time>2026-06-24T04:49:40Z</time><extensions><gpxtpx:TrackPointExtension><gpxtpx:hr>163</gpxtpx:hr></gpxtpx:TrackPointExtension></extensions></trkpt><trkpt lat="56.024368" lon="37.852162"><ele>165.2</ele><time>2026-06-24T04:49:41Z</time><extensions><gpxtpx:TrackPointExtension><gpxtpx:hr>162</gpxtpx:hr></gpxtpx:TrackPointExtension></extensions></trkpt><trkpt lat="56.02434" lon="37.852167"><ele>165.2</ele><time>2026-06-24T04:49:43Z</time><extensions><gpxtpx:TrackPointExtension><gpxtpx:hr>162</gpxtpx:hr></gpxtpx:TrackPointExtension></extensions></trkpt><trkpt lat="56.024307" lon="37.852162"><ele>165.0</ele><time>2026-06-24T04:49:45Z</time><extensions><gpxtpx:TrackPointExtension><gpxtpx:hr>161</gpxtpx:hr></gpxtpx:TrackPointExtension></extensions></trkpt><trkpt lat="56.02429" lon="37.852165"><ele>165.0</ele><time>2026-06-24T04:49:46Z</time><extensions><gpxtpx:TrackPointExtension><gpxtpx:hr>160</gpxtpx:hr></gpxtpx:TrackPointExtension></extensions></trkpt><trkpt lat="56.02427" lon="37.852162"><ele>165.0</ele><time>2026-06-24T04:49:47Z</time><extensions><gpxtpx:TrackPointExtension><gpxtpx:hr>159</gpxtpx:hr></gpxtpx:TrackPointExtension></extensions></trkpt><trkpt lat="56.024252" lon="37.85216"><ele>165.0</ele><time>2026-06-24T04:49:48Z</time><extensions><gpxtpx:TrackPointExtension><gpxtpx:hr>160</gpxtpx:hr></gpxtpx:TrackPointExtension></extensions></trkpt><trkpt lat="56.024232" lon="37.85216"><ele>165.2</ele><time>2026-06-24T04:49:49Z</time><extensions><gpxtpx:TrackPointExtension><gpxtpx:hr>159</gpxtpx:hr></gpxtpx:TrackPointExtension></extensions></trkpt><trkpt lat="56.024212" lon="37.85216"><ele>165.2</ele><time>2026-06-24T04:49:50Z</time><extensions><gpxtpx:TrackPointExtension><gpxtpx:hr>158</gpxtpx:hr></gpxtpx:TrackPointExtension></extensions></trkpt><trkpt lat="56.024192" lon="37.852157"><ele>165.0</ele><time>2026-06-24T04:49:51Z</time><extensions><gpxtpx:TrackPointExtension><gpxtpx:hr>157</gpxtpx:hr></gpxtpx:TrackPointExtension></extensions></trkpt><trkpt lat="56.024172" lon="37.852157"><ele>165.0</ele><time>2026-06-24T04:49:52Z</time><extensions><gpxtpx:TrackPointExtension><gpxtpx:hr>158</gpxtpx:hr></gpxtpx:TrackPointExtension></extensions></trkpt><trkpt lat="56.02413" lon="37.852155"><ele>165.0</ele><time>2026-06-24T04:49:54Z</time><extensions><gpxtpx:TrackPointExtension><gpxtpx:hr>157</gpxtpx:hr></gpxtpx:TrackPointExtension></extensions></trkpt><trkpt lat="56.024107" lon="37.852157"><ele>165.0</ele><time>2026-06-24T04:49:55Z</time><extensions><gpxtpx:TrackPointExtension><gpxtpx:hr>156</gpxtpx:hr></gpxtpx:TrackPointExtension></extensions></trkpt><trkpt lat="56.024065" lon="37.852162"><ele>164.8</ele><time>2026-06-24T04:49:57Z</time><extensions><gpxtpx:TrackPointExtension><gpxtpx:hr>156</gpxtpx:hr></gpxtpx:TrackPointExtension></extensions></trkpt><trkpt lat="56.024045" lon="37.85216"><ele>165.0</ele><time>2026-06-24T04:49:58Z</time><extensions><gpxtpx:TrackPointExtension><gpxtpx:hr>155</gpxtpx:hr></gpxtpx:TrackPointExtension></extensions></trkpt><trkpt lat="56.024" lon="37.852157"><ele>164.8</ele><time>2026-06-24T04:50:00Z</time><extensions><gpxtpx:TrackPointExtension><gpxtpx:hr>155</gpxtpx:hr></gpxtpx:TrackPointExtension></extensions></trkpt><trkpt lat="56.02398" lon="37.852152"><ele>164.8</ele><time>2026-06-24T04:50:01Z</time><extensions><gpxtpx:TrackPointExtension><gpxtpx:hr>155</gpxtpx:hr></gpxtpx:TrackPointExtension></extensions></trkpt><trkpt lat="56.023957" lon="37.852155"><ele>164.8</ele><time>2026-06-24T04:50:02Z</time><extensions><gpxtpx:TrackPointExtension><gpxtpx:hr>153</gpxtpx:hr></gpxtpx:TrackPointExtension></extensions></trkpt><trkpt lat="56.023932" lon="37.852162"><ele>164.8</ele><time>2026-06-24T04:50:03Z</time><extensions><gpxtpx:TrackPointExtension><gpxtpx:hr>155</gpxtpx:hr></gpxtpx:TrackPointExtension></extensions></trkpt><trkpt lat="56.023915" lon="37.852175"><ele>165.0</ele><time>2026-06-24T04:50:04Z</time><extensions><gpxtpx:TrackPointExtension><gpxtpx:hr>154</gpxtpx:hr></gpxtpx:TrackPointExtension></extensions></trkpt><trkpt lat="56.023892" lon="37.85219"><ele>165.0</ele><time>2026-06-24T04:50:05Z</time><extensions><gpxtpx:TrackPointExtension><gpxtpx:hr>154</gpxtpx:hr></gpxtpx:TrackPointExtension></extensions></trkpt><trkpt lat="56.023872" lon="37.85221"><ele>165.2</ele><time>2026-06-24T04:50:06Z</time><extensions><gpxtpx:TrackPointExtension><gpxtpx:hr>154</gpxtpx:hr></gpxtpx:TrackPointExtension></extensions></trkpt><trkpt lat="56.023842" lon="37.852265"><ele>165.2</ele><time>2026-06-24T04:50:08Z</time><extensions><gpxtpx:TrackPointExtension><gpxtpx:hr>154</gpxtpx:hr></gpxtpx:TrackPointExtension></extensions></trkpt><trkpt lat="56.023827" lon="37.852297"><ele>165.2</ele><time>2026-06-24T04:50:09Z</time><extensions><gpxtpx:TrackPointExtension><gpxtpx:hr>153</gpxtpx:hr></gpxtpx:TrackPointExtension></extensions></trkpt><trkpt lat="56.023815" lon="37.852335"><ele>165.2</ele><time>2026-06-24T04:50:10Z</time><extensions><gpxtpx:TrackPointExtension><gpxtpx:hr>153</gpxtpx:hr></gpxtpx:TrackPointExtension></extensions></trkpt><trkpt lat="56.023807" lon="37.852377"><ele>165.2</ele><time>2026-06-24T04:50:11Z</time><extensions><gpxtpx:TrackPointExtension><gpxtpx:hr>151</gpxtpx:hr></gpxtpx:TrackPointExtension></extensions></trkpt><trkpt lat="56.023797" lon="37.852467"><ele>165.0</ele><time>2026-06-24T04:50:13Z</time><extensions><gpxtpx:TrackPointExtension><gpxtpx:hr>151</gpxtpx:hr></gpxtpx:TrackPointExtension></extensions></trkpt><trkpt lat="56.0238" lon="37.852507"><ele>165.0</ele><time>2026-06-24T04:50:14Z</time><extensions><gpxtpx:TrackPointExtension><gpxtpx:hr>150</gpxtpx:hr></gpxtpx:TrackPointExtension></extensions></trkpt><trkpt lat="56.02381" lon="37.852592"><ele>165.0</ele><time>2026-06-24T04:50:16Z</time><extensions><gpxtpx:TrackPointExtension><gpxtpx:hr>150</gpxtpx:hr></gpxtpx:TrackPointExtension></extensions></trkpt><trkpt lat="56.02382" lon="37.852627"><ele>165.0</ele><time>2026-06-24T04:50:17Z</time><extensions><gpxtpx:TrackPointExtension><gpxtpx:hr>151</gpxtpx:hr></gpxtpx:TrackPointExtension></extensions></trkpt><trkpt lat="56.023832" lon="37.852667"><ele>165.0</ele><time>2026-06-24T04:50:18Z</time><extensions><gpxtpx:TrackPointExtension><gpxtpx:hr>151</gpxtpx:hr></gpxtpx:TrackPointExtension></extensions></trkpt><trkpt lat="56.023847" lon="37.852697"><ele>165.0</ele><time>2026-06-24T04:50:19Z</time><extensions><gpxtpx:TrackPointExtension><gpxtpx:hr>149</gpxtpx:hr></gpxtpx:TrackPointExtension></extensions></trkpt><trkpt lat="56.023862" lon="37.852727"><ele>165.0</ele><time>2026-06-24T04:50:20Z</time><extensions><gpxtpx:TrackPointExtension><gpxtpx:hr>149</gpxtpx:hr></gpxtpx:TrackPointExtension></extensions></trkpt><trkpt lat="56.023882" lon="37.85275"><ele>165.0</ele><time>2026-06-24T04:50:21Z</time><extensions><gpxtpx:TrackPointExtension><gpxtpx:hr>148</gpxtpx:hr></gpxtpx:TrackPointExtension></extensions></trkpt><trkpt lat="56.023902" lon="37.852765"><ele>165.0</ele><time>2026-06-24T04:50:22Z</time><extensions><gpxtpx:TrackPointExtension><gpxtpx:hr>148</gpxtpx:hr></gpxtpx:TrackPointExtension></extensions></trkpt><trkpt lat="56.023927" lon="37.852777"><ele>165.0</ele><time>2026-06-24T04:50:23Z</time><extensions><gpxtpx:TrackPointExtension><gpxtpx:hr>149</gpxtpx:hr></gpxtpx:TrackPointExtension></extensions></trkpt><trkpt lat="56.023975" lon="37.852792"><ele>165.2</ele><time>2026-06-24T04:50:25Z</time><extensions><gpxtpx:TrackPointExtension><gpxtpx:hr>149</gpxtpx:hr></gpxtpx:TrackPointExtension></extensions></trkpt><trkpt lat="56.024022" lon="37.8528"><ele>165.2</ele><time>2026-06-24T04:50:27Z</time><extensions><gpxtpx:TrackPointExtension><gpxtpx:hr>147</gpxtpx:hr></gpxtpx:TrackPointExtension></extensions></trkpt><trkpt lat="56.024047" lon="37.852797"><ele>165.2</ele><time>2026-06-24T04:50:28Z</time><extensions><gpxtpx:TrackPointExtension><gpxtpx:hr>148</gpxtpx:hr></gpxtpx:TrackPointExtension></extensions></trkpt><trkpt lat="56.024092" lon="37.852792"><ele>165.2</ele><time>2026-06-24T04:50:30Z</time><extensions><gpxtpx:TrackPointExtension><gpxtpx:hr>150</gpxtpx:hr></gpxtpx:TrackPointExtension></extensions></trkpt><trkpt lat="56.024117" lon="37.852792"><ele>165.2</ele><time>2026-06-24T04:50:31Z</time><extensions><gpxtpx:TrackPointExtension><gpxtpx:hr>149</gpxtpx:hr></gpxtpx:TrackPointExtension></extensions></trkpt><trkpt lat="56.024165" lon="37.852797"><ele>165.0</ele><time>2026-06-24T04:50:33Z</time><extensions><gpxtpx:TrackPointExtension><gpxtpx:hr>148</gpxtpx:hr></gpxtpx:TrackPointExtension></extensions></trkpt><trkpt lat="56.02419" lon="37.852797"><ele>165.0</ele><time>2026-06-24T04:50:34Z</time><extensions><gpxtpx:TrackPointExtension><gpxtpx:hr>148</gpxtpx:hr></gpxtpx:TrackPointExtension></extensions></trkpt><trkpt lat="56.024212" lon="37.852797"><ele>165.0</ele><time>2026-06-24T04:50:35Z</time><extensions><gpxtpx:TrackPointExtension><gpxtpx:hr>150</gpxtpx:hr></gpxtpx:TrackPointExtension></extensions></trkpt><trkpt lat="56.024257" lon="37.852795"><ele>165.2</ele><time>2026-06-24T04:50:37Z</time><extensions><gpxtpx:TrackPointExtension><gpxtpx:hr>150</gpxtpx:hr></gpxtpx:TrackPointExtension></extensions></trkpt><trkpt lat="56.024302" lon="37.852792"><ele>165.4</ele><time>2026-06-24T04:50:39Z</time><extensions><gpxtpx:TrackPointExtension><gpxtpx:hr>149</gpxtpx:hr></gpxtpx:TrackPointExtension></extensions></trkpt><trkpt lat="56.024327" lon="37.852792"><ele>165.2</ele><time>2026-06-24T04:50:40Z</time><extensions><gpxtpx:TrackPointExtension><gpxtpx:hr>148</gpxtpx:hr></gpxtpx:TrackPointExtension></extensions></trkpt><trkpt lat="56.02435" lon="37.852787"><ele>165.2</ele><time>2026-06-24T04:50:41Z</time><extensions><gpxtpx:TrackPointExtension><gpxtpx:hr>149</gpxtpx:hr></gpxtpx:TrackPointExtension></extensions></trkpt><trkpt lat="56.024372" lon="37.852787"><ele>165.4</ele><time>2026-06-24T04:50:42Z</time><extensions><gpxtpx:TrackPointExtension><gpxtpx:hr>149</gpxtpx:hr></gpxtpx:TrackPointExtension></extensions></trkpt><trkpt lat="56.024395" lon="37.852785"><ele>165.4</ele><time>2026-06-24T04:50:43Z</time><extensions><gpxtpx:TrackPointExtension><gpxtpx:hr>149</gpxtpx:hr></gpxtpx:TrackPointExtension></extensions></trkpt><trkpt lat="56.024435" lon="37.85278"><ele>165.4</ele><time>2026-06-24T04:50:45Z</time><extensions><gpxtpx:TrackPointExtension><gpxtpx:hr>149</gpxtpx:hr></gpxtpx:TrackPointExtension></extensions></trkpt><trkpt lat="56.024517" lon="37.852702"><ele>165.4</ele><time>2026-06-24T04:51:16Z</time><extensions><gpxtpx:TrackPointExtension><gpxtpx:hr>136</gpxtpx:hr></gpxtpx:TrackPointExtension></extensions></trkpt><trkpt lat="56.024523" lon="37.852672"><ele>165.4</ele><time>2026-06-24T04:51:17Z</time><extensions><gpxtpx:TrackPointExtension><gpxtpx:hr>136</gpxtpx:hr></gpxtpx:TrackPointExtension></extensions></trkpt><trkpt lat="56.024532" lon="37.852635"><ele>165.4</ele><time>2026-06-24T04:51:18Z</time><extensions><gpxtpx:TrackPointExtension><gpxtpx:hr>137</gpxtpx:hr></gpxtpx:TrackPointExtension></extensions></trkpt><trkpt lat="56.02454" lon="37.85259"><ele>165.4</ele><time>2026-06-24T04:51:19Z</time><extensions><gpxtpx:TrackPointExtension><gpxtpx:hr>138</gpxtpx:hr></gpxtpx:TrackPointExtension></extensions></trkpt><trkpt lat="56.024547" lon="37.852542"><ele>165.2</ele><time>2026-06-24T04:51:20Z</time><extensions><gpxtpx:TrackPointExtension><gpxtpx:hr>137</gpxtpx:hr></gpxtpx:TrackPointExtension></extensions></trkpt><trkpt lat="56.024547" lon="37.852497"><ele>165.0</ele><time>2026-06-24T04:51:21Z</time><extensions><gpxtpx:TrackPointExtension><gpxtpx:hr>137</gpxtpx:hr></gpxtpx:TrackPointExtension></extensions></trkpt><trkpt lat="56.02455" lon="37.852448"><ele>165.0</ele><time>2026-06-24T04:51:22Z</time><extensions><gpxtpx:TrackPointExtension><gpxtpx:hr>139</gpxtpx:hr></gpxtpx:TrackPointExtension></extensions></trkpt><trkpt lat="56.024547" lon="37.852407"><ele>165.0</ele><time>2026-06-24T04:51:23Z</time><extensions><gpxtpx:TrackPointExtension><gpxtpx:hr>139</gpxtpx:hr></gpxtpx:TrackPointExtension></extensions></trkpt><trkpt lat="56.024542" lon="37.85237"><ele>165.0</ele><time>2026-06-24T04:51:24Z</time><extensions><gpxtpx:TrackPointExtension><gpxtpx:hr>138</gpxtpx:hr></gpxtpx:TrackPointExtension></extensions></trkpt><trkpt lat="56.024532" lon="37.852332"><ele>165.0</ele><time>2026-06-24T04:51:25Z</time><extensions><gpxtpx:TrackPointExtension><gpxtpx:hr>138</gpxtpx:hr></gpxtpx:TrackPointExtension></extensions></trkpt><trkpt lat="56.02452" lon="37.852302"><ele>165.0</ele><time>2026-06-24T04:51:26Z</time><extensions><gpxtpx:TrackPointExtension><gpxtpx:hr>138</gpxtpx:hr></gpxtpx:TrackPointExtension></extensions></trkpt><trkpt lat="56.024487" lon="37.852247"><ele>164.8</ele><time>2026-06-24T04:51:28Z</time><extensions><gpxtpx:TrackPointExtension><gpxtpx:hr>138</gpxtpx:hr></gpxtpx:TrackPointExtension></extensions></trkpt><trkpt lat="56.024472" lon="37.85223"><ele>164.8</ele><time>2026-06-24T04:51:29Z</time><extensions><gpxtpx:TrackPointExtension><gpxtpx:hr>138</gpxtpx:hr></gpxtpx:TrackPointExtension></extensions></trkpt><trkpt lat="56.024455" lon="37.852217"><ele>164.8</ele><time>2026-06-24T04:51:30Z</time><extensions><gpxtpx:TrackPointExtension><gpxtpx:hr>137</gpxtpx:hr></gpxtpx:TrackPointExtension></extensions></trkpt><trkpt lat="56.024435" lon="37.852207"><ele>164.8</ele><time>2026-06-24T04:51:31Z</time><extensions><gpxtpx:TrackPointExtension><gpxtpx:hr>138</gpxtpx:hr></gpxtpx:TrackPointExtension></extensions></trkpt><trkpt lat="56.024412" lon="37.852202"><ele>164.8</ele><time>2026-06-24T04:51:32Z</time><extensions><gpxtpx:TrackPointExtension><gpxtpx:hr>137</gpxtpx:hr></gpxtpx:TrackPointExtension></extensions></trkpt><trkpt lat="56.024368" lon="37.852192"><ele>165.0</ele><time>2026-06-24T04:51:34Z</time><extensions><gpxtpx:TrackPointExtension><gpxtpx:hr>137</gpxtpx:hr></gpxtpx:TrackPointExtension></extensions></trkpt><trkpt lat="56.024347" lon="37.852192"><ele>165.0</ele><time>2026-06-24T04:51:35Z</time><extensions><gpxtpx:TrackPointExtension><gpxtpx:hr>137</gpxtpx:hr></gpxtpx:TrackPointExtension></extensions></trkpt><trkpt lat="56.024305" lon="37.852195"><ele>165.0</ele><time>2026-06-24T04:51:37Z</time><extensions><gpxtpx:TrackPointExtension><gpxtpx:hr>136</gpxtpx:hr></gpxtpx:TrackPointExtension></extensions></trkpt><trkpt lat="56.024282" lon="37.852195"><ele>165.0</ele><time>2026-06-24T04:51:38Z</time><extensions><gpxtpx:TrackPointExtension><gpxtpx:hr>136</gpxtpx:hr></gpxtpx:TrackPointExtension></extensions></trkpt><trkpt lat="56.024262" lon="37.852195"><ele>165.0</ele><time>2026-06-24T04:51:39Z</time><extensions><gpxtpx:TrackPointExtension><gpxtpx:hr>135</gpxtpx:hr></gpxtpx:TrackPointExtension></extensions></trkpt><trkpt lat="56.024242" lon="37.852197"><ele>165.0</ele><time>2026-06-24T04:51:40Z</time><extensions><gpxtpx:TrackPointExtension><gpxtpx:hr>136</gpxtpx:hr></gpxtpx:TrackPointExtension></extensions></trkpt><trkpt lat="56.02422" lon="37.852197"><ele>165.0</ele><time>2026-06-24T04:51:41Z</time><extensions><gpxtpx:TrackPointExtension><gpxtpx:hr>135</gpxtpx:hr></gpxtpx:TrackPointExtension></extensions></trkpt><trkpt lat="56.024197" lon="37.852195"><ele>165.0</ele><time>2026-06-24T04:51:42Z</time><extensions><gpxtpx:TrackPointExtension><gpxtpx:hr>135</gpxtpx:hr></gpxtpx:TrackPointExtension></extensions></trkpt><trkpt lat="56.024177" lon="37.852195"><ele>165.0</ele><time>2026-06-24T04:51:43Z</time><extensions><gpxtpx:TrackPointExtension><gpxtpx:hr>135</gpxtpx:hr></gpxtpx:TrackPointExtension></extensions></trkpt><trkpt lat="56.024155" lon="37.85219"><ele>165.2</ele><time>2026-06-24T04:51:44Z</time><extensions><gpxtpx:TrackPointExtension><gpxtpx:hr>135</gpxtpx:hr></gpxtpx:TrackPointExtension></extensions></trkpt><trkpt lat="56.024135" lon="37.852187"><ele>165.2</ele><time>2026-06-24T04:51:45Z</time><extensions><gpxtpx:TrackPointExtension><gpxtpx:hr>136</gpxtpx:hr></gpxtpx:TrackPointExtension></extensions></trkpt><trkpt lat="56.024112" lon="37.852185"><ele>165.2</ele><time>2026-06-24T04:51:46Z</time><extensions><gpxtpx:TrackPointExtension><gpxtpx:hr>135</gpxtpx:hr></gpxtpx:TrackPointExtension></extensions></trkpt><trkpt lat="56.024087" lon="37.852182"><ele>165.4</ele><time>2026-06-24T04:51:47Z</time><extensions><gpxtpx:TrackPointExtension><gpxtpx:hr>136</gpxtpx:hr></gpxtpx:TrackPointExtension></extensions></trkpt><trkpt lat="56.024067" lon="37.852182"><ele>165.2</ele><time>2026-06-24T04:51:48Z</time><extensions><gpxtpx:TrackPointExtension><gpxtpx:hr>138</gpxtpx:hr></gpxtpx:TrackPointExtension></extensions></trkpt><trkpt lat="56.024045" lon="37.852182"><ele>165.2</ele><time>2026-06-24T04:51:49Z</time><extensions><gpxtpx:TrackPointExtension><gpxtpx:hr>137</gpxtpx:hr></gpxtpx:TrackPointExtension></extensions></trkpt><trkpt lat="56.024022" lon="37.852182"><ele>165.2</ele><time>2026-06-24T04:51:50Z</time><extensions><gpxtpx:TrackPointExtension><gpxtpx:hr>138</gpxtpx:hr></gpxtpx:TrackPointExtension></extensions></trkpt><trkpt lat="56.024002" lon="37.852182"><ele>165.2</ele><time>2026-06-24T04:51:51Z</time><extensions><gpxtpx:TrackPointExtension><gpxtpx:hr>137</gpxtpx:hr></gpxtpx:TrackPointExtension></extensions></trkpt><trkpt lat="56.02398" lon="37.852182"><ele>165.2</ele><time>2026-06-24T04:51:52Z</time><extensions><gpxtpx:TrackPointExtension><gpxtpx:hr>137</gpxtpx:hr></gpxtpx:TrackPointExtension></extensions></trkpt><trkpt lat="56.023957" lon="37.852185"><ele>165.2</ele><time>2026-06-24T04:51:53Z</time><extensions><gpxtpx:TrackPointExtension><gpxtpx:hr>137</gpxtpx:hr></gpxtpx:TrackPointExtension></extensions></trkpt><trkpt lat="56.023932" lon="37.85219"><ele>165.2</ele><time>2026-06-24T04:51:54Z</time><extensions><gpxtpx:TrackPointExtension><gpxtpx:hr>138</gpxtpx:hr></gpxtpx:TrackPointExtension></extensions></trkpt><trkpt lat="56.023915" lon="37.852205"><ele>165.2</ele><time>2026-06-24T04:51:55Z</time><extensions><gpxtpx:TrackPointExtension><gpxtpx:hr>138</gpxtpx:hr></gpxtpx:TrackPointExtension></extensions></trkpt><trkpt lat="56.023897" lon="37.852222"><ele>165.2</ele><time>2026-06-24T04:51:56Z</time><extensions><gpxtpx:TrackPointExtension><gpxtpx:hr>137</gpxtpx:hr></gpxtpx:TrackPointExtension></extensions></trkpt><trkpt lat="56.02388" lon="37.852245"><ele>165.2</ele><time>2026-06-24T04:51:57Z</time><extensions><gpxtpx:TrackPointExtension><gpxtpx:hr>136</gpxtpx:hr></gpxtpx:TrackPointExtension></extensions></trkpt><trkpt lat="56.023867" lon="37.852275"><ele>165.2</ele><time>2026-06-24T04:51:58Z</time><extensions><gpxtpx:TrackPointExtension><gpxtpx:hr>136</gpxtpx:hr></gpxtpx:TrackPointExtension></extensions></trkpt><trkpt lat="56.023852" lon="37.852307"><ele>165.2</ele><time>2026-06-24T04:51:59Z</time><extensions><gpxtpx:TrackPointExtension><gpxtpx:hr>136</gpxtpx:hr></gpxtpx:TrackPointExtension></extensions></trkpt><trkpt lat="56.023842" lon="37.852342"><ele>165.2</ele><time>2026-06-24T04:52:00Z</time><extensions><gpxtpx:TrackPointExtension><gpxtpx:hr>135</gpxtpx:hr></gpxtpx:TrackPointExtension></extensions></trkpt><trkpt lat="56.023837" lon="37.852377"><ele>165.2</ele><time>2026-06-24T04:52:01Z</time><extensions><gpxtpx:TrackPointExtension><gpxtpx:hr>136</gpxtpx:hr></gpxtpx:TrackPointExtension></extensions></trkpt><trkpt lat="56.023832" lon="37.852457"><ele>165.2</ele><time>2026-06-24T04:52:03Z</time><extensions><gpxtpx:TrackPointExtension><gpxtpx:hr>136</gpxtpx:hr></gpxtpx:TrackPointExtension></extensions></trkpt><trkpt lat="56.023837" lon="37.852492"><ele>165.2</ele><time>2026-06-24T04:52:04Z</time><extensions><gpxtpx:TrackPointExtension><gpxtpx:hr>137</gpxtpx:hr></gpxtpx:TrackPointExtension></extensions></trkpt><trkpt lat="56.023852" lon="37.852567"><ele>165.2</ele><time>2026-06-24T04:52:06Z</time><extensions><gpxtpx:TrackPointExtension><gpxtpx:hr>137</gpxtpx:hr></gpxtpx:TrackPointExtension></extensions></trkpt><trkpt lat="56.023862" lon="37.852602"><ele>165.2</ele><time>2026-06-24T04:52:07Z</time><extensions><gpxtpx:TrackPointExtension><gpxtpx:hr>138</gpxtpx:hr></gpxtpx:TrackPointExtension></extensions></trkpt><trkpt lat="56.023892" lon="37.852667"><ele>165.2</ele><time>2026-06-24T04:52:09Z</time><extensions><gpxtpx:TrackPointExtension><gpxtpx:hr>138</gpxtpx:hr></gpxtpx:TrackPointExtension></extensions></trkpt><trkpt lat="56.02391" lon="37.852697"><ele>165.2</ele><time>2026-06-24T04:52:10Z</time><extensions><gpxtpx:TrackPointExtension><gpxtpx:hr>139</gpxtpx:hr></gpxtpx:TrackPointExtension></extensions></trkpt><trkpt lat="56.023952" lon="37.852737"><ele>165.2</ele><time>2026-06-24T04:52:12Z</time><extensions><gpxtpx:TrackPointExtension><gpxtpx:hr>139</gpxtpx:hr></gpxtpx:TrackPointExtension></extensions></trkpt><trkpt lat="56.023972" lon="37.852755"><ele>165.2</ele><time>2026-06-24T04:52:13Z</time><extensions><gpxtpx:TrackPointExtension><gpxtpx:hr>139</gpxtpx:hr></gpxtpx:TrackPointExtension></extensions></trkpt><trkpt lat="56.023995" lon="37.852767"><ele>165.2</ele><time>2026-06-24T04:52:14Z</time><extensions><gpxtpx:TrackPointExtension><gpxtpx:hr>139</gpxtpx:hr></gpxtpx:TrackPointExtension></extensions></trkpt><trkpt lat="56.02402" lon="37.852772"><ele>165.2</ele><time>2026-06-24T04:52:15Z</time><extensions><gpxtpx:TrackPointExtension><gpxtpx:hr>140</gpxtpx:hr></gpxtpx:TrackPointExtension></extensions></trkpt><trkpt lat="56.024042" lon="37.852772"><ele>165.2</ele><time>2026-06-24T04:52:16Z</time><extensions><gpxtpx:TrackPointExtension><gpxtpx:hr>139</gpxtpx:hr></gpxtpx:TrackPointExtension></extensions></trkpt><trkpt lat="56.024087" lon="37.852767"><ele>165.2</ele><time>2026-06-24T04:52:18Z</time><extensions><gpxtpx:TrackPointExtension><gpxtpx:hr>139</gpxtpx:hr></gpxtpx:TrackPointExtension></extensions></trkpt><trkpt lat="56.024107" lon="37.852767"><ele>165.2</ele><time>2026-06-24T04:52:19Z</time><extensions><gpxtpx:TrackPointExtension><gpxtpx:hr>138</gpxtpx:hr></gpxtpx:TrackPointExtension></extensions></trkpt><trkpt lat="56.024152" lon="37.852765"><ele>165.2</ele><time>2026-06-24T04:52:21Z</time><extensions><gpxtpx:TrackPointExtension><gpxtpx:hr>139</gpxtpx:hr></gpxtpx:TrackPointExtension></extensions></trkpt><trkpt lat="56.024172" lon="37.852762"><ele>165.2</ele><time>2026-06-24T04:52:22Z</time><extensions><gpxtpx:TrackPointExtension><gpxtpx:hr>138</gpxtpx:hr></gpxtpx:TrackPointExtension></extensions></trkpt><trkpt lat="56.024195" lon="37.85276"><ele>165.2</ele><time>2026-06-24T04:52:23Z</time><extensions><gpxtpx:TrackPointExtension><gpxtpx:hr>139</gpxtpx:hr></gpxtpx:TrackPointExtension></extensions></trkpt><trkpt lat="56.024242" lon="37.852762"><ele>165.2</ele><time>2026-06-24T04:52:25Z</time><extensions><gpxtpx:TrackPointExtension><gpxtpx:hr>140</gpxtpx:hr></gpxtpx:TrackPointExtension></extensions></trkpt><trkpt lat="56.024287" lon="37.85276"><ele>165.2</ele><time>2026-06-24T04:52:27Z</time><extensions><gpxtpx:TrackPointExtension><gpxtpx:hr>142</gpxtpx:hr></gpxtpx:TrackPointExtension></extensions></trkpt><trkpt lat="56.02431" lon="37.85276"><ele>165.2</ele><time>2026-06-24T04:52:28Z</time><extensions><gpxtpx:TrackPointExtension><gpxtpx:hr>141</gpxtpx:hr></gpxtpx:TrackPointExtension></extensions></trkpt><trkpt lat="56.024357" lon="37.852757"><ele>165.2</ele><time>2026-06-24T04:52:30Z</time><extensions><gpxtpx:TrackPointExtension><gpxtpx:hr>143</gpxtpx:hr></gpxtpx:TrackPointExtension></extensions></trkpt><trkpt lat="56.024377" lon="37.852757"><ele>165.2</ele><time>2026-06-24T04:52:31Z</time><extensions><gpxtpx:TrackPointExtension><gpxtpx:hr>143</gpxtpx:hr></gpxtpx:TrackPointExtension></extensions></trkpt><trkpt lat="56.024425" lon="37.852752"><ele>165.2</ele><time>2026-06-24T04:52:33Z</time><extensions><gpxtpx:TrackPointExtension><gpxtpx:hr>143</gpxtpx:hr></gpxtpx:TrackPointExtension></extensions></trkpt><trkpt lat="56.024447" lon="37.852747"><ele>165.4</ele><time>2026-06-24T04:52:34Z</time><extensions><gpxtpx:TrackPointExtension><gpxtpx:hr>144</gpxtpx:hr></gpxtpx:TrackPointExtension></extensions></trkpt><trkpt lat="56.024467" lon="37.852735"><ele>165.2</ele><time>2026-06-24T04:52:35Z</time><extensions><gpxtpx:TrackPointExtension><gpxtpx:hr>143</gpxtpx:hr></gpxtpx:TrackPointExtension></extensions></trkpt><trkpt lat="56.024492" lon="37.852717"><ele>165.2</ele><time>2026-06-24T04:52:36Z</time><extensions><gpxtpx:TrackPointExtension><gpxtpx:hr>142</gpxtpx:hr></gpxtpx:TrackPointExtension></extensions></trkpt><trkpt lat="56.024515" lon="37.852692"><ele>165.2</ele><time>2026-06-24T04:52:37Z</time><extensions><gpxtpx:TrackPointExtension><gpxtpx:hr>143</gpxtpx:hr></gpxtpx:TrackPointExtension></extensions></trkpt><trkpt lat="56.024552" lon="37.852612"><ele>165.2</ele><time>2026-06-24T04:52:39Z</time><extensions><gpxtpx:TrackPointExtension><gpxtpx:hr>144</gpxtpx:hr></gpxtpx:TrackPointExtension></extensions></trkpt><trkpt lat="56.024567" lon="37.852555"><ele>165.2</ele><time>2026-06-24T04:52:40Z</time><extensions><gpxtpx:TrackPointExtension><gpxtpx:hr>145</gpxtpx:hr></gpxtpx:TrackPointExtension></extensions></trkpt><trkpt lat="56.02458" lon="37.852492"><ele>165.0</ele><time>2026-06-24T04:52:41Z</time><extensions><gpxtpx:TrackPointExtension><gpxtpx:hr>145</gpxtpx:hr></gpxtpx:TrackPointExtension></extensions></trkpt><trkpt lat="56.024572" lon="37.852372"><ele>165.0</ele><time>2026-06-24T04:52:43Z</time><extensions><gpxtpx:TrackPointExtension><gpxtpx:hr>145</gpxtpx:hr></gpxtpx:TrackPointExtension></extensions></trkpt><trkpt lat="56.024532" lon="37.852265"><ele>164.8</ele><time>2026-06-24T04:52:45Z</time><extensions><gpxtpx:TrackPointExtension><gpxtpx:hr>147</gpxtpx:hr></gpxtpx:TrackPointExtension></extensions></trkpt><trkpt lat="56.024505" lon="37.852217"><ele>164.8</ele><time>2026-06-24T04:52:46Z</time><extensions><gpxtpx:TrackPointExtension><gpxtpx:hr>149</gpxtpx:hr></gpxtpx:TrackPointExtension></extensions></trkpt><trkpt lat="56.02447" lon="37.852182"><ele>164.8</ele><time>2026-06-24T04:52:47Z</time><extensions><gpxtpx:TrackPointExtension><gpxtpx:hr>149</gpxtpx:hr></gpxtpx:TrackPointExtension></extensions></trkpt><trkpt lat="56.02443" lon="37.85216"><ele>164.8</ele><time>2026-06-24T04:52:48Z</time><extensions><gpxtpx:TrackPointExtension><gpxtpx:hr>149</gpxtpx:hr></gpxtpx:TrackPointExtension></extensions></trkpt><trkpt lat="56.024392" lon="37.852155"><ele>164.8</ele><time>2026-06-24T04:52:49Z</time><extensions><gpxtpx:TrackPointExtension><gpxtpx:hr>149</gpxtpx:hr></gpxtpx:TrackPointExtension></extensions></trkpt><trkpt lat="56.024312" lon="37.852147"><ele>164.8</ele><time>2026-06-24T04:52:51Z</time><extensions><gpxtpx:TrackPointExtension><gpxtpx:hr>150</gpxtpx:hr></gpxtpx:TrackPointExtension></extensions></trkpt><trkpt lat="56.024272" lon="37.852147"><ele>164.8</ele><time>2026-06-24T04:52:52Z</time><extensions><gpxtpx:TrackPointExtension><gpxtpx:hr>151</gpxtpx:hr></gpxtpx:TrackPointExtension></extensions></trkpt><trkpt lat="56.024232" lon="37.852147"><ele>164.8</ele><time>2026-06-24T04:52:53Z</time><extensions><gpxtpx:TrackPointExtension><gpxtpx:hr>153</gpxtpx:hr></gpxtpx:TrackPointExtension></extensions></trkpt><trkpt lat="56.024192" lon="37.852152"><ele>164.8</ele><time>2026-06-24T04:52:54Z</time><extensions><gpxtpx:TrackPointExtension><gpxtpx:hr>154</gpxtpx:hr></gpxtpx:TrackPointExtension></extensions></trkpt><trkpt lat="56.024157" lon="37.852152"><ele>165.0</ele><time>2026-06-24T04:52:55Z</time><extensions><gpxtpx:TrackPointExtension><gpxtpx:hr>154</gpxtpx:hr></gpxtpx:TrackPointExtension></extensions></trkpt><trkpt lat="56.024117" lon="37.852152"><ele>165.0</ele><time>2026-06-24T04:52:56Z</time><extensions><gpxtpx:TrackPointExtension><gpxtpx:hr>154</gpxtpx:hr></gpxtpx:TrackPointExtension></extensions></trkpt><trkpt lat="56.024077" lon="37.852147"><ele>164.8</ele><time>2026-06-24T04:52:57Z</time><extensions><gpxtpx:TrackPointExtension><gpxtpx:hr>156</gpxtpx:hr></gpxtpx:TrackPointExtension></extensions></trkpt><trkpt lat="56.02404" lon="37.852147"><ele>164.8</ele><time>2026-06-24T04:52:58Z</time><extensions><gpxtpx:TrackPointExtension><gpxtpx:hr>155</gpxtpx:hr></gpxtpx:TrackPointExtension></extensions></trkpt><trkpt lat="56.02397" lon="37.852155"><ele>165.0</ele><time>2026-06-24T04:53:00Z</time><extensions><gpxtpx:TrackPointExtension><gpxtpx:hr>156</gpxtpx:hr></gpxtpx:TrackPointExtension></extensions></trkpt><trkpt lat="56.023932" lon="37.852165"><ele>165.2</ele><time>2026-06-24T04:53:01Z</time><extensions><gpxtpx:TrackPointExtension><gpxtpx:hr>157</gpxtpx:hr></gpxtpx:TrackPointExtension></extensions></trkpt><trkpt lat="56.023867" lon="37.852222"><ele>165.0</ele><time>2026-06-24T04:53:03Z</time><extensions><gpxtpx:TrackPointExtension><gpxtpx:hr>156</gpxtpx:hr></gpxtpx:TrackPointExtension></extensions></trkpt><trkpt lat="56.023837" lon="37.852267"><ele>165.0</ele><time>2026-06-24T04:53:04Z</time><extensions><gpxtpx:TrackPointExtension><gpxtpx:hr>156</gpxtpx:hr></gpxtpx:TrackPointExtension></extensions></trkpt><trkpt lat="56.023817" lon="37.852317"><ele>165.0</ele><time>2026-06-24T04:53:05Z</time><extensions><gpxtpx:TrackPointExtension><gpxtpx:hr>156</gpxtpx:hr></gpxtpx:TrackPointExtension></extensions></trkpt><trkpt lat="56.023805" lon="37.852377"><ele>165.0</ele><time>2026-06-24T04:53:06Z</time><extensions><gpxtpx:TrackPointExtension><gpxtpx:hr>156</gpxtpx:hr></gpxtpx:TrackPointExtension></extensions></trkpt><trkpt lat="56.023797" lon="37.852442"><ele>165.0</ele><time>2026-06-24T04:53:07Z</time><extensions><gpxtpx:TrackPointExtension><gpxtpx:hr>158</gpxtpx:hr></gpxtpx:TrackPointExtension></extensions></trkpt><trkpt lat="56.02381" lon="37.852585"><ele>165.0</ele><time>2026-06-24T04:53:09Z</time><extensions><gpxtpx:TrackPointExtension><gpxtpx:hr>160</gpxtpx:hr></gpxtpx:TrackPointExtension></extensions></trkpt><trkpt lat="56.023825" lon="37.852647"><ele>165.0</ele><time>2026-06-24T04:53:10Z</time><extensions><gpxtpx:TrackPointExtension><gpxtpx:hr>159</gpxtpx:hr></gpxtpx:TrackPointExtension></extensions></trkpt><trkpt lat="56.023875" lon="37.852752"><ele>165.2</ele><time>2026-06-24T04:53:12Z</time><extensions><gpxtpx:TrackPointExtension><gpxtpx:hr>161</gpxtpx:hr></gpxtpx:TrackPointExtension></extensions></trkpt><trkpt lat="56.02394" lon="37.8528"><ele>165.2</ele><time>2026-06-24T04:53:14Z</time><extensions><gpxtpx:TrackPointExtension><gpxtpx:hr>161</gpxtpx:hr></gpxtpx:TrackPointExtension></extensions></trkpt><trkpt lat="56.023977" lon="37.852807"><ele>165.2</ele><time>2026-06-24T04:53:15Z</time><extensions><gpxtpx:TrackPointExtension><gpxtpx:hr>161</gpxtpx:hr></gpxtpx:TrackPointExtension></extensions></trkpt><trkpt lat="56.024012" lon="37.852812"><ele>165.2</ele><time>2026-06-24T04:53:16Z</time><extensions><gpxtpx:TrackPointExtension><gpxtpx:hr>162</gpxtpx:hr></gpxtpx:TrackPointExtension></extensions></trkpt><trkpt lat="56.02405" lon="37.852812"><ele>165.0</ele><time>2026-06-24T04:53:17Z</time><extensions><gpxtpx:TrackPointExtension><gpxtpx:hr>163</gpxtpx:hr></gpxtpx:TrackPointExtension></extensions></trkpt><trkpt lat="56.024087" lon="37.852805"><ele>165.2</ele><time>2026-06-24T04:53:18Z</time><extensions><gpxtpx:TrackPointExtension><gpxtpx:hr>161</gpxtpx:hr></gpxtpx:TrackPointExtension></extensions></trkpt><trkpt lat="56.024122" lon="37.8528"><ele>165.2</ele><time>2026-06-24T04:53:19Z</time><extensions><gpxtpx:TrackPointExtension><gpxtpx:hr>161</gpxtpx:hr></gpxtpx:TrackPointExtension></extensions></trkpt><trkpt lat="56.024192" lon="37.852797"><ele>165.4</ele><time>2026-06-24T04:53:21Z</time><extensions><gpxtpx:TrackPointExtension><gpxtpx:hr>163</gpxtpx:hr></gpxtpx:TrackPointExtension></extensions></trkpt><trkpt lat="56.02423" lon="37.852797"><ele>165.4</ele><time>2026-06-24T04:53:22Z</time><extensions><gpxtpx:TrackPointExtension><gpxtpx:hr>162</gpxtpx:hr></gpxtpx:TrackPointExtension></extensions></trkpt><trkpt lat="56.024297" lon="37.852797"><ele>165.4</ele><time>2026-06-24T04:53:24Z</time><extensions><gpxtpx:TrackPointExtension><gpxtpx:hr>163</gpxtpx:hr></gpxtpx:TrackPointExtension></extensions></trkpt><trkpt lat="56.024332" lon="37.852797"><ele>165.4</ele><time>2026-06-24T04:53:25Z</time><extensions><gpxtpx:TrackPointExtension><gpxtpx:hr>164</gpxtpx:hr></gpxtpx:TrackPointExtension></extensions></trkpt><trkpt lat="56.0244" lon="37.852792"><ele>165.4</ele><time>2026-06-24T04:53:27Z</time><extensions><gpxtpx:TrackPointExtension><gpxtpx:hr>165</gpxtpx:hr></gpxtpx:TrackPointExtension></extensions></trkpt><trkpt lat="56.024435" lon="37.852782"><ele>165.4</ele><time>2026-06-24T04:53:28Z</time><extensions><gpxtpx:TrackPointExtension><gpxtpx:hr>165</gpxtpx:hr></gpxtpx:TrackPointExtension></extensions></trkpt><trkpt lat="56.024497" lon="37.852727"><ele>165.2</ele><time>2026-06-24T04:53:30Z</time><extensions><gpxtpx:TrackPointExtension><gpxtpx:hr>165</gpxtpx:hr></gpxtpx:TrackPointExtension></extensions></trkpt><trkpt lat="56.024522" lon="37.852682"><ele>165.2</ele><time>2026-06-24T04:53:31Z</time><extensions><gpxtpx:TrackPointExtension><gpxtpx:hr>163</gpxtpx:hr></gpxtpx:TrackPointExtension></extensions></trkpt><trkpt lat="56.024557" lon="37.852575"><ele>165.2</ele><time>2026-06-24T04:53:33Z</time><extensions><gpxtpx:TrackPointExtension><gpxtpx:hr>165</gpxtpx:hr></gpxtpx:TrackPointExtension></extensions></trkpt><trkpt lat="56.024567" lon="37.852507"><ele>165.2</ele><time>2026-06-24T04:53:34Z</time><extensions><gpxtpx:TrackPointExtension><gpxtpx:hr>165</gpxtpx:hr></gpxtpx:TrackPointExtension></extensions></trkpt><trkpt lat="56.02457" lon="37.852442"><ele>165.2</ele><time>2026-06-24T04:53:35Z</time><extensions><gpxtpx:TrackPointExtension><gpxtpx:hr>163</gpxtpx:hr></gpxtpx:TrackPointExtension></extensions></trkpt><trkpt lat="56.024562" lon="37.852378"><ele>165.2</ele><time>2026-06-24T04:53:36Z</time><extensions><gpxtpx:TrackPointExtension><gpxtpx:hr>165</gpxtpx:hr></gpxtpx:TrackPointExtension></extensions></trkpt><trkpt lat="56.024547" lon="37.852325"><ele>165.0</ele><time>2026-06-24T04:53:37Z</time><extensions><gpxtpx:TrackPointExtension><gpxtpx:hr>166</gpxtpx:hr></gpxtpx:TrackPointExtension></extensions></trkpt><trkpt lat="56.024502" lon="37.852235"><ele>165.0</ele><time>2026-06-24T04:53:39Z</time><extensions><gpxtpx:TrackPointExtension><gpxtpx:hr>166</gpxtpx:hr></gpxtpx:TrackPointExtension></extensions></trkpt><trkpt lat="56.024467" lon="37.852207"><ele>165.0</ele><time>2026-06-24T04:53:40Z</time><extensions><gpxtpx:TrackPointExtension><gpxtpx:hr>167</gpxtpx:hr></gpxtpx:TrackPointExtension></extensions></trkpt><trkpt lat="56.024432" lon="37.852185"><ele>165.0</ele><time>2026-06-24T04:53:41Z</time><extensions><gpxtpx:TrackPointExtension><gpxtpx:hr>165</gpxtpx:hr></gpxtpx:TrackPointExtension></extensions></trkpt><trkpt lat="56.024395" lon="37.852177"><ele>165.0</ele><time>2026-06-24T04:53:42Z</time><extensions><gpxtpx:TrackPointExtension><gpxtpx:hr>165</gpxtpx:hr></gpxtpx:TrackPointExtension></extensions></trkpt><trkpt lat="56.024357" lon="37.852172"><ele>165.0</ele><time>2026-06-24T04:53:43Z</time><extensions><gpxtpx:TrackPointExtension><gpxtpx:hr>166</gpxtpx:hr></gpxtpx:TrackPointExtension></extensions></trkpt><trkpt lat="56.02432" lon="37.852165"><ele>165.0</ele><time>2026-06-24T04:53:44Z</time><extensions><gpxtpx:TrackPointExtension><gpxtpx:hr>166</gpxtpx:hr></gpxtpx:TrackPointExtension></extensions></trkpt><trkpt lat="56.024282" lon="37.852162"><ele>165.0</ele><time>2026-06-24T04:53:45Z</time><extensions><gpxtpx:TrackPointExtension><gpxtpx:hr>167</gpxtpx:hr></gpxtpx:TrackPointExtension></extensions></trkpt><trkpt lat="56.02425" lon="37.85216"><ele>165.0</ele><time>2026-06-24T04:53:46Z</time><extensions><gpxtpx:TrackPointExtension><gpxtpx:hr>167</gpxtpx:hr></gpxtpx:TrackPointExtension></extensions></trkpt><trkpt lat="56.024212" lon="37.852162"><ele>165.2</ele><time>2026-06-24T04:53:47Z</time><extensions><gpxtpx:TrackPointExtension><gpxtpx:hr>168</gpxtpx:hr></gpxtpx:TrackPointExtension></extensions></trkpt><trkpt lat="56.024175" lon="37.852167"><ele>165.2</ele><time>2026-06-24T04:53:48Z</time><extensions><gpxtpx:TrackPointExtension><gpxtpx:hr>168</gpxtpx:hr></gpxtpx:TrackPointExtension></extensions></trkpt><trkpt lat="56.02414" lon="37.852172"><ele>165.2</ele><time>2026-06-24T04:53:49Z</time><extensions><gpxtpx:TrackPointExtension><gpxtpx:hr>168</gpxtpx:hr></gpxtpx:TrackPointExtension></extensions></trkpt><trkpt lat="56.024102" lon="37.85217"><ele>165.2</ele><time>2026-06-24T04:53:50Z</time><extensions><gpxtpx:TrackPointExtension><gpxtpx:hr>168</gpxtpx:hr></gpxtpx:TrackPointExtension></extensions></trkpt><trkpt lat="56.024067" lon="37.852167"><ele>165.2</ele><time>2026-06-24T04:53:51Z</time><extensions><gpxtpx:TrackPointExtension><gpxtpx:hr>166</gpxtpx:hr></gpxtpx:TrackPointExtension></extensions></trkpt><trkpt lat="56.02403" lon="37.852167"><ele>165.2</ele><time>2026-06-24T04:53:52Z</time><extensions><gpxtpx:TrackPointExtension><gpxtpx:hr>167</gpxtpx:hr></gpxtpx:TrackPointExtension></extensions></trkpt><trkpt lat="56.023992" lon="37.852167"><ele>165.2</ele><time>2026-06-24T04:53:53Z</time><extensions><gpxtpx:TrackPointExtension><gpxtpx:hr>169</gpxtpx:hr></gpxtpx:TrackPointExtension></extensions></trkpt><trkpt lat="56.023915" lon="37.852182"><ele>165.2</ele><time>2026-06-24T04:53:55Z</time><extensions><gpxtpx:TrackPointExtension><gpxtpx:hr>169</gpxtpx:hr></gpxtpx:TrackPointExtension></extensions></trkpt><trkpt lat="56.02388" lon="37.852202"><ele>165.2</ele><time>2026-06-24T04:53:56Z</time><extensions><gpxtpx:TrackPointExtension><gpxtpx:hr>168</gpxtpx:hr></gpxtpx:TrackPointExtension></extensions></trkpt><trkpt lat="56.02385" lon="37.85224"><ele>165.2</ele><time>2026-06-24T04:53:57Z</time><extensions><gpxtpx:TrackPointExtension><gpxtpx:hr>167</gpxtpx:hr></gpxtpx:TrackPointExtension></extensions></trkpt><trkpt lat="56.023825" lon="37.852292"><ele>165.2</ele><time>2026-06-24T04:53:58Z</time><extensions><gpxtpx:TrackPointExtension><gpxtpx:hr>167</gpxtpx:hr></gpxtpx:TrackPointExtension></extensions></trkpt><trkpt lat="56.023807" lon="37.852352"><ele>165.2</ele><time>2026-06-24T04:53:59Z</time><extensions><gpxtpx:TrackPointExtension><gpxtpx:hr>167</gpxtpx:hr></gpxtpx:TrackPointExtension></extensions></trkpt><trkpt lat="56.023795" lon="37.852422"><ele>165.2</ele><time>2026-06-24T04:54:00Z</time><extensions><gpxtpx:TrackPointExtension><gpxtpx:hr>168</gpxtpx:hr></gpxtpx:TrackPointExtension></extensions></trkpt><trkpt lat="56.023792" lon="37.852495"><ele>165.4</ele><time>2026-06-24T04:54:01Z</time><extensions><gpxtpx:TrackPointExtension><gpxtpx:hr>168</gpxtpx:hr></gpxtpx:TrackPointExtension></extensions></trkpt><trkpt lat="56.023792" lon="37.852565"><ele>165.4</ele><time>2026-06-24T04:54:02Z</time><extensions><gpxtpx:TrackPointExtension><gpxtpx:hr>170</gpxtpx:hr></gpxtpx:TrackPointExtension></extensions></trkpt><trkpt lat="56.023822" lon="37.852692"><ele>165.4</ele><time>2026-06-24T04:54:04Z</time><extensions><gpxtpx:TrackPointExtension><gpxtpx:hr>169</gpxtpx:hr></gpxtpx:TrackPointExtension></extensions></trkpt><trkpt lat="56.023847" lon="37.85274"><ele>165.4</ele><time>2026-06-24T04:54:05Z</time><extensions><gpxtpx:TrackPointExtension><gpxtpx:hr>170</gpxtpx:hr></gpxtpx:TrackPointExtension></extensions></trkpt><trkpt lat="56.023912" lon="37.852792"><ele>165.4</ele><time>2026-06-24T04:54:07Z</time><extensions><gpxtpx:TrackPointExtension><gpxtpx:hr>169</gpxtpx:hr></gpxtpx:TrackPointExtension></extensions></trkpt><trkpt lat="56.023947" lon="37.852802"><ele>165.4</ele><time>2026-06-24T04:54:08Z</time><extensions><gpxtpx:TrackPointExtension><gpxtpx:hr>169</gpxtpx:hr></gpxtpx:TrackPointExtension></extensions></trkpt><trkpt lat="56.023985" lon="37.852805"><ele>165.4</ele><time>2026-06-24T04:54:09Z</time><extensions><gpxtpx:TrackPointExtension><gpxtpx:hr>168</gpxtpx:hr></gpxtpx:TrackPointExtension></extensions></trkpt><trkpt lat="56.02402" lon="37.852802"><ele>165.4</ele><time>2026-06-24T04:54:10Z</time><extensions><gpxtpx:TrackPointExtension><gpxtpx:hr>169</gpxtpx:hr></gpxtpx:TrackPointExtension></extensions></trkpt><trkpt lat="56.02409" lon="37.852795"><ele>165.4</ele><time>2026-06-24T04:54:12Z</time><extensions><gpxtpx:TrackPointExtension><gpxtpx:hr>170</gpxtpx:hr></gpxtpx:TrackPointExtension></extensions></trkpt><trkpt lat="56.024127" lon="37.852792"><ele>165.6</ele><time>2026-06-24T04:54:13Z</time><extensions><gpxtpx:TrackPointExtension><gpxtpx:hr>169</gpxtpx:hr></gpxtpx:TrackPointExtension></extensions></trkpt><trkpt lat="56.024197" lon="37.852787"><ele>165.6</ele><time>2026-06-24T04:54:15Z</time><extensions><gpxtpx:TrackPointExtension><gpxtpx:hr>169</gpxtpx:hr></gpxtpx:TrackPointExtension></extensions></trkpt><trkpt lat="56.024232" lon="37.852787"><ele>165.6</ele><time>2026-06-24T04:54:16Z</time><extensions><gpxtpx:TrackPointExtension><gpxtpx:hr>170</gpxtpx:hr></gpxtpx:TrackPointExtension></extensions></trkpt><trkpt lat="56.024298" lon="37.85279"><ele>165.6</ele><time>2026-06-24T04:54:18Z</time><extensions><gpxtpx:TrackPointExtension><gpxtpx:hr>172</gpxtpx:hr></gpxtpx:TrackPointExtension></extensions></trkpt><trkpt lat="56.024332" lon="37.85279"><ele>165.6</ele><time>2026-06-24T04:54:19Z</time><extensions><gpxtpx:TrackPointExtension><gpxtpx:hr>171</gpxtpx:hr></gpxtpx:TrackPointExtension></extensions></trkpt><trkpt lat="56.024372" lon="37.852785"><ele>165.6</ele><time>2026-06-24T04:54:20Z</time><extensions><gpxtpx:TrackPointExtension><gpxtpx:hr>171</gpxtpx:hr></gpxtpx:TrackPointExtension></extensions></trkpt><trkpt lat="56.024405" lon="37.85278"><ele>165.6</ele><time>2026-06-24T04:54:21Z</time><extensions><gpxtpx:TrackPointExtension><gpxtpx:hr>171</gpxtpx:hr></gpxtpx:TrackPointExtension></extensions></trkpt><trkpt lat="56.024442" lon="37.85277"><ele>165.6</ele><time>2026-06-24T04:54:22Z</time><extensions><gpxtpx:TrackPointExtension><gpxtpx:hr>171</gpxtpx:hr></gpxtpx:TrackPointExtension></extensions></trkpt><trkpt lat="56.024505" lon="37.85271"><ele>165.6</ele><time>2026-06-24T04:54:24Z</time><extensions><gpxtpx:TrackPointExtension><gpxtpx:hr>170</gpxtpx:hr></gpxtpx:TrackPointExtension></extensions></trkpt><trkpt lat="56.024532" lon="37.852665"><ele>165.4</ele><time>2026-06-24T04:54:25Z</time><extensions><gpxtpx:TrackPointExtension><gpxtpx:hr>170</gpxtpx:hr></gpxtpx:TrackPointExtension></extensions></trkpt><trkpt lat="56.02456" lon="37.852555"><ele>165.2</ele><time>2026-06-24T04:54:27Z</time><extensions><gpxtpx:TrackPointExtension><gpxtpx:hr>170</gpxtpx:hr></gpxtpx:TrackPointExtension></extensions></trkpt><trkpt lat="56.024565" lon="37.852492"><ele>165.0</ele><time>2026-06-24T04:54:28Z</time><extensions><gpxtpx:TrackPointExtension><gpxtpx:hr>169</gpxtpx:hr></gpxtpx:TrackPointExtension></extensions></trkpt><trkpt lat="56.024552" lon="37.852367"><ele>165.0</ele><time>2026-06-24T04:54:30Z</time><extensions><gpxtpx:TrackPointExtension><gpxtpx:hr>170</gpxtpx:hr></gpxtpx:TrackPointExtension></extensions></trkpt><trkpt lat="56.024537" lon="37.852307"><ele>165.0</ele><time>2026-06-24T04:54:31Z</time><extensions><gpxtpx:TrackPointExtension><gpxtpx:hr>170</gpxtpx:hr></gpxtpx:TrackPointExtension></extensions></trkpt><trkpt lat="56.024487" lon="37.852222"><ele>165.2</ele><time>2026-06-24T04:54:33Z</time><extensions><gpxtpx:TrackPointExtension><gpxtpx:hr>170</gpxtpx:hr></gpxtpx:TrackPointExtension></extensions></trkpt><trkpt lat="56.024452" lon="37.8522"><ele>165.2</ele><time>2026-06-24T04:54:34Z</time><extensions><gpxtpx:TrackPointExtension><gpxtpx:hr>170</gpxtpx:hr></gpxtpx:TrackPointExtension></extensions></trkpt><trkpt lat="56.02442" lon="37.852187"><ele>165.2</ele><time>2026-06-24T04:54:35Z</time><extensions><gpxtpx:TrackPointExtension><gpxtpx:hr>170</gpxtpx:hr></gpxtpx:TrackPointExtension></extensions></trkpt><trkpt lat="56.024382" lon="37.852175"><ele>165.2</ele><time>2026-06-24T04:54:36Z</time><extensions><gpxtpx:TrackPointExtension><gpxtpx:hr>170</gpxtpx:hr></gpxtpx:TrackPointExtension></extensions></trkpt><trkpt lat="56.024347" lon="37.852172"><ele>165.4</ele><time>2026-06-24T04:54:37Z</time><extensions><gpxtpx:TrackPointExtension><gpxtpx:hr>170</gpxtpx:hr></gpxtpx:TrackPointExtension></extensions></trkpt><trkpt lat="56.024312" lon="37.852175"><ele>165.4</ele><time>2026-06-24T04:54:38Z</time><extensions><gpxtpx:TrackPointExtension><gpxtpx:hr>172</gpxtpx:hr></gpxtpx:TrackPointExtension></extensions></trkpt><trkpt lat="56.024277" lon="37.85217"><ele>165.4</ele><time>2026-06-24T04:54:39Z</time><extensions><gpxtpx:TrackPointExtension><gpxtpx:hr>170</gpxtpx:hr></gpxtpx:TrackPointExtension></extensions></trkpt><trkpt lat="56.02424" lon="37.852167"><ele>165.4</ele><time>2026-06-24T04:54:40Z</time><extensions><gpxtpx:TrackPointExtension><gpxtpx:hr>171</gpxtpx:hr></gpxtpx:TrackPointExtension></extensions></trkpt><trkpt lat="56.024202" lon="37.852167"><ele>165.4</ele><time>2026-06-24T04:54:41Z</time><extensions><gpxtpx:TrackPointExtension><gpxtpx:hr>172</gpxtpx:hr></gpxtpx:TrackPointExtension></extensions></trkpt><trkpt lat="56.024167" lon="37.85217"><ele>165.4</ele><time>2026-06-24T04:54:42Z</time><extensions><gpxtpx:TrackPointExtension><gpxtpx:hr>171</gpxtpx:hr></gpxtpx:TrackPointExtension></extensions></trkpt><trkpt lat="56.02413" lon="37.852162"><ele>165.4</ele><time>2026-06-24T04:54:43Z</time><extensions><gpxtpx:TrackPointExtension><gpxtpx:hr>172</gpxtpx:hr></gpxtpx:TrackPointExtension></extensions></trkpt><trkpt lat="56.024097" lon="37.85216"><ele>165.4</ele><time>2026-06-24T04:54:44Z</time><extensions><gpxtpx:TrackPointExtension><gpxtpx:hr>171</gpxtpx:hr></gpxtpx:TrackPointExtension></extensions></trkpt><trkpt lat="56.024062" lon="37.852157"><ele>165.6</ele><time>2026-06-24T04:54:45Z</time><extensions><gpxtpx:TrackPointExtension><gpxtpx:hr>172</gpxtpx:hr></gpxtpx:TrackPointExtension></extensions></trkpt><trkpt lat="56.024027" lon="37.85216"><ele>165.6</ele><time>2026-06-24T04:54:46Z</time><extensions><gpxtpx:TrackPointExtension><gpxtpx:hr>172</gpxtpx:hr></gpxtpx:TrackPointExtension></extensions></trkpt><trkpt lat="56.023992" lon="37.852157"><ele>165.6</ele><time>2026-06-24T04:54:47Z</time><extensions><gpxtpx:TrackPointExtension><gpxtpx:hr>171</gpxtpx:hr></gpxtpx:TrackPointExtension></extensions></trkpt><trkpt lat="56.023957" lon="37.852162"><ele>165.6</ele><time>2026-06-24T04:54:48Z</time><extensions><gpxtpx:TrackPointExtension><gpxtpx:hr>172</gpxtpx:hr></gpxtpx:TrackPointExtension></extensions></trkpt><trkpt lat="56.023922" lon="37.85217"><ele>165.6</ele><time>2026-06-24T04:54:49Z</time><extensions><gpxtpx:TrackPointExtension><gpxtpx:hr>172</gpxtpx:hr></gpxtpx:TrackPointExtension></extensions></trkpt><trkpt lat="56.023862" lon="37.852223"><ele>165.4</ele><time>2026-06-24T04:54:51Z</time><extensions><gpxtpx:TrackPointExtension><gpxtpx:hr>171</gpxtpx:hr></gpxtpx:TrackPointExtension></extensions></trkpt><trkpt lat="56.023832" lon="37.852277"><ele>165.4</ele><time>2026-06-24T04:54:52Z</time><extensions><gpxtpx:TrackPointExtension><gpxtpx:hr>172</gpxtpx:hr></gpxtpx:TrackPointExtension></extensions></trkpt><trkpt lat="56.023815" lon="37.852332"><ele>165.4</ele><time>2026-06-24T04:54:53Z</time><extensions><gpxtpx:TrackPointExtension><gpxtpx:hr>172</gpxtpx:hr></gpxtpx:TrackPointExtension></extensions></trkpt><trkpt lat="56.023802" lon="37.8524"><ele>165.4</ele><time>2026-06-24T04:54:54Z</time><extensions><gpxtpx:TrackPointExtension><gpxtpx:hr>171</gpxtpx:hr></gpxtpx:TrackPointExtension></extensions></trkpt><trkpt lat="56.023797" lon="37.852467"><ele>165.4</ele><time>2026-06-24T04:54:55Z</time><extensions><gpxtpx:TrackPointExtension><gpxtpx:hr>172</gpxtpx:hr></gpxtpx:TrackPointExtension></extensions></trkpt><trkpt lat="56.023812" lon="37.852602"><ele>165.6</ele><time>2026-06-24T04:54:57Z</time><extensions><gpxtpx:TrackPointExtension><gpxtpx:hr>171</gpxtpx:hr></gpxtpx:TrackPointExtension></extensions></trkpt><trkpt lat="56.023827" lon="37.852662"><ele>165.6</ele><time>2026-06-24T04:54:58Z</time><extensions><gpxtpx:TrackPointExtension><gpxtpx:hr>171</gpxtpx:hr></gpxtpx:TrackPointExtension></extensions></trkpt><trkpt lat="56.023852" lon="37.852712"><ele>165.6</ele><time>2026-06-24T04:54:59Z</time><extensions><gpxtpx:TrackPointExtension><gpxtpx:hr>170</gpxtpx:hr></gpxtpx:TrackPointExtension></extensions></trkpt><trkpt lat="56.02388" lon="37.852752"><ele>165.6</ele><time>2026-06-24T04:55:00Z</time><extensions><gpxtpx:TrackPointExtension><gpxtpx:hr>170</gpxtpx:hr></gpxtpx:TrackPointExtension></extensions></trkpt><trkpt lat="56.023912" lon="37.85278"><ele>165.6</ele><time>2026-06-24T04:55:01Z</time><extensions><gpxtpx:TrackPointExtension><gpxtpx:hr>170</gpxtpx:hr></gpxtpx:TrackPointExtension></extensions></trkpt><trkpt lat="56.023947" lon="37.852792"><ele>165.6</ele><time>2026-06-24T04:55:02Z</time><extensions><gpxtpx:TrackPointExtension><gpxtpx:hr>170</gpxtpx:hr></gpxtpx:TrackPointExtension></extensions></trkpt><trkpt lat="56.023982" lon="37.852802"><ele>165.4</ele><time>2026-06-24T04:55:03Z</time><extensions><gpxtpx:TrackPointExtension><gpxtpx:hr>170</gpxtpx:hr></gpxtpx:TrackPointExtension></extensions></trkpt><trkpt lat="56.024017" lon="37.852795"><ele>165.4</ele><time>2026-06-24T04:55:04Z</time><extensions><gpxtpx:TrackPointExtension><gpxtpx:hr>170</gpxtpx:hr></gpxtpx:TrackPointExtension></extensions></trkpt><trkpt lat="56.024087" lon="37.85279"><ele>165.4</ele><time>2026-06-24T04:55:06Z</time><extensions><gpxtpx:TrackPointExtension><gpxtpx:hr>169</gpxtpx:hr></gpxtpx:TrackPointExtension></extensions></trkpt><trkpt lat="56.02412" lon="37.85279"><ele>165.4</ele><time>2026-06-24T04:55:07Z</time><extensions><gpxtpx:TrackPointExtension><gpxtpx:hr>170</gpxtpx:hr></gpxtpx:TrackPointExtension></extensions></trkpt><trkpt lat="56.024155" lon="37.85279"><ele>165.4</ele><time>2026-06-24T04:55:08Z</time><extensions><gpxtpx:TrackPointExtension><gpxtpx:hr>170</gpxtpx:hr></gpxtpx:TrackPointExtension></extensions></trkpt><trkpt lat="56.02419" lon="37.852787"><ele>165.4</ele><time>2026-06-24T04:55:09Z</time><extensions><gpxtpx:TrackPointExtension><gpxtpx:hr>170</gpxtpx:hr></gpxtpx:TrackPointExtension></extensions></trkpt><trkpt lat="56.024227" lon="37.852787"><ele>165.6</ele><time>2026-06-24T04:55:10Z</time><extensions><gpxtpx:TrackPointExtension><gpxtpx:hr>170</gpxtpx:hr></gpxtpx:TrackPointExtension></extensions></trkpt><trkpt lat="56.02426" lon="37.852785"><ele>165.6</ele><time>2026-06-24T04:55:11Z</time><extensions><gpxtpx:TrackPointExtension><gpxtpx:hr>171</gpxtpx:hr></gpxtpx:TrackPointExtension></extensions></trkpt><trkpt lat="56.024297" lon="37.852787"><ele>165.6</ele><time>2026-06-24T04:55:12Z</time><extensions><gpxtpx:TrackPointExtension><gpxtpx:hr>172</gpxtpx:hr></gpxtpx:TrackPointExtension></extensions></trkpt><trkpt lat="56.02433" lon="37.852785"><ele>165.6</ele><time>2026-06-24T04:55:13Z</time><extensions><gpxtpx:TrackPointExtension><gpxtpx:hr>172</gpxtpx:hr></gpxtpx:TrackPointExtension></extensions></trkpt><trkpt lat="56.024362" lon="37.852785"><ele>165.4</ele><time>2026-06-24T04:55:14Z</time><extensions><gpxtpx:TrackPointExtension><gpxtpx:hr>172</gpxtpx:hr></gpxtpx:TrackPointExtension></extensions></trkpt><trkpt lat="56.024397" lon="37.85278"><ele>165.6</ele><time>2026-06-24T04:55:15Z</time><extensions><gpxtpx:TrackPointExtension><gpxtpx:hr>173</gpxtpx:hr></gpxtpx:TrackPointExtension></extensions></trkpt><trkpt lat="56.024432" lon="37.852772"><ele>165.6</ele><time>2026-06-24T04:55:16Z</time><extensions><gpxtpx:TrackPointExtension><gpxtpx:hr>172</gpxtpx:hr></gpxtpx:TrackPointExtension></extensions></trkpt><trkpt lat="56.024492" lon="37.852715"><ele>165.6</ele><time>2026-06-24T04:55:18Z</time><extensions><gpxtpx:TrackPointExtension><gpxtpx:hr>172</gpxtpx:hr></gpxtpx:TrackPointExtension></extensions></trkpt><trkpt lat="56.024517" lon="37.852667"><ele>165.6</ele><time>2026-06-24T04:55:19Z</time><extensions><gpxtpx:TrackPointExtension><gpxtpx:hr>172</gpxtpx:hr></gpxtpx:TrackPointExtension></extensions></trkpt><trkpt lat="56.02455" lon="37.852555"><ele>165.4</ele><time>2026-06-24T04:55:21Z</time><extensions><gpxtpx:TrackPointExtension><gpxtpx:hr>173</gpxtpx:hr></gpxtpx:TrackPointExtension></extensions></trkpt><trkpt lat="56.024557" lon="37.852492"><ele>165.4</ele><time>2026-06-24T04:55:22Z</time><extensions><gpxtpx:TrackPointExtension><gpxtpx:hr>172</gpxtpx:hr></gpxtpx:TrackPointExtension></extensions></trkpt><trkpt lat="56.024542" lon="37.852367"><ele>165.4</ele><time>2026-06-24T04:55:24Z</time><extensions><gpxtpx:TrackPointExtension><gpxtpx:hr>173</gpxtpx:hr></gpxtpx:TrackPointExtension></extensions></trkpt><trkpt lat="56.024527" lon="37.852317"><ele>165.2</ele><time>2026-06-24T04:55:25Z</time><extensions><gpxtpx:TrackPointExtension><gpxtpx:hr>172</gpxtpx:hr></gpxtpx:TrackPointExtension></extensions></trkpt><trkpt lat="56.024507" lon="37.852275"><ele>165.2</ele><time>2026-06-24T04:55:26Z</time><extensions><gpxtpx:TrackPointExtension><gpxtpx:hr>172</gpxtpx:hr></gpxtpx:TrackPointExtension></extensions></trkpt><trkpt lat="56.024477" lon="37.852237"><ele>165.2</ele><time>2026-06-24T04:55:27Z</time><extensions><gpxtpx:TrackPointExtension><gpxtpx:hr>172</gpxtpx:hr></gpxtpx:TrackPointExtension></extensions></trkpt><trkpt lat="56.024447" lon="37.85221"><ele>165.2</ele><time>2026-06-24T04:55:28Z</time><extensions><gpxtpx:TrackPointExtension><gpxtpx:hr>173</gpxtpx:hr></gpxtpx:TrackPointExtension></extensions></trkpt><trkpt lat="56.024412" lon="37.852192"><ele>165.4</ele><time>2026-06-24T04:55:29Z</time><extensions><gpxtpx:TrackPointExtension><gpxtpx:hr>172</gpxtpx:hr></gpxtpx:TrackPointExtension></extensions></trkpt><trkpt lat="56.024377" lon="37.852187"><ele>165.4</ele><time>2026-06-24T04:55:30Z</time><extensions><gpxtpx:TrackPointExtension><gpxtpx:hr>172</gpxtpx:hr></gpxtpx:TrackPointExtension></extensions></trkpt><trkpt lat="56.024342" lon="37.852182"><ele>165.2</ele><time>2026-06-24T04:55:31Z</time><extensions><gpxtpx:TrackPointExtension><gpxtpx:hr>172</gpxtpx:hr></gpxtpx:TrackPointExtension></extensions></trkpt><trkpt lat="56.02431" lon="37.85218"><ele>165.2</ele><time>2026-06-24T04:55:32Z</time><extensions><gpxtpx:TrackPointExtension><gpxtpx:hr>172</gpxtpx:hr></gpxtpx:TrackPointExtension></extensions></trkpt><trkpt lat="56.024282" lon="37.852172"><ele>165.2</ele><time>2026-06-24T04:55:33Z</time><extensions><gpxtpx:TrackPointExtension><gpxtpx:hr>170</gpxtpx:hr></gpxtpx:TrackPointExtension></extensions></trkpt><trkpt lat="56.024255" lon="37.85217"><ele>165.4</ele><time>2026-06-24T04:55:34Z</time><extensions><gpxtpx:TrackPointExtension><gpxtpx:hr>170</gpxtpx:hr></gpxtpx:TrackPointExtension></extensions></trkpt><trkpt lat="56.024232" lon="37.852167"><ele>165.4</ele><time>2026-06-24T04:55:35Z</time><extensions><gpxtpx:TrackPointExtension><gpxtpx:hr>172</gpxtpx:hr></gpxtpx:TrackPointExtension></extensions></trkpt><trkpt lat="56.024207" lon="37.85216"><ele>165.4</ele><time>2026-06-24T04:55:36Z</time><extensions><gpxtpx:TrackPointExtension><gpxtpx:hr>172</gpxtpx:hr></gpxtpx:TrackPointExtension></extensions></trkpt><trkpt lat="56.024187" lon="37.852157"><ele>165.4</ele><time>2026-06-24T04:55:37Z</time><extensions><gpxtpx:TrackPointExtension><gpxtpx:hr>170</gpxtpx:hr></gpxtpx:TrackPointExtension></extensions></trkpt><trkpt lat="56.024152" lon="37.852167"><ele>165.4</ele><time>2026-06-24T04:55:39Z</time><extensions><gpxtpx:TrackPointExtension><gpxtpx:hr>171</gpxtpx:hr></gpxtpx:TrackPointExtension></extensions></trkpt><trkpt lat="56.024117" lon="37.852165"><ele>165.4</ele><time>2026-06-24T04:55:41Z</time><extensions><gpxtpx:TrackPointExtension><gpxtpx:hr>169</gpxtpx:hr></gpxtpx:TrackPointExtension></extensions></trkpt><trkpt lat="56.0241" lon="37.852167"><ele>165.4</ele><time>2026-06-24T04:55:42Z</time><extensions><gpxtpx:TrackPointExtension><gpxtpx:hr>169</gpxtpx:hr></gpxtpx:TrackPointExtension></extensions></trkpt><trkpt lat="56.024082" lon="37.852172"><ele>165.4</ele><time>2026-06-24T04:55:43Z</time><extensions><gpxtpx:TrackPointExtension><gpxtpx:hr>170</gpxtpx:hr></gpxtpx:TrackPointExtension></extensions></trkpt><trkpt lat="56.024062" lon="37.852172"><ele>165.4</ele><time>2026-06-24T04:55:44Z</time><extensions><gpxtpx:TrackPointExtension><gpxtpx:hr>168</gpxtpx:hr></gpxtpx:TrackPointExtension></extensions></trkpt><trkpt lat="56.024042" lon="37.852172"><ele>165.4</ele><time>2026-06-24T04:55:45Z</time><extensions><gpxtpx:TrackPointExtension><gpxtpx:hr>167</gpxtpx:hr></gpxtpx:TrackPointExtension></extensions></trkpt><trkpt lat="56.024022" lon="37.852172"><ele>165.4</ele><time>2026-06-24T04:55:46Z</time><extensions><gpxtpx:TrackPointExtension><gpxtpx:hr>167</gpxtpx:hr></gpxtpx:TrackPointExtension></extensions></trkpt><trkpt lat="56.024002" lon="37.852167"><ele>165.4</ele><time>2026-06-24T04:55:47Z</time><extensions><gpxtpx:TrackPointExtension><gpxtpx:hr>168</gpxtpx:hr></gpxtpx:TrackPointExtension></extensions></trkpt><trkpt lat="56.023982" lon="37.852167"><ele>165.4</ele><time>2026-06-24T04:55:48Z</time><extensions><gpxtpx:TrackPointExtension><gpxtpx:hr>168</gpxtpx:hr></gpxtpx:TrackPointExtension></extensions></trkpt><trkpt lat="56.02396" lon="37.85217"><ele>165.4</ele><time>2026-06-24T04:55:49Z</time><extensions><gpxtpx:TrackPointExtension><gpxtpx:hr>166</gpxtpx:hr></gpxtpx:TrackPointExtension></extensions></trkpt><trkpt lat="56.023937" lon="37.852175"><ele>165.2</ele><time>2026-06-24T04:55:50Z</time><extensions><gpxtpx:TrackPointExtension><gpxtpx:hr>166</gpxtpx:hr></gpxtpx:TrackPointExtension></extensions></trkpt><trkpt lat="56.023897" lon="37.8522"><ele>165.2</ele><time>2026-06-24T04:55:52Z</time><extensions><gpxtpx:TrackPointExtension><gpxtpx:hr>167</gpxtpx:hr></gpxtpx:TrackPointExtension></extensions></trkpt><trkpt lat="56.023882" lon="37.852215"><ele>165.2</ele><time>2026-06-24T04:55:53Z</time><extensions><gpxtpx:TrackPointExtension><gpxtpx:hr>166</gpxtpx:hr></gpxtpx:TrackPointExtension></extensions></trkpt><trkpt lat="56.023852" lon="37.852262"><ele>165.2</ele><time>2026-06-24T04:55:55Z</time><extensions><gpxtpx:TrackPointExtension><gpxtpx:hr>166</gpxtpx:hr></gpxtpx:TrackPointExtension></extensions></trkpt><trkpt lat="56.023837" lon="37.852292"><ele>165.4</ele><time>2026-06-24T04:55:56Z</time><extensions><gpxtpx:TrackPointExtension><gpxtpx:hr>165</gpxtpx:hr></gpxtpx:TrackPointExtension></extensions></trkpt><trkpt lat="56.023827" lon="37.852325"><ele>165.2</ele><time>2026-06-24T04:55:57Z</time><extensions><gpxtpx:TrackPointExtension><gpxtpx:hr>164</gpxtpx:hr></gpxtpx:TrackPointExtension></extensions></trkpt><trkpt lat="56.023822" lon="37.85236"><ele>165.2</ele><time>2026-06-24T04:55:58Z</time><extensions><gpxtpx:TrackPointExtension><gpxtpx:hr>165</gpxtpx:hr></gpxtpx:TrackPointExtension></extensions></trkpt><trkpt lat="56.023812" lon="37.852397"><ele>165.2</ele><time>2026-06-24T04:55:59Z</time><extensions><gpxtpx:TrackPointExtension><gpxtpx:hr>164</gpxtpx:hr></gpxtpx:TrackPointExtension></extensions></trkpt><trkpt lat="56.023807" lon="37.852432"><ele>165.2</ele><time>2026-06-24T04:56:00Z</time><extensions><gpxtpx:TrackPointExtension><gpxtpx:hr>165</gpxtpx:hr></gpxtpx:TrackPointExtension></extensions></trkpt><trkpt lat="56.02381" lon="37.852467"><ele>165.2</ele><time>2026-06-24T04:56:01Z</time><extensions><gpxtpx:TrackPointExtension><gpxtpx:hr>163</gpxtpx:hr></gpxtpx:TrackPointExtension></extensions></trkpt><trkpt lat="56.023817" lon="37.85254"><ele>165.4</ele><time>2026-06-24T04:56:03Z</time><extensions><gpxtpx:TrackPointExtension><gpxtpx:hr>163</gpxtpx:hr></gpxtpx:TrackPointExtension></extensions></trkpt><trkpt lat="56.023822" lon="37.852577"><ele>165.4</ele><time>2026-06-24T04:56:04Z</time><extensions><gpxtpx:TrackPointExtension><gpxtpx:hr>163</gpxtpx:hr></gpxtpx:TrackPointExtension></extensions></trkpt><trkpt lat="56.023832" lon="37.852615"><ele>165.4</ele><time>2026-06-24T04:56:05Z</time><extensions><gpxtpx:TrackPointExtension><gpxtpx:hr>163</gpxtpx:hr></gpxtpx:TrackPointExtension></extensions></trkpt><trkpt lat="56.023842" lon="37.852647"><ele>165.4</ele><time>2026-06-24T04:56:06Z</time><extensions><gpxtpx:TrackPointExtension><gpxtpx:hr>163</gpxtpx:hr></gpxtpx:TrackPointExtension></extensions></trkpt><trkpt lat="56.023857" lon="37.852673"><ele>165.4</ele><time>2026-06-24T04:56:07Z</time><extensions><gpxtpx:TrackPointExtension><gpxtpx:hr>164</gpxtpx:hr></gpxtpx:TrackPointExtension></extensions></trkpt><trkpt lat="56.023872" lon="37.852702"><ele>165.4</ele><time>2026-06-24T04:56:08Z</time><extensions><gpxtpx:TrackPointExtension><gpxtpx:hr>162</gpxtpx:hr></gpxtpx:TrackPointExtension></extensions></trkpt><trkpt lat="56.02389" lon="37.852722"><ele>165.4</ele><time>2026-06-24T04:56:09Z</time><extensions><gpxtpx:TrackPointExtension><gpxtpx:hr>162</gpxtpx:hr></gpxtpx:TrackPointExtension></extensions></trkpt><trkpt lat="56.023907" lon="37.852742"><ele>165.4</ele><time>2026-06-24T04:56:10Z</time><extensions><gpxtpx:TrackPointExtension><gpxtpx:hr>162</gpxtpx:hr></gpxtpx:TrackPointExtension></extensions></trkpt><trkpt lat="56.023927" lon="37.852757"><ele>165.4</ele><time>2026-06-24T04:56:11Z</time><extensions><gpxtpx:TrackPointExtension><gpxtpx:hr>162</gpxtpx:hr></gpxtpx:TrackPointExtension></extensions></trkpt><trkpt lat="56.02395" lon="37.852762"><ele>165.4</ele><time>2026-06-24T04:56:12Z</time><extensions><gpxtpx:TrackPointExtension><gpxtpx:hr>162</gpxtpx:hr></gpxtpx:TrackPointExtension></extensions></trkpt><trkpt lat="56.02397" lon="37.852767"><ele>165.4</ele><time>2026-06-24T04:56:13Z</time><extensions><gpxtpx:TrackPointExtension><gpxtpx:hr>162</gpxtpx:hr></gpxtpx:TrackPointExtension></extensions></trkpt><trkpt lat="56.023992" lon="37.852772"><ele>165.4</ele><time>2026-06-24T04:56:14Z</time><extensions><gpxtpx:TrackPointExtension><gpxtpx:hr>162</gpxtpx:hr></gpxtpx:TrackPointExtension></extensions></trkpt><trkpt lat="56.024015" lon="37.852775"><ele>165.4</ele><time>2026-06-24T04:56:15Z</time><extensions><gpxtpx:TrackPointExtension><gpxtpx:hr>162</gpxtpx:hr></gpxtpx:TrackPointExtension></extensions></trkpt><trkpt lat="56.024035" lon="37.852775"><ele>165.4</ele><time>2026-06-24T04:56:16Z</time><extensions><gpxtpx:TrackPointExtension><gpxtpx:hr>162</gpxtpx:hr></gpxtpx:TrackPointExtension></extensions></trkpt><trkpt lat="56.024075" lon="37.852772"><ele>165.4</ele><time>2026-06-24T04:56:18Z</time><extensions><gpxtpx:TrackPointExtension><gpxtpx:hr>161</gpxtpx:hr></gpxtpx:TrackPointExtension></extensions></trkpt><trkpt lat="56.024095" lon="37.852772"><ele>165.4</ele><time>2026-06-24T04:56:19Z</time><extensions><gpxtpx:TrackPointExtension><gpxtpx:hr>160</gpxtpx:hr></gpxtpx:TrackPointExtension></extensions></trkpt><trkpt lat="56.024112" lon="37.852772"><ele>165.4</ele><time>2026-06-24T04:56:20Z</time><extensions><gpxtpx:TrackPointExtension><gpxtpx:hr>160</gpxtpx:hr></gpxtpx:TrackPointExtension></extensions></trkpt><trkpt lat="56.024132" lon="37.852775"><ele>165.4</ele><time>2026-06-24T04:56:21Z</time><extensions><gpxtpx:TrackPointExtension><gpxtpx:hr>159</gpxtpx:hr></gpxtpx:TrackPointExtension></extensions></trkpt><trkpt lat="56.024155" lon="37.852775"><ele>165.4</ele><time>2026-06-24T04:56:22Z</time><extensions><gpxtpx:TrackPointExtension><gpxtpx:hr>159</gpxtpx:hr></gpxtpx:TrackPointExtension></extensions></trkpt><trkpt lat="56.024177" lon="37.852777"><ele>165.4</ele><time>2026-06-24T04:56:23Z</time><extensions><gpxtpx:TrackPointExtension><gpxtpx:hr>158</gpxtpx:hr></gpxtpx:TrackPointExtension></extensions></trkpt><trkpt lat="56.0242" lon="37.852777"><ele>165.4</ele><time>2026-06-24T04:56:24Z</time><extensions><gpxtpx:TrackPointExtension><gpxtpx:hr>158</gpxtpx:hr></gpxtpx:TrackPointExtension></extensions></trkpt><trkpt lat="56.024222" lon="37.85278"><ele>165.4</ele><time>2026-06-24T04:56:25Z</time><extensions><gpxtpx:TrackPointExtension><gpxtpx:hr>158</gpxtpx:hr></gpxtpx:TrackPointExtension></extensions></trkpt><trkpt lat="56.024242" lon="37.852782"><ele>165.6</ele><time>2026-06-24T04:56:26Z</time><extensions><gpxtpx:TrackPointExtension><gpxtpx:hr>158</gpxtpx:hr></gpxtpx:TrackPointExtension></extensions></trkpt><trkpt lat="56.024265" lon="37.852787"><ele>165.8</ele><time>2026-06-24T04:56:27Z</time><extensions><gpxtpx:TrackPointExtension><gpxtpx:hr>157</gpxtpx:hr></gpxtpx:TrackPointExtension></extensions></trkpt><trkpt lat="56.024287" lon="37.85279"><ele>166.0</ele><time>2026-06-24T04:56:28Z</time><extensions><gpxtpx:TrackPointExtension><gpxtpx:hr>158</gpxtpx:hr></gpxtpx:TrackPointExtension></extensions></trkpt><trkpt lat="56.024307" lon="37.85279"><ele>165.8</ele><time>2026-06-24T04:56:29Z</time><extensions><gpxtpx:TrackPointExtension><gpxtpx:hr>157</gpxtpx:hr></gpxtpx:TrackPointExtension></extensions></trkpt><trkpt lat="56.024327" lon="37.852792"><ele>165.8</ele><time>2026-06-24T04:56:30Z</time><extensions><gpxtpx:TrackPointExtension><gpxtpx:hr>156</gpxtpx:hr></gpxtpx:TrackPointExtension></extensions></trkpt><trkpt lat="56.02435" lon="37.852795"><ele>165.8</ele><time>2026-06-24T04:56:31Z</time><extensions><gpxtpx:TrackPointExtension><gpxtpx:hr>156</gpxtpx:hr></gpxtpx:TrackPointExtension></extensions></trkpt><trkpt lat="56.024372" lon="37.852792"><ele>165.6</ele><time>2026-06-24T04:56:32Z</time><extensions><gpxtpx:TrackPointExtension><gpxtpx:hr>156</gpxtpx:hr></gpxtpx:TrackPointExtension></extensions></trkpt><trkpt lat="56.024392" lon="37.852792"><ele>165.6</ele><time>2026-06-24T04:56:33Z</time><extensions><gpxtpx:TrackPointExtension><gpxtpx:hr>156</gpxtpx:hr></gpxtpx:TrackPointExtension></extensions></trkpt><trkpt lat="56.024412" lon="37.852797"><ele>165.6</ele><time>2026-06-24T04:56:34Z</time><extensions><gpxtpx:TrackPointExtension><gpxtpx:hr>156</gpxtpx:hr></gpxtpx:TrackPointExtension></extensions></trkpt><trkpt lat="56.024437" lon="37.852797"><ele>165.6</ele><time>2026-06-24T04:56:35Z</time><extensions><gpxtpx:TrackPointExtension><gpxtpx:hr>155</gpxtpx:hr></gpxtpx:TrackPointExtension></extensions></trkpt><trkpt lat="56.024457" lon="37.852797"><ele>165.6</ele><time>2026-06-24T04:56:36Z</time><extensions><gpxtpx:TrackPointExtension><gpxtpx:hr>155</gpxtpx:hr></gpxtpx:TrackPointExtension></extensions></trkpt><trkpt lat="56.024475" lon="37.852792"><ele>165.6</ele><time>2026-06-24T04:56:37Z</time><extensions><gpxtpx:TrackPointExtension><gpxtpx:hr>154</gpxtpx:hr></gpxtpx:TrackPointExtension></extensions></trkpt><trkpt lat="56.024512" lon="37.85271"><ele>165.6</ele><time>2026-06-24T04:56:59Z</time><extensions><gpxtpx:TrackPointExtension><gpxtpx:hr>146</gpxtpx:hr></gpxtpx:TrackPointExtension></extensions></trkpt><trkpt lat="56.024527" lon="37.852642"><ele>165.6</ele><time>2026-06-24T04:57:01Z</time><extensions><gpxtpx:TrackPointExtension><gpxtpx:hr>146</gpxtpx:hr></gpxtpx:TrackPointExtension></extensions></trkpt><trkpt lat="56.024535" lon="37.852597"><ele>165.6</ele><time>2026-06-24T04:57:02Z</time><extensions><gpxtpx:TrackPointExtension><gpxtpx:hr>146</gpxtpx:hr></gpxtpx:TrackPointExtension></extensions></trkpt><trkpt lat="56.024542" lon="37.852552"><ele>165.4</ele><time>2026-06-24T04:57:03Z</time><extensions><gpxtpx:TrackPointExtension><gpxtpx:hr>146</gpxtpx:hr></gpxtpx:TrackPointExtension></extensions></trkpt><trkpt lat="56.02455" lon="37.852505"><ele>165.4</ele><time>2026-06-24T04:57:04Z</time><extensions><gpxtpx:TrackPointExtension><gpxtpx:hr>146</gpxtpx:hr></gpxtpx:TrackPointExtension></extensions></trkpt><trkpt lat="56.024552" lon="37.852457"><ele>165.4</ele><time>2026-06-24T04:57:05Z</time><extensions><gpxtpx:TrackPointExtension><gpxtpx:hr>147</gpxtpx:hr></gpxtpx:TrackPointExtension></extensions></trkpt><trkpt lat="56.024552" lon="37.852412"><ele>165.4</ele><time>2026-06-24T04:57:06Z</time><extensions><gpxtpx:TrackPointExtension><gpxtpx:hr>147</gpxtpx:hr></gpxtpx:TrackPointExtension></extensions></trkpt><trkpt lat="56.024547" lon="37.852372"><ele>165.4</ele><time>2026-06-24T04:57:07Z</time><extensions><gpxtpx:TrackPointExtension><gpxtpx:hr>146</gpxtpx:hr></gpxtpx:TrackPointExtension></extensions></trkpt><trkpt lat="56.02454" lon="37.852335"><ele>165.4</ele><time>2026-06-24T04:57:08Z</time><extensions><gpxtpx:TrackPointExtension><gpxtpx:hr>146</gpxtpx:hr></gpxtpx:TrackPointExtension></extensions></trkpt><trkpt lat="56.024532" lon="37.852305"><ele>165.4</ele><time>2026-06-24T04:57:09Z</time><extensions><gpxtpx:TrackPointExtension><gpxtpx:hr>145</gpxtpx:hr></gpxtpx:TrackPointExtension></extensions></trkpt><trkpt lat="56.024517" lon="37.852275"><ele>165.4</ele><time>2026-06-24T04:57:10Z</time><extensions><gpxtpx:TrackPointExtension><gpxtpx:hr>146</gpxtpx:hr></gpxtpx:TrackPointExtension></extensions></trkpt><trkpt lat="56.024502" lon="37.85225"><ele>165.6</ele><time>2026-06-24T04:57:11Z</time><extensions><gpxtpx:TrackPointExtension><gpxtpx:hr>145</gpxtpx:hr></gpxtpx:TrackPointExtension></extensions></trkpt><trkpt lat="56.024485" lon="37.85223"><ele>165.6</ele><time>2026-06-24T04:57:12Z</time><extensions><gpxtpx:TrackPointExtension><gpxtpx:hr>145</gpxtpx:hr></gpxtpx:TrackPointExtension></extensions></trkpt><trkpt lat="56.024465" lon="37.852212"><ele>165.6</ele><time>2026-06-24T04:57:13Z</time><extensions><gpxtpx:TrackPointExtension><gpxtpx:hr>143</gpxtpx:hr></gpxtpx:TrackPointExtension></extensions></trkpt><trkpt lat="56.024447" lon="37.8522"><ele>165.6</ele><time>2026-06-24T04:57:14Z</time><extensions><gpxtpx:TrackPointExtension><gpxtpx:hr>143</gpxtpx:hr></gpxtpx:TrackPointExtension></extensions></trkpt><trkpt lat="56.024427" lon="37.852187"><ele>165.6</ele><time>2026-06-24T04:57:15Z</time><extensions><gpxtpx:TrackPointExtension><gpxtpx:hr>143</gpxtpx:hr></gpxtpx:TrackPointExtension></extensions></trkpt><trkpt lat="56.024402" lon="37.852172"><ele>165.6</ele><time>2026-06-24T04:57:17Z</time><extensions><gpxtpx:TrackPointExtension><gpxtpx:hr>142</gpxtpx:hr></gpxtpx:TrackPointExtension></extensions></trkpt><trkpt lat="56.024382" lon="37.852167"><ele>165.8</ele><time>2026-06-24T04:57:19Z</time><extensions><gpxtpx:TrackPointExtension><gpxtpx:hr>140</gpxtpx:hr></gpxtpx:TrackPointExtension></extensions></trkpt><trkpt lat="56.024357" lon="37.85217"><ele>166.0</ele><time>2026-06-24T04:57:21Z</time><extensions><gpxtpx:TrackPointExtension><gpxtpx:hr>139</gpxtpx:hr></gpxtpx:TrackPointExtension></extensions></trkpt><trkpt lat="56.024327" lon="37.852177"><ele>166.2</ele><time>2026-06-24T04:57:23Z</time><extensions><gpxtpx:TrackPointExtension><gpxtpx:hr>136</gpxtpx:hr></gpxtpx:TrackPointExtension></extensions></trkpt><trkpt lat="56.024292" lon="37.852177"><ele>166.2</ele><time>2026-06-24T04:57:25Z</time><extensions><gpxtpx:TrackPointExtension><gpxtpx:hr>138</gpxtpx:hr></gpxtpx:TrackPointExtension></extensions></trkpt><trkpt lat="56.024272" lon="37.852177"><ele>166.2</ele><time>2026-06-24T04:57:26Z</time><extensions><gpxtpx:TrackPointExtension><gpxtpx:hr>138</gpxtpx:hr></gpxtpx:TrackPointExtension></extensions></trkpt><trkpt lat="56.024252" lon="37.852177"><ele>166.2</ele><time>2026-06-24T04:57:27Z</time><extensions><gpxtpx:TrackPointExtension><gpxtpx:hr>138</gpxtpx:hr></gpxtpx:TrackPointExtension></extensions></trkpt><trkpt lat="56.024232" lon="37.852172"><ele>166.2</ele><time>2026-06-24T04:57:28Z</time><extensions><gpxtpx:TrackPointExtension><gpxtpx:hr>139</gpxtpx:hr></gpxtpx:TrackPointExtension></extensions></trkpt><trkpt lat="56.02421" lon="37.852167"><ele>165.8</ele><time>2026-06-24T04:57:29Z</time><extensions><gpxtpx:TrackPointExtension><gpxtpx:hr>139</gpxtpx:hr></gpxtpx:TrackPointExtension></extensions></trkpt><trkpt lat="56.024187" lon="37.852165"><ele>165.8</ele><time>2026-06-24T04:57:30Z</time><extensions><gpxtpx:TrackPointExtension><gpxtpx:hr>138</gpxtpx:hr></gpxtpx:TrackPointExtension></extensions></trkpt><trkpt lat="56.024162" lon="37.852162"><ele>165.8</ele><time>2026-06-24T04:57:31Z</time><extensions><gpxtpx:TrackPointExtension><gpxtpx:hr>140</gpxtpx:hr></gpxtpx:TrackPointExtension></extensions></trkpt><trkpt lat="56.02414" lon="37.852162"><ele>165.8</ele><time>2026-06-24T04:57:32Z</time><extensions><gpxtpx:TrackPointExtension><gpxtpx:hr>140</gpxtpx:hr></gpxtpx:TrackPointExtension></extensions></trkpt><trkpt lat="56.024117" lon="37.852157"><ele>165.6</ele><time>2026-06-24T04:57:33Z</time><extensions><gpxtpx:TrackPointExtension><gpxtpx:hr>140</gpxtpx:hr></gpxtpx:TrackPointExtension></extensions></trkpt><trkpt lat="56.024092" lon="37.852157"><ele>165.6</ele><time>2026-06-24T04:57:34Z</time><extensions><gpxtpx:TrackPointExtension><gpxtpx:hr>139</gpxtpx:hr></gpxtpx:TrackPointExtension></extensions></trkpt><trkpt lat="56.024072" lon="37.852157"><ele>165.6</ele><time>2026-06-24T04:57:35Z</time><extensions><gpxtpx:TrackPointExtension><gpxtpx:hr>140</gpxtpx:hr></gpxtpx:TrackPointExtension></extensions></trkpt><trkpt lat="56.024047" lon="37.852157"><ele>165.4</ele><time>2026-06-24T04:57:36Z</time><extensions><gpxtpx:TrackPointExtension><gpxtpx:hr>141</gpxtpx:hr></gpxtpx:TrackPointExtension></extensions></trkpt><trkpt lat="56.024022" lon="37.852157"><ele>165.4</ele><time>2026-06-24T04:57:37Z</time><extensions><gpxtpx:TrackPointExtension><gpxtpx:hr>140</gpxtpx:hr></gpxtpx:TrackPointExtension></extensions></trkpt><trkpt lat="56.024" lon="37.852155"><ele>165.4</ele><time>2026-06-24T04:57:38Z</time><extensions><gpxtpx:TrackPointExtension><gpxtpx:hr>140</gpxtpx:hr></gpxtpx:TrackPointExtension></extensions></trkpt><trkpt lat="56.023977" lon="37.852155"><ele>165.4</ele><time>2026-06-24T04:57:39Z</time><extensions><gpxtpx:TrackPointExtension><gpxtpx:hr>141</gpxtpx:hr></gpxtpx:TrackPointExtension></extensions></trkpt><trkpt lat="56.023957" lon="37.852157"><ele>165.4</ele><time>2026-06-24T04:57:40Z</time><extensions><gpxtpx:TrackPointExtension><gpxtpx:hr>141</gpxtpx:hr></gpxtpx:TrackPointExtension></extensions></trkpt><trkpt lat="56.023935" lon="37.85216"><ele>165.4</ele><time>2026-06-24T04:57:41Z</time><extensions><gpxtpx:TrackPointExtension><gpxtpx:hr>140</gpxtpx:hr></gpxtpx:TrackPointExtension></extensions></trkpt><trkpt lat="56.023912" lon="37.852172"><ele>165.4</ele><time>2026-06-24T04:57:42Z</time><extensions><gpxtpx:TrackPointExtension><gpxtpx:hr>141</gpxtpx:hr></gpxtpx:TrackPointExtension></extensions></trkpt><trkpt lat="56.023892" lon="37.852185"><ele>165.4</ele><time>2026-06-24T04:57:43Z</time><extensions><gpxtpx:TrackPointExtension><gpxtpx:hr>141</gpxtpx:hr></gpxtpx:TrackPointExtension></extensions></trkpt><trkpt lat="56.023872" lon="37.852202"><ele>165.4</ele><time>2026-06-24T04:57:44Z</time><extensions><gpxtpx:TrackPointExtension><gpxtpx:hr>142</gpxtpx:hr></gpxtpx:TrackPointExtension></extensions></trkpt><trkpt lat="56.023852" lon="37.852227"><ele>165.4</ele><time>2026-06-24T04:57:45Z</time><extensions><gpxtpx:TrackPointExtension><gpxtpx:hr>141</gpxtpx:hr></gpxtpx:TrackPointExtension></extensions></trkpt><trkpt lat="56.023837" lon="37.852262"><ele>165.4</ele><time>2026-06-24T04:57:46Z</time><extensions><gpxtpx:TrackPointExtension><gpxtpx:hr>143</gpxtpx:hr></gpxtpx:TrackPointExtension></extensions></trkpt><trkpt lat="56.023827" lon="37.852302"><ele>165.4</ele><time>2026-06-24T04:57:47Z</time><extensions><gpxtpx:TrackPointExtension><gpxtpx:hr>143</gpxtpx:hr></gpxtpx:TrackPointExtension></extensions></trkpt><trkpt lat="56.023815" lon="37.85234"><ele>165.4</ele><time>2026-06-24T04:57:48Z</time><extensions><gpxtpx:TrackPointExtension><gpxtpx:hr>142</gpxtpx:hr></gpxtpx:TrackPointExtension></extensions></trkpt><trkpt lat="56.02381" lon="37.852382"><ele>165.4</ele><time>2026-06-24T04:57:49Z</time><extensions><gpxtpx:TrackPointExtension><gpxtpx:hr>142</gpxtpx:hr></gpxtpx:TrackPointExtension></extensions></trkpt><trkpt lat="56.023802" lon="37.85243"><ele>165.4</ele><time>2026-06-24T04:57:50Z</time><extensions><gpxtpx:TrackPointExtension><gpxtpx:hr>143</gpxtpx:hr></gpxtpx:TrackPointExtension></extensions></trkpt><trkpt lat="56.023802" lon="37.852475"><ele>165.6</ele><time>2026-06-24T04:57:51Z</time><extensions><gpxtpx:TrackPointExtension><gpxtpx:hr>142</gpxtpx:hr></gpxtpx:TrackPointExtension></extensions></trkpt><trkpt lat="56.023805" lon="37.852518"><ele>165.6</ele><time>2026-06-24T04:57:52Z</time><extensions><gpxtpx:TrackPointExtension><gpxtpx:hr>142</gpxtpx:hr></gpxtpx:TrackPointExtension></extensions></trkpt><trkpt lat="56.02381" lon="37.852562"><ele>165.6</ele><time>2026-06-24T04:57:53Z</time><extensions><gpxtpx:TrackPointExtension><gpxtpx:hr>143</gpxtpx:hr></gpxtpx:TrackPointExtension></extensions></trkpt><trkpt lat="56.023817" lon="37.852602"><ele>165.6</ele><time>2026-06-24T04:57:54Z</time><extensions><gpxtpx:TrackPointExtension><gpxtpx:hr>144</gpxtpx:hr></gpxtpx:TrackPointExtension></extensions></trkpt><trkpt lat="56.023832" lon="37.852642"><ele>165.6</ele><time>2026-06-24T04:57:55Z</time><extensions><gpxtpx:TrackPointExtension><gpxtpx:hr>143</gpxtpx:hr></gpxtpx:TrackPointExtension></extensions></trkpt><trkpt lat="56.023847" lon="37.852677"><ele>165.6</ele><time>2026-06-24T04:57:56Z</time><extensions><gpxtpx:TrackPointExtension><gpxtpx:hr>143</gpxtpx:hr></gpxtpx:TrackPointExtension></extensions></trkpt><trkpt lat="56.023865" lon="37.852707"><ele>165.6</ele><time>2026-06-24T04:57:57Z</time><extensions><gpxtpx:TrackPointExtension><gpxtpx:hr>142</gpxtpx:hr></gpxtpx:TrackPointExtension></extensions></trkpt><trkpt lat="56.023882" lon="37.852727"><ele>165.6</ele><time>2026-06-24T04:57:58Z</time><extensions><gpxtpx:TrackPointExtension><gpxtpx:hr>143</gpxtpx:hr></gpxtpx:TrackPointExtension></extensions></trkpt><trkpt lat="56.023905" lon="37.852742"><ele>165.6</ele><time>2026-06-24T04:57:59Z</time><extensions><gpxtpx:TrackPointExtension><gpxtpx:hr>143</gpxtpx:hr></gpxtpx:TrackPointExtension></extensions></trkpt><trkpt lat="56.023927" lon="37.852747"><ele>165.8</ele><time>2026-06-24T04:58:00Z</time><extensions><gpxtpx:TrackPointExtension><gpxtpx:hr>143</gpxtpx:hr></gpxtpx:TrackPointExtension></extensions></trkpt><trkpt lat="56.023947" lon="37.852747"><ele>165.8</ele><time>2026-06-24T04:58:01Z</time><extensions><gpxtpx:TrackPointExtension><gpxtpx:hr>143</gpxtpx:hr></gpxtpx:TrackPointExtension></extensions></trkpt><trkpt lat="56.02397" lon="37.852742"><ele>165.8</ele><time>2026-06-24T04:58:02Z</time><extensions><gpxtpx:TrackPointExtension><gpxtpx:hr>144</gpxtpx:hr></gpxtpx:TrackPointExtension></extensions></trkpt><trkpt lat="56.023992" lon="37.852745"><ele>165.8</ele><time>2026-06-24T04:58:03Z</time><extensions><gpxtpx:TrackPointExtension><gpxtpx:hr>145</gpxtpx:hr></gpxtpx:TrackPointExtension></extensions></trkpt><trkpt lat="56.024015" lon="37.852745"><ele>165.6</ele><time>2026-06-24T04:58:04Z</time><extensions><gpxtpx:TrackPointExtension><gpxtpx:hr>144</gpxtpx:hr></gpxtpx:TrackPointExtension></extensions></trkpt><trkpt lat="56.024037" lon="37.852745"><ele>165.6</ele><time>2026-06-24T04:58:05Z</time><extensions><gpxtpx:TrackPointExtension><gpxtpx:hr>143</gpxtpx:hr></gpxtpx:TrackPointExtension></extensions></trkpt><trkpt lat="56.024057" lon="37.852747"><ele>165.6</ele><time>2026-06-24T04:58:06Z</time><extensions><gpxtpx:TrackPointExtension><gpxtpx:hr>144</gpxtpx:hr></gpxtpx:TrackPointExtension></extensions></trkpt><trkpt lat="56.02408" lon="37.85275"><ele>165.6</ele><time>2026-06-24T04:58:07Z</time><extensions><gpxtpx:TrackPointExtension><gpxtpx:hr>145</gpxtpx:hr></gpxtpx:TrackPointExtension></extensions></trkpt><trkpt lat="56.024105" lon="37.852747"><ele>165.4</ele><time>2026-06-24T04:58:08Z</time><extensions><gpxtpx:TrackPointExtension><gpxtpx:hr>145</gpxtpx:hr></gpxtpx:TrackPointExtension></extensions></trkpt><trkpt lat="56.024127" lon="37.852747"><ele>165.4</ele><time>2026-06-24T04:58:09Z</time><extensions><gpxtpx:TrackPointExtension><gpxtpx:hr>143</gpxtpx:hr></gpxtpx:TrackPointExtension></extensions></trkpt><trkpt lat="56.02415" lon="37.852742"><ele>165.4</ele><time>2026-06-24T04:58:10Z</time><extensions><gpxtpx:TrackPointExtension><gpxtpx:hr>143</gpxtpx:hr></gpxtpx:TrackPointExtension></extensions></trkpt><trkpt lat="56.024172" lon="37.852742"><ele>165.4</ele><time>2026-06-24T04:58:11Z</time><extensions><gpxtpx:TrackPointExtension><gpxtpx:hr>144</gpxtpx:hr></gpxtpx:TrackPointExtension></extensions></trkpt><trkpt lat="56.024195" lon="37.852742"><ele>165.4</ele><time>2026-06-24T04:58:12Z</time><extensions><gpxtpx:TrackPointExtension><gpxtpx:hr>145</gpxtpx:hr></gpxtpx:TrackPointExtension></extensions></trkpt><trkpt lat="56.024217" lon="37.852742"><ele>165.4</ele><time>2026-06-24T04:58:13Z</time><extensions><gpxtpx:TrackPointExtension><gpxtpx:hr>143</gpxtpx:hr></gpxtpx:TrackPointExtension></extensions></trkpt><trkpt lat="56.024242" lon="37.852742"><ele>165.4</ele><time>2026-06-24T04:58:14Z</time><extensions><gpxtpx:TrackPointExtension><gpxtpx:hr>144</gpxtpx:hr></gpxtpx:TrackPointExtension></extensions></trkpt><trkpt lat="56.024262" lon="37.852745"><ele>165.4</ele><time>2026-06-24T04:58:15Z</time><extensions><gpxtpx:TrackPointExtension><gpxtpx:hr>144</gpxtpx:hr></gpxtpx:TrackPointExtension></extensions></trkpt><trkpt lat="56.024285" lon="37.852747"><ele>165.4</ele><time>2026-06-24T04:58:16Z</time><extensions><gpxtpx:TrackPointExtension><gpxtpx:hr>144</gpxtpx:hr></gpxtpx:TrackPointExtension></extensions></trkpt><trkpt lat="56.02431" lon="37.85275"><ele>165.2</ele><time>2026-06-24T04:58:17Z</time><extensions><gpxtpx:TrackPointExtension><gpxtpx:hr>143</gpxtpx:hr></gpxtpx:TrackPointExtension></extensions></trkpt><trkpt lat="56.024332" lon="37.85275"><ele>165.2</ele><time>2026-06-24T04:58:18Z</time><extensions><gpxtpx:TrackPointExtension><gpxtpx:hr>144</gpxtpx:hr></gpxtpx:TrackPointExtension></extensions></trkpt><trkpt lat="56.024355" lon="37.85275"><ele>165.4</ele><time>2026-06-24T04:58:19Z</time><extensions><gpxtpx:TrackPointExtension><gpxtpx:hr>146</gpxtpx:hr></gpxtpx:TrackPointExtension></extensions></trkpt><trkpt lat="56.024382" lon="37.852752"><ele>165.4</ele><time>2026-06-24T04:58:20Z</time><extensions><gpxtpx:TrackPointExtension><gpxtpx:hr>145</gpxtpx:hr></gpxtpx:TrackPointExtension></extensions></trkpt><trkpt lat="56.024405" lon="37.852747"><ele>165.4</ele><time>2026-06-24T04:58:21Z</time><extensions><gpxtpx:TrackPointExtension><gpxtpx:hr>144</gpxtpx:hr></gpxtpx:TrackPointExtension></extensions></trkpt><trkpt lat="56.024427" lon="37.852737"><ele>165.4</ele><time>2026-06-24T04:58:22Z</time><extensions><gpxtpx:TrackPointExtension><gpxtpx:hr>144</gpxtpx:hr></gpxtpx:TrackPointExtension></extensions></trkpt><trkpt lat="56.024452" lon="37.852725"><ele>165.4</ele><time>2026-06-24T04:58:23Z</time><extensions><gpxtpx:TrackPointExtension><gpxtpx:hr>145</gpxtpx:hr></gpxtpx:TrackPointExtension></extensions></trkpt><trkpt lat="56.024472" lon="37.85271"><ele>165.4</ele><time>2026-06-24T04:58:24Z</time><extensions><gpxtpx:TrackPointExtension><gpxtpx:hr>145</gpxtpx:hr></gpxtpx:TrackPointExtension></extensions></trkpt><trkpt lat="56.024492" lon="37.852685"><ele>165.4</ele><time>2026-06-24T04:58:25Z</time><extensions><gpxtpx:TrackPointExtension><gpxtpx:hr>145</gpxtpx:hr></gpxtpx:TrackPointExtension></extensions></trkpt><trkpt lat="56.024507" lon="37.852655"><ele>165.4</ele><time>2026-06-24T04:58:26Z</time><extensions><gpxtpx:TrackPointExtension><gpxtpx:hr>146</gpxtpx:hr></gpxtpx:TrackPointExtension></extensions></trkpt><trkpt lat="56.024523" lon="37.85262"><ele>165.2</ele><time>2026-06-24T04:58:27Z</time><extensions><gpxtpx:TrackPointExtension><gpxtpx:hr>146</gpxtpx:hr></gpxtpx:TrackPointExtension></extensions></trkpt><trkpt lat="56.024542" lon="37.852585"><ele>165.2</ele><time>2026-06-24T04:58:28Z</time><extensions><gpxtpx:TrackPointExtension><gpxtpx:hr>145</gpxtpx:hr></gpxtpx:TrackPointExtension></extensions></trkpt><trkpt lat="56.024552" lon="37.852547"><ele>165.2</ele><time>2026-06-24T04:58:29Z</time><extensions><gpxtpx:TrackPointExtension><gpxtpx:hr>146</gpxtpx:hr></gpxtpx:TrackPointExtension></extensions></trkpt><trkpt lat="56.024555" lon="37.852507"><ele>165.2</ele><time>2026-06-24T04:58:30Z</time><extensions><gpxtpx:TrackPointExtension><gpxtpx:hr>145</gpxtpx:hr></gpxtpx:TrackPointExtension></extensions></trkpt><trkpt lat="56.024555" lon="37.852462"><ele>165.2</ele><time>2026-06-24T04:58:31Z</time><extensions><gpxtpx:TrackPointExtension><gpxtpx:hr>145</gpxtpx:hr></gpxtpx:TrackPointExtension></extensions></trkpt><trkpt lat="56.024552" lon="37.852422"><ele>165.0</ele><time>2026-06-24T04:58:32Z</time><extensions><gpxtpx:TrackPointExtension><gpxtpx:hr>146</gpxtpx:hr></gpxtpx:TrackPointExtension></extensions></trkpt><trkpt lat="56.024547" lon="37.852382"><ele>165.2</ele><time>2026-06-24T04:58:33Z</time><extensions><gpxtpx:TrackPointExtension><gpxtpx:hr>147</gpxtpx:hr></gpxtpx:TrackPointExtension></extensions></trkpt><trkpt lat="56.024537" lon="37.852347"><ele>165.2</ele><time>2026-06-24T04:58:34Z</time><extensions><gpxtpx:TrackPointExtension><gpxtpx:hr>146</gpxtpx:hr></gpxtpx:TrackPointExtension></extensions></trkpt><trkpt lat="56.024527" lon="37.852315"><ele>165.4</ele><time>2026-06-24T04:58:35Z</time><extensions><gpxtpx:TrackPointExtension><gpxtpx:hr>145</gpxtpx:hr></gpxtpx:TrackPointExtension></extensions></trkpt><trkpt lat="56.024517" lon="37.852282"><ele>165.4</ele><time>2026-06-24T04:58:36Z</time><extensions><gpxtpx:TrackPointExtension><gpxtpx:hr>145</gpxtpx:hr></gpxtpx:TrackPointExtension></extensions></trkpt><trkpt lat="56.024502" lon="37.852257"><ele>165.2</ele><time>2026-06-24T04:58:37Z</time><extensions><gpxtpx:TrackPointExtension><gpxtpx:hr>145</gpxtpx:hr></gpxtpx:TrackPointExtension></extensions></trkpt><trkpt lat="56.024487" lon="37.85224"><ele>165.2</ele><time>2026-06-24T04:58:38Z</time><extensions><gpxtpx:TrackPointExtension><gpxtpx:hr>146</gpxtpx:hr></gpxtpx:TrackPointExtension></extensions></trkpt><trkpt lat="56.024472" lon="37.852222"><ele>165.2</ele><time>2026-06-24T04:58:39Z</time><extensions><gpxtpx:TrackPointExtension><gpxtpx:hr>146</gpxtpx:hr></gpxtpx:TrackPointExtension></extensions></trkpt><trkpt lat="56.024452" lon="37.852207"><ele>165.0</ele><time>2026-06-24T04:58:40Z</time><extensions><gpxtpx:TrackPointExtension><gpxtpx:hr>145</gpxtpx:hr></gpxtpx:TrackPointExtension></extensions></trkpt><trkpt lat="56.024432" lon="37.852192"><ele>165.2</ele><time>2026-06-24T04:58:41Z</time><extensions><gpxtpx:TrackPointExtension><gpxtpx:hr>145</gpxtpx:hr></gpxtpx:TrackPointExtension></extensions></trkpt><trkpt lat="56.024412" lon="37.852187"><ele>165.2</ele><time>2026-06-24T04:58:42Z</time><extensions><gpxtpx:TrackPointExtension><gpxtpx:hr>145</gpxtpx:hr></gpxtpx:TrackPointExtension></extensions></trkpt><trkpt lat="56.024387" lon="37.852182"><ele>165.0</ele><time>2026-06-24T04:58:43Z</time><extensions><gpxtpx:TrackPointExtension><gpxtpx:hr>145</gpxtpx:hr></gpxtpx:TrackPointExtension></extensions></trkpt><trkpt lat="56.024367" lon="37.852185"><ele>165.0</ele><time>2026-06-24T04:58:44Z</time><extensions><gpxtpx:TrackPointExtension><gpxtpx:hr>146</gpxtpx:hr></gpxtpx:TrackPointExtension></extensions></trkpt><trkpt lat="56.024345" lon="37.852187"><ele>165.0</ele><time>2026-06-24T04:58:45Z</time><extensions><gpxtpx:TrackPointExtension><gpxtpx:hr>146</gpxtpx:hr></gpxtpx:TrackPointExtension></extensions></trkpt><trkpt lat="56.024325" lon="37.852182"><ele>165.0</ele><time>2026-06-24T04:58:46Z</time><extensions><gpxtpx:TrackPointExtension><gpxtpx:hr>146</gpxtpx:hr></gpxtpx:TrackPointExtension></extensions></trkpt><trkpt lat="56.024302" lon="37.852182"><ele>165.2</ele><time>2026-06-24T04:58:47Z</time><extensions><gpxtpx:TrackPointExtension><gpxtpx:hr>146</gpxtpx:hr></gpxtpx:TrackPointExtension></extensions></trkpt><trkpt lat="56.024282" lon="37.852185"><ele>165.2</ele><time>2026-06-24T04:58:48Z</time><extensions><gpxtpx:TrackPointExtension><gpxtpx:hr>144</gpxtpx:hr></gpxtpx:TrackPointExtension></extensions></trkpt><trkpt lat="56.024262" lon="37.852185"><ele>165.2</ele><time>2026-06-24T04:58:49Z</time><extensions><gpxtpx:TrackPointExtension><gpxtpx:hr>145</gpxtpx:hr></gpxtpx:TrackPointExtension></extensions></trkpt><trkpt lat="56.024242" lon="37.852182"><ele>165.2</ele><time>2026-06-24T04:58:50Z</time><extensions><gpxtpx:TrackPointExtension><gpxtpx:hr>146</gpxtpx:hr></gpxtpx:TrackPointExtension></extensions></trkpt><trkpt lat="56.02422" lon="37.852177"><ele>165.2</ele><time>2026-06-24T04:58:51Z</time><extensions><gpxtpx:TrackPointExtension><gpxtpx:hr>146</gpxtpx:hr></gpxtpx:TrackPointExtension></extensions></trkpt><trkpt lat="56.024197" lon="37.852175"><ele>165.2</ele><time>2026-06-24T04:58:52Z</time><extensions><gpxtpx:TrackPointExtension><gpxtpx:hr>146</gpxtpx:hr></gpxtpx:TrackPointExtension></extensions></trkpt><trkpt lat="56.02416" lon="37.85218"><ele>165.2</ele><time>2026-06-24T04:58:54Z</time><extensions><gpxtpx:TrackPointExtension><gpxtpx:hr>146</gpxtpx:hr></gpxtpx:TrackPointExtension></extensions></trkpt><trkpt lat="56.02414" lon="37.852177"><ele>165.2</ele><time>2026-06-24T04:58:55Z</time><extensions><gpxtpx:TrackPointExtension><gpxtpx:hr>146</gpxtpx:hr></gpxtpx:TrackPointExtension></extensions></trkpt><trkpt lat="56.024115" lon="37.852175"><ele>165.2</ele><time>2026-06-24T04:58:56Z</time><extensions><gpxtpx:TrackPointExtension><gpxtpx:hr>147</gpxtpx:hr></gpxtpx:TrackPointExtension></extensions></trkpt><trkpt lat="56.024087" lon="37.852172"><ele>165.2</ele><time>2026-06-24T04:58:57Z</time><extensions><gpxtpx:TrackPointExtension><gpxtpx:hr>145</gpxtpx:hr></gpxtpx:TrackPointExtension></extensions></trkpt><trkpt lat="56.024057" lon="37.85217"><ele>165.2</ele><time>2026-06-24T04:58:58Z</time><extensions><gpxtpx:TrackPointExtension><gpxtpx:hr>146</gpxtpx:hr></gpxtpx:TrackPointExtension></extensions></trkpt><trkpt lat="56.023987" lon="37.852165"><ele>165.2</ele><time>2026-06-24T04:59:00Z</time><extensions><gpxtpx:TrackPointExtension><gpxtpx:hr>147</gpxtpx:hr></gpxtpx:TrackPointExtension></extensions></trkpt><trkpt lat="56.023955" lon="37.852172"><ele>165.0</ele><time>2026-06-24T04:59:01Z</time><extensions><gpxtpx:TrackPointExtension><gpxtpx:hr>147</gpxtpx:hr></gpxtpx:TrackPointExtension></extensions></trkpt><trkpt lat="56.02389" lon="37.852205"><ele>165.0</ele><time>2026-06-24T04:59:03Z</time><extensions><gpxtpx:TrackPointExtension><gpxtpx:hr>148</gpxtpx:hr></gpxtpx:TrackPointExtension></extensions></trkpt><trkpt lat="56.02386" lon="37.852235"><ele>165.0</ele><time>2026-06-24T04:59:04Z</time><extensions><gpxtpx:TrackPointExtension><gpxtpx:hr>149</gpxtpx:hr></gpxtpx:TrackPointExtension></extensions></trkpt><trkpt lat="56.023837" lon="37.85228"><ele>165.0</ele><time>2026-06-24T04:59:05Z</time><extensions><gpxtpx:TrackPointExtension><gpxtpx:hr>151</gpxtpx:hr></gpxtpx:TrackPointExtension></extensions></trkpt><trkpt lat="56.023817" lon="37.852337"><ele>165.0</ele><time>2026-06-24T04:59:06Z</time><extensions><gpxtpx:TrackPointExtension><gpxtpx:hr>151</gpxtpx:hr></gpxtpx:TrackPointExtension></extensions></trkpt><trkpt lat="56.023812" lon="37.85241"><ele>165.0</ele><time>2026-06-24T04:59:07Z</time><extensions><gpxtpx:TrackPointExtension><gpxtpx:hr>150</gpxtpx:hr></gpxtpx:TrackPointExtension></extensions></trkpt><trkpt lat="56.023812" lon="37.85248"><ele>165.0</ele><time>2026-06-24T04:59:08Z</time><extensions><gpxtpx:TrackPointExtension><gpxtpx:hr>150</gpxtpx:hr></gpxtpx:TrackPointExtension></extensions></trkpt><trkpt lat="56.023822" lon="37.852547"><ele>165.0</ele><time>2026-06-24T04:59:09Z</time><extensions><gpxtpx:TrackPointExtension><gpxtpx:hr>152</gpxtpx:hr></gpxtpx:TrackPointExtension></extensions></trkpt><trkpt lat="56.023837" lon="37.85261"><ele>165.2</ele><time>2026-06-24T04:59:10Z</time><extensions><gpxtpx:TrackPointExtension><gpxtpx:hr>153</gpxtpx:hr></gpxtpx:TrackPointExtension></extensions></trkpt><trkpt lat="56.02386" lon="37.852662"><ele>165.0</ele><time>2026-06-24T04:59:11Z</time><extensions><gpxtpx:TrackPointExtension><gpxtpx:hr>154</gpxtpx:hr></gpxtpx:TrackPointExtension></extensions></trkpt><trkpt lat="56.023892" lon="37.85271"><ele>165.0</ele><time>2026-06-24T04:59:12Z</time><extensions><gpxtpx:TrackPointExtension><gpxtpx:hr>154</gpxtpx:hr></gpxtpx:TrackPointExtension></extensions></trkpt><trkpt lat="56.023922" lon="37.852742"><ele>165.0</ele><time>2026-06-24T04:59:13Z</time><extensions><gpxtpx:TrackPointExtension><gpxtpx:hr>154</gpxtpx:hr></gpxtpx:TrackPointExtension></extensions></trkpt><trkpt lat="56.023957" lon="37.852762"><ele>165.0</ele><time>2026-06-24T04:59:14Z</time><extensions><gpxtpx:TrackPointExtension><gpxtpx:hr>154</gpxtpx:hr></gpxtpx:TrackPointExtension></extensions></trkpt><trkpt lat="56.023988" lon="37.852772"><ele>165.0</ele><time>2026-06-24T04:59:15Z</time><extensions><gpxtpx:TrackPointExtension><gpxtpx:hr>155</gpxtpx:hr></gpxtpx:TrackPointExtension></extensions></trkpt><trkpt lat="56.024025" lon="37.852772"><ele>165.0</ele><time>2026-06-24T04:59:16Z</time><extensions><gpxtpx:TrackPointExtension><gpxtpx:hr>156</gpxtpx:hr></gpxtpx:TrackPointExtension></extensions></trkpt><trkpt lat="56.02406" lon="37.852772"><ele>165.0</ele><time>2026-06-24T04:59:17Z</time><extensions><gpxtpx:TrackPointExtension><gpxtpx:hr>157</gpxtpx:hr></gpxtpx:TrackPointExtension></extensions></trkpt><trkpt lat="56.024092" lon="37.852775"><ele>165.0</ele><time>2026-06-24T04:59:18Z</time><extensions><gpxtpx:TrackPointExtension><gpxtpx:hr>157</gpxtpx:hr></gpxtpx:TrackPointExtension></extensions></trkpt><trkpt lat="56.02413" lon="37.852767"><ele>164.8</ele><time>2026-06-24T04:59:19Z</time><extensions><gpxtpx:TrackPointExtension><gpxtpx:hr>156</gpxtpx:hr></gpxtpx:TrackPointExtension></extensions></trkpt><trkpt lat="56.024162" lon="37.852767"><ele>164.8</ele><time>2026-06-24T04:59:20Z</time><extensions><gpxtpx:TrackPointExtension><gpxtpx:hr>157</gpxtpx:hr></gpxtpx:TrackPointExtension></extensions></trkpt><trkpt lat="56.0242" lon="37.852765"><ele>164.8</ele><time>2026-06-24T04:59:21Z</time><extensions><gpxtpx:TrackPointExtension><gpxtpx:hr>157</gpxtpx:hr></gpxtpx:TrackPointExtension></extensions></trkpt><trkpt lat="56.024235" lon="37.852767"><ele>164.8</ele><time>2026-06-24T04:59:22Z</time><extensions><gpxtpx:TrackPointExtension><gpxtpx:hr>156</gpxtpx:hr></gpxtpx:TrackPointExtension></extensions></trkpt><trkpt lat="56.02427" lon="37.852765"><ele>165.0</ele><time>2026-06-24T04:59:23Z</time><extensions><gpxtpx:TrackPointExtension><gpxtpx:hr>156</gpxtpx:hr></gpxtpx:TrackPointExtension></extensions></trkpt><trkpt lat="56.024307" lon="37.852762"><ele>165.0</ele><time>2026-06-24T04:59:24Z</time><extensions><gpxtpx:TrackPointExtension><gpxtpx:hr>156</gpxtpx:hr></gpxtpx:TrackPointExtension></extensions></trkpt><trkpt lat="56.024342" lon="37.852762"><ele>165.0</ele><time>2026-06-24T04:59:25Z</time><extensions><gpxtpx:TrackPointExtension><gpxtpx:hr>158</gpxtpx:hr></gpxtpx:TrackPointExtension></extensions></trkpt><trkpt lat="56.024377" lon="37.852757"><ele>165.0</ele><time>2026-06-24T04:59:26Z</time><extensions><gpxtpx:TrackPointExtension><gpxtpx:hr>157</gpxtpx:hr></gpxtpx:TrackPointExtension></extensions></trkpt><trkpt lat="56.024412" lon="37.85275"><ele>165.2</ele><time>2026-06-24T04:59:27Z</time><extensions><gpxtpx:TrackPointExtension><gpxtpx:hr>156</gpxtpx:hr></gpxtpx:TrackPointExtension></extensions></trkpt><trkpt lat="56.024447" lon="37.852732"><ele>165.2</ele><time>2026-06-24T04:59:28Z</time><extensions><gpxtpx:TrackPointExtension><gpxtpx:hr>157</gpxtpx:hr></gpxtpx:TrackPointExtension></extensions></trkpt><trkpt lat="56.024477" lon="37.8527"><ele>165.0</ele><time>2026-06-24T04:59:29Z</time><extensions><gpxtpx:TrackPointExtension><gpxtpx:hr>159</gpxtpx:hr></gpxtpx:TrackPointExtension></extensions></trkpt><trkpt lat="56.024507" lon="37.85266"><ele>165.0</ele><time>2026-06-24T04:59:30Z</time><extensions><gpxtpx:TrackPointExtension><gpxtpx:hr>159</gpxtpx:hr></gpxtpx:TrackPointExtension></extensions></trkpt><trkpt lat="56.024532" lon="37.852607"><ele>165.0</ele><time>2026-06-24T04:59:31Z</time><extensions><gpxtpx:TrackPointExtension><gpxtpx:hr>158</gpxtpx:hr></gpxtpx:TrackPointExtension></extensions></trkpt><trkpt lat="56.024547" lon="37.852552"><ele>165.0</ele><time>2026-06-24T04:59:32Z</time><extensions><gpxtpx:TrackPointExtension><gpxtpx:hr>158</gpxtpx:hr></gpxtpx:TrackPointExtension></extensions></trkpt><trkpt lat="56.024557" lon="37.85249"><ele>165.0</ele><time>2026-06-24T04:59:33Z</time><extensions><gpxtpx:TrackPointExtension><gpxtpx:hr>160</gpxtpx:hr></gpxtpx:TrackPointExtension></extensions></trkpt><trkpt lat="56.024557" lon="37.852422"><ele>165.0</ele><time>2026-06-24T04:59:34Z</time><extensions><gpxtpx:TrackPointExtension><gpxtpx:hr>160</gpxtpx:hr></gpxtpx:TrackPointExtension></extensions></trkpt><trkpt lat="56.02455" lon="37.852357"><ele>165.0</ele><time>2026-06-24T04:59:35Z</time><extensions><gpxtpx:TrackPointExtension><gpxtpx:hr>160</gpxtpx:hr></gpxtpx:TrackPointExtension></extensions></trkpt><trkpt lat="56.024535" lon="37.852292"><ele>165.0</ele><time>2026-06-24T04:59:36Z</time><extensions><gpxtpx:TrackPointExtension><gpxtpx:hr>160</gpxtpx:hr></gpxtpx:TrackPointExtension></extensions></trkpt><trkpt lat="56.024507" lon="37.852245"><ele>165.0</ele><time>2026-06-24T04:59:37Z</time><extensions><gpxtpx:TrackPointExtension><gpxtpx:hr>160</gpxtpx:hr></gpxtpx:TrackPointExtension></extensions></trkpt><trkpt lat="56.024475" lon="37.85221"><ele>165.0</ele><time>2026-06-24T04:59:38Z</time><extensions><gpxtpx:TrackPointExtension><gpxtpx:hr>161</gpxtpx:hr></gpxtpx:TrackPointExtension></extensions></trkpt><trkpt lat="56.024438" lon="37.852187"><ele>165.0</ele><time>2026-06-24T04:59:39Z</time><extensions><gpxtpx:TrackPointExtension><gpxtpx:hr>163</gpxtpx:hr></gpxtpx:TrackPointExtension></extensions></trkpt><trkpt lat="56.0244" lon="37.85217"><ele>165.0</ele><time>2026-06-24T04:59:40Z</time><extensions><gpxtpx:TrackPointExtension><gpxtpx:hr>161</gpxtpx:hr></gpxtpx:TrackPointExtension></extensions></trkpt><trkpt lat="56.02436" lon="37.85216"><ele>165.0</ele><time>2026-06-24T04:59:41Z</time><extensions><gpxtpx:TrackPointExtension><gpxtpx:hr>163</gpxtpx:hr></gpxtpx:TrackPointExtension></extensions></trkpt><trkpt lat="56.02432" lon="37.852157"><ele>165.0</ele><time>2026-06-24T04:59:42Z</time><extensions><gpxtpx:TrackPointExtension><gpxtpx:hr>161</gpxtpx:hr></gpxtpx:TrackPointExtension></extensions></trkpt><trkpt lat="56.024282" lon="37.85216"><ele>165.0</ele><time>2026-06-24T04:59:43Z</time><extensions><gpxtpx:TrackPointExtension><gpxtpx:hr>161</gpxtpx:hr></gpxtpx:TrackPointExtension></extensions></trkpt><trkpt lat="56.024245" lon="37.852162"><ele>165.0</ele><time>2026-06-24T04:59:44Z</time><extensions><gpxtpx:TrackPointExtension><gpxtpx:hr>163</gpxtpx:hr></gpxtpx:TrackPointExtension></extensions></trkpt><trkpt lat="56.024207" lon="37.852165"><ele>164.8</ele><time>2026-06-24T04:59:45Z</time><extensions><gpxtpx:TrackPointExtension><gpxtpx:hr>163</gpxtpx:hr></gpxtpx:TrackPointExtension></extensions></trkpt><trkpt lat="56.024172" lon="37.852167"><ele>165.0</ele><time>2026-06-24T04:59:46Z</time><extensions><gpxtpx:TrackPointExtension><gpxtpx:hr>164</gpxtpx:hr></gpxtpx:TrackPointExtension></extensions></trkpt><trkpt lat="56.024137" lon="37.852167"><ele>165.0</ele><time>2026-06-24T04:59:47Z</time><extensions><gpxtpx:TrackPointExtension><gpxtpx:hr>164</gpxtpx:hr></gpxtpx:TrackPointExtension></extensions></trkpt><trkpt lat="56.024102" lon="37.852165"><ele>165.0</ele><time>2026-06-24T04:59:48Z</time><extensions><gpxtpx:TrackPointExtension><gpxtpx:hr>164</gpxtpx:hr></gpxtpx:TrackPointExtension></extensions></trkpt><trkpt lat="56.024065" lon="37.852152"><ele>165.0</ele><time>2026-06-24T04:59:49Z</time><extensions><gpxtpx:TrackPointExtension><gpxtpx:hr>165</gpxtpx:hr></gpxtpx:TrackPointExtension></extensions></trkpt><trkpt lat="56.024027" lon="37.852152"><ele>165.0</ele><time>2026-06-24T04:59:50Z</time><extensions><gpxtpx:TrackPointExtension><gpxtpx:hr>164</gpxtpx:hr></gpxtpx:TrackPointExtension></extensions></trkpt><trkpt lat="56.023992" lon="37.852152"><ele>165.0</ele><time>2026-06-24T04:59:51Z</time><extensions><gpxtpx:TrackPointExtension><gpxtpx:hr>164</gpxtpx:hr></gpxtpx:TrackPointExtension></extensions></trkpt><trkpt lat="56.023955" lon="37.85216"><ele>165.0</ele><time>2026-06-24T04:59:52Z</time><extensions><gpxtpx:TrackPointExtension><gpxtpx:hr>165</gpxtpx:hr></gpxtpx:TrackPointExtension></extensions></trkpt><trkpt lat="56.023918" lon="37.852175"><ele>165.0</ele><time>2026-06-24T04:59:53Z</time><extensions><gpxtpx:TrackPointExtension><gpxtpx:hr>165</gpxtpx:hr></gpxtpx:TrackPointExtension></extensions></trkpt><trkpt lat="56.023887" lon="37.852202"><ele>165.0</ele><time>2026-06-24T04:59:54Z</time><extensions><gpxtpx:TrackPointExtension><gpxtpx:hr>167</gpxtpx:hr></gpxtpx:TrackPointExtension></extensions></trkpt><trkpt lat="56.023857" lon="37.852242"><ele>165.0</ele><time>2026-06-24T04:59:55Z</time><extensions><gpxtpx:TrackPointExtension><gpxtpx:hr>166</gpxtpx:hr></gpxtpx:TrackPointExtension></extensions></trkpt><trkpt lat="56.023833" lon="37.852297"><ele>164.8</ele><time>2026-06-24T04:59:56Z</time><extensions><gpxtpx:TrackPointExtension><gpxtpx:hr>166</gpxtpx:hr></gpxtpx:TrackPointExtension></extensions></trkpt><trkpt lat="56.023817" lon="37.85236"><ele>164.8</ele><time>2026-06-24T04:59:57Z</time><extensions><gpxtpx:TrackPointExtension><gpxtpx:hr>166</gpxtpx:hr></gpxtpx:TrackPointExtension></extensions></trkpt><trkpt lat="56.023807" lon="37.852432"><ele>164.8</ele><time>2026-06-24T04:59:58Z</time><extensions><gpxtpx:TrackPointExtension><gpxtpx:hr>167</gpxtpx:hr></gpxtpx:TrackPointExtension></extensions></trkpt><trkpt lat="56.023807" lon="37.852502"><ele>165.0</ele><time>2026-06-24T04:59:59Z</time><extensions><gpxtpx:TrackPointExtension><gpxtpx:hr>166</gpxtpx:hr></gpxtpx:TrackPointExtension></extensions></trkpt><trkpt lat="56.023817" lon="37.852572"><ele>165.0</ele><time>2026-06-24T05:00:00Z</time><extensions><gpxtpx:TrackPointExtension><gpxtpx:hr>166</gpxtpx:hr></gpxtpx:TrackPointExtension></extensions></trkpt><trkpt lat="56.023832" lon="37.852635"><ele>165.0</ele><time>2026-06-24T05:00:01Z</time><extensions><gpxtpx:TrackPointExtension><gpxtpx:hr>166</gpxtpx:hr></gpxtpx:TrackPointExtension></extensions></trkpt><trkpt lat="56.023857" lon="37.852697"><ele>165.0</ele><time>2026-06-24T05:00:02Z</time><extensions><gpxtpx:TrackPointExtension><gpxtpx:hr>167</gpxtpx:hr></gpxtpx:TrackPointExtension></extensions></trkpt><trkpt lat="56.023887" lon="37.852745"><ele>165.2</ele><time>2026-06-24T05:00:03Z</time><extensions><gpxtpx:TrackPointExtension><gpxtpx:hr>168</gpxtpx:hr></gpxtpx:TrackPointExtension></extensions></trkpt><trkpt lat="56.023922" lon="37.852775"><ele>165.0</ele><time>2026-06-24T05:00:04Z</time><extensions><gpxtpx:TrackPointExtension><gpxtpx:hr>169</gpxtpx:hr></gpxtpx:TrackPointExtension></extensions></trkpt><trkpt lat="56.023962" lon="37.852787"><ele>165.0</ele><time>2026-06-24T05:00:05Z</time><extensions><gpxtpx:TrackPointExtension><gpxtpx:hr>167</gpxtpx:hr></gpxtpx:TrackPointExtension></extensions></trkpt><trkpt lat="56.024002" lon="37.852787"><ele>165.0</ele><time>2026-06-24T05:00:06Z</time><extensions><gpxtpx:TrackPointExtension><gpxtpx:hr>167</gpxtpx:hr></gpxtpx:TrackPointExtension></extensions></trkpt><trkpt lat="56.02404" lon="37.85279"><ele>165.0</ele><time>2026-06-24T05:00:07Z</time><extensions><gpxtpx:TrackPointExtension><gpxtpx:hr>167</gpxtpx:hr></gpxtpx:TrackPointExtension></extensions></trkpt><trkpt lat="56.024077" lon="37.852782"><ele>165.2</ele><time>2026-06-24T05:00:08Z</time><extensions><gpxtpx:TrackPointExtension><gpxtpx:hr>167</gpxtpx:hr></gpxtpx:TrackPointExtension></extensions></trkpt><trkpt lat="56.024117" lon="37.852775"><ele>165.2</ele><time>2026-06-24T05:00:09Z</time><extensions><gpxtpx:TrackPointExtension><gpxtpx:hr>167</gpxtpx:hr></gpxtpx:TrackPointExtension></extensions></trkpt><trkpt lat="56.024157" lon="37.85277"><ele>165.2</ele><time>2026-06-24T05:00:10Z</time><extensions><gpxtpx:TrackPointExtension><gpxtpx:hr>167</gpxtpx:hr></gpxtpx:TrackPointExtension></extensions></trkpt><trkpt lat="56.024192" lon="37.852772"><ele>165.2</ele><time>2026-06-24T05:00:11Z</time><extensions><gpxtpx:TrackPointExtension><gpxtpx:hr>167</gpxtpx:hr></gpxtpx:TrackPointExtension></extensions></trkpt><trkpt lat="56.024227" lon="37.852772"><ele>165.4</ele><time>2026-06-24T05:00:12Z</time><extensions><gpxtpx:TrackPointExtension><gpxtpx:hr>168</gpxtpx:hr></gpxtpx:TrackPointExtension></extensions></trkpt><trkpt lat="56.024262" lon="37.852772"><ele>165.4</ele><time>2026-06-24T05:00:13Z</time><extensions><gpxtpx:TrackPointExtension><gpxtpx:hr>169</gpxtpx:hr></gpxtpx:TrackPointExtension></extensions></trkpt><trkpt lat="56.024297" lon="37.852772"><ele>165.4</ele><time>2026-06-24T05:00:14Z</time><extensions><gpxtpx:TrackPointExtension><gpxtpx:hr>169</gpxtpx:hr></gpxtpx:TrackPointExtension></extensions></trkpt><trkpt lat="56.024335" lon="37.85277"><ele>165.4</ele><time>2026-06-24T05:00:15Z</time><extensions><gpxtpx:TrackPointExtension><gpxtpx:hr>169</gpxtpx:hr></gpxtpx:TrackPointExtension></extensions></trkpt><trkpt lat="56.024367" lon="37.85277"><ele>165.4</ele><time>2026-06-24T05:00:16Z</time><extensions><gpxtpx:TrackPointExtension><gpxtpx:hr>169</gpxtpx:hr></gpxtpx:TrackPointExtension></extensions></trkpt><trkpt lat="56.024402" lon="37.85276"><ele>165.4</ele><time>2026-06-24T05:00:17Z</time><extensions><gpxtpx:TrackPointExtension><gpxtpx:hr>169</gpxtpx:hr></gpxtpx:TrackPointExtension></extensions></trkpt><trkpt lat="56.024437" lon="37.852747"><ele>165.4</ele><time>2026-06-24T05:00:18Z</time><extensions><gpxtpx:TrackPointExtension><gpxtpx:hr>169</gpxtpx:hr></gpxtpx:TrackPointExtension></extensions></trkpt><trkpt lat="56.024467" lon="37.85272"><ele>165.4</ele><time>2026-06-24T05:00:19Z</time><extensions><gpxtpx:TrackPointExtension><gpxtpx:hr>170</gpxtpx:hr></gpxtpx:TrackPointExtension></extensions></trkpt><trkpt lat="56.024497" lon="37.852682"><ele>165.4</ele><time>2026-06-24T05:00:20Z</time><extensions><gpxtpx:TrackPointExtension><gpxtpx:hr>169</gpxtpx:hr></gpxtpx:TrackPointExtension></extensions></trkpt><trkpt lat="56.02452" lon="37.852635"><ele>165.4</ele><time>2026-06-24T05:00:21Z</time><extensions><gpxtpx:TrackPointExtension><gpxtpx:hr>169</gpxtpx:hr></gpxtpx:TrackPointExtension></extensions></trkpt><trkpt lat="56.02454" lon="37.852577"><ele>165.4</ele><time>2026-06-24T05:00:22Z</time><extensions><gpxtpx:TrackPointExtension><gpxtpx:hr>169</gpxtpx:hr></gpxtpx:TrackPointExtension></extensions></trkpt><trkpt lat="56.024547" lon="37.852518"><ele>165.4</ele><time>2026-06-24T05:00:23Z</time><extensions><gpxtpx:TrackPointExtension><gpxtpx:hr>170</gpxtpx:hr></gpxtpx:TrackPointExtension></extensions></trkpt><trkpt lat="56.02455" lon="37.852455"><ele>165.4</ele><time>2026-06-24T05:00:24Z</time><extensions><gpxtpx:TrackPointExtension><gpxtpx:hr>169</gpxtpx:hr></gpxtpx:TrackPointExtension></extensions></trkpt><trkpt lat="56.024542" lon="37.852392"><ele>165.2</ele><time>2026-06-24T05:00:25Z</time><extensions><gpxtpx:TrackPointExtension><gpxtpx:hr>168</gpxtpx:hr></gpxtpx:TrackPointExtension></extensions></trkpt><trkpt lat="56.02453" lon="37.852335"><ele>165.2</ele><time>2026-06-24T05:00:26Z</time><extensions><gpxtpx:TrackPointExtension><gpxtpx:hr>168</gpxtpx:hr></gpxtpx:TrackPointExtension></extensions></trkpt><trkpt lat="56.02451" lon="37.852287"><ele>165.2</ele><time>2026-06-24T05:00:27Z</time><extensions><gpxtpx:TrackPointExtension><gpxtpx:hr>168</gpxtpx:hr></gpxtpx:TrackPointExtension></extensions></trkpt><trkpt lat="56.024487" lon="37.852247"><ele>165.4</ele><time>2026-06-24T05:00:28Z</time><extensions><gpxtpx:TrackPointExtension><gpxtpx:hr>169</gpxtpx:hr></gpxtpx:TrackPointExtension></extensions></trkpt><trkpt lat="56.024457" lon="37.852215"><ele>165.2</ele><time>2026-06-24T05:00:29Z</time><extensions><gpxtpx:TrackPointExtension><gpxtpx:hr>169</gpxtpx:hr></gpxtpx:TrackPointExtension></extensions></trkpt><trkpt lat="56.024422" lon="37.852197"><ele>165.2</ele><time>2026-06-24T05:00:30Z</time><extensions><gpxtpx:TrackPointExtension><gpxtpx:hr>168</gpxtpx:hr></gpxtpx:TrackPointExtension></extensions></trkpt><trkpt lat="56.024387" lon="37.852187"><ele>165.2</ele><time>2026-06-24T05:00:31Z</time><extensions><gpxtpx:TrackPointExtension><gpxtpx:hr>168</gpxtpx:hr></gpxtpx:TrackPointExtension></extensions></trkpt><trkpt lat="56.024352" lon="37.852185"><ele>165.2</ele><time>2026-06-24T05:00:32Z</time><extensions><gpxtpx:TrackPointExtension><gpxtpx:hr>168</gpxtpx:hr></gpxtpx:TrackPointExtension></extensions></trkpt><trkpt lat="56.024315" lon="37.852177"><ele>165.2</ele><time>2026-06-24T05:00:33Z</time><extensions><gpxtpx:TrackPointExtension><gpxtpx:hr>168</gpxtpx:hr></gpxtpx:TrackPointExtension></extensions></trkpt><trkpt lat="56.024277" lon="37.852172"><ele>165.2</ele><time>2026-06-24T05:00:34Z</time><extensions><gpxtpx:TrackPointExtension><gpxtpx:hr>170</gpxtpx:hr></gpxtpx:TrackPointExtension></extensions></trkpt><trkpt lat="56.02424" lon="37.852167"><ele>165.2</ele><time>2026-06-24T05:00:35Z</time><extensions><gpxtpx:TrackPointExtension><gpxtpx:hr>170</gpxtpx:hr></gpxtpx:TrackPointExtension></extensions></trkpt><trkpt lat="56.024202" lon="37.852162"><ele>165.2</ele><time>2026-06-24T05:00:36Z</time><extensions><gpxtpx:TrackPointExtension><gpxtpx:hr>169</gpxtpx:hr></gpxtpx:TrackPointExtension></extensions></trkpt><trkpt lat="56.02417" lon="37.852162"><ele>165.2</ele><time>2026-06-24T05:00:37Z</time><extensions><gpxtpx:TrackPointExtension><gpxtpx:hr>169</gpxtpx:hr></gpxtpx:TrackPointExtension></extensions></trkpt><trkpt lat="56.024135" lon="37.852162"><ele>165.2</ele><time>2026-06-24T05:00:38Z</time><extensions><gpxtpx:TrackPointExtension><gpxtpx:hr>169</gpxtpx:hr></gpxtpx:TrackPointExtension></extensions></trkpt><trkpt lat="56.0241" lon="37.85216"><ele>165.4</ele><time>2026-06-24T05:00:39Z</time><extensions><gpxtpx:TrackPointExtension><gpxtpx:hr>170</gpxtpx:hr></gpxtpx:TrackPointExtension></extensions></trkpt><trkpt lat="56.024065" lon="37.852157"><ele>165.4</ele><time>2026-06-24T05:00:40Z</time><extensions><gpxtpx:TrackPointExtension><gpxtpx:hr>170</gpxtpx:hr></gpxtpx:TrackPointExtension></extensions></trkpt><trkpt lat="56.02403" lon="37.852157"><ele>165.4</ele><time>2026-06-24T05:00:41Z</time><extensions><gpxtpx:TrackPointExtension><gpxtpx:hr>170</gpxtpx:hr></gpxtpx:TrackPointExtension></extensions></trkpt><trkpt lat="56.023995" lon="37.852157"><ele>165.4</ele><time>2026-06-24T05:00:42Z</time><extensions><gpxtpx:TrackPointExtension><gpxtpx:hr>170</gpxtpx:hr></gpxtpx:TrackPointExtension></extensions></trkpt><trkpt lat="56.023957" lon="37.852162"><ele>165.4</ele><time>2026-06-24T05:00:43Z</time><extensions><gpxtpx:TrackPointExtension><gpxtpx:hr>170</gpxtpx:hr></gpxtpx:TrackPointExtension></extensions></trkpt><trkpt lat="56.023922" lon="37.852172"><ele>165.4</ele><time>2026-06-24T05:00:44Z</time><extensions><gpxtpx:TrackPointExtension><gpxtpx:hr>171</gpxtpx:hr></gpxtpx:TrackPointExtension></extensions></trkpt><trkpt lat="56.02389" lon="37.852197"><ele>165.4</ele><time>2026-06-24T05:00:45Z</time><extensions><gpxtpx:TrackPointExtension><gpxtpx:hr>171</gpxtpx:hr></gpxtpx:TrackPointExtension></extensions></trkpt><trkpt lat="56.023862" lon="37.852235"><ele>165.4</ele><time>2026-06-24T05:00:46Z</time><extensions><gpxtpx:TrackPointExtension><gpxtpx:hr>171</gpxtpx:hr></gpxtpx:TrackPointExtension></extensions></trkpt><trkpt lat="56.023833" lon="37.852285"><ele>165.4</ele><time>2026-06-24T05:00:47Z</time><extensions><gpxtpx:TrackPointExtension><gpxtpx:hr>171</gpxtpx:hr></gpxtpx:TrackPointExtension></extensions></trkpt><trkpt lat="56.023817" lon="37.852345"><ele>165.4</ele><time>2026-06-24T05:00:48Z</time><extensions><gpxtpx:TrackPointExtension><gpxtpx:hr>172</gpxtpx:hr></gpxtpx:TrackPointExtension></extensions></trkpt><trkpt lat="56.023805" lon="37.852405"><ele>165.4</ele><time>2026-06-24T05:00:49Z</time><extensions><gpxtpx:TrackPointExtension><gpxtpx:hr>170</gpxtpx:hr></gpxtpx:TrackPointExtension></extensions></trkpt><trkpt lat="56.023805" lon="37.85247"><ele>165.4</ele><time>2026-06-24T05:00:50Z</time><extensions><gpxtpx:TrackPointExtension><gpxtpx:hr>171</gpxtpx:hr></gpxtpx:TrackPointExtension></extensions></trkpt><trkpt lat="56.023807" lon="37.852537"><ele>165.4</ele><time>2026-06-24T05:00:51Z</time><extensions><gpxtpx:TrackPointExtension><gpxtpx:hr>171</gpxtpx:hr></gpxtpx:TrackPointExtension></extensions></trkpt><trkpt lat="56.023817" lon="37.852607"><ele>165.4</ele><time>2026-06-24T05:00:52Z</time><extensions><gpxtpx:TrackPointExtension><gpxtpx:hr>171</gpxtpx:hr></gpxtpx:TrackPointExtension></extensions></trkpt><trkpt lat="56.023833" lon="37.852672"><ele>165.4</ele><time>2026-06-24T05:00:53Z</time><extensions><gpxtpx:TrackPointExtension><gpxtpx:hr>171</gpxtpx:hr></gpxtpx:TrackPointExtension></extensions></trkpt><trkpt lat="56.023862" lon="37.852722"><ele>165.4</ele><time>2026-06-24T05:00:54Z</time><extensions><gpxtpx:TrackPointExtension><gpxtpx:hr>171</gpxtpx:hr></gpxtpx:TrackPointExtension></extensions></trkpt><trkpt lat="56.023892" lon="37.852757"><ele>165.4</ele><time>2026-06-24T05:00:55Z</time><extensions><gpxtpx:TrackPointExtension><gpxtpx:hr>172</gpxtpx:hr></gpxtpx:TrackPointExtension></extensions></trkpt><trkpt lat="56.023927" lon="37.85278"><ele>165.4</ele><time>2026-06-24T05:00:56Z</time><extensions><gpxtpx:TrackPointExtension><gpxtpx:hr>171</gpxtpx:hr></gpxtpx:TrackPointExtension></extensions></trkpt><trkpt lat="56.023965" lon="37.852787"><ele>165.4</ele><time>2026-06-24T05:00:57Z</time><extensions><gpxtpx:TrackPointExtension><gpxtpx:hr>170</gpxtpx:hr></gpxtpx:TrackPointExtension></extensions></trkpt><trkpt lat="56.024" lon="37.85279"><ele>165.4</ele><time>2026-06-24T05:00:58Z</time><extensions><gpxtpx:TrackPointExtension><gpxtpx:hr>170</gpxtpx:hr></gpxtpx:TrackPointExtension></extensions></trkpt><trkpt lat="56.024037" lon="37.85279"><ele>165.4</ele><time>2026-06-24T05:00:59Z</time><extensions><gpxtpx:TrackPointExtension><gpxtpx:hr>170</gpxtpx:hr></gpxtpx:TrackPointExtension></extensions></trkpt><trkpt lat="56.024075" lon="37.852787"><ele>165.4</ele><time>2026-06-24T05:01:00Z</time><extensions><gpxtpx:TrackPointExtension><gpxtpx:hr>171</gpxtpx:hr></gpxtpx:TrackPointExtension></extensions></trkpt><trkpt lat="56.02411" lon="37.852785"><ele>165.4</ele><time>2026-06-24T05:01:01Z</time><extensions><gpxtpx:TrackPointExtension><gpxtpx:hr>171</gpxtpx:hr></gpxtpx:TrackPointExtension></extensions></trkpt><trkpt lat="56.024143" lon="37.852785"><ele>165.6</ele><time>2026-06-24T05:01:02Z</time><extensions><gpxtpx:TrackPointExtension><gpxtpx:hr>170</gpxtpx:hr></gpxtpx:TrackPointExtension></extensions></trkpt><trkpt lat="56.02418" lon="37.852782"><ele>165.6</ele><time>2026-06-24T05:01:03Z</time><extensions><gpxtpx:TrackPointExtension><gpxtpx:hr>169</gpxtpx:hr></gpxtpx:TrackPointExtension></extensions></trkpt><trkpt lat="56.024212" lon="37.852777"><ele>165.6</ele><time>2026-06-24T05:01:04Z</time><extensions><gpxtpx:TrackPointExtension><gpxtpx:hr>169</gpxtpx:hr></gpxtpx:TrackPointExtension></extensions></trkpt><trkpt lat="56.024247" lon="37.852777"><ele>165.6</ele><time>2026-06-24T05:01:05Z</time><extensions><gpxtpx:TrackPointExtension><gpxtpx:hr>170</gpxtpx:hr></gpxtpx:TrackPointExtension></extensions></trkpt><trkpt lat="56.024282" lon="37.852775"><ele>165.6</ele><time>2026-06-24T05:01:06Z</time><extensions><gpxtpx:TrackPointExtension><gpxtpx:hr>169</gpxtpx:hr></gpxtpx:TrackPointExtension></extensions></trkpt><trkpt lat="56.024317" lon="37.852775"><ele>165.6</ele><time>2026-06-24T05:01:07Z</time><extensions><gpxtpx:TrackPointExtension><gpxtpx:hr>170</gpxtpx:hr></gpxtpx:TrackPointExtension></extensions></trkpt><trkpt lat="56.024352" lon="37.852777"><ele>165.6</ele><time>2026-06-24T05:01:08Z</time><extensions><gpxtpx:TrackPointExtension><gpxtpx:hr>170</gpxtpx:hr></gpxtpx:TrackPointExtension></extensions></trkpt><trkpt lat="56.024387" lon="37.852777"><ele>165.6</ele><time>2026-06-24T05:01:09Z</time><extensions><gpxtpx:TrackPointExtension><gpxtpx:hr>171</gpxtpx:hr></gpxtpx:TrackPointExtension></extensions></trkpt><trkpt lat="56.02442" lon="37.852772"><ele>165.6</ele><time>2026-06-24T05:01:10Z</time><extensions><gpxtpx:TrackPointExtension><gpxtpx:hr>170</gpxtpx:hr></gpxtpx:TrackPointExtension></extensions></trkpt><trkpt lat="56.024455" lon="37.852755"><ele>165.6</ele><time>2026-06-24T05:01:11Z</time><extensions><gpxtpx:TrackPointExtension><gpxtpx:hr>171</gpxtpx:hr></gpxtpx:TrackPointExtension></extensions></trkpt><trkpt lat="56.024482" lon="37.852727"><ele>165.6</ele><time>2026-06-24T05:01:12Z</time><extensions><gpxtpx:TrackPointExtension><gpxtpx:hr>170</gpxtpx:hr></gpxtpx:TrackPointExtension></extensions></trkpt><trkpt lat="56.024512" lon="37.852687"><ele>165.6</ele><time>2026-06-24T05:01:13Z</time><extensions><gpxtpx:TrackPointExtension><gpxtpx:hr>171</gpxtpx:hr></gpxtpx:TrackPointExtension></extensions></trkpt><trkpt lat="56.024537" lon="37.852635"><ele>165.4</ele><time>2026-06-24T05:01:14Z</time><extensions><gpxtpx:TrackPointExtension><gpxtpx:hr>171</gpxtpx:hr></gpxtpx:TrackPointExtension></extensions></trkpt><trkpt lat="56.024555" lon="37.852577"><ele>165.4</ele><time>2026-06-24T05:01:15Z</time><extensions><gpxtpx:TrackPointExtension><gpxtpx:hr>171</gpxtpx:hr></gpxtpx:TrackPointExtension></extensions></trkpt><trkpt lat="56.024565" lon="37.852507"><ele>165.4</ele><time>2026-06-24T05:01:16Z</time><extensions><gpxtpx:TrackPointExtension><gpxtpx:hr>171</gpxtpx:hr></gpxtpx:TrackPointExtension></extensions></trkpt><trkpt lat="56.024567" lon="37.852442"><ele>165.2</ele><time>2026-06-24T05:01:17Z</time><extensions><gpxtpx:TrackPointExtension><gpxtpx:hr>170</gpxtpx:hr></gpxtpx:TrackPointExtension></extensions></trkpt><trkpt lat="56.024557" lon="37.852378"><ele>165.2</ele><time>2026-06-24T05:01:18Z</time><extensions><gpxtpx:TrackPointExtension><gpxtpx:hr>170</gpxtpx:hr></gpxtpx:TrackPointExtension></extensions></trkpt><trkpt lat="56.024545" lon="37.852325"><ele>165.2</ele><time>2026-06-24T05:01:19Z</time><extensions><gpxtpx:TrackPointExtension><gpxtpx:hr>170</gpxtpx:hr></gpxtpx:TrackPointExtension></extensions></trkpt><trkpt lat="56.024523" lon="37.852275"><ele>165.2</ele><time>2026-06-24T05:01:20Z</time><extensions><gpxtpx:TrackPointExtension><gpxtpx:hr>170</gpxtpx:hr></gpxtpx:TrackPointExtension></extensions></trkpt><trkpt lat="56.024497" lon="37.852237"><ele>165.2</ele><time>2026-06-24T05:01:21Z</time><extensions><gpxtpx:TrackPointExtension><gpxtpx:hr>171</gpxtpx:hr></gpxtpx:TrackPointExtension></extensions></trkpt><trkpt lat="56.024467" lon="37.852207"><ele>165.2</ele><time>2026-06-24T05:01:22Z</time><extensions><gpxtpx:TrackPointExtension><gpxtpx:hr>171</gpxtpx:hr></gpxtpx:TrackPointExtension></extensions></trkpt><trkpt lat="56.024432" lon="37.852187"><ele>165.2</ele><time>2026-06-24T05:01:23Z</time><extensions><gpxtpx:TrackPointExtension><gpxtpx:hr>171</gpxtpx:hr></gpxtpx:TrackPointExtension></extensions></trkpt><trkpt lat="56.024397" lon="37.852175"><ele>165.2</ele><time>2026-06-24T05:01:24Z</time><extensions><gpxtpx:TrackPointExtension><gpxtpx:hr>170</gpxtpx:hr></gpxtpx:TrackPointExtension></extensions></trkpt><trkpt lat="56.024362" lon="37.852167"><ele>165.2</ele><time>2026-06-24T05:01:25Z</time><extensions><gpxtpx:TrackPointExtension><gpxtpx:hr>171</gpxtpx:hr></gpxtpx:TrackPointExtension></extensions></trkpt><trkpt lat="56.024327" lon="37.852162"><ele>165.2</ele><time>2026-06-24T05:01:26Z</time><extensions><gpxtpx:TrackPointExtension><gpxtpx:hr>171</gpxtpx:hr></gpxtpx:TrackPointExtension></extensions></trkpt><trkpt lat="56.024287" lon="37.852157"><ele>165.2</ele><time>2026-06-24T05:01:27Z</time><extensions><gpxtpx:TrackPointExtension><gpxtpx:hr>170</gpxtpx:hr></gpxtpx:TrackPointExtension></extensions></trkpt><trkpt lat="56.024252" lon="37.852157"><ele>165.2</ele><time>2026-06-24T05:01:28Z</time><extensions><gpxtpx:TrackPointExtension><gpxtpx:hr>171</gpxtpx:hr></gpxtpx:TrackPointExtension></extensions></trkpt><trkpt lat="56.024217" lon="37.852157"><ele>165.2</ele><time>2026-06-24T05:01:29Z</time><extensions><gpxtpx:TrackPointExtension><gpxtpx:hr>170</gpxtpx:hr></gpxtpx:TrackPointExtension></extensions></trkpt><trkpt lat="56.024182" lon="37.852152"><ele>165.2</ele><time>2026-06-24T05:01:30Z</time><extensions><gpxtpx:TrackPointExtension><gpxtpx:hr>171</gpxtpx:hr></gpxtpx:TrackPointExtension></extensions></trkpt><trkpt lat="56.024147" lon="37.852145"><ele>165.2</ele><time>2026-06-24T05:01:31Z</time><extensions><gpxtpx:TrackPointExtension><gpxtpx:hr>171</gpxtpx:hr></gpxtpx:TrackPointExtension></extensions></trkpt><trkpt lat="56.02411" lon="37.852147"><ele>165.2</ele><time>2026-06-24T05:01:32Z</time><extensions><gpxtpx:TrackPointExtension><gpxtpx:hr>172</gpxtpx:hr></gpxtpx:TrackPointExtension></extensions></trkpt><trkpt lat="56.024077" lon="37.852145"><ele>165.2</ele><time>2026-06-24T05:01:33Z</time><extensions><gpxtpx:TrackPointExtension><gpxtpx:hr>171</gpxtpx:hr></gpxtpx:TrackPointExtension></extensions></trkpt><trkpt lat="56.024045" lon="37.852145"><ele>165.2</ele><time>2026-06-24T05:01:34Z</time><extensions><gpxtpx:TrackPointExtension><gpxtpx:hr>171</gpxtpx:hr></gpxtpx:TrackPointExtension></extensions></trkpt><trkpt lat="56.02401" lon="37.852145"><ele>165.4</ele><time>2026-06-24T05:01:35Z</time><extensions><gpxtpx:TrackPointExtension><gpxtpx:hr>171</gpxtpx:hr></gpxtpx:TrackPointExtension></extensions></trkpt><trkpt lat="56.023977" lon="37.852137"><ele>165.4</ele><time>2026-06-24T05:01:36Z</time><extensions><gpxtpx:TrackPointExtension><gpxtpx:hr>171</gpxtpx:hr></gpxtpx:TrackPointExtension></extensions></trkpt><trkpt lat="56.023942" lon="37.852142"><ele>165.4</ele><time>2026-06-24T05:01:37Z</time><extensions><gpxtpx:TrackPointExtension><gpxtpx:hr>171</gpxtpx:hr></gpxtpx:TrackPointExtension></extensions></trkpt><trkpt lat="56.023912" lon="37.852152"><ele>165.4</ele><time>2026-06-24T05:01:38Z</time><extensions><gpxtpx:TrackPointExtension><gpxtpx:hr>171</gpxtpx:hr></gpxtpx:TrackPointExtension></extensions></trkpt><trkpt lat="56.023882" lon="37.852185"><ele>165.4</ele><time>2026-06-24T05:01:39Z</time><extensions><gpxtpx:TrackPointExtension><gpxtpx:hr>171</gpxtpx:hr></gpxtpx:TrackPointExtension></extensions></trkpt><trkpt lat="56.023855" lon="37.852222"><ele>165.4</ele><time>2026-06-24T05:01:40Z</time><extensions><gpxtpx:TrackPointExtension><gpxtpx:hr>172</gpxtpx:hr></gpxtpx:TrackPointExtension></extensions></trkpt><trkpt lat="56.023832" lon="37.85227"><ele>165.2</ele><time>2026-06-24T05:01:41Z</time><extensions><gpxtpx:TrackPointExtension><gpxtpx:hr>173</gpxtpx:hr></gpxtpx:TrackPointExtension></extensions></trkpt><trkpt lat="56.023817" lon="37.85233"><ele>165.2</ele><time>2026-06-24T05:01:42Z</time><extensions><gpxtpx:TrackPointExtension><gpxtpx:hr>171</gpxtpx:hr></gpxtpx:TrackPointExtension></extensions></trkpt><trkpt lat="56.023805" lon="37.85239"><ele>165.2</ele><time>2026-06-24T05:01:43Z</time><extensions><gpxtpx:TrackPointExtension><gpxtpx:hr>171</gpxtpx:hr></gpxtpx:TrackPointExtension></extensions></trkpt><trkpt lat="56.0238" lon="37.852457"><ele>165.2</ele><time>2026-06-24T05:01:44Z</time><extensions><gpxtpx:TrackPointExtension><gpxtpx:hr>171</gpxtpx:hr></gpxtpx:TrackPointExtension></extensions></trkpt><trkpt lat="56.0238" lon="37.852522"><ele>165.0</ele><time>2026-06-24T05:01:45Z</time><extensions><gpxtpx:TrackPointExtension><gpxtpx:hr>172</gpxtpx:hr></gpxtpx:TrackPointExtension></extensions></trkpt><trkpt lat="56.023807" lon="37.852587"><ele>165.0</ele><time>2026-06-24T05:01:46Z</time><extensions><gpxtpx:TrackPointExtension><gpxtpx:hr>171</gpxtpx:hr></gpxtpx:TrackPointExtension></extensions></trkpt><trkpt lat="56.023822" lon="37.852637"><ele>165.0</ele><time>2026-06-24T05:01:47Z</time><extensions><gpxtpx:TrackPointExtension><gpxtpx:hr>172</gpxtpx:hr></gpxtpx:TrackPointExtension></extensions></trkpt><trkpt lat="56.023842" lon="37.852682"><ele>165.0</ele><time>2026-06-24T05:01:48Z</time><extensions><gpxtpx:TrackPointExtension><gpxtpx:hr>173</gpxtpx:hr></gpxtpx:TrackPointExtension></extensions></trkpt><trkpt lat="56.023867" lon="37.852722"><ele>165.0</ele><time>2026-06-24T05:01:49Z</time><extensions><gpxtpx:TrackPointExtension><gpxtpx:hr>172</gpxtpx:hr></gpxtpx:TrackPointExtension></extensions></trkpt><trkpt lat="56.023897" lon="37.852755"><ele>165.0</ele><time>2026-06-24T05:01:50Z</time><extensions><gpxtpx:TrackPointExtension><gpxtpx:hr>172</gpxtpx:hr></gpxtpx:TrackPointExtension></extensions></trkpt><trkpt lat="56.02393" lon="37.852775"><ele>165.0</ele><time>2026-06-24T05:01:51Z</time><extensions><gpxtpx:TrackPointExtension><gpxtpx:hr>173</gpxtpx:hr></gpxtpx:TrackPointExtension></extensions></trkpt><trkpt lat="56.023962" lon="37.852787"><ele>165.0</ele><time>2026-06-24T05:01:52Z</time><extensions><gpxtpx:TrackPointExtension><gpxtpx:hr>172</gpxtpx:hr></gpxtpx:TrackPointExtension></extensions></trkpt><trkpt lat="56.023997" lon="37.852792"><ele>165.0</ele><time>2026-06-24T05:01:53Z</time><extensions><gpxtpx:TrackPointExtension><gpxtpx:hr>171</gpxtpx:hr></gpxtpx:TrackPointExtension></extensions></trkpt><trkpt lat="56.02403" lon="37.852795"><ele>165.2</ele><time>2026-06-24T05:01:54Z</time><extensions><gpxtpx:TrackPointExtension><gpxtpx:hr>172</gpxtpx:hr></gpxtpx:TrackPointExtension></extensions></trkpt><trkpt lat="56.024057" lon="37.852797"><ele>165.2</ele><time>2026-06-24T05:01:55Z</time><extensions><gpxtpx:TrackPointExtension><gpxtpx:hr>171</gpxtpx:hr></gpxtpx:TrackPointExtension></extensions></trkpt><trkpt lat="56.024087" lon="37.8528"><ele>165.2</ele><time>2026-06-24T05:01:56Z</time><extensions><gpxtpx:TrackPointExtension><gpxtpx:hr>171</gpxtpx:hr></gpxtpx:TrackPointExtension></extensions></trkpt><trkpt lat="56.024112" lon="37.852805"><ele>165.4</ele><time>2026-06-24T05:01:57Z</time><extensions><gpxtpx:TrackPointExtension><gpxtpx:hr>172</gpxtpx:hr></gpxtpx:TrackPointExtension></extensions></trkpt><trkpt lat="56.024137" lon="37.852807"><ele>165.4</ele><time>2026-06-24T05:01:58Z</time><extensions><gpxtpx:TrackPointExtension><gpxtpx:hr>170</gpxtpx:hr></gpxtpx:TrackPointExtension></extensions></trkpt><trkpt lat="56.02418" lon="37.85281"><ele>165.4</ele><time>2026-06-24T05:02:00Z</time><extensions><gpxtpx:TrackPointExtension><gpxtpx:hr>169</gpxtpx:hr></gpxtpx:TrackPointExtension></extensions></trkpt><trkpt lat="56.024202" lon="37.85281"><ele>165.4</ele><time>2026-06-24T05:02:01Z</time><extensions><gpxtpx:TrackPointExtension><gpxtpx:hr>170</gpxtpx:hr></gpxtpx:TrackPointExtension></extensions></trkpt><trkpt lat="56.024222" lon="37.852812"><ele>165.4</ele><time>2026-06-24T05:02:02Z</time><extensions><gpxtpx:TrackPointExtension><gpxtpx:hr>169</gpxtpx:hr></gpxtpx:TrackPointExtension></extensions></trkpt><trkpt lat="56.024242" lon="37.852815"><ele>165.4</ele><time>2026-06-24T05:02:03Z</time><extensions><gpxtpx:TrackPointExtension><gpxtpx:hr>169</gpxtpx:hr></gpxtpx:TrackPointExtension></extensions></trkpt><trkpt lat="56.02426" lon="37.852817"><ele>165.4</ele><time>2026-06-24T05:02:04Z</time><extensions><gpxtpx:TrackPointExtension><gpxtpx:hr>167</gpxtpx:hr></gpxtpx:TrackPointExtension></extensions></trkpt><trkpt lat="56.024292" lon="37.85281"><ele>165.6</ele><time>2026-06-24T05:02:06Z</time><extensions><gpxtpx:TrackPointExtension><gpxtpx:hr>168</gpxtpx:hr></gpxtpx:TrackPointExtension></extensions></trkpt><trkpt lat="56.024327" lon="37.852807"><ele>165.6</ele><time>2026-06-24T05:02:08Z</time><extensions><gpxtpx:TrackPointExtension><gpxtpx:hr>166</gpxtpx:hr></gpxtpx:TrackPointExtension></extensions></trkpt><trkpt lat="56.024347" lon="37.852807"><ele>165.6</ele><time>2026-06-24T05:02:09Z</time><extensions><gpxtpx:TrackPointExtension><gpxtpx:hr>165</gpxtpx:hr></gpxtpx:TrackPointExtension></extensions></trkpt><trkpt lat="56.024367" lon="37.85281"><ele>165.6</ele><time>2026-06-24T05:02:10Z</time><extensions><gpxtpx:TrackPointExtension><gpxtpx:hr>166</gpxtpx:hr></gpxtpx:TrackPointExtension></extensions></trkpt><trkpt lat="56.0244" lon="37.852807"><ele>165.6</ele><time>2026-06-24T05:02:12Z</time><extensions><gpxtpx:TrackPointExtension><gpxtpx:hr>166</gpxtpx:hr></gpxtpx:TrackPointExtension></extensions></trkpt><trkpt lat="56.024432" lon="37.852807"><ele>165.6</ele><time>2026-06-24T05:02:14Z</time><extensions><gpxtpx:TrackPointExtension><gpxtpx:hr>165</gpxtpx:hr></gpxtpx:TrackPointExtension></extensions></trkpt><trkpt lat="56.024467" lon="37.852792"><ele>165.6</ele><time>2026-06-24T05:02:16Z</time><extensions><gpxtpx:TrackPointExtension><gpxtpx:hr>164</gpxtpx:hr></gpxtpx:TrackPointExtension></extensions></trkpt><trkpt lat="56.024552" lon="37.852372"><ele>165.6</ele><time>2026-06-24T05:02:45Z</time><extensions><gpxtpx:TrackPointExtension><gpxtpx:hr>150</gpxtpx:hr></gpxtpx:TrackPointExtension></extensions></trkpt><trkpt lat="56.024542" lon="37.852312"><ele>166.0</ele><time>2026-06-24T05:02:47Z</time><extensions><gpxtpx:TrackPointExtension><gpxtpx:hr>150</gpxtpx:hr></gpxtpx:TrackPointExtension></extensions></trkpt><trkpt lat="56.024532" lon="37.85228"><ele>166.0</ele><time>2026-06-24T05:02:48Z</time><extensions><gpxtpx:TrackPointExtension><gpxtpx:hr>150</gpxtpx:hr></gpxtpx:TrackPointExtension></extensions></trkpt><trkpt lat="56.02452" lon="37.852252"><ele>166.0</ele><time>2026-06-24T05:02:49Z</time><extensions><gpxtpx:TrackPointExtension><gpxtpx:hr>148</gpxtpx:hr></gpxtpx:TrackPointExtension></extensions></trkpt><trkpt lat="56.02449" lon="37.852212"><ele>165.6</ele><time>2026-06-24T05:02:51Z</time><extensions><gpxtpx:TrackPointExtension><gpxtpx:hr>147</gpxtpx:hr></gpxtpx:TrackPointExtension></extensions></trkpt><trkpt lat="56.02447" lon="37.852197"><ele>165.6</ele><time>2026-06-24T05:02:52Z</time><extensions><gpxtpx:TrackPointExtension><gpxtpx:hr>148</gpxtpx:hr></gpxtpx:TrackPointExtension></extensions></trkpt><trkpt lat="56.024452" lon="37.85218"><ele>165.6</ele><time>2026-06-24T05:02:53Z</time><extensions><gpxtpx:TrackPointExtension><gpxtpx:hr>147</gpxtpx:hr></gpxtpx:TrackPointExtension></extensions></trkpt><trkpt lat="56.024432" lon="37.852165"><ele>165.4</ele><time>2026-06-24T05:02:54Z</time><extensions><gpxtpx:TrackPointExtension><gpxtpx:hr>149</gpxtpx:hr></gpxtpx:TrackPointExtension></extensions></trkpt><trkpt lat="56.024412" lon="37.852157"><ele>165.4</ele><time>2026-06-24T05:02:55Z</time><extensions><gpxtpx:TrackPointExtension><gpxtpx:hr>147</gpxtpx:hr></gpxtpx:TrackPointExtension></extensions></trkpt><trkpt lat="56.024392" lon="37.852152"><ele>165.4</ele><time>2026-06-24T05:02:56Z</time><extensions><gpxtpx:TrackPointExtension><gpxtpx:hr>148</gpxtpx:hr></gpxtpx:TrackPointExtension></extensions></trkpt><trkpt lat="56.024372" lon="37.852155"><ele>165.4</ele><time>2026-06-24T05:02:57Z</time><extensions><gpxtpx:TrackPointExtension><gpxtpx:hr>148</gpxtpx:hr></gpxtpx:TrackPointExtension></extensions></trkpt><trkpt lat="56.024352" lon="37.852152"><ele>165.4</ele><time>2026-06-24T05:02:58Z</time><extensions><gpxtpx:TrackPointExtension><gpxtpx:hr>146</gpxtpx:hr></gpxtpx:TrackPointExtension></extensions></trkpt><trkpt lat="56.024327" lon="37.852152"><ele>165.4</ele><time>2026-06-24T05:02:59Z</time><extensions><gpxtpx:TrackPointExtension><gpxtpx:hr>147</gpxtpx:hr></gpxtpx:TrackPointExtension></extensions></trkpt><trkpt lat="56.024307" lon="37.852152"><ele>165.2</ele><time>2026-06-24T05:03:00Z</time><extensions><gpxtpx:TrackPointExtension><gpxtpx:hr>146</gpxtpx:hr></gpxtpx:TrackPointExtension></extensions></trkpt><trkpt lat="56.02429" lon="37.85215"><ele>165.4</ele><time>2026-06-24T05:03:01Z</time><extensions><gpxtpx:TrackPointExtension><gpxtpx:hr>145</gpxtpx:hr></gpxtpx:TrackPointExtension></extensions></trkpt><trkpt lat="56.02427" lon="37.85215"><ele>165.4</ele><time>2026-06-24T05:03:02Z</time><extensions><gpxtpx:TrackPointExtension><gpxtpx:hr>146</gpxtpx:hr></gpxtpx:TrackPointExtension></extensions></trkpt><trkpt lat="56.02425" lon="37.852155"><ele>165.4</ele><time>2026-06-24T05:03:03Z</time><extensions><gpxtpx:TrackPointExtension><gpxtpx:hr>146</gpxtpx:hr></gpxtpx:TrackPointExtension></extensions></trkpt><trkpt lat="56.024232" lon="37.852155"><ele>165.4</ele><time>2026-06-24T05:03:04Z</time><extensions><gpxtpx:TrackPointExtension><gpxtpx:hr>145</gpxtpx:hr></gpxtpx:TrackPointExtension></extensions></trkpt><trkpt lat="56.024212" lon="37.852155"><ele>165.4</ele><time>2026-06-24T05:03:05Z</time><extensions><gpxtpx:TrackPointExtension><gpxtpx:hr>144</gpxtpx:hr></gpxtpx:TrackPointExtension></extensions></trkpt><trkpt lat="56.02419" lon="37.852155"><ele>165.4</ele><time>2026-06-24T05:03:06Z</time><extensions><gpxtpx:TrackPointExtension><gpxtpx:hr>144</gpxtpx:hr></gpxtpx:TrackPointExtension></extensions></trkpt><trkpt lat="56.02417" lon="37.85215"><ele>165.4</ele><time>2026-06-24T05:03:07Z</time><extensions><gpxtpx:TrackPointExtension><gpxtpx:hr>143</gpxtpx:hr></gpxtpx:TrackPointExtension></extensions></trkpt><trkpt lat="56.024152" lon="37.852147"><ele>165.4</ele><time>2026-06-24T05:03:08Z</time><extensions><gpxtpx:TrackPointExtension><gpxtpx:hr>143</gpxtpx:hr></gpxtpx:TrackPointExtension></extensions></trkpt><trkpt lat="56.024132" lon="37.852145"><ele>165.4</ele><time>2026-06-24T05:03:09Z</time><extensions><gpxtpx:TrackPointExtension><gpxtpx:hr>144</gpxtpx:hr></gpxtpx:TrackPointExtension></extensions></trkpt><trkpt lat="56.024112" lon="37.852142"><ele>165.4</ele><time>2026-06-24T05:03:10Z</time><extensions><gpxtpx:TrackPointExtension><gpxtpx:hr>144</gpxtpx:hr></gpxtpx:TrackPointExtension></extensions></trkpt><trkpt lat="56.024095" lon="37.852142"><ele>165.4</ele><time>2026-06-24T05:03:11Z</time><extensions><gpxtpx:TrackPointExtension><gpxtpx:hr>143</gpxtpx:hr></gpxtpx:TrackPointExtension></extensions></trkpt><trkpt lat="56.024075" lon="37.85214"><ele>165.2</ele><time>2026-06-24T05:03:12Z</time><extensions><gpxtpx:TrackPointExtension><gpxtpx:hr>143</gpxtpx:hr></gpxtpx:TrackPointExtension></extensions></trkpt><trkpt lat="56.024052" lon="37.852137"><ele>165.2</ele><time>2026-06-24T05:03:13Z</time><extensions><gpxtpx:TrackPointExtension><gpxtpx:hr>144</gpxtpx:hr></gpxtpx:TrackPointExtension></extensions></trkpt><trkpt lat="56.024032" lon="37.852137"><ele>165.2</ele><time>2026-06-24T05:03:14Z</time><extensions><gpxtpx:TrackPointExtension><gpxtpx:hr>144</gpxtpx:hr></gpxtpx:TrackPointExtension></extensions></trkpt><trkpt lat="56.024012" lon="37.852137"><ele>165.2</ele><time>2026-06-24T05:03:15Z</time><extensions><gpxtpx:TrackPointExtension><gpxtpx:hr>144</gpxtpx:hr></gpxtpx:TrackPointExtension></extensions></trkpt><trkpt lat="56.023992" lon="37.852137"><ele>165.2</ele><time>2026-06-24T05:03:16Z</time><extensions><gpxtpx:TrackPointExtension><gpxtpx:hr>145</gpxtpx:hr></gpxtpx:TrackPointExtension></extensions></trkpt><trkpt lat="56.023967" lon="37.852135"><ele>165.2</ele><time>2026-06-24T05:03:17Z</time><extensions><gpxtpx:TrackPointExtension><gpxtpx:hr>143</gpxtpx:hr></gpxtpx:TrackPointExtension></extensions></trkpt><trkpt lat="56.023945" lon="37.852137"><ele>165.2</ele><time>2026-06-24T05:03:18Z</time><extensions><gpxtpx:TrackPointExtension><gpxtpx:hr>144</gpxtpx:hr></gpxtpx:TrackPointExtension></extensions></trkpt><trkpt lat="56.023922" lon="37.852145"><ele>165.2</ele><time>2026-06-24T05:03:19Z</time><extensions><gpxtpx:TrackPointExtension><gpxtpx:hr>145</gpxtpx:hr></gpxtpx:TrackPointExtension></extensions></trkpt><trkpt lat="56.023902" lon="37.852157"><ele>165.2</ele><time>2026-06-24T05:03:20Z</time><extensions><gpxtpx:TrackPointExtension><gpxtpx:hr>144</gpxtpx:hr></gpxtpx:TrackPointExtension></extensions></trkpt><trkpt lat="56.023882" lon="37.852172"><ele>165.2</ele><time>2026-06-24T05:03:21Z</time><extensions><gpxtpx:TrackPointExtension><gpxtpx:hr>142</gpxtpx:hr></gpxtpx:TrackPointExtension></extensions></trkpt><trkpt lat="56.023867" lon="37.852197"><ele>165.0</ele><time>2026-06-24T05:03:22Z</time><extensions><gpxtpx:TrackPointExtension><gpxtpx:hr>142</gpxtpx:hr></gpxtpx:TrackPointExtension></extensions></trkpt><trkpt lat="56.023847" lon="37.852222"><ele>165.0</ele><time>2026-06-24T05:03:23Z</time><extensions><gpxtpx:TrackPointExtension><gpxtpx:hr>142</gpxtpx:hr></gpxtpx:TrackPointExtension></extensions></trkpt><trkpt lat="56.023833" lon="37.852255"><ele>165.0</ele><time>2026-06-24T05:03:24Z</time><extensions><gpxtpx:TrackPointExtension><gpxtpx:hr>144</gpxtpx:hr></gpxtpx:TrackPointExtension></extensions></trkpt><trkpt lat="56.023822" lon="37.852285"><ele>165.0</ele><time>2026-06-24T05:03:25Z</time><extensions><gpxtpx:TrackPointExtension><gpxtpx:hr>143</gpxtpx:hr></gpxtpx:TrackPointExtension></extensions></trkpt><trkpt lat="56.023812" lon="37.852322"><ele>165.0</ele><time>2026-06-24T05:03:26Z</time><extensions><gpxtpx:TrackPointExtension><gpxtpx:hr>143</gpxtpx:hr></gpxtpx:TrackPointExtension></extensions></trkpt><trkpt lat="56.023807" lon="37.852362"><ele>165.0</ele><time>2026-06-24T05:03:27Z</time><extensions><gpxtpx:TrackPointExtension><gpxtpx:hr>143</gpxtpx:hr></gpxtpx:TrackPointExtension></extensions></trkpt><trkpt lat="56.023805" lon="37.852397"><ele>165.0</ele><time>2026-06-24T05:03:28Z</time><extensions><gpxtpx:TrackPointExtension><gpxtpx:hr>143</gpxtpx:hr></gpxtpx:TrackPointExtension></extensions></trkpt><trkpt lat="56.023805" lon="37.852442"><ele>165.0</ele><time>2026-06-24T05:03:29Z</time><extensions><gpxtpx:TrackPointExtension><gpxtpx:hr>145</gpxtpx:hr></gpxtpx:TrackPointExtension></extensions></trkpt><trkpt lat="56.023805" lon="37.852482"><ele>165.0</ele><time>2026-06-24T05:03:30Z</time><extensions><gpxtpx:TrackPointExtension><gpxtpx:hr>145</gpxtpx:hr></gpxtpx:TrackPointExtension></extensions></trkpt><trkpt lat="56.023807" lon="37.852522"><ele>165.0</ele><time>2026-06-24T05:03:31Z</time><extensions><gpxtpx:TrackPointExtension><gpxtpx:hr>144</gpxtpx:hr></gpxtpx:TrackPointExtension></extensions></trkpt><trkpt lat="56.023812" lon="37.852562"><ele>165.0</ele><time>2026-06-24T05:03:32Z</time><extensions><gpxtpx:TrackPointExtension><gpxtpx:hr>144</gpxtpx:hr></gpxtpx:TrackPointExtension></extensions></trkpt><trkpt lat="56.023822" lon="37.852602"><ele>165.2</ele><time>2026-06-24T05:03:33Z</time><extensions><gpxtpx:TrackPointExtension><gpxtpx:hr>145</gpxtpx:hr></gpxtpx:TrackPointExtension></extensions></trkpt><trkpt lat="56.023833" lon="37.85264"><ele>165.4</ele><time>2026-06-24T05:03:34Z</time><extensions><gpxtpx:TrackPointExtension><gpxtpx:hr>145</gpxtpx:hr></gpxtpx:TrackPointExtension></extensions></trkpt><trkpt lat="56.023847" lon="37.85267"><ele>165.4</ele><time>2026-06-24T05:03:35Z</time><extensions><gpxtpx:TrackPointExtension><gpxtpx:hr>146</gpxtpx:hr></gpxtpx:TrackPointExtension></extensions></trkpt><trkpt lat="56.023862" lon="37.852697"><ele>165.4</ele><time>2026-06-24T05:03:36Z</time><extensions><gpxtpx:TrackPointExtension><gpxtpx:hr>145</gpxtpx:hr></gpxtpx:TrackPointExtension></extensions></trkpt><trkpt lat="56.023882" lon="37.852722"><ele>165.4</ele><time>2026-06-24T05:03:37Z</time><extensions><gpxtpx:TrackPointExtension><gpxtpx:hr>144</gpxtpx:hr></gpxtpx:TrackPointExtension></extensions></trkpt><trkpt lat="56.023902" lon="37.852742"><ele>165.4</ele><time>2026-06-24T05:03:38Z</time><extensions><gpxtpx:TrackPointExtension><gpxtpx:hr>143</gpxtpx:hr></gpxtpx:TrackPointExtension></extensions></trkpt><trkpt lat="56.023925" lon="37.85276"><ele>165.4</ele><time>2026-06-24T05:03:39Z</time><extensions><gpxtpx:TrackPointExtension><gpxtpx:hr>143</gpxtpx:hr></gpxtpx:TrackPointExtension></extensions></trkpt><trkpt lat="56.023947" lon="37.852772"><ele>165.4</ele><time>2026-06-24T05:03:40Z</time><extensions><gpxtpx:TrackPointExtension><gpxtpx:hr>144</gpxtpx:hr></gpxtpx:TrackPointExtension></extensions></trkpt><trkpt lat="56.02397" lon="37.852777"><ele>165.4</ele><time>2026-06-24T05:03:41Z</time><extensions><gpxtpx:TrackPointExtension><gpxtpx:hr>143</gpxtpx:hr></gpxtpx:TrackPointExtension></extensions></trkpt><trkpt lat="56.023992" lon="37.852777"><ele>165.4</ele><time>2026-06-24T05:03:42Z</time><extensions><gpxtpx:TrackPointExtension><gpxtpx:hr>143</gpxtpx:hr></gpxtpx:TrackPointExtension></extensions></trkpt><trkpt lat="56.024015" lon="37.852777"><ele>165.4</ele><time>2026-06-24T05:03:43Z</time><extensions><gpxtpx:TrackPointExtension><gpxtpx:hr>142</gpxtpx:hr></gpxtpx:TrackPointExtension></extensions></trkpt><trkpt lat="56.024037" lon="37.852777"><ele>165.2</ele><time>2026-06-24T05:03:44Z</time><extensions><gpxtpx:TrackPointExtension><gpxtpx:hr>143</gpxtpx:hr></gpxtpx:TrackPointExtension></extensions></trkpt><trkpt lat="56.02406" lon="37.852777"><ele>165.2</ele><time>2026-06-24T05:03:45Z</time><extensions><gpxtpx:TrackPointExtension><gpxtpx:hr>144</gpxtpx:hr></gpxtpx:TrackPointExtension></extensions></trkpt><trkpt lat="56.024082" lon="37.85278"><ele>165.2</ele><time>2026-06-24T05:03:46Z</time><extensions><gpxtpx:TrackPointExtension><gpxtpx:hr>144</gpxtpx:hr></gpxtpx:TrackPointExtension></extensions></trkpt><trkpt lat="56.024102" lon="37.852777"><ele>165.2</ele><time>2026-06-24T05:03:47Z</time><extensions><gpxtpx:TrackPointExtension><gpxtpx:hr>142</gpxtpx:hr></gpxtpx:TrackPointExtension></extensions></trkpt><trkpt lat="56.024125" lon="37.85278"><ele>165.4</ele><time>2026-06-24T05:03:48Z</time><extensions><gpxtpx:TrackPointExtension><gpxtpx:hr>143</gpxtpx:hr></gpxtpx:TrackPointExtension></extensions></trkpt><trkpt lat="56.024147" lon="37.852777"><ele>165.6</ele><time>2026-06-24T05:03:49Z</time><extensions><gpxtpx:TrackPointExtension><gpxtpx:hr>144</gpxtpx:hr></gpxtpx:TrackPointExtension></extensions></trkpt><trkpt lat="56.02417" lon="37.852775"><ele>165.6</ele><time>2026-06-24T05:03:50Z</time><extensions><gpxtpx:TrackPointExtension><gpxtpx:hr>144</gpxtpx:hr></gpxtpx:TrackPointExtension></extensions></trkpt><trkpt lat="56.02419" lon="37.852772"><ele>165.6</ele><time>2026-06-24T05:03:51Z</time><extensions><gpxtpx:TrackPointExtension><gpxtpx:hr>143</gpxtpx:hr></gpxtpx:TrackPointExtension></extensions></trkpt><trkpt lat="56.02421" lon="37.852772"><ele>165.6</ele><time>2026-06-24T05:03:52Z</time><extensions><gpxtpx:TrackPointExtension><gpxtpx:hr>143</gpxtpx:hr></gpxtpx:TrackPointExtension></extensions></trkpt><trkpt lat="56.02423" lon="37.852772"><ele>165.4</ele><time>2026-06-24T05:03:53Z</time><extensions><gpxtpx:TrackPointExtension><gpxtpx:hr>143</gpxtpx:hr></gpxtpx:TrackPointExtension></extensions></trkpt><trkpt lat="56.024252" lon="37.85277"><ele>165.4</ele><time>2026-06-24T05:03:54Z</time><extensions><gpxtpx:TrackPointExtension><gpxtpx:hr>145</gpxtpx:hr></gpxtpx:TrackPointExtension></extensions></trkpt><trkpt lat="56.024272" lon="37.852767"><ele>165.4</ele><time>2026-06-24T05:03:55Z</time><extensions><gpxtpx:TrackPointExtension><gpxtpx:hr>143</gpxtpx:hr></gpxtpx:TrackPointExtension></extensions></trkpt><trkpt lat="56.024292" lon="37.852767"><ele>165.4</ele><time>2026-06-24T05:03:56Z</time><extensions><gpxtpx:TrackPointExtension><gpxtpx:hr>144</gpxtpx:hr></gpxtpx:TrackPointExtension></extensions></trkpt><trkpt lat="56.024317" lon="37.852767"><ele>165.4</ele><time>2026-06-24T05:03:57Z</time><extensions><gpxtpx:TrackPointExtension><gpxtpx:hr>144</gpxtpx:hr></gpxtpx:TrackPointExtension></extensions></trkpt><trkpt lat="56.024337" lon="37.852772"><ele>165.4</ele><time>2026-06-24T05:03:58Z</time><extensions><gpxtpx:TrackPointExtension><gpxtpx:hr>145</gpxtpx:hr></gpxtpx:TrackPointExtension></extensions></trkpt><trkpt lat="56.024357" lon="37.852775"><ele>165.6</ele><time>2026-06-24T05:03:59Z</time><extensions><gpxtpx:TrackPointExtension><gpxtpx:hr>144</gpxtpx:hr></gpxtpx:TrackPointExtension></extensions></trkpt><trkpt lat="56.024377" lon="37.852777"><ele>165.6</ele><time>2026-06-24T05:04:00Z</time><extensions><gpxtpx:TrackPointExtension><gpxtpx:hr>143</gpxtpx:hr></gpxtpx:TrackPointExtension></extensions></trkpt><trkpt lat="56.0244" lon="37.852777"><ele>165.6</ele><time>2026-06-24T05:04:01Z</time><extensions><gpxtpx:TrackPointExtension><gpxtpx:hr>144</gpxtpx:hr></gpxtpx:TrackPointExtension></extensions></trkpt><trkpt lat="56.024422" lon="37.85278"><ele>165.6</ele><time>2026-06-24T05:04:02Z</time><extensions><gpxtpx:TrackPointExtension><gpxtpx:hr>144</gpxtpx:hr></gpxtpx:TrackPointExtension></extensions></trkpt><trkpt lat="56.024447" lon="37.852772"><ele>165.6</ele><time>2026-06-24T05:04:03Z</time><extensions><gpxtpx:TrackPointExtension><gpxtpx:hr>144</gpxtpx:hr></gpxtpx:TrackPointExtension></extensions></trkpt><trkpt lat="56.024467" lon="37.852757"><ele>165.8</ele><time>2026-06-24T05:04:04Z</time><extensions><gpxtpx:TrackPointExtension><gpxtpx:hr>142</gpxtpx:hr></gpxtpx:TrackPointExtension></extensions></trkpt><trkpt lat="56.024487" lon="37.852737"><ele>165.8</ele><time>2026-06-24T05:04:05Z</time><extensions><gpxtpx:TrackPointExtension><gpxtpx:hr>143</gpxtpx:hr></gpxtpx:TrackPointExtension></extensions></trkpt><trkpt lat="56.024507" lon="37.852717"><ele>165.6</ele><time>2026-06-24T05:04:06Z</time><extensions><gpxtpx:TrackPointExtension><gpxtpx:hr>145</gpxtpx:hr></gpxtpx:TrackPointExtension></extensions></trkpt><trkpt lat="56.024523" lon="37.852692"><ele>165.6</ele><time>2026-06-24T05:04:07Z</time><extensions><gpxtpx:TrackPointExtension><gpxtpx:hr>144</gpxtpx:hr></gpxtpx:TrackPointExtension></extensions></trkpt><trkpt lat="56.02454" lon="37.852667"><ele>165.6</ele><time>2026-06-24T05:04:08Z</time><extensions><gpxtpx:TrackPointExtension><gpxtpx:hr>144</gpxtpx:hr></gpxtpx:TrackPointExtension></extensions></trkpt><trkpt lat="56.024552" lon="37.852635"><ele>165.4</ele><time>2026-06-24T05:04:09Z</time><extensions><gpxtpx:TrackPointExtension><gpxtpx:hr>144</gpxtpx:hr></gpxtpx:TrackPointExtension></extensions></trkpt><trkpt lat="56.024562" lon="37.852595"><ele>165.4</ele><time>2026-06-24T05:04:10Z</time><extensions><gpxtpx:TrackPointExtension><gpxtpx:hr>144</gpxtpx:hr></gpxtpx:TrackPointExtension></extensions></trkpt><trkpt lat="56.024567" lon="37.852557"><ele>165.4</ele><time>2026-06-24T05:04:11Z</time><extensions><gpxtpx:TrackPointExtension><gpxtpx:hr>145</gpxtpx:hr></gpxtpx:TrackPointExtension></extensions></trkpt><trkpt lat="56.024572" lon="37.852517"><ele>165.2</ele><time>2026-06-24T05:04:12Z</time><extensions><gpxtpx:TrackPointExtension><gpxtpx:hr>145</gpxtpx:hr></gpxtpx:TrackPointExtension></extensions></trkpt><trkpt lat="56.024572" lon="37.852475"><ele>165.2</ele><time>2026-06-24T05:04:13Z</time><extensions><gpxtpx:TrackPointExtension><gpxtpx:hr>145</gpxtpx:hr></gpxtpx:TrackPointExtension></extensions></trkpt><trkpt lat="56.024567" lon="37.852432"><ele>165.2</ele><time>2026-06-24T05:04:14Z</time><extensions><gpxtpx:TrackPointExtension><gpxtpx:hr>143</gpxtpx:hr></gpxtpx:TrackPointExtension></extensions></trkpt><trkpt lat="56.024567" lon="37.852395"><ele>165.2</ele><time>2026-06-24T05:04:15Z</time><extensions><gpxtpx:TrackPointExtension><gpxtpx:hr>144</gpxtpx:hr></gpxtpx:TrackPointExtension></extensions></trkpt><trkpt lat="56.024557" lon="37.852355"><ele>165.2</ele><time>2026-06-24T05:04:16Z</time><extensions><gpxtpx:TrackPointExtension><gpxtpx:hr>145</gpxtpx:hr></gpxtpx:TrackPointExtension></extensions></trkpt><trkpt lat="56.024547" lon="37.852322"><ele>165.2</ele><time>2026-06-24T05:04:17Z</time><extensions><gpxtpx:TrackPointExtension><gpxtpx:hr>144</gpxtpx:hr></gpxtpx:TrackPointExtension></extensions></trkpt><trkpt lat="56.024537" lon="37.852287"><ele>165.4</ele><time>2026-06-24T05:04:18Z</time><extensions><gpxtpx:TrackPointExtension><gpxtpx:hr>144</gpxtpx:hr></gpxtpx:TrackPointExtension></extensions></trkpt><trkpt lat="56.024522" lon="37.852257"><ele>165.4</ele><time>2026-06-24T05:04:19Z</time><extensions><gpxtpx:TrackPointExtension><gpxtpx:hr>142</gpxtpx:hr></gpxtpx:TrackPointExtension></extensions></trkpt><trkpt lat="56.024507" lon="37.852232"><ele>165.4</ele><time>2026-06-24T05:04:20Z</time><extensions><gpxtpx:TrackPointExtension><gpxtpx:hr>143</gpxtpx:hr></gpxtpx:TrackPointExtension></extensions></trkpt><trkpt lat="56.024492" lon="37.852205"><ele>165.4</ele><time>2026-06-24T05:04:21Z</time><extensions><gpxtpx:TrackPointExtension><gpxtpx:hr>144</gpxtpx:hr></gpxtpx:TrackPointExtension></extensions></trkpt><trkpt lat="56.024472" lon="37.852182"><ele>165.4</ele><time>2026-06-24T05:04:22Z</time><extensions><gpxtpx:TrackPointExtension><gpxtpx:hr>144</gpxtpx:hr></gpxtpx:TrackPointExtension></extensions></trkpt><trkpt lat="56.02445" lon="37.852167"><ele>165.4</ele><time>2026-06-24T05:04:23Z</time><extensions><gpxtpx:TrackPointExtension><gpxtpx:hr>144</gpxtpx:hr></gpxtpx:TrackPointExtension></extensions></trkpt><trkpt lat="56.024427" lon="37.852152"><ele>165.4</ele><time>2026-06-24T05:04:24Z</time><extensions><gpxtpx:TrackPointExtension><gpxtpx:hr>141</gpxtpx:hr></gpxtpx:TrackPointExtension></extensions></trkpt><trkpt lat="56.024407" lon="37.852145"><ele>165.4</ele><time>2026-06-24T05:04:25Z</time><extensions><gpxtpx:TrackPointExtension><gpxtpx:hr>142</gpxtpx:hr></gpxtpx:TrackPointExtension></extensions></trkpt><trkpt lat="56.024382" lon="37.852142"><ele>165.4</ele><time>2026-06-24T05:04:26Z</time><extensions><gpxtpx:TrackPointExtension><gpxtpx:hr>142</gpxtpx:hr></gpxtpx:TrackPointExtension></extensions></trkpt><trkpt lat="56.024357" lon="37.852137"><ele>165.4</ele><time>2026-06-24T05:04:27Z</time><extensions><gpxtpx:TrackPointExtension><gpxtpx:hr>143</gpxtpx:hr></gpxtpx:TrackPointExtension></extensions></trkpt><trkpt lat="56.024335" lon="37.852137"><ele>165.2</ele><time>2026-06-24T05:04:28Z</time><extensions><gpxtpx:TrackPointExtension><gpxtpx:hr>141</gpxtpx:hr></gpxtpx:TrackPointExtension></extensions></trkpt><trkpt lat="56.024312" lon="37.85214"><ele>165.2</ele><time>2026-06-24T05:04:29Z</time><extensions><gpxtpx:TrackPointExtension><gpxtpx:hr>141</gpxtpx:hr></gpxtpx:TrackPointExtension></extensions></trkpt><trkpt lat="56.02429" lon="37.852142"><ele>165.4</ele><time>2026-06-24T05:04:30Z</time><extensions><gpxtpx:TrackPointExtension><gpxtpx:hr>142</gpxtpx:hr></gpxtpx:TrackPointExtension></extensions></trkpt><trkpt lat="56.024267" lon="37.852135"><ele>165.4</ele><time>2026-06-24T05:04:31Z</time><extensions><gpxtpx:TrackPointExtension><gpxtpx:hr>142</gpxtpx:hr></gpxtpx:TrackPointExtension></extensions></trkpt><trkpt lat="56.024245" lon="37.852127"><ele>165.4</ele><time>2026-06-24T05:04:32Z</time><extensions><gpxtpx:TrackPointExtension><gpxtpx:hr>142</gpxtpx:hr></gpxtpx:TrackPointExtension></extensions></trkpt><trkpt lat="56.024222" lon="37.852125"><ele>165.2</ele><time>2026-06-24T05:04:33Z</time><extensions><gpxtpx:TrackPointExtension><gpxtpx:hr>142</gpxtpx:hr></gpxtpx:TrackPointExtension></extensions></trkpt><trkpt lat="56.024202" lon="37.852125"><ele>165.2</ele><time>2026-06-24T05:04:34Z</time><extensions><gpxtpx:TrackPointExtension><gpxtpx:hr>142</gpxtpx:hr></gpxtpx:TrackPointExtension></extensions></trkpt><trkpt lat="56.02418" lon="37.852125"><ele>165.2</ele><time>2026-06-24T05:04:35Z</time><extensions><gpxtpx:TrackPointExtension><gpxtpx:hr>142</gpxtpx:hr></gpxtpx:TrackPointExtension></extensions></trkpt><trkpt lat="56.024157" lon="37.852127"><ele>165.2</ele><time>2026-06-24T05:04:36Z</time><extensions><gpxtpx:TrackPointExtension><gpxtpx:hr>143</gpxtpx:hr></gpxtpx:TrackPointExtension></extensions></trkpt><trkpt lat="56.024137" lon="37.852127"><ele>165.2</ele><time>2026-06-24T05:04:37Z</time><extensions><gpxtpx:TrackPointExtension><gpxtpx:hr>141</gpxtpx:hr></gpxtpx:TrackPointExtension></extensions></trkpt><trkpt lat="56.024115" lon="37.852127"><ele>165.2</ele><time>2026-06-24T05:04:38Z</time><extensions><gpxtpx:TrackPointExtension><gpxtpx:hr>142</gpxtpx:hr></gpxtpx:TrackPointExtension></extensions></trkpt><trkpt lat="56.024092" lon="37.852127"><ele>165.2</ele><time>2026-06-24T05:04:39Z</time><extensions><gpxtpx:TrackPointExtension><gpxtpx:hr>142</gpxtpx:hr></gpxtpx:TrackPointExtension></extensions></trkpt><trkpt lat="56.024072" lon="37.852132"><ele>165.2</ele><time>2026-06-24T05:04:40Z</time><extensions><gpxtpx:TrackPointExtension><gpxtpx:hr>143</gpxtpx:hr></gpxtpx:TrackPointExtension></extensions></trkpt><trkpt lat="56.024055" lon="37.85213"><ele>165.0</ele><time>2026-06-24T05:04:41Z</time><extensions><gpxtpx:TrackPointExtension><gpxtpx:hr>142</gpxtpx:hr></gpxtpx:TrackPointExtension></extensions></trkpt><trkpt lat="56.024035" lon="37.85213"><ele>165.2</ele><time>2026-06-24T05:04:42Z</time><extensions><gpxtpx:TrackPointExtension><gpxtpx:hr>142</gpxtpx:hr></gpxtpx:TrackPointExtension></extensions></trkpt><trkpt lat="56.02401" lon="37.852127"><ele>165.2</ele><time>2026-06-24T05:04:43Z</time><extensions><gpxtpx:TrackPointExtension><gpxtpx:hr>142</gpxtpx:hr></gpxtpx:TrackPointExtension></extensions></trkpt><trkpt lat="56.023987" lon="37.852125"><ele>165.2</ele><time>2026-06-24T05:04:44Z</time><extensions><gpxtpx:TrackPointExtension><gpxtpx:hr>143</gpxtpx:hr></gpxtpx:TrackPointExtension></extensions></trkpt><trkpt lat="56.023967" lon="37.852122"><ele>165.2</ele><time>2026-06-24T05:04:45Z</time><extensions><gpxtpx:TrackPointExtension><gpxtpx:hr>142</gpxtpx:hr></gpxtpx:TrackPointExtension></extensions></trkpt><trkpt lat="56.023945" lon="37.852125"><ele>165.4</ele><time>2026-06-24T05:04:46Z</time><extensions><gpxtpx:TrackPointExtension><gpxtpx:hr>142</gpxtpx:hr></gpxtpx:TrackPointExtension></extensions></trkpt><trkpt lat="56.023922" lon="37.852132"><ele>165.4</ele><time>2026-06-24T05:04:47Z</time><extensions><gpxtpx:TrackPointExtension><gpxtpx:hr>143</gpxtpx:hr></gpxtpx:TrackPointExtension></extensions></trkpt><trkpt lat="56.0239" lon="37.852142"><ele>165.2</ele><time>2026-06-24T05:04:48Z</time><extensions><gpxtpx:TrackPointExtension><gpxtpx:hr>144</gpxtpx:hr></gpxtpx:TrackPointExtension></extensions></trkpt><trkpt lat="56.023877" lon="37.85216"><ele>165.2</ele><time>2026-06-24T05:04:49Z</time><extensions><gpxtpx:TrackPointExtension><gpxtpx:hr>144</gpxtpx:hr></gpxtpx:TrackPointExtension></extensions></trkpt><trkpt lat="56.023862" lon="37.852187"><ele>165.2</ele><time>2026-06-24T05:04:50Z</time><extensions><gpxtpx:TrackPointExtension><gpxtpx:hr>144</gpxtpx:hr></gpxtpx:TrackPointExtension></extensions></trkpt><trkpt lat="56.02385" lon="37.852212"><ele>165.2</ele><time>2026-06-24T05:04:51Z</time><extensions><gpxtpx:TrackPointExtension><gpxtpx:hr>144</gpxtpx:hr></gpxtpx:TrackPointExtension></extensions></trkpt><trkpt lat="56.023837" lon="37.852242"><ele>165.2</ele><time>2026-06-24T05:04:52Z</time><extensions><gpxtpx:TrackPointExtension><gpxtpx:hr>144</gpxtpx:hr></gpxtpx:TrackPointExtension></extensions></trkpt><trkpt lat="56.023825" lon="37.852285"><ele>165.2</ele><time>2026-06-24T05:04:53Z</time><extensions><gpxtpx:TrackPointExtension><gpxtpx:hr>145</gpxtpx:hr></gpxtpx:TrackPointExtension></extensions></trkpt><trkpt lat="56.023817" lon="37.852325"><ele>165.2</ele><time>2026-06-24T05:04:54Z</time><extensions><gpxtpx:TrackPointExtension><gpxtpx:hr>146</gpxtpx:hr></gpxtpx:TrackPointExtension></extensions></trkpt><trkpt lat="56.023815" lon="37.852367"><ele>165.2</ele><time>2026-06-24T05:04:55Z</time><extensions><gpxtpx:TrackPointExtension><gpxtpx:hr>144</gpxtpx:hr></gpxtpx:TrackPointExtension></extensions></trkpt><trkpt lat="56.023812" lon="37.852402"><ele>165.2</ele><time>2026-06-24T05:04:56Z</time><extensions><gpxtpx:TrackPointExtension><gpxtpx:hr>144</gpxtpx:hr></gpxtpx:TrackPointExtension></extensions></trkpt><trkpt lat="56.023815" lon="37.852442"><ele>165.4</ele><time>2026-06-24T05:04:57Z</time><extensions><gpxtpx:TrackPointExtension><gpxtpx:hr>145</gpxtpx:hr></gpxtpx:TrackPointExtension></extensions></trkpt><trkpt lat="56.023817" lon="37.852482"><ele>165.4</ele><time>2026-06-24T05:04:58Z</time><extensions><gpxtpx:TrackPointExtension><gpxtpx:hr>145</gpxtpx:hr></gpxtpx:TrackPointExtension></extensions></trkpt><trkpt lat="56.023822" lon="37.852522"><ele>165.4</ele><time>2026-06-24T05:04:59Z</time><extensions><gpxtpx:TrackPointExtension><gpxtpx:hr>145</gpxtpx:hr></gpxtpx:TrackPointExtension></extensions></trkpt><trkpt lat="56.023832" lon="37.85256"><ele>165.4</ele><time>2026-06-24T05:05:00Z</time><extensions><gpxtpx:TrackPointExtension><gpxtpx:hr>144</gpxtpx:hr></gpxtpx:TrackPointExtension></extensions></trkpt><trkpt lat="56.023845" lon="37.852597"><ele>165.4</ele><time>2026-06-24T05:05:01Z</time><extensions><gpxtpx:TrackPointExtension><gpxtpx:hr>145</gpxtpx:hr></gpxtpx:TrackPointExtension></extensions></trkpt><trkpt lat="56.023857" lon="37.852627"><ele>165.4</ele><time>2026-06-24T05:05:02Z</time><extensions><gpxtpx:TrackPointExtension><gpxtpx:hr>144</gpxtpx:hr></gpxtpx:TrackPointExtension></extensions></trkpt><trkpt lat="56.023872" lon="37.852657"><ele>165.4</ele><time>2026-06-24T05:05:03Z</time><extensions><gpxtpx:TrackPointExtension><gpxtpx:hr>145</gpxtpx:hr></gpxtpx:TrackPointExtension></extensions></trkpt><trkpt lat="56.023887" lon="37.852682"><ele>165.4</ele><time>2026-06-24T05:05:04Z</time><extensions><gpxtpx:TrackPointExtension><gpxtpx:hr>144</gpxtpx:hr></gpxtpx:TrackPointExtension></extensions></trkpt><trkpt lat="56.023907" lon="37.852705"><ele>165.2</ele><time>2026-06-24T05:05:05Z</time><extensions><gpxtpx:TrackPointExtension><gpxtpx:hr>142</gpxtpx:hr></gpxtpx:TrackPointExtension></extensions></trkpt><trkpt lat="56.023925" lon="37.852722"><ele>165.4</ele><time>2026-06-24T05:05:06Z</time><extensions><gpxtpx:TrackPointExtension><gpxtpx:hr>141</gpxtpx:hr></gpxtpx:TrackPointExtension></extensions></trkpt><trkpt lat="56.023947" lon="37.85274"><ele>165.4</ele><time>2026-06-24T05:05:07Z</time><extensions><gpxtpx:TrackPointExtension><gpxtpx:hr>143</gpxtpx:hr></gpxtpx:TrackPointExtension></extensions></trkpt><trkpt lat="56.023972" lon="37.852752"><ele>165.2</ele><time>2026-06-24T05:05:08Z</time><extensions><gpxtpx:TrackPointExtension><gpxtpx:hr>143</gpxtpx:hr></gpxtpx:TrackPointExtension></extensions></trkpt><trkpt lat="56.023992" lon="37.852757"><ele>165.2</ele><time>2026-06-24T05:05:09Z</time><extensions><gpxtpx:TrackPointExtension><gpxtpx:hr>141</gpxtpx:hr></gpxtpx:TrackPointExtension></extensions></trkpt><trkpt lat="56.024015" lon="37.852757"><ele>165.2</ele><time>2026-06-24T05:05:10Z</time><extensions><gpxtpx:TrackPointExtension><gpxtpx:hr>141</gpxtpx:hr></gpxtpx:TrackPointExtension></extensions></trkpt><trkpt lat="56.024037" lon="37.852762"><ele>165.2</ele><time>2026-06-24T05:05:11Z</time><extensions><gpxtpx:TrackPointExtension><gpxtpx:hr>142</gpxtpx:hr></gpxtpx:TrackPointExtension></extensions></trkpt><trkpt lat="56.024057" lon="37.852762"><ele>165.2</ele><time>2026-06-24T05:05:12Z</time><extensions><gpxtpx:TrackPointExtension><gpxtpx:hr>142</gpxtpx:hr></gpxtpx:TrackPointExtension></extensions></trkpt><trkpt lat="56.024077" lon="37.852762"><ele>165.4</ele><time>2026-06-24T05:05:13Z</time><extensions><gpxtpx:TrackPointExtension><gpxtpx:hr>142</gpxtpx:hr></gpxtpx:TrackPointExtension></extensions></trkpt><trkpt lat="56.024097" lon="37.852762"><ele>165.4</ele><time>2026-06-24T05:05:14Z</time><extensions><gpxtpx:TrackPointExtension><gpxtpx:hr>142</gpxtpx:hr></gpxtpx:TrackPointExtension></extensions></trkpt><trkpt lat="56.024117" lon="37.852762"><ele>165.4</ele><time>2026-06-24T05:05:15Z</time><extensions><gpxtpx:TrackPointExtension><gpxtpx:hr>143</gpxtpx:hr></gpxtpx:TrackPointExtension></extensions></trkpt><trkpt lat="56.024137" lon="37.85276"><ele>165.4</ele><time>2026-06-24T05:05:16Z</time><extensions><gpxtpx:TrackPointExtension><gpxtpx:hr>143</gpxtpx:hr></gpxtpx:TrackPointExtension></extensions></trkpt><trkpt lat="56.02416" lon="37.852762"><ele>165.4</ele><time>2026-06-24T05:05:17Z</time><extensions><gpxtpx:TrackPointExtension><gpxtpx:hr>144</gpxtpx:hr></gpxtpx:TrackPointExtension></extensions></trkpt><trkpt lat="56.024182" lon="37.852767"><ele>165.4</ele><time>2026-06-24T05:05:18Z</time><extensions><gpxtpx:TrackPointExtension><gpxtpx:hr>143</gpxtpx:hr></gpxtpx:TrackPointExtension></extensions></trkpt><trkpt lat="56.024202" lon="37.852767"><ele>165.4</ele><time>2026-06-24T05:05:19Z</time><extensions><gpxtpx:TrackPointExtension><gpxtpx:hr>144</gpxtpx:hr></gpxtpx:TrackPointExtension></extensions></trkpt><trkpt lat="56.024225" lon="37.852767"><ele>165.4</ele><time>2026-06-24T05:05:20Z</time><extensions><gpxtpx:TrackPointExtension><gpxtpx:hr>145</gpxtpx:hr></gpxtpx:TrackPointExtension></extensions></trkpt><trkpt lat="56.024247" lon="37.852767"><ele>165.2</ele><time>2026-06-24T05:05:21Z</time><extensions><gpxtpx:TrackPointExtension><gpxtpx:hr>144</gpxtpx:hr></gpxtpx:TrackPointExtension></extensions></trkpt><trkpt lat="56.024272" lon="37.852765"><ele>165.2</ele><time>2026-06-24T05:05:22Z</time><extensions><gpxtpx:TrackPointExtension><gpxtpx:hr>144</gpxtpx:hr></gpxtpx:TrackPointExtension></extensions></trkpt><trkpt lat="56.024297" lon="37.852762"><ele>165.2</ele><time>2026-06-24T05:05:23Z</time><extensions><gpxtpx:TrackPointExtension><gpxtpx:hr>145</gpxtpx:hr></gpxtpx:TrackPointExtension></extensions></trkpt><trkpt lat="56.024325" lon="37.852765"><ele>165.4</ele><time>2026-06-24T05:05:24Z</time><extensions><gpxtpx:TrackPointExtension><gpxtpx:hr>146</gpxtpx:hr></gpxtpx:TrackPointExtension></extensions></trkpt><trkpt lat="56.024355" lon="37.85277"><ele>165.4</ele><time>2026-06-24T05:05:25Z</time><extensions><gpxtpx:TrackPointExtension><gpxtpx:hr>145</gpxtpx:hr></gpxtpx:TrackPointExtension></extensions></trkpt><trkpt lat="56.024387" lon="37.852772"><ele>165.4</ele><time>2026-06-24T05:05:26Z</time><extensions><gpxtpx:TrackPointExtension><gpxtpx:hr>145</gpxtpx:hr></gpxtpx:TrackPointExtension></extensions></trkpt><trkpt lat="56.024422" lon="37.852775"><ele>165.4</ele><time>2026-06-24T05:05:27Z</time><extensions><gpxtpx:TrackPointExtension><gpxtpx:hr>147</gpxtpx:hr></gpxtpx:TrackPointExtension></extensions></trkpt><trkpt lat="56.024452" lon="37.852767"><ele>165.2</ele><time>2026-06-24T05:05:28Z</time><extensions><gpxtpx:TrackPointExtension><gpxtpx:hr>147</gpxtpx:hr></gpxtpx:TrackPointExtension></extensions></trkpt><trkpt lat="56.024482" lon="37.85275"><ele>165.4</ele><time>2026-06-24T05:05:29Z</time><extensions><gpxtpx:TrackPointExtension><gpxtpx:hr>149</gpxtpx:hr></gpxtpx:TrackPointExtension></extensions></trkpt><trkpt lat="56.02451" lon="37.852732"><ele>165.4</ele><time>2026-06-24T05:05:30Z</time><extensions><gpxtpx:TrackPointExtension><gpxtpx:hr>149</gpxtpx:hr></gpxtpx:TrackPointExtension></extensions></trkpt><trkpt lat="56.024535" lon="37.852687"><ele>165.4</ele><time>2026-06-24T05:05:31Z</time><extensions><gpxtpx:TrackPointExtension><gpxtpx:hr>150</gpxtpx:hr></gpxtpx:TrackPointExtension></extensions></trkpt><trkpt lat="56.024555" lon="37.852632"><ele>165.4</ele><time>2026-06-24T05:05:32Z</time><extensions><gpxtpx:TrackPointExtension><gpxtpx:hr>150</gpxtpx:hr></gpxtpx:TrackPointExtension></extensions></trkpt><trkpt lat="56.024575" lon="37.852572"><ele>165.2</ele><time>2026-06-24T05:05:33Z</time><extensions><gpxtpx:TrackPointExtension><gpxtpx:hr>151</gpxtpx:hr></gpxtpx:TrackPointExtension></extensions></trkpt><trkpt lat="56.024587" lon="37.852497"><ele>165.2</ele><time>2026-06-24T05:05:34Z</time><extensions><gpxtpx:TrackPointExtension><gpxtpx:hr>152</gpxtpx:hr></gpxtpx:TrackPointExtension></extensions></trkpt><trkpt lat="56.024592" lon="37.85243"><ele>165.2</ele><time>2026-06-24T05:05:35Z</time><extensions><gpxtpx:TrackPointExtension><gpxtpx:hr>151</gpxtpx:hr></gpxtpx:TrackPointExtension></extensions></trkpt><trkpt lat="56.024582" lon="37.852362"><ele>165.2</ele><time>2026-06-24T05:05:36Z</time><extensions><gpxtpx:TrackPointExtension><gpxtpx:hr>151</gpxtpx:hr></gpxtpx:TrackPointExtension></extensions></trkpt><trkpt lat="56.02456" lon="37.85231"><ele>165.2</ele><time>2026-06-24T05:05:37Z</time><extensions><gpxtpx:TrackPointExtension><gpxtpx:hr>152</gpxtpx:hr></gpxtpx:TrackPointExtension></extensions></trkpt><trkpt lat="56.02454" lon="37.852262"><ele>165.2</ele><time>2026-06-24T05:05:38Z</time><extensions><gpxtpx:TrackPointExtension><gpxtpx:hr>153</gpxtpx:hr></gpxtpx:TrackPointExtension></extensions></trkpt><trkpt lat="56.024507" lon="37.852222"><ele>165.0</ele><time>2026-06-24T05:05:39Z</time><extensions><gpxtpx:TrackPointExtension><gpxtpx:hr>154</gpxtpx:hr></gpxtpx:TrackPointExtension></extensions></trkpt><trkpt lat="56.024477" lon="37.852197"><ele>165.0</ele><time>2026-06-24T05:05:40Z</time><extensions><gpxtpx:TrackPointExtension><gpxtpx:hr>153</gpxtpx:hr></gpxtpx:TrackPointExtension></extensions></trkpt><trkpt lat="56.024437" lon="37.852177"><ele>165.0</ele><time>2026-06-24T05:05:41Z</time><extensions><gpxtpx:TrackPointExtension><gpxtpx:hr>154</gpxtpx:hr></gpxtpx:TrackPointExtension></extensions></trkpt><trkpt lat="56.024397" lon="37.85217"><ele>165.0</ele><time>2026-06-24T05:05:42Z</time><extensions><gpxtpx:TrackPointExtension><gpxtpx:hr>156</gpxtpx:hr></gpxtpx:TrackPointExtension></extensions></trkpt><trkpt lat="56.024357" lon="37.852162"><ele>164.8</ele><time>2026-06-24T05:05:43Z</time><extensions><gpxtpx:TrackPointExtension><gpxtpx:hr>155</gpxtpx:hr></gpxtpx:TrackPointExtension></extensions></trkpt><trkpt lat="56.024315" lon="37.85216"><ele>164.8</ele><time>2026-06-24T05:05:44Z</time><extensions><gpxtpx:TrackPointExtension><gpxtpx:hr>155</gpxtpx:hr></gpxtpx:TrackPointExtension></extensions></trkpt><trkpt lat="56.024275" lon="37.852152"><ele>164.8</ele><time>2026-06-24T05:05:45Z</time><extensions><gpxtpx:TrackPointExtension><gpxtpx:hr>155</gpxtpx:hr></gpxtpx:TrackPointExtension></extensions></trkpt><trkpt lat="56.024237" lon="37.852152"><ele>165.0</ele><time>2026-06-24T05:05:46Z</time><extensions><gpxtpx:TrackPointExtension><gpxtpx:hr>157</gpxtpx:hr></gpxtpx:TrackPointExtension></extensions></trkpt><trkpt lat="56.024202" lon="37.852147"><ele>165.0</ele><time>2026-06-24T05:05:47Z</time><extensions><gpxtpx:TrackPointExtension><gpxtpx:hr>158</gpxtpx:hr></gpxtpx:TrackPointExtension></extensions></trkpt><trkpt lat="56.024167" lon="37.852147"><ele>165.0</ele><time>2026-06-24T05:05:48Z</time><extensions><gpxtpx:TrackPointExtension><gpxtpx:hr>157</gpxtpx:hr></gpxtpx:TrackPointExtension></extensions></trkpt><trkpt lat="56.024132" lon="37.852152"><ele>165.2</ele><time>2026-06-24T05:05:49Z</time><extensions><gpxtpx:TrackPointExtension><gpxtpx:hr>158</gpxtpx:hr></gpxtpx:TrackPointExtension></extensions></trkpt><trkpt lat="56.0241" lon="37.852152"><ele>165.2</ele><time>2026-06-24T05:05:50Z</time><extensions><gpxtpx:TrackPointExtension><gpxtpx:hr>157</gpxtpx:hr></gpxtpx:TrackPointExtension></extensions></trkpt><trkpt lat="56.024062" lon="37.852152"><ele>165.2</ele><time>2026-06-24T05:05:51Z</time><extensions><gpxtpx:TrackPointExtension><gpxtpx:hr>158</gpxtpx:hr></gpxtpx:TrackPointExtension></extensions></trkpt><trkpt lat="56.02403" lon="37.852152"><ele>165.2</ele><time>2026-06-24T05:05:52Z</time><extensions><gpxtpx:TrackPointExtension><gpxtpx:hr>160</gpxtpx:hr></gpxtpx:TrackPointExtension></extensions></trkpt><trkpt lat="56.023992" lon="37.85215"><ele>165.0</ele><time>2026-06-24T05:05:53Z</time><extensions><gpxtpx:TrackPointExtension><gpxtpx:hr>159</gpxtpx:hr></gpxtpx:TrackPointExtension></extensions></trkpt><trkpt lat="56.02396" lon="37.852152"><ele>165.0</ele><time>2026-06-24T05:05:54Z</time><extensions><gpxtpx:TrackPointExtension><gpxtpx:hr>160</gpxtpx:hr></gpxtpx:TrackPointExtension></extensions></trkpt><trkpt lat="56.023927" lon="37.852162"><ele>165.0</ele><time>2026-06-24T05:05:55Z</time><extensions><gpxtpx:TrackPointExtension><gpxtpx:hr>159</gpxtpx:hr></gpxtpx:TrackPointExtension></extensions></trkpt><trkpt lat="56.023892" lon="37.85219"><ele>165.0</ele><time>2026-06-24T05:05:56Z</time><extensions><gpxtpx:TrackPointExtension><gpxtpx:hr>158</gpxtpx:hr></gpxtpx:TrackPointExtension></extensions></trkpt><trkpt lat="56.023865" lon="37.852222"><ele>165.0</ele><time>2026-06-24T05:05:57Z</time><extensions><gpxtpx:TrackPointExtension><gpxtpx:hr>160</gpxtpx:hr></gpxtpx:TrackPointExtension></extensions></trkpt><trkpt lat="56.023842" lon="37.852265"><ele>165.0</ele><time>2026-06-24T05:05:58Z</time><extensions><gpxtpx:TrackPointExtension><gpxtpx:hr>160</gpxtpx:hr></gpxtpx:TrackPointExtension></extensions></trkpt><trkpt lat="56.023822" lon="37.852322"><ele>165.0</ele><time>2026-06-24T05:05:59Z</time><extensions><gpxtpx:TrackPointExtension><gpxtpx:hr>159</gpxtpx:hr></gpxtpx:TrackPointExtension></extensions></trkpt><trkpt lat="56.023812" lon="37.852385"><ele>165.2</ele><time>2026-06-24T05:06:00Z</time><extensions><gpxtpx:TrackPointExtension><gpxtpx:hr>160</gpxtpx:hr></gpxtpx:TrackPointExtension></extensions></trkpt><trkpt lat="56.023807" lon="37.852452"><ele>165.2</ele><time>2026-06-24T05:06:01Z</time><extensions><gpxtpx:TrackPointExtension><gpxtpx:hr>159</gpxtpx:hr></gpxtpx:TrackPointExtension></extensions></trkpt><trkpt lat="56.02381" lon="37.852522"><ele>165.2</ele><time>2026-06-24T05:06:02Z</time><extensions><gpxtpx:TrackPointExtension><gpxtpx:hr>160</gpxtpx:hr></gpxtpx:TrackPointExtension></extensions></trkpt><trkpt lat="56.023822" lon="37.852587"><ele>165.2</ele><time>2026-06-24T05:06:03Z</time><extensions><gpxtpx:TrackPointExtension><gpxtpx:hr>162</gpxtpx:hr></gpxtpx:TrackPointExtension></extensions></trkpt><trkpt lat="56.023837" lon="37.852652"><ele>165.2</ele><time>2026-06-24T05:06:04Z</time><extensions><gpxtpx:TrackPointExtension><gpxtpx:hr>162</gpxtpx:hr></gpxtpx:TrackPointExtension></extensions></trkpt><trkpt lat="56.023862" lon="37.852702"><ele>165.2</ele><time>2026-06-24T05:06:05Z</time><extensions><gpxtpx:TrackPointExtension><gpxtpx:hr>160</gpxtpx:hr></gpxtpx:TrackPointExtension></extensions></trkpt><trkpt lat="56.02389" lon="37.852747"><ele>165.2</ele><time>2026-06-24T05:06:06Z</time><extensions><gpxtpx:TrackPointExtension><gpxtpx:hr>160</gpxtpx:hr></gpxtpx:TrackPointExtension></extensions></trkpt><trkpt lat="56.023922" lon="37.852782"><ele>165.0</ele><time>2026-06-24T05:06:07Z</time><extensions><gpxtpx:TrackPointExtension><gpxtpx:hr>160</gpxtpx:hr></gpxtpx:TrackPointExtension></extensions></trkpt><trkpt lat="56.02396" lon="37.8528"><ele>165.0</ele><time>2026-06-24T05:06:08Z</time><extensions><gpxtpx:TrackPointExtension><gpxtpx:hr>160</gpxtpx:hr></gpxtpx:TrackPointExtension></extensions></trkpt><trkpt lat="56.023995" lon="37.852805"><ele>165.2</ele><time>2026-06-24T05:06:09Z</time><extensions><gpxtpx:TrackPointExtension><gpxtpx:hr>161</gpxtpx:hr></gpxtpx:TrackPointExtension></extensions></trkpt><trkpt lat="56.024032" lon="37.852805"><ele>165.2</ele><time>2026-06-24T05:06:10Z</time><extensions><gpxtpx:TrackPointExtension><gpxtpx:hr>162</gpxtpx:hr></gpxtpx:TrackPointExtension></extensions></trkpt><trkpt lat="56.024067" lon="37.852807"><ele>165.2</ele><time>2026-06-24T05:06:11Z</time><extensions><gpxtpx:TrackPointExtension><gpxtpx:hr>161</gpxtpx:hr></gpxtpx:TrackPointExtension></extensions></trkpt><trkpt lat="56.0241" lon="37.852805"><ele>165.2</ele><time>2026-06-24T05:06:12Z</time><extensions><gpxtpx:TrackPointExtension><gpxtpx:hr>161</gpxtpx:hr></gpxtpx:TrackPointExtension></extensions></trkpt><trkpt lat="56.024132" lon="37.852802"><ele>165.2</ele><time>2026-06-24T05:06:13Z</time><extensions><gpxtpx:TrackPointExtension><gpxtpx:hr>161</gpxtpx:hr></gpxtpx:TrackPointExtension></extensions></trkpt><trkpt lat="56.024167" lon="37.852802"><ele>165.2</ele><time>2026-06-24T05:06:14Z</time><extensions><gpxtpx:TrackPointExtension><gpxtpx:hr>161</gpxtpx:hr></gpxtpx:TrackPointExtension></extensions></trkpt><trkpt lat="56.024202" lon="37.852802"><ele>165.2</ele><time>2026-06-24T05:06:15Z</time><extensions><gpxtpx:TrackPointExtension><gpxtpx:hr>162</gpxtpx:hr></gpxtpx:TrackPointExtension></extensions></trkpt><trkpt lat="56.024237" lon="37.852805"><ele>165.2</ele><time>2026-06-24T05:06:16Z</time><extensions><gpxtpx:TrackPointExtension><gpxtpx:hr>162</gpxtpx:hr></gpxtpx:TrackPointExtension></extensions></trkpt><trkpt lat="56.024272" lon="37.852802"><ele>165.2</ele><time>2026-06-24T05:06:17Z</time><extensions><gpxtpx:TrackPointExtension><gpxtpx:hr>163</gpxtpx:hr></gpxtpx:TrackPointExtension></extensions></trkpt><trkpt lat="56.024307" lon="37.852807"><ele>165.2</ele><time>2026-06-24T05:06:18Z</time><extensions><gpxtpx:TrackPointExtension><gpxtpx:hr>162</gpxtpx:hr></gpxtpx:TrackPointExtension></extensions></trkpt><trkpt lat="56.024342" lon="37.852802"><ele>165.2</ele><time>2026-06-24T05:06:19Z</time><extensions><gpxtpx:TrackPointExtension><gpxtpx:hr>162</gpxtpx:hr></gpxtpx:TrackPointExtension></extensions></trkpt><trkpt lat="56.024377" lon="37.8528"><ele>165.2</ele><time>2026-06-24T05:06:20Z</time><extensions><gpxtpx:TrackPointExtension><gpxtpx:hr>162</gpxtpx:hr></gpxtpx:TrackPointExtension></extensions></trkpt><trkpt lat="56.024412" lon="37.852795"><ele>165.2</ele><time>2026-06-24T05:06:21Z</time><extensions><gpxtpx:TrackPointExtension><gpxtpx:hr>162</gpxtpx:hr></gpxtpx:TrackPointExtension></extensions></trkpt><trkpt lat="56.024452" lon="37.85278"><ele>165.2</ele><time>2026-06-24T05:06:22Z</time><extensions><gpxtpx:TrackPointExtension><gpxtpx:hr>163</gpxtpx:hr></gpxtpx:TrackPointExtension></extensions></trkpt><trkpt lat="56.024482" lon="37.852755"><ele>165.2</ele><time>2026-06-24T05:06:23Z</time><extensions><gpxtpx:TrackPointExtension><gpxtpx:hr>164</gpxtpx:hr></gpxtpx:TrackPointExtension></extensions></trkpt><trkpt lat="56.024512" lon="37.852717"><ele>165.2</ele><time>2026-06-24T05:06:24Z</time><extensions><gpxtpx:TrackPointExtension><gpxtpx:hr>163</gpxtpx:hr></gpxtpx:TrackPointExtension></extensions></trkpt><trkpt lat="56.024537" lon="37.852667"><ele>165.2</ele><time>2026-06-24T05:06:25Z</time><extensions><gpxtpx:TrackPointExtension><gpxtpx:hr>163</gpxtpx:hr></gpxtpx:TrackPointExtension></extensions></trkpt><trkpt lat="56.02456" lon="37.852607"><ele>165.2</ele><time>2026-06-24T05:06:26Z</time><extensions><gpxtpx:TrackPointExtension><gpxtpx:hr>164</gpxtpx:hr></gpxtpx:TrackPointExtension></extensions></trkpt><trkpt lat="56.024572" lon="37.85254"><ele>165.0</ele><time>2026-06-24T05:06:27Z</time><extensions><gpxtpx:TrackPointExtension><gpxtpx:hr>164</gpxtpx:hr></gpxtpx:TrackPointExtension></extensions></trkpt><trkpt lat="56.024577" lon="37.852472"><ele>165.0</ele><time>2026-06-24T05:06:28Z</time><extensions><gpxtpx:TrackPointExtension><gpxtpx:hr>164</gpxtpx:hr></gpxtpx:TrackPointExtension></extensions></trkpt><trkpt lat="56.024572" lon="37.852402"><ele>165.0</ele><time>2026-06-24T05:06:29Z</time><extensions><gpxtpx:TrackPointExtension><gpxtpx:hr>165</gpxtpx:hr></gpxtpx:TrackPointExtension></extensions></trkpt><trkpt lat="56.024562" lon="37.852342"><ele>165.2</ele><time>2026-06-24T05:06:30Z</time><extensions><gpxtpx:TrackPointExtension><gpxtpx:hr>166</gpxtpx:hr></gpxtpx:TrackPointExtension></extensions></trkpt><trkpt lat="56.024542" lon="37.852282"><ele>165.2</ele><time>2026-06-24T05:06:31Z</time><extensions><gpxtpx:TrackPointExtension><gpxtpx:hr>166</gpxtpx:hr></gpxtpx:TrackPointExtension></extensions></trkpt><trkpt lat="56.024517" lon="37.85224"><ele>165.2</ele><time>2026-06-24T05:06:32Z</time><extensions><gpxtpx:TrackPointExtension><gpxtpx:hr>166</gpxtpx:hr></gpxtpx:TrackPointExtension></extensions></trkpt><trkpt lat="56.024487" lon="37.852207"><ele>165.2</ele><time>2026-06-24T05:06:33Z</time><extensions><gpxtpx:TrackPointExtension><gpxtpx:hr>165</gpxtpx:hr></gpxtpx:TrackPointExtension></extensions></trkpt><trkpt lat="56.024457" lon="37.852177"><ele>165.2</ele><time>2026-06-24T05:06:34Z</time><extensions><gpxtpx:TrackPointExtension><gpxtpx:hr>164</gpxtpx:hr></gpxtpx:TrackPointExtension></extensions></trkpt><trkpt lat="56.024422" lon="37.852167"><ele>165.2</ele><time>2026-06-24T05:06:35Z</time><extensions><gpxtpx:TrackPointExtension><gpxtpx:hr>164</gpxtpx:hr></gpxtpx:TrackPointExtension></extensions></trkpt><trkpt lat="56.024387" lon="37.852162"><ele>165.2</ele><time>2026-06-24T05:06:36Z</time><extensions><gpxtpx:TrackPointExtension><gpxtpx:hr>165</gpxtpx:hr></gpxtpx:TrackPointExtension></extensions></trkpt><trkpt lat="56.02435" lon="37.852157"><ele>165.2</ele><time>2026-06-24T05:06:37Z</time><extensions><gpxtpx:TrackPointExtension><gpxtpx:hr>165</gpxtpx:hr></gpxtpx:TrackPointExtension></extensions></trkpt><trkpt lat="56.024312" lon="37.852157"><ele>165.2</ele><time>2026-06-24T05:06:38Z</time><extensions><gpxtpx:TrackPointExtension><gpxtpx:hr>165</gpxtpx:hr></gpxtpx:TrackPointExtension></extensions></trkpt><trkpt lat="56.024277" lon="37.85216"><ele>165.2</ele><time>2026-06-24T05:06:39Z</time><extensions><gpxtpx:TrackPointExtension><gpxtpx:hr>166</gpxtpx:hr></gpxtpx:TrackPointExtension></extensions></trkpt><trkpt lat="56.024242" lon="37.852157"><ele>165.2</ele><time>2026-06-24T05:06:40Z</time><extensions><gpxtpx:TrackPointExtension><gpxtpx:hr>167</gpxtpx:hr></gpxtpx:TrackPointExtension></extensions></trkpt><trkpt lat="56.024207" lon="37.852157"><ele>165.2</ele><time>2026-06-24T05:06:41Z</time><extensions><gpxtpx:TrackPointExtension><gpxtpx:hr>166</gpxtpx:hr></gpxtpx:TrackPointExtension></extensions></trkpt><trkpt lat="56.024172" lon="37.852157"><ele>165.2</ele><time>2026-06-24T05:06:42Z</time><extensions><gpxtpx:TrackPointExtension><gpxtpx:hr>165</gpxtpx:hr></gpxtpx:TrackPointExtension></extensions></trkpt><trkpt lat="56.024137" lon="37.852152"><ele>165.2</ele><time>2026-06-24T05:06:43Z</time><extensions><gpxtpx:TrackPointExtension><gpxtpx:hr>166</gpxtpx:hr></gpxtpx:TrackPointExtension></extensions></trkpt><trkpt lat="56.024102" lon="37.852147"><ele>165.2</ele><time>2026-06-24T05:06:44Z</time><extensions><gpxtpx:TrackPointExtension><gpxtpx:hr>167</gpxtpx:hr></gpxtpx:TrackPointExtension></extensions></trkpt><trkpt lat="56.024062" lon="37.852142"><ele>165.2</ele><time>2026-06-24T05:06:45Z</time><extensions><gpxtpx:TrackPointExtension><gpxtpx:hr>165</gpxtpx:hr></gpxtpx:TrackPointExtension></extensions></trkpt><trkpt lat="56.024025" lon="37.852137"><ele>165.2</ele><time>2026-06-24T05:06:46Z</time><extensions><gpxtpx:TrackPointExtension><gpxtpx:hr>165</gpxtpx:hr></gpxtpx:TrackPointExtension></extensions></trkpt><trkpt lat="56.023987" lon="37.852135"><ele>165.2</ele><time>2026-06-24T05:06:47Z</time><extensions><gpxtpx:TrackPointExtension><gpxtpx:hr>166</gpxtpx:hr></gpxtpx:TrackPointExtension></extensions></trkpt><trkpt lat="56.023952" lon="37.85214"><ele>165.2</ele><time>2026-06-24T05:06:48Z</time><extensions><gpxtpx:TrackPointExtension><gpxtpx:hr>167</gpxtpx:hr></gpxtpx:TrackPointExtension></extensions></trkpt><trkpt lat="56.023917" lon="37.852152"><ele>165.2</ele><time>2026-06-24T05:06:49Z</time><extensions><gpxtpx:TrackPointExtension><gpxtpx:hr>167</gpxtpx:hr></gpxtpx:TrackPointExtension></extensions></trkpt><trkpt lat="56.023887" lon="37.85218"><ele>165.2</ele><time>2026-06-24T05:06:50Z</time><extensions><gpxtpx:TrackPointExtension><gpxtpx:hr>167</gpxtpx:hr></gpxtpx:TrackPointExtension></extensions></trkpt><trkpt lat="56.023855" lon="37.852217"><ele>165.0</ele><time>2026-06-24T05:06:51Z</time><extensions><gpxtpx:TrackPointExtension><gpxtpx:hr>166</gpxtpx:hr></gpxtpx:TrackPointExtension></extensions></trkpt><trkpt lat="56.023832" lon="37.852267"><ele>165.0</ele><time>2026-06-24T05:06:52Z</time><extensions><gpxtpx:TrackPointExtension><gpxtpx:hr>166</gpxtpx:hr></gpxtpx:TrackPointExtension></extensions></trkpt><trkpt lat="56.023817" lon="37.852322"><ele>165.0</ele><time>2026-06-24T05:06:53Z</time><extensions><gpxtpx:TrackPointExtension><gpxtpx:hr>165</gpxtpx:hr></gpxtpx:TrackPointExtension></extensions></trkpt><trkpt lat="56.023807" lon="37.85239"><ele>165.2</ele><time>2026-06-24T05:06:54Z</time><extensions><gpxtpx:TrackPointExtension><gpxtpx:hr>167</gpxtpx:hr></gpxtpx:TrackPointExtension></extensions></trkpt><trkpt lat="56.023802" lon="37.85246"><ele>165.2</ele><time>2026-06-24T05:06:55Z</time><extensions><gpxtpx:TrackPointExtension><gpxtpx:hr>167</gpxtpx:hr></gpxtpx:TrackPointExtension></extensions></trkpt><trkpt lat="56.023807" lon="37.852532"><ele>165.2</ele><time>2026-06-24T05:06:56Z</time><extensions><gpxtpx:TrackPointExtension><gpxtpx:hr>167</gpxtpx:hr></gpxtpx:TrackPointExtension></extensions></trkpt><trkpt lat="56.02382" lon="37.852602"><ele>165.2</ele><time>2026-06-24T05:06:57Z</time><extensions><gpxtpx:TrackPointExtension><gpxtpx:hr>168</gpxtpx:hr></gpxtpx:TrackPointExtension></extensions></trkpt><trkpt lat="56.023833" lon="37.852667"><ele>165.2</ele><time>2026-06-24T05:06:58Z</time><extensions><gpxtpx:TrackPointExtension><gpxtpx:hr>166</gpxtpx:hr></gpxtpx:TrackPointExtension></extensions></trkpt><trkpt lat="56.02386" lon="37.85272"><ele>165.2</ele><time>2026-06-24T05:06:59Z</time><extensions><gpxtpx:TrackPointExtension><gpxtpx:hr>168</gpxtpx:hr></gpxtpx:TrackPointExtension></extensions></trkpt><trkpt lat="56.023887" lon="37.852755"><ele>165.2</ele><time>2026-06-24T05:07:00Z</time><extensions><gpxtpx:TrackPointExtension><gpxtpx:hr>168</gpxtpx:hr></gpxtpx:TrackPointExtension></extensions></trkpt><trkpt lat="56.023922" lon="37.852785"><ele>165.2</ele><time>2026-06-24T05:07:01Z</time><extensions><gpxtpx:TrackPointExtension><gpxtpx:hr>167</gpxtpx:hr></gpxtpx:TrackPointExtension></extensions></trkpt><trkpt lat="56.02396" lon="37.852805"><ele>165.2</ele><time>2026-06-24T05:07:02Z</time><extensions><gpxtpx:TrackPointExtension><gpxtpx:hr>167</gpxtpx:hr></gpxtpx:TrackPointExtension></extensions></trkpt><trkpt lat="56.023997" lon="37.852807"><ele>165.2</ele><time>2026-06-24T05:07:03Z</time><extensions><gpxtpx:TrackPointExtension><gpxtpx:hr>168</gpxtpx:hr></gpxtpx:TrackPointExtension></extensions></trkpt><trkpt lat="56.024032" lon="37.85281"><ele>165.4</ele><time>2026-06-24T05:07:04Z</time><extensions><gpxtpx:TrackPointExtension><gpxtpx:hr>167</gpxtpx:hr></gpxtpx:TrackPointExtension></extensions></trkpt><trkpt lat="56.02407" lon="37.852812"><ele>165.4</ele><time>2026-06-24T05:07:05Z</time><extensions><gpxtpx:TrackPointExtension><gpxtpx:hr>166</gpxtpx:hr></gpxtpx:TrackPointExtension></extensions></trkpt><trkpt lat="56.024105" lon="37.85281"><ele>165.4</ele><time>2026-06-24T05:07:06Z</time><extensions><gpxtpx:TrackPointExtension><gpxtpx:hr>166</gpxtpx:hr></gpxtpx:TrackPointExtension></extensions></trkpt><trkpt lat="56.02414" lon="37.852807"><ele>165.4</ele><time>2026-06-24T05:07:07Z</time><extensions><gpxtpx:TrackPointExtension><gpxtpx:hr>166</gpxtpx:hr></gpxtpx:TrackPointExtension></extensions></trkpt><trkpt lat="56.024177" lon="37.8528"><ele>165.4</ele><time>2026-06-24T05:07:08Z</time><extensions><gpxtpx:TrackPointExtension><gpxtpx:hr>168</gpxtpx:hr></gpxtpx:TrackPointExtension></extensions></trkpt><trkpt lat="56.024212" lon="37.852797"><ele>165.4</ele><time>2026-06-24T05:07:09Z</time><extensions><gpxtpx:TrackPointExtension><gpxtpx:hr>168</gpxtpx:hr></gpxtpx:TrackPointExtension></extensions></trkpt><trkpt lat="56.02425" lon="37.852795"><ele>165.6</ele><time>2026-06-24T05:07:10Z</time><extensions><gpxtpx:TrackPointExtension><gpxtpx:hr>170</gpxtpx:hr></gpxtpx:TrackPointExtension></extensions></trkpt><trkpt lat="56.024285" lon="37.852792"><ele>165.6</ele><time>2026-06-24T05:07:11Z</time><extensions><gpxtpx:TrackPointExtension><gpxtpx:hr>168</gpxtpx:hr></gpxtpx:TrackPointExtension></extensions></trkpt><trkpt lat="56.024317" lon="37.852792"><ele>165.6</ele><time>2026-06-24T05:07:12Z</time><extensions><gpxtpx:TrackPointExtension><gpxtpx:hr>168</gpxtpx:hr></gpxtpx:TrackPointExtension></extensions></trkpt><trkpt lat="56.024355" lon="37.85279"><ele>165.4</ele><time>2026-06-24T05:07:13Z</time><extensions><gpxtpx:TrackPointExtension><gpxtpx:hr>168</gpxtpx:hr></gpxtpx:TrackPointExtension></extensions></trkpt><trkpt lat="56.024387" lon="37.852787"><ele>165.4</ele><time>2026-06-24T05:07:14Z</time><extensions><gpxtpx:TrackPointExtension><gpxtpx:hr>168</gpxtpx:hr></gpxtpx:TrackPointExtension></extensions></trkpt><trkpt lat="56.024425" lon="37.852777"><ele>165.6</ele><time>2026-06-24T05:07:15Z</time><extensions><gpxtpx:TrackPointExtension><gpxtpx:hr>168</gpxtpx:hr></gpxtpx:TrackPointExtension></extensions></trkpt><trkpt lat="56.024455" lon="37.852762"><ele>165.6</ele><time>2026-06-24T05:07:16Z</time><extensions><gpxtpx:TrackPointExtension><gpxtpx:hr>167</gpxtpx:hr></gpxtpx:TrackPointExtension></extensions></trkpt><trkpt lat="56.024485" lon="37.852737"><ele>165.6</ele><time>2026-06-24T05:07:17Z</time><extensions><gpxtpx:TrackPointExtension><gpxtpx:hr>167</gpxtpx:hr></gpxtpx:TrackPointExtension></extensions></trkpt><trkpt lat="56.024512" lon="37.852702"><ele>165.4</ele><time>2026-06-24T05:07:18Z</time><extensions><gpxtpx:TrackPointExtension><gpxtpx:hr>168</gpxtpx:hr></gpxtpx:TrackPointExtension></extensions></trkpt><trkpt lat="56.024537" lon="37.852662"><ele>165.4</ele><time>2026-06-24T05:07:19Z</time><extensions><gpxtpx:TrackPointExtension><gpxtpx:hr>168</gpxtpx:hr></gpxtpx:TrackPointExtension></extensions></trkpt><trkpt lat="56.024557" lon="37.85261"><ele>165.4</ele><time>2026-06-24T05:07:20Z</time><extensions><gpxtpx:TrackPointExtension><gpxtpx:hr>169</gpxtpx:hr></gpxtpx:TrackPointExtension></extensions></trkpt><trkpt lat="56.02457" lon="37.852552"><ele>165.4</ele><time>2026-06-24T05:07:21Z</time><extensions><gpxtpx:TrackPointExtension><gpxtpx:hr>168</gpxtpx:hr></gpxtpx:TrackPointExtension></extensions></trkpt><trkpt lat="56.024572" lon="37.85249"><ele>165.2</ele><time>2026-06-24T05:07:22Z</time><extensions><gpxtpx:TrackPointExtension><gpxtpx:hr>168</gpxtpx:hr></gpxtpx:TrackPointExtension></extensions></trkpt><trkpt lat="56.024572" lon="37.852427"><ele>165.2</ele><time>2026-06-24T05:07:23Z</time><extensions><gpxtpx:TrackPointExtension><gpxtpx:hr>168</gpxtpx:hr></gpxtpx:TrackPointExtension></extensions></trkpt><trkpt lat="56.024562" lon="37.852362"><ele>165.0</ele><time>2026-06-24T05:07:24Z</time><extensions><gpxtpx:TrackPointExtension><gpxtpx:hr>168</gpxtpx:hr></gpxtpx:TrackPointExtension></extensions></trkpt><trkpt lat="56.024547" lon="37.85231"><ele>165.0</ele><time>2026-06-24T05:07:25Z</time><extensions><gpxtpx:TrackPointExtension><gpxtpx:hr>168</gpxtpx:hr></gpxtpx:TrackPointExtension></extensions></trkpt><trkpt lat="56.024527" lon="37.852265"><ele>165.0</ele><time>2026-06-24T05:07:26Z</time><extensions><gpxtpx:TrackPointExtension><gpxtpx:hr>169</gpxtpx:hr></gpxtpx:TrackPointExtension></extensions></trkpt><trkpt lat="56.0245" lon="37.852227"><ele>164.8</ele><time>2026-06-24T05:07:27Z</time><extensions><gpxtpx:TrackPointExtension><gpxtpx:hr>169</gpxtpx:hr></gpxtpx:TrackPointExtension></extensions></trkpt><trkpt lat="56.02447" lon="37.8522"><ele>165.0</ele><time>2026-06-24T05:07:28Z</time><extensions><gpxtpx:TrackPointExtension><gpxtpx:hr>169</gpxtpx:hr></gpxtpx:TrackPointExtension></extensions></trkpt><trkpt lat="56.024435" lon="37.852175"><ele>165.0</ele><time>2026-06-24T05:07:29Z</time><extensions><gpxtpx:TrackPointExtension><gpxtpx:hr>170</gpxtpx:hr></gpxtpx:TrackPointExtension></extensions></trkpt><trkpt lat="56.0244" lon="37.852162"><ele>165.0</ele><time>2026-06-24T05:07:30Z</time><extensions><gpxtpx:TrackPointExtension><gpxtpx:hr>169</gpxtpx:hr></gpxtpx:TrackPointExtension></extensions></trkpt><trkpt lat="56.024362" lon="37.85216"><ele>165.0</ele><time>2026-06-24T05:07:31Z</time><extensions><gpxtpx:TrackPointExtension><gpxtpx:hr>169</gpxtpx:hr></gpxtpx:TrackPointExtension></extensions></trkpt><trkpt lat="56.024327" lon="37.852152"><ele>165.0</ele><time>2026-06-24T05:07:32Z</time><extensions><gpxtpx:TrackPointExtension><gpxtpx:hr>169</gpxtpx:hr></gpxtpx:TrackPointExtension></extensions></trkpt><trkpt lat="56.02429" lon="37.852147"><ele>165.2</ele><time>2026-06-24T05:07:33Z</time><extensions><gpxtpx:TrackPointExtension><gpxtpx:hr>169</gpxtpx:hr></gpxtpx:TrackPointExtension></extensions></trkpt><trkpt lat="56.024252" lon="37.85215"><ele>165.0</ele><time>2026-06-24T05:07:34Z</time><extensions><gpxtpx:TrackPointExtension><gpxtpx:hr>170</gpxtpx:hr></gpxtpx:TrackPointExtension></extensions></trkpt><trkpt lat="56.024217" lon="37.852147"><ele>165.0</ele><time>2026-06-24T05:07:35Z</time><extensions><gpxtpx:TrackPointExtension><gpxtpx:hr>169</gpxtpx:hr></gpxtpx:TrackPointExtension></extensions></trkpt><trkpt lat="56.02418" lon="37.852145"><ele>165.0</ele><time>2026-06-24T05:07:36Z</time><extensions><gpxtpx:TrackPointExtension><gpxtpx:hr>168</gpxtpx:hr></gpxtpx:TrackPointExtension></extensions></trkpt><trkpt lat="56.024147" lon="37.852145"><ele>165.0</ele><time>2026-06-24T05:07:37Z</time><extensions><gpxtpx:TrackPointExtension><gpxtpx:hr>168</gpxtpx:hr></gpxtpx:TrackPointExtension></extensions></trkpt><trkpt lat="56.02411" lon="37.852147"><ele>165.0</ele><time>2026-06-24T05:07:38Z</time><extensions><gpxtpx:TrackPointExtension><gpxtpx:hr>168</gpxtpx:hr></gpxtpx:TrackPointExtension></extensions></trkpt><trkpt lat="56.024075" lon="37.852147"><ele>164.8</ele><time>2026-06-24T05:07:39Z</time><extensions><gpxtpx:TrackPointExtension><gpxtpx:hr>168</gpxtpx:hr></gpxtpx:TrackPointExtension></extensions></trkpt><trkpt lat="56.02404" lon="37.852147"><ele>164.8</ele><time>2026-06-24T05:07:40Z</time><extensions><gpxtpx:TrackPointExtension><gpxtpx:hr>169</gpxtpx:hr></gpxtpx:TrackPointExtension></extensions></trkpt><trkpt lat="56.024005" lon="37.85215"><ele>165.0</ele><time>2026-06-24T05:07:41Z</time><extensions><gpxtpx:TrackPointExtension><gpxtpx:hr>169</gpxtpx:hr></gpxtpx:TrackPointExtension></extensions></trkpt><trkpt lat="56.023967" lon="37.852152"><ele>165.0</ele><time>2026-06-24T05:07:42Z</time><extensions><gpxtpx:TrackPointExtension><gpxtpx:hr>168</gpxtpx:hr></gpxtpx:TrackPointExtension></extensions></trkpt><trkpt lat="56.023932" lon="37.852162"><ele>165.0</ele><time>2026-06-24T05:07:43Z</time><extensions><gpxtpx:TrackPointExtension><gpxtpx:hr>168</gpxtpx:hr></gpxtpx:TrackPointExtension></extensions></trkpt><trkpt lat="56.023897" lon="37.852182"><ele>165.0</ele><time>2026-06-24T05:07:44Z</time><extensions><gpxtpx:TrackPointExtension><gpxtpx:hr>168</gpxtpx:hr></gpxtpx:TrackPointExtension></extensions></trkpt><trkpt lat="56.023867" lon="37.852212"><ele>165.0</ele><time>2026-06-24T05:07:45Z</time><extensions><gpxtpx:TrackPointExtension><gpxtpx:hr>168</gpxtpx:hr></gpxtpx:TrackPointExtension></extensions></trkpt><trkpt lat="56.023837" lon="37.852252"><ele>165.0</ele><time>2026-06-24T05:07:46Z</time><extensions><gpxtpx:TrackPointExtension><gpxtpx:hr>169</gpxtpx:hr></gpxtpx:TrackPointExtension></extensions></trkpt><trkpt lat="56.023817" lon="37.852302"><ele>165.0</ele><time>2026-06-24T05:07:47Z</time><extensions><gpxtpx:TrackPointExtension><gpxtpx:hr>169</gpxtpx:hr></gpxtpx:TrackPointExtension></extensions></trkpt><trkpt lat="56.0238" lon="37.852362"><ele>165.0</ele><time>2026-06-24T05:07:48Z</time><extensions><gpxtpx:TrackPointExtension><gpxtpx:hr>169</gpxtpx:hr></gpxtpx:TrackPointExtension></extensions></trkpt><trkpt lat="56.023792" lon="37.852425"><ele>165.0</ele><time>2026-06-24T05:07:49Z</time><extensions><gpxtpx:TrackPointExtension><gpxtpx:hr>170</gpxtpx:hr></gpxtpx:TrackPointExtension></extensions></trkpt><trkpt lat="56.023795" lon="37.852492"><ele>165.0</ele><time>2026-06-24T05:07:50Z</time><extensions><gpxtpx:TrackPointExtension><gpxtpx:hr>170</gpxtpx:hr></gpxtpx:TrackPointExtension></extensions></trkpt><trkpt lat="56.0238" lon="37.85256"><ele>165.0</ele><time>2026-06-24T05:07:51Z</time><extensions><gpxtpx:TrackPointExtension><gpxtpx:hr>169</gpxtpx:hr></gpxtpx:TrackPointExtension></extensions></trkpt><trkpt lat="56.023815" lon="37.852622"><ele>165.0</ele><time>2026-06-24T05:07:52Z</time><extensions><gpxtpx:TrackPointExtension><gpxtpx:hr>169</gpxtpx:hr></gpxtpx:TrackPointExtension></extensions></trkpt><trkpt lat="56.023832" lon="37.852677"><ele>165.2</ele><time>2026-06-24T05:07:53Z</time><extensions><gpxtpx:TrackPointExtension><gpxtpx:hr>169</gpxtpx:hr></gpxtpx:TrackPointExtension></extensions></trkpt><trkpt lat="56.02386" lon="37.852717"><ele>165.2</ele><time>2026-06-24T05:07:54Z</time><extensions><gpxtpx:TrackPointExtension><gpxtpx:hr>171</gpxtpx:hr></gpxtpx:TrackPointExtension></extensions></trkpt><trkpt lat="56.02389" lon="37.852742"><ele>165.2</ele><time>2026-06-24T05:07:55Z</time><extensions><gpxtpx:TrackPointExtension><gpxtpx:hr>171</gpxtpx:hr></gpxtpx:TrackPointExtension></extensions></trkpt><trkpt lat="56.023922" lon="37.852762"><ele>165.2</ele><time>2026-06-24T05:07:56Z</time><extensions><gpxtpx:TrackPointExtension><gpxtpx:hr>169</gpxtpx:hr></gpxtpx:TrackPointExtension></extensions></trkpt><trkpt lat="56.02396" lon="37.852767"><ele>165.2</ele><time>2026-06-24T05:07:57Z</time><extensions><gpxtpx:TrackPointExtension><gpxtpx:hr>169</gpxtpx:hr></gpxtpx:TrackPointExtension></extensions></trkpt><trkpt lat="56.023997" lon="37.852772"><ele>165.2</ele><time>2026-06-24T05:07:58Z</time><extensions><gpxtpx:TrackPointExtension><gpxtpx:hr>170</gpxtpx:hr></gpxtpx:TrackPointExtension></extensions></trkpt><trkpt lat="56.024035" lon="37.852775"><ele>165.2</ele><time>2026-06-24T05:07:59Z</time><extensions><gpxtpx:TrackPointExtension><gpxtpx:hr>169</gpxtpx:hr></gpxtpx:TrackPointExtension></extensions></trkpt><trkpt lat="56.024072" lon="37.852777"><ele>165.4</ele><time>2026-06-24T05:08:00Z</time><extensions><gpxtpx:TrackPointExtension><gpxtpx:hr>170</gpxtpx:hr></gpxtpx:TrackPointExtension></extensions></trkpt><trkpt lat="56.024107" lon="37.852782"><ele>165.2</ele><time>2026-06-24T05:08:01Z</time><extensions><gpxtpx:TrackPointExtension><gpxtpx:hr>169</gpxtpx:hr></gpxtpx:TrackPointExtension></extensions></trkpt><trkpt lat="56.024142" lon="37.852782"><ele>165.2</ele><time>2026-06-24T05:08:02Z</time><extensions><gpxtpx:TrackPointExtension><gpxtpx:hr>169</gpxtpx:hr></gpxtpx:TrackPointExtension></extensions></trkpt><trkpt lat="56.024175" lon="37.852775"><ele>165.2</ele><time>2026-06-24T05:08:03Z</time><extensions><gpxtpx:TrackPointExtension><gpxtpx:hr>169</gpxtpx:hr></gpxtpx:TrackPointExtension></extensions></trkpt><trkpt lat="56.02421" lon="37.852772"><ele>165.2</ele><time>2026-06-24T05:08:04Z</time><extensions><gpxtpx:TrackPointExtension><gpxtpx:hr>168</gpxtpx:hr></gpxtpx:TrackPointExtension></extensions></trkpt><trkpt lat="56.024247" lon="37.85277"><ele>165.2</ele><time>2026-06-24T05:08:05Z</time><extensions><gpxtpx:TrackPointExtension><gpxtpx:hr>169</gpxtpx:hr></gpxtpx:TrackPointExtension></extensions></trkpt><trkpt lat="56.024282" lon="37.852767"><ele>165.2</ele><time>2026-06-24T05:08:06Z</time><extensions><gpxtpx:TrackPointExtension><gpxtpx:hr>169</gpxtpx:hr></gpxtpx:TrackPointExtension></extensions></trkpt><trkpt lat="56.024317" lon="37.852765"><ele>165.2</ele><time>2026-06-24T05:08:07Z</time><extensions><gpxtpx:TrackPointExtension><gpxtpx:hr>170</gpxtpx:hr></gpxtpx:TrackPointExtension></extensions></trkpt><trkpt lat="56.024357" lon="37.852767"><ele>165.2</ele><time>2026-06-24T05:08:08Z</time><extensions><gpxtpx:TrackPointExtension><gpxtpx:hr>170</gpxtpx:hr></gpxtpx:TrackPointExtension></extensions></trkpt><trkpt lat="56.024392" lon="37.852767"><ele>165.2</ele><time>2026-06-24T05:08:09Z</time><extensions><gpxtpx:TrackPointExtension><gpxtpx:hr>169</gpxtpx:hr></gpxtpx:TrackPointExtension></extensions></trkpt><trkpt lat="56.024432" lon="37.852765"><ele>165.2</ele><time>2026-06-24T05:08:10Z</time><extensions><gpxtpx:TrackPointExtension><gpxtpx:hr>170</gpxtpx:hr></gpxtpx:TrackPointExtension></extensions></trkpt><trkpt lat="56.024467" lon="37.852747"><ele>165.2</ele><time>2026-06-24T05:08:11Z</time><extensions><gpxtpx:TrackPointExtension><gpxtpx:hr>170</gpxtpx:hr></gpxtpx:TrackPointExtension></extensions></trkpt><trkpt lat="56.024497" lon="37.852722"><ele>165.2</ele><time>2026-06-24T05:08:12Z</time><extensions><gpxtpx:TrackPointExtension><gpxtpx:hr>171</gpxtpx:hr></gpxtpx:TrackPointExtension></extensions></trkpt><trkpt lat="56.024522" lon="37.852685"><ele>165.2</ele><time>2026-06-24T05:08:13Z</time><extensions><gpxtpx:TrackPointExtension><gpxtpx:hr>171</gpxtpx:hr></gpxtpx:TrackPointExtension></extensions></trkpt><trkpt lat="56.024545" lon="37.852637"><ele>165.2</ele><time>2026-06-24T05:08:14Z</time><extensions><gpxtpx:TrackPointExtension><gpxtpx:hr>171</gpxtpx:hr></gpxtpx:TrackPointExtension></extensions></trkpt><trkpt lat="56.024557" lon="37.85258"><ele>165.2</ele><time>2026-06-24T05:08:15Z</time><extensions><gpxtpx:TrackPointExtension><gpxtpx:hr>171</gpxtpx:hr></gpxtpx:TrackPointExtension></extensions></trkpt><trkpt lat="56.024565" lon="37.852517"><ele>165.2</ele><time>2026-06-24T05:08:16Z</time><extensions><gpxtpx:TrackPointExtension><gpxtpx:hr>171</gpxtpx:hr></gpxtpx:TrackPointExtension></extensions></trkpt><trkpt lat="56.024567" lon="37.852452"><ele>165.2</ele><time>2026-06-24T05:08:17Z</time><extensions><gpxtpx:TrackPointExtension><gpxtpx:hr>170</gpxtpx:hr></gpxtpx:TrackPointExtension></extensions></trkpt><trkpt lat="56.024562" lon="37.852392"><ele>165.4</ele><time>2026-06-24T05:08:18Z</time><extensions><gpxtpx:TrackPointExtension><gpxtpx:hr>170</gpxtpx:hr></gpxtpx:TrackPointExtension></extensions></trkpt><trkpt lat="56.02455" lon="37.852342"><ele>165.4</ele><time>2026-06-24T05:08:19Z</time><extensions><gpxtpx:TrackPointExtension><gpxtpx:hr>170</gpxtpx:hr></gpxtpx:TrackPointExtension></extensions></trkpt><trkpt lat="56.024535" lon="37.852302"><ele>165.2</ele><time>2026-06-24T05:08:20Z</time><extensions><gpxtpx:TrackPointExtension><gpxtpx:hr>170</gpxtpx:hr></gpxtpx:TrackPointExtension></extensions></trkpt><trkpt lat="56.024512" lon="37.852265"><ele>165.2</ele><time>2026-06-24T05:08:21Z</time><extensions><gpxtpx:TrackPointExtension><gpxtpx:hr>169</gpxtpx:hr></gpxtpx:TrackPointExtension></extensions></trkpt><trkpt lat="56.024492" lon="37.852235"><ele>165.2</ele><time>2026-06-24T05:08:22Z</time><extensions><gpxtpx:TrackPointExtension><gpxtpx:hr>170</gpxtpx:hr></gpxtpx:TrackPointExtension></extensions></trkpt><trkpt lat="56.024472" lon="37.852212"><ele>165.2</ele><time>2026-06-24T05:08:23Z</time><extensions><gpxtpx:TrackPointExtension><gpxtpx:hr>169</gpxtpx:hr></gpxtpx:TrackPointExtension></extensions></trkpt><trkpt lat="56.024452" lon="37.852192"><ele>165.2</ele><time>2026-06-24T05:08:24Z</time><extensions><gpxtpx:TrackPointExtension><gpxtpx:hr>168</gpxtpx:hr></gpxtpx:TrackPointExtension></extensions></trkpt><trkpt lat="56.024427" lon="37.85218"><ele>165.2</ele><time>2026-06-24T05:08:25Z</time><extensions><gpxtpx:TrackPointExtension><gpxtpx:hr>169</gpxtpx:hr></gpxtpx:TrackPointExtension></extensions></trkpt><trkpt lat="56.024407" lon="37.852175"><ele>165.2</ele><time>2026-06-24T05:08:26Z</time><extensions><gpxtpx:TrackPointExtension><gpxtpx:hr>168</gpxtpx:hr></gpxtpx:TrackPointExtension></extensions></trkpt><trkpt lat="56.024387" lon="37.852172"><ele>165.2</ele><time>2026-06-24T05:08:27Z</time><extensions><gpxtpx:TrackPointExtension><gpxtpx:hr>168</gpxtpx:hr></gpxtpx:TrackPointExtension></extensions></trkpt><trkpt lat="56.024367" lon="37.852172"><ele>165.2</ele><time>2026-06-24T05:08:28Z</time><extensions><gpxtpx:TrackPointExtension><gpxtpx:hr>168</gpxtpx:hr></gpxtpx:TrackPointExtension></extensions></trkpt><trkpt lat="56.024347" lon="37.852175"><ele>165.4</ele><time>2026-06-24T05:08:29Z</time><extensions><gpxtpx:TrackPointExtension><gpxtpx:hr>167</gpxtpx:hr></gpxtpx:TrackPointExtension></extensions></trkpt><trkpt lat="56.024327" lon="37.852177"><ele>165.2</ele><time>2026-06-24T05:08:30Z</time><extensions><gpxtpx:TrackPointExtension><gpxtpx:hr>168</gpxtpx:hr></gpxtpx:TrackPointExtension></extensions></trkpt><trkpt lat="56.02431" lon="37.852175"><ele>165.2</ele><time>2026-06-24T05:08:31Z</time><extensions><gpxtpx:TrackPointExtension><gpxtpx:hr>167</gpxtpx:hr></gpxtpx:TrackPointExtension></extensions></trkpt><trkpt lat="56.024292" lon="37.852172"><ele>165.2</ele><time>2026-06-24T05:08:32Z</time><extensions><gpxtpx:TrackPointExtension><gpxtpx:hr>167</gpxtpx:hr></gpxtpx:TrackPointExtension></extensions></trkpt><trkpt lat="56.024262" lon="37.852177"><ele>165.2</ele><time>2026-06-24T05:08:34Z</time><extensions><gpxtpx:TrackPointExtension><gpxtpx:hr>165</gpxtpx:hr></gpxtpx:TrackPointExtension></extensions></trkpt><trkpt lat="56.024227" lon="37.852185"><ele>165.2</ele><time>2026-06-24T05:08:36Z</time><extensions><gpxtpx:TrackPointExtension><gpxtpx:hr>166</gpxtpx:hr></gpxtpx:TrackPointExtension></extensions></trkpt><trkpt lat="56.024192" lon="37.852192"><ele>165.2</ele><time>2026-06-24T05:08:38Z</time><extensions><gpxtpx:TrackPointExtension><gpxtpx:hr>164</gpxtpx:hr></gpxtpx:TrackPointExtension></extensions></trkpt><trkpt lat="56.024172" lon="37.852192"><ele>165.2</ele><time>2026-06-24T05:08:39Z</time><extensions><gpxtpx:TrackPointExtension><gpxtpx:hr>165</gpxtpx:hr></gpxtpx:TrackPointExtension></extensions></trkpt><trkpt lat="56.024155" lon="37.85219"><ele>165.2</ele><time>2026-06-24T05:08:40Z</time><extensions><gpxtpx:TrackPointExtension><gpxtpx:hr>165</gpxtpx:hr></gpxtpx:TrackPointExtension></extensions></trkpt><trkpt lat="56.024135" lon="37.852185"><ele>165.2</ele><time>2026-06-24T05:08:41Z</time><extensions><gpxtpx:TrackPointExtension><gpxtpx:hr>164</gpxtpx:hr></gpxtpx:TrackPointExtension></extensions></trkpt><trkpt lat="56.024115" lon="37.852185"><ele>165.0</ele><time>2026-06-24T05:08:42Z</time><extensions><gpxtpx:TrackPointExtension><gpxtpx:hr>165</gpxtpx:hr></gpxtpx:TrackPointExtension></extensions></trkpt><trkpt lat="56.024095" lon="37.852187"><ele>165.0</ele><time>2026-06-24T05:08:43Z</time><extensions><gpxtpx:TrackPointExtension><gpxtpx:hr>162</gpxtpx:hr></gpxtpx:TrackPointExtension></extensions></trkpt><trkpt lat="56.024077" lon="37.852187"><ele>165.0</ele><time>2026-06-24T05:08:44Z</time><extensions><gpxtpx:TrackPointExtension><gpxtpx:hr>163</gpxtpx:hr></gpxtpx:TrackPointExtension></extensions></trkpt><trkpt lat="56.024057" lon="37.852185"><ele>165.0</ele><time>2026-06-24T05:08:45Z</time><extensions><gpxtpx:TrackPointExtension><gpxtpx:hr>161</gpxtpx:hr></gpxtpx:TrackPointExtension></extensions></trkpt><trkpt lat="56.024035" lon="37.852185"><ele>165.0</ele><time>2026-06-24T05:08:46Z</time><extensions><gpxtpx:TrackPointExtension><gpxtpx:hr>161</gpxtpx:hr></gpxtpx:TrackPointExtension></extensions></trkpt><trkpt lat="56.024015" lon="37.852182"><ele>165.0</ele><time>2026-06-24T05:08:47Z</time><extensions><gpxtpx:TrackPointExtension><gpxtpx:hr>162</gpxtpx:hr></gpxtpx:TrackPointExtension></extensions></trkpt><trkpt lat="56.023997" lon="37.852177"><ele>165.0</ele><time>2026-06-24T05:08:48Z</time><extensions><gpxtpx:TrackPointExtension><gpxtpx:hr>161</gpxtpx:hr></gpxtpx:TrackPointExtension></extensions></trkpt><trkpt lat="56.023977" lon="37.852182"><ele>165.0</ele><time>2026-06-24T05:08:49Z</time><extensions><gpxtpx:TrackPointExtension><gpxtpx:hr>161</gpxtpx:hr></gpxtpx:TrackPointExtension></extensions></trkpt><trkpt lat="56.023955" lon="37.852187"><ele>165.0</ele><time>2026-06-24T05:08:50Z</time><extensions><gpxtpx:TrackPointExtension><gpxtpx:hr>160</gpxtpx:hr></gpxtpx:TrackPointExtension></extensions></trkpt><trkpt lat="56.023937" lon="37.852197"><ele>164.8</ele><time>2026-06-24T05:08:51Z</time><extensions><gpxtpx:TrackPointExtension><gpxtpx:hr>161</gpxtpx:hr></gpxtpx:TrackPointExtension></extensions></trkpt><trkpt lat="56.023917" lon="37.852212"><ele>164.8</ele><time>2026-06-24T05:08:52Z</time><extensions><gpxtpx:TrackPointExtension><gpxtpx:hr>158</gpxtpx:hr></gpxtpx:TrackPointExtension></extensions></trkpt><trkpt lat="56.0239" lon="37.85223"><ele>164.8</ele><time>2026-06-24T05:08:53Z</time><extensions><gpxtpx:TrackPointExtension><gpxtpx:hr>158</gpxtpx:hr></gpxtpx:TrackPointExtension></extensions></trkpt><trkpt lat="56.023882" lon="37.852252"><ele>164.8</ele><time>2026-06-24T05:08:54Z</time><extensions><gpxtpx:TrackPointExtension><gpxtpx:hr>158</gpxtpx:hr></gpxtpx:TrackPointExtension></extensions></trkpt><trkpt lat="56.02387" lon="37.852277"><ele>164.8</ele><time>2026-06-24T05:08:55Z</time><extensions><gpxtpx:TrackPointExtension><gpxtpx:hr>157</gpxtpx:hr></gpxtpx:TrackPointExtension></extensions></trkpt><trkpt lat="56.023855" lon="37.852307"><ele>165.0</ele><time>2026-06-24T05:08:56Z</time><extensions><gpxtpx:TrackPointExtension><gpxtpx:hr>158</gpxtpx:hr></gpxtpx:TrackPointExtension></extensions></trkpt><trkpt lat="56.023845" lon="37.85234"><ele>165.0</ele><time>2026-06-24T05:08:57Z</time><extensions><gpxtpx:TrackPointExtension><gpxtpx:hr>157</gpxtpx:hr></gpxtpx:TrackPointExtension></extensions></trkpt><trkpt lat="56.023837" lon="37.85237"><ele>165.0</ele><time>2026-06-24T05:08:58Z</time><extensions><gpxtpx:TrackPointExtension><gpxtpx:hr>157</gpxtpx:hr></gpxtpx:TrackPointExtension></extensions></trkpt><trkpt lat="56.023832" lon="37.852402"><ele>165.0</ele><time>2026-06-24T05:08:59Z</time><extensions><gpxtpx:TrackPointExtension><gpxtpx:hr>157</gpxtpx:hr></gpxtpx:TrackPointExtension></extensions></trkpt><trkpt lat="56.023832" lon="37.852437"><ele>165.0</ele><time>2026-06-24T05:09:00Z</time><extensions><gpxtpx:TrackPointExtension><gpxtpx:hr>157</gpxtpx:hr></gpxtpx:TrackPointExtension></extensions></trkpt><trkpt lat="56.023827" lon="37.852475"><ele>165.0</ele><time>2026-06-24T05:09:01Z</time><extensions><gpxtpx:TrackPointExtension><gpxtpx:hr>157</gpxtpx:hr></gpxtpx:TrackPointExtension></extensions></trkpt><trkpt lat="56.023827" lon="37.852512"><ele>165.0</ele><time>2026-06-24T05:09:02Z</time><extensions><gpxtpx:TrackPointExtension><gpxtpx:hr>157</gpxtpx:hr></gpxtpx:TrackPointExtension></extensions></trkpt><trkpt lat="56.023832" lon="37.85255"><ele>165.0</ele><time>2026-06-24T05:09:03Z</time><extensions><gpxtpx:TrackPointExtension><gpxtpx:hr>157</gpxtpx:hr></gpxtpx:TrackPointExtension></extensions></trkpt><trkpt lat="56.023837" lon="37.852582"><ele>165.2</ele><time>2026-06-24T05:09:04Z</time><extensions><gpxtpx:TrackPointExtension><gpxtpx:hr>157</gpxtpx:hr></gpxtpx:TrackPointExtension></extensions></trkpt><trkpt lat="56.023842" lon="37.852617"><ele>165.2</ele><time>2026-06-24T05:09:05Z</time><extensions><gpxtpx:TrackPointExtension><gpxtpx:hr>158</gpxtpx:hr></gpxtpx:TrackPointExtension></extensions></trkpt><trkpt lat="56.023852" lon="37.852647"><ele>165.2</ele><time>2026-06-24T05:09:06Z</time><extensions><gpxtpx:TrackPointExtension><gpxtpx:hr>156</gpxtpx:hr></gpxtpx:TrackPointExtension></extensions></trkpt><trkpt lat="56.023867" lon="37.852677"><ele>165.2</ele><time>2026-06-24T05:09:07Z</time><extensions><gpxtpx:TrackPointExtension><gpxtpx:hr>156</gpxtpx:hr></gpxtpx:TrackPointExtension></extensions></trkpt><trkpt lat="56.023885" lon="37.8527"><ele>165.2</ele><time>2026-06-24T05:09:08Z</time><extensions><gpxtpx:TrackPointExtension><gpxtpx:hr>156</gpxtpx:hr></gpxtpx:TrackPointExtension></extensions></trkpt><trkpt lat="56.023902" lon="37.852717"><ele>165.2</ele><time>2026-06-24T05:09:09Z</time><extensions><gpxtpx:TrackPointExtension><gpxtpx:hr>155</gpxtpx:hr></gpxtpx:TrackPointExtension></extensions></trkpt><trkpt lat="56.023922" lon="37.852732"><ele>165.2</ele><time>2026-06-24T05:09:10Z</time><extensions><gpxtpx:TrackPointExtension><gpxtpx:hr>155</gpxtpx:hr></gpxtpx:TrackPointExtension></extensions></trkpt><trkpt lat="56.023942" lon="37.852745"><ele>165.2</ele><time>2026-06-24T05:09:11Z</time><extensions><gpxtpx:TrackPointExtension><gpxtpx:hr>154</gpxtpx:hr></gpxtpx:TrackPointExtension></extensions></trkpt><trkpt lat="56.02396" lon="37.852757"><ele>165.2</ele><time>2026-06-24T05:09:12Z</time><extensions><gpxtpx:TrackPointExtension><gpxtpx:hr>154</gpxtpx:hr></gpxtpx:TrackPointExtension></extensions></trkpt><trkpt lat="56.02398" lon="37.852762"><ele>165.2</ele><time>2026-06-24T05:09:13Z</time><extensions><gpxtpx:TrackPointExtension><gpxtpx:hr>153</gpxtpx:hr></gpxtpx:TrackPointExtension></extensions></trkpt><trkpt lat="56.024" lon="37.852765"><ele>165.2</ele><time>2026-06-24T05:09:14Z</time><extensions><gpxtpx:TrackPointExtension><gpxtpx:hr>152</gpxtpx:hr></gpxtpx:TrackPointExtension></extensions></trkpt><trkpt lat="56.024017" lon="37.852772"><ele>165.2</ele><time>2026-06-24T05:09:15Z</time><extensions><gpxtpx:TrackPointExtension><gpxtpx:hr>152</gpxtpx:hr></gpxtpx:TrackPointExtension></extensions></trkpt><trkpt lat="56.024037" lon="37.852772"><ele>165.2</ele><time>2026-06-24T05:09:16Z</time><extensions><gpxtpx:TrackPointExtension><gpxtpx:hr>152</gpxtpx:hr></gpxtpx:TrackPointExtension></extensions></trkpt><trkpt lat="56.02406" lon="37.85277"><ele>165.2</ele><time>2026-06-24T05:09:17Z</time><extensions><gpxtpx:TrackPointExtension><gpxtpx:hr>151</gpxtpx:hr></gpxtpx:TrackPointExtension></extensions></trkpt><trkpt lat="56.024082" lon="37.852772"><ele>165.2</ele><time>2026-06-24T05:09:18Z</time><extensions><gpxtpx:TrackPointExtension><gpxtpx:hr>151</gpxtpx:hr></gpxtpx:TrackPointExtension></extensions></trkpt><trkpt lat="56.0241" lon="37.852772"><ele>165.2</ele><time>2026-06-24T05:09:19Z</time><extensions><gpxtpx:TrackPointExtension><gpxtpx:hr>151</gpxtpx:hr></gpxtpx:TrackPointExtension></extensions></trkpt><trkpt lat="56.024122" lon="37.852777"><ele>165.2</ele><time>2026-06-24T05:09:20Z</time><extensions><gpxtpx:TrackPointExtension><gpxtpx:hr>151</gpxtpx:hr></gpxtpx:TrackPointExtension></extensions></trkpt><trkpt lat="56.024142" lon="37.85278"><ele>165.2</ele><time>2026-06-24T05:09:21Z</time><extensions><gpxtpx:TrackPointExtension><gpxtpx:hr>151</gpxtpx:hr></gpxtpx:TrackPointExtension></extensions></trkpt><trkpt lat="56.024162" lon="37.85278"><ele>165.2</ele><time>2026-06-24T05:09:22Z</time><extensions><gpxtpx:TrackPointExtension><gpxtpx:hr>151</gpxtpx:hr></gpxtpx:TrackPointExtension></extensions></trkpt><trkpt lat="56.024185" lon="37.85278"><ele>165.2</ele><time>2026-06-24T05:09:23Z</time><extensions><gpxtpx:TrackPointExtension><gpxtpx:hr>151</gpxtpx:hr></gpxtpx:TrackPointExtension></extensions></trkpt><trkpt lat="56.024207" lon="37.852777"><ele>165.2</ele><time>2026-06-24T05:09:24Z</time><extensions><gpxtpx:TrackPointExtension><gpxtpx:hr>151</gpxtpx:hr></gpxtpx:TrackPointExtension></extensions></trkpt><trkpt lat="56.024227" lon="37.852775"><ele>165.2</ele><time>2026-06-24T05:09:25Z</time><extensions><gpxtpx:TrackPointExtension><gpxtpx:hr>150</gpxtpx:hr></gpxtpx:TrackPointExtension></extensions></trkpt><trkpt lat="56.024247" lon="37.852772"><ele>165.0</ele><time>2026-06-24T05:09:26Z</time><extensions><gpxtpx:TrackPointExtension><gpxtpx:hr>148</gpxtpx:hr></gpxtpx:TrackPointExtension></extensions></trkpt><trkpt lat="56.024272" lon="37.85277"><ele>165.2</ele><time>2026-06-24T05:09:27Z</time><extensions><gpxtpx:TrackPointExtension><gpxtpx:hr>149</gpxtpx:hr></gpxtpx:TrackPointExtension></extensions></trkpt><trkpt lat="56.024295" lon="37.85277"><ele>165.2</ele><time>2026-06-24T05:09:28Z</time><extensions><gpxtpx:TrackPointExtension><gpxtpx:hr>149</gpxtpx:hr></gpxtpx:TrackPointExtension></extensions></trkpt><trkpt lat="56.024317" lon="37.85277"><ele>165.2</ele><time>2026-06-24T05:09:29Z</time><extensions><gpxtpx:TrackPointExtension><gpxtpx:hr>150</gpxtpx:hr></gpxtpx:TrackPointExtension></extensions></trkpt><trkpt lat="56.02434" lon="37.852767"><ele>165.2</ele><time>2026-06-24T05:09:30Z</time><extensions><gpxtpx:TrackPointExtension><gpxtpx:hr>150</gpxtpx:hr></gpxtpx:TrackPointExtension></extensions></trkpt><trkpt lat="56.02436" lon="37.852767"><ele>165.2</ele><time>2026-06-24T05:09:31Z</time><extensions><gpxtpx:TrackPointExtension><gpxtpx:hr>150</gpxtpx:hr></gpxtpx:TrackPointExtension></extensions></trkpt><trkpt lat="56.024382" lon="37.852767"><ele>165.2</ele><time>2026-06-24T05:09:32Z</time><extensions><gpxtpx:TrackPointExtension><gpxtpx:hr>150</gpxtpx:hr></gpxtpx:TrackPointExtension></extensions></trkpt><trkpt lat="56.024402" lon="37.85277"><ele>165.0</ele><time>2026-06-24T05:09:33Z</time><extensions><gpxtpx:TrackPointExtension><gpxtpx:hr>150</gpxtpx:hr></gpxtpx:TrackPointExtension></extensions></trkpt><trkpt lat="56.024422" lon="37.852767"><ele>165.2</ele><time>2026-06-24T05:09:34Z</time><extensions><gpxtpx:TrackPointExtension><gpxtpx:hr>149</gpxtpx:hr></gpxtpx:TrackPointExtension></extensions></trkpt><trkpt lat="56.024445" lon="37.85277"><ele>165.2</ele><time>2026-06-24T05:09:35Z</time><extensions><gpxtpx:TrackPointExtension><gpxtpx:hr>149</gpxtpx:hr></gpxtpx:TrackPointExtension></extensions></trkpt><trkpt lat="56.024462" lon="37.852765"><ele>165.2</ele><time>2026-06-24T05:09:36Z</time><extensions><gpxtpx:TrackPointExtension><gpxtpx:hr>147</gpxtpx:hr></gpxtpx:TrackPointExtension></extensions></trkpt><trkpt lat="56.024527" lon="37.852667"><ele>164.8</ele><time>2026-06-24T05:10:12Z</time><extensions><gpxtpx:TrackPointExtension><gpxtpx:hr>127</gpxtpx:hr></gpxtpx:TrackPointExtension></extensions></trkpt><trkpt lat="56.024535" lon="37.852637"><ele>164.8</ele><time>2026-06-24T05:10:13Z</time><extensions><gpxtpx:TrackPointExtension><gpxtpx:hr>129</gpxtpx:hr></gpxtpx:TrackPointExtension></extensions></trkpt><trkpt lat="56.024542" lon="37.852603"><ele>165.0</ele><time>2026-06-24T05:10:14Z</time><extensions><gpxtpx:TrackPointExtension><gpxtpx:hr>131</gpxtpx:hr></gpxtpx:TrackPointExtension></extensions></trkpt><trkpt lat="56.024547" lon="37.852572"><ele>165.2</ele><time>2026-06-24T05:10:15Z</time><extensions><gpxtpx:TrackPointExtension><gpxtpx:hr>132</gpxtpx:hr></gpxtpx:TrackPointExtension></extensions></trkpt><trkpt lat="56.024552" lon="37.85254"><ele>165.4</ele><time>2026-06-24T05:10:16Z</time><extensions><gpxtpx:TrackPointExtension><gpxtpx:hr>133</gpxtpx:hr></gpxtpx:TrackPointExtension></extensions></trkpt><trkpt lat="56.024557" lon="37.852482"><ele>165.8</ele><time>2026-06-24T05:10:18Z</time><extensions><gpxtpx:TrackPointExtension><gpxtpx:hr>134</gpxtpx:hr></gpxtpx:TrackPointExtension></extensions></trkpt><trkpt lat="56.024557" lon="37.852435"><ele>166.0</ele><time>2026-06-24T05:10:20Z</time><extensions><gpxtpx:TrackPointExtension><gpxtpx:hr>134</gpxtpx:hr></gpxtpx:TrackPointExtension></extensions></trkpt><trkpt lat="56.024547" lon="37.852382"><ele>165.8</ele><time>2026-06-24T05:10:22Z</time><extensions><gpxtpx:TrackPointExtension><gpxtpx:hr>134</gpxtpx:hr></gpxtpx:TrackPointExtension></extensions></trkpt><trkpt lat="56.024532" lon="37.852322"><ele>165.8</ele><time>2026-06-24T05:10:24Z</time><extensions><gpxtpx:TrackPointExtension><gpxtpx:hr>134</gpxtpx:hr></gpxtpx:TrackPointExtension></extensions></trkpt><trkpt lat="56.024522" lon="37.852287"><ele>165.8</ele><time>2026-06-24T05:10:25Z</time><extensions><gpxtpx:TrackPointExtension><gpxtpx:hr>134</gpxtpx:hr></gpxtpx:TrackPointExtension></extensions></trkpt><trkpt lat="56.024507" lon="37.852262"><ele>165.6</ele><time>2026-06-24T05:10:26Z</time><extensions><gpxtpx:TrackPointExtension><gpxtpx:hr>135</gpxtpx:hr></gpxtpx:TrackPointExtension></extensions></trkpt><trkpt lat="56.024492" lon="37.852237"><ele>165.4</ele><time>2026-06-24T05:10:27Z</time><extensions><gpxtpx:TrackPointExtension><gpxtpx:hr>134</gpxtpx:hr></gpxtpx:TrackPointExtension></extensions></trkpt><trkpt lat="56.024472" lon="37.852217"><ele>165.2</ele><time>2026-06-24T05:10:28Z</time><extensions><gpxtpx:TrackPointExtension><gpxtpx:hr>135</gpxtpx:hr></gpxtpx:TrackPointExtension></extensions></trkpt><trkpt lat="56.024457" lon="37.852197"><ele>165.2</ele><time>2026-06-24T05:10:29Z</time><extensions><gpxtpx:TrackPointExtension><gpxtpx:hr>135</gpxtpx:hr></gpxtpx:TrackPointExtension></extensions></trkpt><trkpt lat="56.024437" lon="37.852182"><ele>165.0</ele><time>2026-06-24T05:10:30Z</time><extensions><gpxtpx:TrackPointExtension><gpxtpx:hr>135</gpxtpx:hr></gpxtpx:TrackPointExtension></extensions></trkpt><trkpt lat="56.024415" lon="37.852172"><ele>165.0</ele><time>2026-06-24T05:10:31Z</time><extensions><gpxtpx:TrackPointExtension><gpxtpx:hr>136</gpxtpx:hr></gpxtpx:TrackPointExtension></extensions></trkpt><trkpt lat="56.024395" lon="37.852167"><ele>164.8</ele><time>2026-06-24T05:10:32Z</time><extensions><gpxtpx:TrackPointExtension><gpxtpx:hr>136</gpxtpx:hr></gpxtpx:TrackPointExtension></extensions></trkpt><trkpt lat="56.024375" lon="37.852165"><ele>165.0</ele><time>2026-06-24T05:10:33Z</time><extensions><gpxtpx:TrackPointExtension><gpxtpx:hr>136</gpxtpx:hr></gpxtpx:TrackPointExtension></extensions></trkpt><trkpt lat="56.024352" lon="37.852167"><ele>165.0</ele><time>2026-06-24T05:10:34Z</time><extensions><gpxtpx:TrackPointExtension><gpxtpx:hr>136</gpxtpx:hr></gpxtpx:TrackPointExtension></extensions></trkpt><trkpt lat="56.02433" lon="37.852167"><ele>165.0</ele><time>2026-06-24T05:10:35Z</time><extensions><gpxtpx:TrackPointExtension><gpxtpx:hr>135</gpxtpx:hr></gpxtpx:TrackPointExtension></extensions></trkpt><trkpt lat="56.024307" lon="37.852167"><ele>164.8</ele><time>2026-06-24T05:10:36Z</time><extensions><gpxtpx:TrackPointExtension><gpxtpx:hr>136</gpxtpx:hr></gpxtpx:TrackPointExtension></extensions></trkpt><trkpt lat="56.024287" lon="37.852167"><ele>165.0</ele><time>2026-06-24T05:10:37Z</time><extensions><gpxtpx:TrackPointExtension><gpxtpx:hr>136</gpxtpx:hr></gpxtpx:TrackPointExtension></extensions></trkpt><trkpt lat="56.024267" lon="37.852167"><ele>165.0</ele><time>2026-06-24T05:10:38Z</time><extensions><gpxtpx:TrackPointExtension><gpxtpx:hr>135</gpxtpx:hr></gpxtpx:TrackPointExtension></extensions></trkpt><trkpt lat="56.024247" lon="37.852165"><ele>165.0</ele><time>2026-06-24T05:10:39Z</time><extensions><gpxtpx:TrackPointExtension><gpxtpx:hr>135</gpxtpx:hr></gpxtpx:TrackPointExtension></extensions></trkpt><trkpt lat="56.024227" lon="37.852162"><ele>165.0</ele><time>2026-06-24T05:10:40Z</time><extensions><gpxtpx:TrackPointExtension><gpxtpx:hr>135</gpxtpx:hr></gpxtpx:TrackPointExtension></extensions></trkpt><trkpt lat="56.024205" lon="37.85216"><ele>165.0</ele><time>2026-06-24T05:10:41Z</time><extensions><gpxtpx:TrackPointExtension><gpxtpx:hr>135</gpxtpx:hr></gpxtpx:TrackPointExtension></extensions></trkpt><trkpt lat="56.024185" lon="37.852157"><ele>164.8</ele><time>2026-06-24T05:10:42Z</time><extensions><gpxtpx:TrackPointExtension><gpxtpx:hr>136</gpxtpx:hr></gpxtpx:TrackPointExtension></extensions></trkpt><trkpt lat="56.024162" lon="37.852157"><ele>164.8</ele><time>2026-06-24T05:10:43Z</time><extensions><gpxtpx:TrackPointExtension><gpxtpx:hr>136</gpxtpx:hr></gpxtpx:TrackPointExtension></extensions></trkpt><trkpt lat="56.024137" lon="37.852155"><ele>164.6</ele><time>2026-06-24T05:10:44Z</time><extensions><gpxtpx:TrackPointExtension><gpxtpx:hr>136</gpxtpx:hr></gpxtpx:TrackPointExtension></extensions></trkpt><trkpt lat="56.024117" lon="37.852152"><ele>164.6</ele><time>2026-06-24T05:10:45Z</time><extensions><gpxtpx:TrackPointExtension><gpxtpx:hr>136</gpxtpx:hr></gpxtpx:TrackPointExtension></extensions></trkpt><trkpt lat="56.024095" lon="37.852152"><ele>164.6</ele><time>2026-06-24T05:10:46Z</time><extensions><gpxtpx:TrackPointExtension><gpxtpx:hr>135</gpxtpx:hr></gpxtpx:TrackPointExtension></extensions></trkpt><trkpt lat="56.02407" lon="37.852147"><ele>164.6</ele><time>2026-06-24T05:10:47Z</time><extensions><gpxtpx:TrackPointExtension><gpxtpx:hr>135</gpxtpx:hr></gpxtpx:TrackPointExtension></extensions></trkpt><trkpt lat="56.02405" lon="37.852142"><ele>164.8</ele><time>2026-06-24T05:10:48Z</time><extensions><gpxtpx:TrackPointExtension><gpxtpx:hr>135</gpxtpx:hr></gpxtpx:TrackPointExtension></extensions></trkpt><trkpt lat="56.02403" lon="37.85214"><ele>164.8</ele><time>2026-06-24T05:10:49Z</time><extensions><gpxtpx:TrackPointExtension><gpxtpx:hr>135</gpxtpx:hr></gpxtpx:TrackPointExtension></extensions></trkpt><trkpt lat="56.024007" lon="37.85214"><ele>164.8</ele><time>2026-06-24T05:10:50Z</time><extensions><gpxtpx:TrackPointExtension><gpxtpx:hr>136</gpxtpx:hr></gpxtpx:TrackPointExtension></extensions></trkpt><trkpt lat="56.023987" lon="37.852142"><ele>164.8</ele><time>2026-06-24T05:10:51Z</time><extensions><gpxtpx:TrackPointExtension><gpxtpx:hr>137</gpxtpx:hr></gpxtpx:TrackPointExtension></extensions></trkpt><trkpt lat="56.023967" lon="37.852142"><ele>164.6</ele><time>2026-06-24T05:10:52Z</time><extensions><gpxtpx:TrackPointExtension><gpxtpx:hr>137</gpxtpx:hr></gpxtpx:TrackPointExtension></extensions></trkpt><trkpt lat="56.023947" lon="37.852147"><ele>164.6</ele><time>2026-06-24T05:10:53Z</time><extensions><gpxtpx:TrackPointExtension><gpxtpx:hr>137</gpxtpx:hr></gpxtpx:TrackPointExtension></extensions></trkpt><trkpt lat="56.023925" lon="37.852155"><ele>164.6</ele><time>2026-06-24T05:10:54Z</time><extensions><gpxtpx:TrackPointExtension><gpxtpx:hr>138</gpxtpx:hr></gpxtpx:TrackPointExtension></extensions></trkpt><trkpt lat="56.023907" lon="37.852165"><ele>164.6</ele><time>2026-06-24T05:10:55Z</time><extensions><gpxtpx:TrackPointExtension><gpxtpx:hr>136</gpxtpx:hr></gpxtpx:TrackPointExtension></extensions></trkpt><trkpt lat="56.023887" lon="37.852177"><ele>164.6</ele><time>2026-06-24T05:10:56Z</time><extensions><gpxtpx:TrackPointExtension><gpxtpx:hr>136</gpxtpx:hr></gpxtpx:TrackPointExtension></extensions></trkpt><trkpt lat="56.023867" lon="37.8522"><ele>164.6</ele><time>2026-06-24T05:10:57Z</time><extensions><gpxtpx:TrackPointExtension><gpxtpx:hr>137</gpxtpx:hr></gpxtpx:TrackPointExtension></extensions></trkpt><trkpt lat="56.023852" lon="37.852223"><ele>164.6</ele><time>2026-06-24T05:10:58Z</time><extensions><gpxtpx:TrackPointExtension><gpxtpx:hr>137</gpxtpx:hr></gpxtpx:TrackPointExtension></extensions></trkpt><trkpt lat="56.023837" lon="37.852252"><ele>164.6</ele><time>2026-06-24T05:10:59Z</time><extensions><gpxtpx:TrackPointExtension><gpxtpx:hr>136</gpxtpx:hr></gpxtpx:TrackPointExtension></extensions></trkpt><trkpt lat="56.023827" lon="37.85229"><ele>164.6</ele><time>2026-06-24T05:11:00Z</time><extensions><gpxtpx:TrackPointExtension><gpxtpx:hr>138</gpxtpx:hr></gpxtpx:TrackPointExtension></extensions></trkpt><trkpt lat="56.02382" lon="37.852327"><ele>164.6</ele><time>2026-06-24T05:11:01Z</time><extensions><gpxtpx:TrackPointExtension><gpxtpx:hr>139</gpxtpx:hr></gpxtpx:TrackPointExtension></extensions></trkpt><trkpt lat="56.023815" lon="37.85237"><ele>164.6</ele><time>2026-06-24T05:11:02Z</time><extensions><gpxtpx:TrackPointExtension><gpxtpx:hr>139</gpxtpx:hr></gpxtpx:TrackPointExtension></extensions></trkpt><trkpt lat="56.02381" lon="37.852415"><ele>164.6</ele><time>2026-06-24T05:11:03Z</time><extensions><gpxtpx:TrackPointExtension><gpxtpx:hr>139</gpxtpx:hr></gpxtpx:TrackPointExtension></extensions></trkpt><trkpt lat="56.02381" lon="37.852452"><ele>164.8</ele><time>2026-06-24T05:11:04Z</time><extensions><gpxtpx:TrackPointExtension><gpxtpx:hr>138</gpxtpx:hr></gpxtpx:TrackPointExtension></extensions></trkpt><trkpt lat="56.02381" lon="37.852492"><ele>164.8</ele><time>2026-06-24T05:11:05Z</time><extensions><gpxtpx:TrackPointExtension><gpxtpx:hr>138</gpxtpx:hr></gpxtpx:TrackPointExtension></extensions></trkpt><trkpt lat="56.023812" lon="37.852532"><ele>164.8</ele><time>2026-06-24T05:11:06Z</time><extensions><gpxtpx:TrackPointExtension><gpxtpx:hr>139</gpxtpx:hr></gpxtpx:TrackPointExtension></extensions></trkpt><trkpt lat="56.023822" lon="37.85257"><ele>164.8</ele><time>2026-06-24T05:11:07Z</time><extensions><gpxtpx:TrackPointExtension><gpxtpx:hr>139</gpxtpx:hr></gpxtpx:TrackPointExtension></extensions></trkpt><trkpt lat="56.023832" lon="37.852602"><ele>164.8</ele><time>2026-06-24T05:11:08Z</time><extensions><gpxtpx:TrackPointExtension><gpxtpx:hr>139</gpxtpx:hr></gpxtpx:TrackPointExtension></extensions></trkpt><trkpt lat="56.023842" lon="37.852637"><ele>164.8</ele><time>2026-06-24T05:11:09Z</time><extensions><gpxtpx:TrackPointExtension><gpxtpx:hr>138</gpxtpx:hr></gpxtpx:TrackPointExtension></extensions></trkpt><trkpt lat="56.023857" lon="37.85267"><ele>164.8</ele><time>2026-06-24T05:11:10Z</time><extensions><gpxtpx:TrackPointExtension><gpxtpx:hr>138</gpxtpx:hr></gpxtpx:TrackPointExtension></extensions></trkpt><trkpt lat="56.02387" lon="37.852695"><ele>164.8</ele><time>2026-06-24T05:11:11Z</time><extensions><gpxtpx:TrackPointExtension><gpxtpx:hr>139</gpxtpx:hr></gpxtpx:TrackPointExtension></extensions></trkpt><trkpt lat="56.023887" lon="37.85272"><ele>164.8</ele><time>2026-06-24T05:11:12Z</time><extensions><gpxtpx:TrackPointExtension><gpxtpx:hr>136</gpxtpx:hr></gpxtpx:TrackPointExtension></extensions></trkpt><trkpt lat="56.023902" lon="37.852747"><ele>164.8</ele><time>2026-06-24T05:11:13Z</time><extensions><gpxtpx:TrackPointExtension><gpxtpx:hr>137</gpxtpx:hr></gpxtpx:TrackPointExtension></extensions></trkpt><trkpt lat="56.023925" lon="37.852765"><ele>164.8</ele><time>2026-06-24T05:11:14Z</time><extensions><gpxtpx:TrackPointExtension><gpxtpx:hr>139</gpxtpx:hr></gpxtpx:TrackPointExtension></extensions></trkpt><trkpt lat="56.023947" lon="37.852777"><ele>165.0</ele><time>2026-06-24T05:11:15Z</time><extensions><gpxtpx:TrackPointExtension><gpxtpx:hr>137</gpxtpx:hr></gpxtpx:TrackPointExtension></extensions></trkpt><trkpt lat="56.023967" lon="37.852782"><ele>165.0</ele><time>2026-06-24T05:11:16Z</time><extensions><gpxtpx:TrackPointExtension><gpxtpx:hr>137</gpxtpx:hr></gpxtpx:TrackPointExtension></extensions></trkpt><trkpt lat="56.023992" lon="37.852782"><ele>165.0</ele><time>2026-06-24T05:11:17Z</time><extensions><gpxtpx:TrackPointExtension><gpxtpx:hr>139</gpxtpx:hr></gpxtpx:TrackPointExtension></extensions></trkpt><trkpt lat="56.024012" lon="37.85278"><ele>165.0</ele><time>2026-06-24T05:11:18Z</time><extensions><gpxtpx:TrackPointExtension><gpxtpx:hr>137</gpxtpx:hr></gpxtpx:TrackPointExtension></extensions></trkpt><trkpt lat="56.024035" lon="37.852782"><ele>165.0</ele><time>2026-06-24T05:11:19Z</time><extensions><gpxtpx:TrackPointExtension><gpxtpx:hr>137</gpxtpx:hr></gpxtpx:TrackPointExtension></extensions></trkpt><trkpt lat="56.024055" lon="37.852782"><ele>165.0</ele><time>2026-06-24T05:11:20Z</time><extensions><gpxtpx:TrackPointExtension><gpxtpx:hr>138</gpxtpx:hr></gpxtpx:TrackPointExtension></extensions></trkpt><trkpt lat="56.024077" lon="37.852782"><ele>165.0</ele><time>2026-06-24T05:11:21Z</time><extensions><gpxtpx:TrackPointExtension><gpxtpx:hr>138</gpxtpx:hr></gpxtpx:TrackPointExtension></extensions></trkpt><trkpt lat="56.024102" lon="37.852782"><ele>165.0</ele><time>2026-06-24T05:11:22Z</time><extensions><gpxtpx:TrackPointExtension><gpxtpx:hr>138</gpxtpx:hr></gpxtpx:TrackPointExtension></extensions></trkpt><trkpt lat="56.024122" lon="37.85278"><ele>165.0</ele><time>2026-06-24T05:11:23Z</time><extensions><gpxtpx:TrackPointExtension><gpxtpx:hr>139</gpxtpx:hr></gpxtpx:TrackPointExtension></extensions></trkpt><trkpt lat="56.024142" lon="37.852777"><ele>165.0</ele><time>2026-06-24T05:11:24Z</time><extensions><gpxtpx:TrackPointExtension><gpxtpx:hr>139</gpxtpx:hr></gpxtpx:TrackPointExtension></extensions></trkpt><trkpt lat="56.024162" lon="37.852777"><ele>165.0</ele><time>2026-06-24T05:11:25Z</time><extensions><gpxtpx:TrackPointExtension><gpxtpx:hr>139</gpxtpx:hr></gpxtpx:TrackPointExtension></extensions></trkpt><trkpt lat="56.024182" lon="37.85278"><ele>165.0</ele><time>2026-06-24T05:11:26Z</time><extensions><gpxtpx:TrackPointExtension><gpxtpx:hr>139</gpxtpx:hr></gpxtpx:TrackPointExtension></extensions></trkpt><trkpt lat="56.024205" lon="37.85278"><ele>165.0</ele><time>2026-06-24T05:11:27Z</time><extensions><gpxtpx:TrackPointExtension><gpxtpx:hr>138</gpxtpx:hr></gpxtpx:TrackPointExtension></extensions></trkpt><trkpt lat="56.024227" lon="37.852782"><ele>165.0</ele><time>2026-06-24T05:11:28Z</time><extensions><gpxtpx:TrackPointExtension><gpxtpx:hr>138</gpxtpx:hr></gpxtpx:TrackPointExtension></extensions></trkpt><trkpt lat="56.024247" lon="37.852785"><ele>165.0</ele><time>2026-06-24T05:11:29Z</time><extensions><gpxtpx:TrackPointExtension><gpxtpx:hr>138</gpxtpx:hr></gpxtpx:TrackPointExtension></extensions></trkpt><trkpt lat="56.02427" lon="37.852785"><ele>165.0</ele><time>2026-06-24T05:11:30Z</time><extensions><gpxtpx:TrackPointExtension><gpxtpx:hr>138</gpxtpx:hr></gpxtpx:TrackPointExtension></extensions></trkpt><trkpt lat="56.024292" lon="37.852782"><ele>165.0</ele><time>2026-06-24T05:11:31Z</time><extensions><gpxtpx:TrackPointExtension><gpxtpx:hr>137</gpxtpx:hr></gpxtpx:TrackPointExtension></extensions></trkpt><trkpt lat="56.024312" lon="37.852782"><ele>165.0</ele><time>2026-06-24T05:11:32Z</time><extensions><gpxtpx:TrackPointExtension><gpxtpx:hr>138</gpxtpx:hr></gpxtpx:TrackPointExtension></extensions></trkpt><trkpt lat="56.024335" lon="37.852782"><ele>165.0</ele><time>2026-06-24T05:11:33Z</time><extensions><gpxtpx:TrackPointExtension><gpxtpx:hr>139</gpxtpx:hr></gpxtpx:TrackPointExtension></extensions></trkpt><trkpt lat="56.024357" lon="37.85278"><ele>165.0</ele><time>2026-06-24T05:11:34Z</time><extensions><gpxtpx:TrackPointExtension><gpxtpx:hr>138</gpxtpx:hr></gpxtpx:TrackPointExtension></extensions></trkpt><trkpt lat="56.024377" lon="37.85278"><ele>165.0</ele><time>2026-06-24T05:11:35Z</time><extensions><gpxtpx:TrackPointExtension><gpxtpx:hr>139</gpxtpx:hr></gpxtpx:TrackPointExtension></extensions></trkpt><trkpt lat="56.0244" lon="37.852777"><ele>164.8</ele><time>2026-06-24T05:11:36Z</time><extensions><gpxtpx:TrackPointExtension><gpxtpx:hr>140</gpxtpx:hr></gpxtpx:TrackPointExtension></extensions></trkpt><trkpt lat="56.024422" lon="37.852775"><ele>164.8</ele><time>2026-06-24T05:11:37Z</time><extensions><gpxtpx:TrackPointExtension><gpxtpx:hr>139</gpxtpx:hr></gpxtpx:TrackPointExtension></extensions></trkpt><trkpt lat="56.024442" lon="37.852772"><ele>164.8</ele><time>2026-06-24T05:11:38Z</time><extensions><gpxtpx:TrackPointExtension><gpxtpx:hr>139</gpxtpx:hr></gpxtpx:TrackPointExtension></extensions></trkpt><trkpt lat="56.024462" lon="37.852767"><ele>164.8</ele><time>2026-06-24T05:11:39Z</time><extensions><gpxtpx:TrackPointExtension><gpxtpx:hr>140</gpxtpx:hr></gpxtpx:TrackPointExtension></extensions></trkpt><trkpt lat="56.024485" lon="37.852765"><ele>165.0</ele><time>2026-06-24T05:11:40Z</time><extensions><gpxtpx:TrackPointExtension><gpxtpx:hr>141</gpxtpx:hr></gpxtpx:TrackPointExtension></extensions></trkpt><trkpt lat="56.024507" lon="37.852757"><ele>165.0</ele><time>2026-06-24T05:11:41Z</time><extensions><gpxtpx:TrackPointExtension><gpxtpx:hr>140</gpxtpx:hr></gpxtpx:TrackPointExtension></extensions></trkpt><trkpt lat="56.024532" lon="37.85274"><ele>165.0</ele><time>2026-06-24T05:11:43Z</time><extensions><gpxtpx:TrackPointExtension><gpxtpx:hr>140</gpxtpx:hr></gpxtpx:TrackPointExtension></extensions></trkpt><trkpt lat="56.024542" lon="37.852697"><ele>164.8</ele><time>2026-06-24T05:11:45Z</time><extensions><gpxtpx:TrackPointExtension><gpxtpx:hr>141</gpxtpx:hr></gpxtpx:TrackPointExtension></extensions></trkpt><trkpt lat="56.024547" lon="37.852662"><ele>164.8</ele><time>2026-06-24T05:11:46Z</time><extensions><gpxtpx:TrackPointExtension><gpxtpx:hr>142</gpxtpx:hr></gpxtpx:TrackPointExtension></extensions></trkpt><trkpt lat="56.024557" lon="37.852622"><ele>164.6</ele><time>2026-06-24T05:11:47Z</time><extensions><gpxtpx:TrackPointExtension><gpxtpx:hr>142</gpxtpx:hr></gpxtpx:TrackPointExtension></extensions></trkpt><trkpt lat="56.024567" lon="37.852582"><ele>164.6</ele><time>2026-06-24T05:11:48Z</time><extensions><gpxtpx:TrackPointExtension><gpxtpx:hr>141</gpxtpx:hr></gpxtpx:TrackPointExtension></extensions></trkpt><trkpt lat="56.024572" lon="37.85254"><ele>164.8</ele><time>2026-06-24T05:11:49Z</time><extensions><gpxtpx:TrackPointExtension><gpxtpx:hr>143</gpxtpx:hr></gpxtpx:TrackPointExtension></extensions></trkpt><trkpt lat="56.024572" lon="37.852497"><ele>164.8</ele><time>2026-06-24T05:11:50Z</time><extensions><gpxtpx:TrackPointExtension><gpxtpx:hr>143</gpxtpx:hr></gpxtpx:TrackPointExtension></extensions></trkpt><trkpt lat="56.024572" lon="37.852457"><ele>164.8</ele><time>2026-06-24T05:11:51Z</time><extensions><gpxtpx:TrackPointExtension><gpxtpx:hr>143</gpxtpx:hr></gpxtpx:TrackPointExtension></extensions></trkpt><trkpt lat="56.024567" lon="37.852417"><ele>164.8</ele><time>2026-06-24T05:11:52Z</time><extensions><gpxtpx:TrackPointExtension><gpxtpx:hr>144</gpxtpx:hr></gpxtpx:TrackPointExtension></extensions></trkpt><trkpt lat="56.024562" lon="37.852377"><ele>165.0</ele><time>2026-06-24T05:11:53Z</time><extensions><gpxtpx:TrackPointExtension><gpxtpx:hr>145</gpxtpx:hr></gpxtpx:TrackPointExtension></extensions></trkpt><trkpt lat="56.024555" lon="37.852342"><ele>165.0</ele><time>2026-06-24T05:11:54Z</time><extensions><gpxtpx:TrackPointExtension><gpxtpx:hr>145</gpxtpx:hr></gpxtpx:TrackPointExtension></extensions></trkpt><trkpt lat="56.024547" lon="37.852307"><ele>164.8</ele><time>2026-06-24T05:11:55Z</time><extensions><gpxtpx:TrackPointExtension><gpxtpx:hr>145</gpxtpx:hr></gpxtpx:TrackPointExtension></extensions></trkpt><trkpt lat="56.024535" lon="37.852272"><ele>165.0</ele><time>2026-06-24T05:11:56Z</time><extensions><gpxtpx:TrackPointExtension><gpxtpx:hr>145</gpxtpx:hr></gpxtpx:TrackPointExtension></extensions></trkpt><trkpt lat="56.024517" lon="37.852242"><ele>165.0</ele><time>2026-06-24T05:11:57Z</time><extensions><gpxtpx:TrackPointExtension><gpxtpx:hr>146</gpxtpx:hr></gpxtpx:TrackPointExtension></extensions></trkpt><trkpt lat="56.024497" lon="37.852212"><ele>165.0</ele><time>2026-06-24T05:11:58Z</time><extensions><gpxtpx:TrackPointExtension><gpxtpx:hr>146</gpxtpx:hr></gpxtpx:TrackPointExtension></extensions></trkpt><trkpt lat="56.024475" lon="37.852185"><ele>165.0</ele><time>2026-06-24T05:11:59Z</time><extensions><gpxtpx:TrackPointExtension><gpxtpx:hr>147</gpxtpx:hr></gpxtpx:TrackPointExtension></extensions></trkpt><trkpt lat="56.024447" lon="37.852162"><ele>165.0</ele><time>2026-06-24T05:12:00Z</time><extensions><gpxtpx:TrackPointExtension><gpxtpx:hr>146</gpxtpx:hr></gpxtpx:TrackPointExtension></extensions></trkpt><trkpt lat="56.024417" lon="37.852145"><ele>164.8</ele><time>2026-06-24T05:12:01Z</time><extensions><gpxtpx:TrackPointExtension><gpxtpx:hr>147</gpxtpx:hr></gpxtpx:TrackPointExtension></extensions></trkpt><trkpt lat="56.024385" lon="37.852135"><ele>164.8</ele><time>2026-06-24T05:12:02Z</time><extensions><gpxtpx:TrackPointExtension><gpxtpx:hr>147</gpxtpx:hr></gpxtpx:TrackPointExtension></extensions></trkpt><trkpt lat="56.02435" lon="37.852127"><ele>164.8</ele><time>2026-06-24T05:12:03Z</time><extensions><gpxtpx:TrackPointExtension><gpxtpx:hr>145</gpxtpx:hr></gpxtpx:TrackPointExtension></extensions></trkpt><trkpt lat="56.024315" lon="37.852127"><ele>164.6</ele><time>2026-06-24T05:12:04Z</time><extensions><gpxtpx:TrackPointExtension><gpxtpx:hr>147</gpxtpx:hr></gpxtpx:TrackPointExtension></extensions></trkpt><trkpt lat="56.024282" lon="37.852127"><ele>164.6</ele><time>2026-06-24T05:12:05Z</time><extensions><gpxtpx:TrackPointExtension><gpxtpx:hr>147</gpxtpx:hr></gpxtpx:TrackPointExtension></extensions></trkpt><trkpt lat="56.024247" lon="37.852127"><ele>164.6</ele><time>2026-06-24T05:12:06Z</time><extensions><gpxtpx:TrackPointExtension><gpxtpx:hr>148</gpxtpx:hr></gpxtpx:TrackPointExtension></extensions></trkpt><trkpt lat="56.02421" lon="37.85213"><ele>164.6</ele><time>2026-06-24T05:12:07Z</time><extensions><gpxtpx:TrackPointExtension><gpxtpx:hr>149</gpxtpx:hr></gpxtpx:TrackPointExtension></extensions></trkpt><trkpt lat="56.024175" lon="37.85213"><ele>164.6</ele><time>2026-06-24T05:12:08Z</time><extensions><gpxtpx:TrackPointExtension><gpxtpx:hr>149</gpxtpx:hr></gpxtpx:TrackPointExtension></extensions></trkpt><trkpt lat="56.024137" lon="37.85213"><ele>164.6</ele><time>2026-06-24T05:12:09Z</time><extensions><gpxtpx:TrackPointExtension><gpxtpx:hr>151</gpxtpx:hr></gpxtpx:TrackPointExtension></extensions></trkpt><trkpt lat="56.024105" lon="37.852127"><ele>164.6</ele><time>2026-06-24T05:12:10Z</time><extensions><gpxtpx:TrackPointExtension><gpxtpx:hr>152</gpxtpx:hr></gpxtpx:TrackPointExtension></extensions></trkpt><trkpt lat="56.024072" lon="37.85213"><ele>164.6</ele><time>2026-06-24T05:12:11Z</time><extensions><gpxtpx:TrackPointExtension><gpxtpx:hr>152</gpxtpx:hr></gpxtpx:TrackPointExtension></extensions></trkpt><trkpt lat="56.024037" lon="37.85213"><ele>164.6</ele><time>2026-06-24T05:12:12Z</time><extensions><gpxtpx:TrackPointExtension><gpxtpx:hr>152</gpxtpx:hr></gpxtpx:TrackPointExtension></extensions></trkpt><trkpt lat="56.024005" lon="37.852132"><ele>164.6</ele><time>2026-06-24T05:12:13Z</time><extensions><gpxtpx:TrackPointExtension><gpxtpx:hr>152</gpxtpx:hr></gpxtpx:TrackPointExtension></extensions></trkpt><trkpt lat="56.023972" lon="37.852135"><ele>164.6</ele><time>2026-06-24T05:12:14Z</time><extensions><gpxtpx:TrackPointExtension><gpxtpx:hr>153</gpxtpx:hr></gpxtpx:TrackPointExtension></extensions></trkpt><trkpt lat="56.023942" lon="37.852147"><ele>164.6</ele><time>2026-06-24T05:12:15Z</time><extensions><gpxtpx:TrackPointExtension><gpxtpx:hr>153</gpxtpx:hr></gpxtpx:TrackPointExtension></extensions></trkpt><trkpt lat="56.023912" lon="37.852172"><ele>164.6</ele><time>2026-06-24T05:12:16Z</time><extensions><gpxtpx:TrackPointExtension><gpxtpx:hr>154</gpxtpx:hr></gpxtpx:TrackPointExtension></extensions></trkpt><trkpt lat="56.023882" lon="37.852205"><ele>164.8</ele><time>2026-06-24T05:12:17Z</time><extensions><gpxtpx:TrackPointExtension><gpxtpx:hr>155</gpxtpx:hr></gpxtpx:TrackPointExtension></extensions></trkpt><trkpt lat="56.023862" lon="37.852245"><ele>164.8</ele><time>2026-06-24T05:12:18Z</time><extensions><gpxtpx:TrackPointExtension><gpxtpx:hr>154</gpxtpx:hr></gpxtpx:TrackPointExtension></extensions></trkpt><trkpt lat="56.023842" lon="37.852297"><ele>164.8</ele><time>2026-06-24T05:12:19Z</time><extensions><gpxtpx:TrackPointExtension><gpxtpx:hr>155</gpxtpx:hr></gpxtpx:TrackPointExtension></extensions></trkpt><trkpt lat="56.023827" lon="37.852352"><ele>164.8</ele><time>2026-06-24T05:12:20Z</time><extensions><gpxtpx:TrackPointExtension><gpxtpx:hr>156</gpxtpx:hr></gpxtpx:TrackPointExtension></extensions></trkpt><trkpt lat="56.023817" lon="37.852417"><ele>164.8</ele><time>2026-06-24T05:12:21Z</time><extensions><gpxtpx:TrackPointExtension><gpxtpx:hr>157</gpxtpx:hr></gpxtpx:TrackPointExtension></extensions></trkpt><trkpt lat="56.023817" lon="37.85248"><ele>164.8</ele><time>2026-06-24T05:12:22Z</time><extensions><gpxtpx:TrackPointExtension><gpxtpx:hr>157</gpxtpx:hr></gpxtpx:TrackPointExtension></extensions></trkpt><trkpt lat="56.023822" lon="37.852545"><ele>164.8</ele><time>2026-06-24T05:12:23Z</time><extensions><gpxtpx:TrackPointExtension><gpxtpx:hr>157</gpxtpx:hr></gpxtpx:TrackPointExtension></extensions></trkpt><trkpt lat="56.023837" lon="37.852603"><ele>164.8</ele><time>2026-06-24T05:12:24Z</time><extensions><gpxtpx:TrackPointExtension><gpxtpx:hr>157</gpxtpx:hr></gpxtpx:TrackPointExtension></extensions></trkpt><trkpt lat="56.023857" lon="37.852652"><ele>164.8</ele><time>2026-06-24T05:12:25Z</time><extensions><gpxtpx:TrackPointExtension><gpxtpx:hr>157</gpxtpx:hr></gpxtpx:TrackPointExtension></extensions></trkpt><trkpt lat="56.023882" lon="37.852692"><ele>164.8</ele><time>2026-06-24T05:12:26Z</time><extensions><gpxtpx:TrackPointExtension><gpxtpx:hr>157</gpxtpx:hr></gpxtpx:TrackPointExtension></extensions></trkpt><trkpt lat="56.023912" lon="37.852722"><ele>164.8</ele><time>2026-06-24T05:12:27Z</time><extensions><gpxtpx:TrackPointExtension><gpxtpx:hr>157</gpxtpx:hr></gpxtpx:TrackPointExtension></extensions></trkpt><trkpt lat="56.023947" lon="37.852742"><ele>164.8</ele><time>2026-06-24T05:12:28Z</time><extensions><gpxtpx:TrackPointExtension><gpxtpx:hr>157</gpxtpx:hr></gpxtpx:TrackPointExtension></extensions></trkpt><trkpt lat="56.023982" lon="37.852747"><ele>164.8</ele><time>2026-06-24T05:12:29Z</time><extensions><gpxtpx:TrackPointExtension><gpxtpx:hr>158</gpxtpx:hr></gpxtpx:TrackPointExtension></extensions></trkpt><trkpt lat="56.024017" lon="37.852752"><ele>164.8</ele><time>2026-06-24T05:12:30Z</time><extensions><gpxtpx:TrackPointExtension><gpxtpx:hr>160</gpxtpx:hr></gpxtpx:TrackPointExtension></extensions></trkpt><trkpt lat="56.024047" lon="37.85275"><ele>164.8</ele><time>2026-06-24T05:12:31Z</time><extensions><gpxtpx:TrackPointExtension><gpxtpx:hr>159</gpxtpx:hr></gpxtpx:TrackPointExtension></extensions></trkpt><trkpt lat="56.024082" lon="37.852752"><ele>164.8</ele><time>2026-06-24T05:12:32Z</time><extensions><gpxtpx:TrackPointExtension><gpxtpx:hr>158</gpxtpx:hr></gpxtpx:TrackPointExtension></extensions></trkpt><trkpt lat="56.024117" lon="37.852752"><ele>165.0</ele><time>2026-06-24T05:12:33Z</time><extensions><gpxtpx:TrackPointExtension><gpxtpx:hr>158</gpxtpx:hr></gpxtpx:TrackPointExtension></extensions></trkpt><trkpt lat="56.02415" lon="37.852747"><ele>165.0</ele><time>2026-06-24T05:12:34Z</time><extensions><gpxtpx:TrackPointExtension><gpxtpx:hr>160</gpxtpx:hr></gpxtpx:TrackPointExtension></extensions></trkpt><trkpt lat="56.024182" lon="37.85274"><ele>165.0</ele><time>2026-06-24T05:12:35Z</time><extensions><gpxtpx:TrackPointExtension><gpxtpx:hr>161</gpxtpx:hr></gpxtpx:TrackPointExtension></extensions></trkpt><trkpt lat="56.024212" lon="37.852737"><ele>165.0</ele><time>2026-06-24T05:12:36Z</time><extensions><gpxtpx:TrackPointExtension><gpxtpx:hr>161</gpxtpx:hr></gpxtpx:TrackPointExtension></extensions></trkpt><trkpt lat="56.024247" lon="37.852742"><ele>165.0</ele><time>2026-06-24T05:12:37Z</time><extensions><gpxtpx:TrackPointExtension><gpxtpx:hr>161</gpxtpx:hr></gpxtpx:TrackPointExtension></extensions></trkpt><trkpt lat="56.024282" lon="37.85274"><ele>165.2</ele><time>2026-06-24T05:12:38Z</time><extensions><gpxtpx:TrackPointExtension><gpxtpx:hr>160</gpxtpx:hr></gpxtpx:TrackPointExtension></extensions></trkpt><trkpt lat="56.024317" lon="37.852742"><ele>165.2</ele><time>2026-06-24T05:12:39Z</time><extensions><gpxtpx:TrackPointExtension><gpxtpx:hr>161</gpxtpx:hr></gpxtpx:TrackPointExtension></extensions></trkpt><trkpt lat="56.024355" lon="37.852745"><ele>165.2</ele><time>2026-06-24T05:12:40Z</time><extensions><gpxtpx:TrackPointExtension><gpxtpx:hr>161</gpxtpx:hr></gpxtpx:TrackPointExtension></extensions></trkpt><trkpt lat="56.02439" lon="37.85274"><ele>165.0</ele><time>2026-06-24T05:12:41Z</time><extensions><gpxtpx:TrackPointExtension><gpxtpx:hr>162</gpxtpx:hr></gpxtpx:TrackPointExtension></extensions></trkpt><trkpt lat="56.024427" lon="37.852727"><ele>165.2</ele><time>2026-06-24T05:12:42Z</time><extensions><gpxtpx:TrackPointExtension><gpxtpx:hr>161</gpxtpx:hr></gpxtpx:TrackPointExtension></extensions></trkpt><trkpt lat="56.024462" lon="37.852707"><ele>165.2</ele><time>2026-06-24T05:12:43Z</time><extensions><gpxtpx:TrackPointExtension><gpxtpx:hr>161</gpxtpx:hr></gpxtpx:TrackPointExtension></extensions></trkpt><trkpt lat="56.024492" lon="37.85268"><ele>165.0</ele><time>2026-06-24T05:12:44Z</time><extensions><gpxtpx:TrackPointExtension><gpxtpx:hr>161</gpxtpx:hr></gpxtpx:TrackPointExtension></extensions></trkpt><trkpt lat="56.02452" lon="37.852642"><ele>165.0</ele><time>2026-06-24T05:12:45Z</time><extensions><gpxtpx:TrackPointExtension><gpxtpx:hr>161</gpxtpx:hr></gpxtpx:TrackPointExtension></extensions></trkpt><trkpt lat="56.02454" lon="37.852595"><ele>165.0</ele><time>2026-06-24T05:12:46Z</time><extensions><gpxtpx:TrackPointExtension><gpxtpx:hr>162</gpxtpx:hr></gpxtpx:TrackPointExtension></extensions></trkpt><trkpt lat="56.024552" lon="37.852537"><ele>165.0</ele><time>2026-06-24T05:12:47Z</time><extensions><gpxtpx:TrackPointExtension><gpxtpx:hr>163</gpxtpx:hr></gpxtpx:TrackPointExtension></extensions></trkpt><trkpt lat="56.024557" lon="37.852475"><ele>165.0</ele><time>2026-06-24T05:12:48Z</time><extensions><gpxtpx:TrackPointExtension><gpxtpx:hr>161</gpxtpx:hr></gpxtpx:TrackPointExtension></extensions></trkpt><trkpt lat="56.024557" lon="37.852412"><ele>165.0</ele><time>2026-06-24T05:12:49Z</time><extensions><gpxtpx:TrackPointExtension><gpxtpx:hr>163</gpxtpx:hr></gpxtpx:TrackPointExtension></extensions></trkpt><trkpt lat="56.024545" lon="37.852352"><ele>165.0</ele><time>2026-06-24T05:12:50Z</time><extensions><gpxtpx:TrackPointExtension><gpxtpx:hr>163</gpxtpx:hr></gpxtpx:TrackPointExtension></extensions></trkpt><trkpt lat="56.024523" lon="37.852297"><ele>165.0</ele><time>2026-06-24T05:12:51Z</time><extensions><gpxtpx:TrackPointExtension><gpxtpx:hr>163</gpxtpx:hr></gpxtpx:TrackPointExtension></extensions></trkpt><trkpt lat="56.0245" lon="37.852252"><ele>165.0</ele><time>2026-06-24T05:12:52Z</time><extensions><gpxtpx:TrackPointExtension><gpxtpx:hr>164</gpxtpx:hr></gpxtpx:TrackPointExtension></extensions></trkpt><trkpt lat="56.024472" lon="37.852217"><ele>165.0</ele><time>2026-06-24T05:12:53Z</time><extensions><gpxtpx:TrackPointExtension><gpxtpx:hr>165</gpxtpx:hr></gpxtpx:TrackPointExtension></extensions></trkpt><trkpt lat="56.024442" lon="37.852195"><ele>165.0</ele><time>2026-06-24T05:12:54Z</time><extensions><gpxtpx:TrackPointExtension><gpxtpx:hr>164</gpxtpx:hr></gpxtpx:TrackPointExtension></extensions></trkpt><trkpt lat="56.024407" lon="37.852182"><ele>165.0</ele><time>2026-06-24T05:12:55Z</time><extensions><gpxtpx:TrackPointExtension><gpxtpx:hr>163</gpxtpx:hr></gpxtpx:TrackPointExtension></extensions></trkpt><trkpt lat="56.024375" lon="37.85217"><ele>165.0</ele><time>2026-06-24T05:12:56Z</time><extensions><gpxtpx:TrackPointExtension><gpxtpx:hr>163</gpxtpx:hr></gpxtpx:TrackPointExtension></extensions></trkpt><trkpt lat="56.02434" lon="37.85217"><ele>165.0</ele><time>2026-06-24T05:12:57Z</time><extensions><gpxtpx:TrackPointExtension><gpxtpx:hr>165</gpxtpx:hr></gpxtpx:TrackPointExtension></extensions></trkpt><trkpt lat="56.024307" lon="37.852172"><ele>165.0</ele><time>2026-06-24T05:12:58Z</time><extensions><gpxtpx:TrackPointExtension><gpxtpx:hr>165</gpxtpx:hr></gpxtpx:TrackPointExtension></extensions></trkpt><trkpt lat="56.024272" lon="37.852172"><ele>165.0</ele><time>2026-06-24T05:12:59Z</time><extensions><gpxtpx:TrackPointExtension><gpxtpx:hr>165</gpxtpx:hr></gpxtpx:TrackPointExtension></extensions></trkpt><trkpt lat="56.024235" lon="37.85218"><ele>165.0</ele><time>2026-06-24T05:13:00Z</time><extensions><gpxtpx:TrackPointExtension><gpxtpx:hr>166</gpxtpx:hr></gpxtpx:TrackPointExtension></extensions></trkpt><trkpt lat="56.024197" lon="37.852187"><ele>165.0</ele><time>2026-06-24T05:13:01Z</time><extensions><gpxtpx:TrackPointExtension><gpxtpx:hr>167</gpxtpx:hr></gpxtpx:TrackPointExtension></extensions></trkpt><trkpt lat="56.024162" lon="37.852187"><ele>165.0</ele><time>2026-06-24T05:13:02Z</time><extensions><gpxtpx:TrackPointExtension><gpxtpx:hr>165</gpxtpx:hr></gpxtpx:TrackPointExtension></extensions></trkpt><trkpt lat="56.024125" lon="37.852185"><ele>165.0</ele><time>2026-06-24T05:13:03Z</time><extensions><gpxtpx:TrackPointExtension><gpxtpx:hr>165</gpxtpx:hr></gpxtpx:TrackPointExtension></extensions></trkpt><trkpt lat="56.02409" lon="37.85218"><ele>165.2</ele><time>2026-06-24T05:13:04Z</time><extensions><gpxtpx:TrackPointExtension><gpxtpx:hr>164</gpxtpx:hr></gpxtpx:TrackPointExtension></extensions></trkpt><trkpt lat="56.024052" lon="37.852177"><ele>165.0</ele><time>2026-06-24T05:13:05Z</time><extensions><gpxtpx:TrackPointExtension><gpxtpx:hr>165</gpxtpx:hr></gpxtpx:TrackPointExtension></extensions></trkpt><trkpt lat="56.024017" lon="37.85218"><ele>165.0</ele><time>2026-06-24T05:13:06Z</time><extensions><gpxtpx:TrackPointExtension><gpxtpx:hr>165</gpxtpx:hr></gpxtpx:TrackPointExtension></extensions></trkpt><trkpt lat="56.02398" lon="37.85218"><ele>165.0</ele><time>2026-06-24T05:13:07Z</time><extensions><gpxtpx:TrackPointExtension><gpxtpx:hr>167</gpxtpx:hr></gpxtpx:TrackPointExtension></extensions></trkpt><trkpt lat="56.023945" lon="37.852192"><ele>165.0</ele><time>2026-06-24T05:13:08Z</time><extensions><gpxtpx:TrackPointExtension><gpxtpx:hr>167</gpxtpx:hr></gpxtpx:TrackPointExtension></extensions></trkpt><trkpt lat="56.02391" lon="37.852207"><ele>165.0</ele><time>2026-06-24T05:13:09Z</time><extensions><gpxtpx:TrackPointExtension><gpxtpx:hr>167</gpxtpx:hr></gpxtpx:TrackPointExtension></extensions></trkpt><trkpt lat="56.023875" lon="37.852237"><ele>165.2</ele><time>2026-06-24T05:13:10Z</time><extensions><gpxtpx:TrackPointExtension><gpxtpx:hr>168</gpxtpx:hr></gpxtpx:TrackPointExtension></extensions></trkpt><trkpt lat="56.023847" lon="37.85228"><ele>165.2</ele><time>2026-06-24T05:13:11Z</time><extensions><gpxtpx:TrackPointExtension><gpxtpx:hr>167</gpxtpx:hr></gpxtpx:TrackPointExtension></extensions></trkpt><trkpt lat="56.023825" lon="37.852332"><ele>165.2</ele><time>2026-06-24T05:13:12Z</time><extensions><gpxtpx:TrackPointExtension><gpxtpx:hr>167</gpxtpx:hr></gpxtpx:TrackPointExtension></extensions></trkpt><trkpt lat="56.023812" lon="37.852392"><ele>165.2</ele><time>2026-06-24T05:13:13Z</time><extensions><gpxtpx:TrackPointExtension><gpxtpx:hr>168</gpxtpx:hr></gpxtpx:TrackPointExtension></extensions></trkpt><trkpt lat="56.023807" lon="37.852457"><ele>165.2</ele><time>2026-06-24T05:13:14Z</time><extensions><gpxtpx:TrackPointExtension><gpxtpx:hr>167</gpxtpx:hr></gpxtpx:TrackPointExtension></extensions></trkpt><trkpt lat="56.023812" lon="37.852527"><ele>165.2</ele><time>2026-06-24T05:13:15Z</time><extensions><gpxtpx:TrackPointExtension><gpxtpx:hr>166</gpxtpx:hr></gpxtpx:TrackPointExtension></extensions></trkpt><trkpt lat="56.023822" lon="37.85259"><ele>165.2</ele><time>2026-06-24T05:13:16Z</time><extensions><gpxtpx:TrackPointExtension><gpxtpx:hr>166</gpxtpx:hr></gpxtpx:TrackPointExtension></extensions></trkpt><trkpt lat="56.023842" lon="37.852647"><ele>165.2</ele><time>2026-06-24T05:13:17Z</time><extensions><gpxtpx:TrackPointExtension><gpxtpx:hr>167</gpxtpx:hr></gpxtpx:TrackPointExtension></extensions></trkpt><trkpt lat="56.023867" lon="37.852687"><ele>165.2</ele><time>2026-06-24T05:13:18Z</time><extensions><gpxtpx:TrackPointExtension><gpxtpx:hr>168</gpxtpx:hr></gpxtpx:TrackPointExtension></extensions></trkpt><trkpt lat="56.023897" lon="37.852722"><ele>165.2</ele><time>2026-06-24T05:13:19Z</time><extensions><gpxtpx:TrackPointExtension><gpxtpx:hr>168</gpxtpx:hr></gpxtpx:TrackPointExtension></extensions></trkpt><trkpt lat="56.023932" lon="37.852742"><ele>165.2</ele><time>2026-06-24T05:13:20Z</time><extensions><gpxtpx:TrackPointExtension><gpxtpx:hr>168</gpxtpx:hr></gpxtpx:TrackPointExtension></extensions></trkpt><trkpt lat="56.023967" lon="37.852752"><ele>165.2</ele><time>2026-06-24T05:13:21Z</time><extensions><gpxtpx:TrackPointExtension><gpxtpx:hr>168</gpxtpx:hr></gpxtpx:TrackPointExtension></extensions></trkpt><trkpt lat="56.024005" lon="37.852757"><ele>165.2</ele><time>2026-06-24T05:13:22Z</time><extensions><gpxtpx:TrackPointExtension><gpxtpx:hr>168</gpxtpx:hr></gpxtpx:TrackPointExtension></extensions></trkpt><trkpt lat="56.024042" lon="37.852757"><ele>165.2</ele><time>2026-06-24T05:13:23Z</time><extensions><gpxtpx:TrackPointExtension><gpxtpx:hr>168</gpxtpx:hr></gpxtpx:TrackPointExtension></extensions></trkpt><trkpt lat="56.024077" lon="37.85276"><ele>165.4</ele><time>2026-06-24T05:13:24Z</time><extensions><gpxtpx:TrackPointExtension><gpxtpx:hr>170</gpxtpx:hr></gpxtpx:TrackPointExtension></extensions></trkpt><trkpt lat="56.024112" lon="37.85276"><ele>165.4</ele><time>2026-06-24T05:13:25Z</time><extensions><gpxtpx:TrackPointExtension><gpxtpx:hr>168</gpxtpx:hr></gpxtpx:TrackPointExtension></extensions></trkpt><trkpt lat="56.024147" lon="37.852762"><ele>165.4</ele><time>2026-06-24T05:13:26Z</time><extensions><gpxtpx:TrackPointExtension><gpxtpx:hr>167</gpxtpx:hr></gpxtpx:TrackPointExtension></extensions></trkpt><trkpt lat="56.02418" lon="37.852765"><ele>165.2</ele><time>2026-06-24T05:13:27Z</time><extensions><gpxtpx:TrackPointExtension><gpxtpx:hr>167</gpxtpx:hr></gpxtpx:TrackPointExtension></extensions></trkpt><trkpt lat="56.024217" lon="37.852765"><ele>165.4</ele><time>2026-06-24T05:13:28Z</time><extensions><gpxtpx:TrackPointExtension><gpxtpx:hr>168</gpxtpx:hr></gpxtpx:TrackPointExtension></extensions></trkpt><trkpt lat="56.024247" lon="37.852767"><ele>165.4</ele><time>2026-06-24T05:13:29Z</time><extensions><gpxtpx:TrackPointExtension><gpxtpx:hr>168</gpxtpx:hr></gpxtpx:TrackPointExtension></extensions></trkpt><trkpt lat="56.024282" lon="37.852765"><ele>165.2</ele><time>2026-06-24T05:13:30Z</time><extensions><gpxtpx:TrackPointExtension><gpxtpx:hr>169</gpxtpx:hr></gpxtpx:TrackPointExtension></extensions></trkpt><trkpt lat="56.024315" lon="37.852765"><ele>165.2</ele><time>2026-06-24T05:13:31Z</time><extensions><gpxtpx:TrackPointExtension><gpxtpx:hr>169</gpxtpx:hr></gpxtpx:TrackPointExtension></extensions></trkpt><trkpt lat="56.024347" lon="37.852765"><ele>165.4</ele><time>2026-06-24T05:13:32Z</time><extensions><gpxtpx:TrackPointExtension><gpxtpx:hr>170</gpxtpx:hr></gpxtpx:TrackPointExtension></extensions></trkpt><trkpt lat="56.024385" lon="37.852762"><ele>165.2</ele><time>2026-06-24T05:13:33Z</time><extensions><gpxtpx:TrackPointExtension><gpxtpx:hr>170</gpxtpx:hr></gpxtpx:TrackPointExtension></extensions></trkpt><trkpt lat="56.024417" lon="37.852755"><ele>165.2</ele><time>2026-06-24T05:13:34Z</time><extensions><gpxtpx:TrackPointExtension><gpxtpx:hr>170</gpxtpx:hr></gpxtpx:TrackPointExtension></extensions></trkpt><trkpt lat="56.024452" lon="37.852737"><ele>165.2</ele><time>2026-06-24T05:13:35Z</time><extensions><gpxtpx:TrackPointExtension><gpxtpx:hr>168</gpxtpx:hr></gpxtpx:TrackPointExtension></extensions></trkpt><trkpt lat="56.024477" lon="37.852707"><ele>165.4</ele><time>2026-06-24T05:13:36Z</time><extensions><gpxtpx:TrackPointExtension><gpxtpx:hr>167</gpxtpx:hr></gpxtpx:TrackPointExtension></extensions></trkpt><trkpt lat="56.024502" lon="37.852667"><ele>165.4</ele><time>2026-06-24T05:13:37Z</time><extensions><gpxtpx:TrackPointExtension><gpxtpx:hr>166</gpxtpx:hr></gpxtpx:TrackPointExtension></extensions></trkpt><trkpt lat="56.024522" lon="37.852617"><ele>165.4</ele><time>2026-06-24T05:13:38Z</time><extensions><gpxtpx:TrackPointExtension><gpxtpx:hr>166</gpxtpx:hr></gpxtpx:TrackPointExtension></extensions></trkpt><trkpt lat="56.024537" lon="37.85256"><ele>165.2</ele><time>2026-06-24T05:13:39Z</time><extensions><gpxtpx:TrackPointExtension><gpxtpx:hr>167</gpxtpx:hr></gpxtpx:TrackPointExtension></extensions></trkpt><trkpt lat="56.024547" lon="37.852497"><ele>165.4</ele><time>2026-06-24T05:13:40Z</time><extensions><gpxtpx:TrackPointExtension><gpxtpx:hr>168</gpxtpx:hr></gpxtpx:TrackPointExtension></extensions></trkpt><trkpt lat="56.024545" lon="37.852435"><ele>165.2</ele><time>2026-06-24T05:13:41Z</time><extensions><gpxtpx:TrackPointExtension><gpxtpx:hr>168</gpxtpx:hr></gpxtpx:TrackPointExtension></extensions></trkpt><trkpt lat="56.024537" lon="37.852375"><ele>165.2</ele><time>2026-06-24T05:13:42Z</time><extensions><gpxtpx:TrackPointExtension><gpxtpx:hr>168</gpxtpx:hr></gpxtpx:TrackPointExtension></extensions></trkpt><trkpt lat="56.024523" lon="37.85232"><ele>165.2</ele><time>2026-06-24T05:13:43Z</time><extensions><gpxtpx:TrackPointExtension><gpxtpx:hr>169</gpxtpx:hr></gpxtpx:TrackPointExtension></extensions></trkpt><trkpt lat="56.024507" lon="37.852267"><ele>165.2</ele><time>2026-06-24T05:13:44Z</time><extensions><gpxtpx:TrackPointExtension><gpxtpx:hr>169</gpxtpx:hr></gpxtpx:TrackPointExtension></extensions></trkpt><trkpt lat="56.024482" lon="37.85223"><ele>165.2</ele><time>2026-06-24T05:13:45Z</time><extensions><gpxtpx:TrackPointExtension><gpxtpx:hr>170</gpxtpx:hr></gpxtpx:TrackPointExtension></extensions></trkpt><trkpt lat="56.024452" lon="37.852202"><ele>165.2</ele><time>2026-06-24T05:13:46Z</time><extensions><gpxtpx:TrackPointExtension><gpxtpx:hr>169</gpxtpx:hr></gpxtpx:TrackPointExtension></extensions></trkpt><trkpt lat="56.024417" lon="37.852187"><ele>165.2</ele><time>2026-06-24T05:13:47Z</time><extensions><gpxtpx:TrackPointExtension><gpxtpx:hr>170</gpxtpx:hr></gpxtpx:TrackPointExtension></extensions></trkpt><trkpt lat="56.024382" lon="37.852177"><ele>165.2</ele><time>2026-06-24T05:13:48Z</time><extensions><gpxtpx:TrackPointExtension><gpxtpx:hr>171</gpxtpx:hr></gpxtpx:TrackPointExtension></extensions></trkpt><trkpt lat="56.024342" lon="37.852177"><ele>165.2</ele><time>2026-06-24T05:13:49Z</time><extensions><gpxtpx:TrackPointExtension><gpxtpx:hr>171</gpxtpx:hr></gpxtpx:TrackPointExtension></extensions></trkpt><trkpt lat="56.024307" lon="37.852177"><ele>165.2</ele><time>2026-06-24T05:13:50Z</time><extensions><gpxtpx:TrackPointExtension><gpxtpx:hr>171</gpxtpx:hr></gpxtpx:TrackPointExtension></extensions></trkpt><trkpt lat="56.024267" lon="37.852175"><ele>165.2</ele><time>2026-06-24T05:13:51Z</time><extensions><gpxtpx:TrackPointExtension><gpxtpx:hr>171</gpxtpx:hr></gpxtpx:TrackPointExtension></extensions></trkpt><trkpt lat="56.02423" lon="37.852172"><ele>165.0</ele><time>2026-06-24T05:13:52Z</time><extensions><gpxtpx:TrackPointExtension><gpxtpx:hr>170</gpxtpx:hr></gpxtpx:TrackPointExtension></extensions></trkpt><trkpt lat="56.024192" lon="37.852172"><ele>165.0</ele><time>2026-06-24T05:13:53Z</time><extensions><gpxtpx:TrackPointExtension><gpxtpx:hr>169</gpxtpx:hr></gpxtpx:TrackPointExtension></extensions></trkpt><trkpt lat="56.024155" lon="37.852175"><ele>165.0</ele><time>2026-06-24T05:13:54Z</time><extensions><gpxtpx:TrackPointExtension><gpxtpx:hr>170</gpxtpx:hr></gpxtpx:TrackPointExtension></extensions></trkpt><trkpt lat="56.024117" lon="37.852172"><ele>165.0</ele><time>2026-06-24T05:13:55Z</time><extensions><gpxtpx:TrackPointExtension><gpxtpx:hr>171</gpxtpx:hr></gpxtpx:TrackPointExtension></extensions></trkpt><trkpt lat="56.02408" lon="37.852172"><ele>165.0</ele><time>2026-06-24T05:13:56Z</time><extensions><gpxtpx:TrackPointExtension><gpxtpx:hr>172</gpxtpx:hr></gpxtpx:TrackPointExtension></extensions></trkpt><trkpt lat="56.024042" lon="37.852172"><ele>165.0</ele><time>2026-06-24T05:13:57Z</time><extensions><gpxtpx:TrackPointExtension><gpxtpx:hr>171</gpxtpx:hr></gpxtpx:TrackPointExtension></extensions></trkpt><trkpt lat="56.024005" lon="37.852172"><ele>165.0</ele><time>2026-06-24T05:13:58Z</time><extensions><gpxtpx:TrackPointExtension><gpxtpx:hr>172</gpxtpx:hr></gpxtpx:TrackPointExtension></extensions></trkpt><trkpt lat="56.023965" lon="37.852182"><ele>165.2</ele><time>2026-06-24T05:13:59Z</time><extensions><gpxtpx:TrackPointExtension><gpxtpx:hr>172</gpxtpx:hr></gpxtpx:TrackPointExtension></extensions></trkpt><trkpt lat="56.023927" lon="37.852195"><ele>165.2</ele><time>2026-06-24T05:14:00Z</time><extensions><gpxtpx:TrackPointExtension><gpxtpx:hr>172</gpxtpx:hr></gpxtpx:TrackPointExtension></extensions></trkpt><trkpt lat="56.023892" lon="37.852215"><ele>165.2</ele><time>2026-06-24T05:14:01Z</time><extensions><gpxtpx:TrackPointExtension><gpxtpx:hr>172</gpxtpx:hr></gpxtpx:TrackPointExtension></extensions></trkpt><trkpt lat="56.023862" lon="37.85225"><ele>165.2</ele><time>2026-06-24T05:14:02Z</time><extensions><gpxtpx:TrackPointExtension><gpxtpx:hr>172</gpxtpx:hr></gpxtpx:TrackPointExtension></extensions></trkpt><trkpt lat="56.02384" lon="37.852297"><ele>165.2</ele><time>2026-06-24T05:14:03Z</time><extensions><gpxtpx:TrackPointExtension><gpxtpx:hr>172</gpxtpx:hr></gpxtpx:TrackPointExtension></extensions></trkpt><trkpt lat="56.023825" lon="37.852355"><ele>165.2</ele><time>2026-06-24T05:14:04Z</time><extensions><gpxtpx:TrackPointExtension><gpxtpx:hr>172</gpxtpx:hr></gpxtpx:TrackPointExtension></extensions></trkpt><trkpt lat="56.023815" lon="37.852417"><ele>165.2</ele><time>2026-06-24T05:14:05Z</time><extensions><gpxtpx:TrackPointExtension><gpxtpx:hr>171</gpxtpx:hr></gpxtpx:TrackPointExtension></extensions></trkpt><trkpt lat="56.023817" lon="37.852485"><ele>165.2</ele><time>2026-06-24T05:14:06Z</time><extensions><gpxtpx:TrackPointExtension><gpxtpx:hr>172</gpxtpx:hr></gpxtpx:TrackPointExtension></extensions></trkpt><trkpt lat="56.023822" lon="37.852547"><ele>165.4</ele><time>2026-06-24T05:14:07Z</time><extensions><gpxtpx:TrackPointExtension><gpxtpx:hr>172</gpxtpx:hr></gpxtpx:TrackPointExtension></extensions></trkpt><trkpt lat="56.023837" lon="37.852607"><ele>165.4</ele><time>2026-06-24T05:14:08Z</time><extensions><gpxtpx:TrackPointExtension><gpxtpx:hr>173</gpxtpx:hr></gpxtpx:TrackPointExtension></extensions></trkpt><trkpt lat="56.023857" lon="37.852657"><ele>165.6</ele><time>2026-06-24T05:14:09Z</time><extensions><gpxtpx:TrackPointExtension><gpxtpx:hr>171</gpxtpx:hr></gpxtpx:TrackPointExtension></extensions></trkpt><trkpt lat="56.023885" lon="37.852702"><ele>165.6</ele><time>2026-06-24T05:14:10Z</time><extensions><gpxtpx:TrackPointExtension><gpxtpx:hr>171</gpxtpx:hr></gpxtpx:TrackPointExtension></extensions></trkpt><trkpt lat="56.023917" lon="37.852732"><ele>165.6</ele><time>2026-06-24T05:14:11Z</time><extensions><gpxtpx:TrackPointExtension><gpxtpx:hr>170</gpxtpx:hr></gpxtpx:TrackPointExtension></extensions></trkpt><trkpt lat="56.023952" lon="37.85275"><ele>165.6</ele><time>2026-06-24T05:14:12Z</time><extensions><gpxtpx:TrackPointExtension><gpxtpx:hr>170</gpxtpx:hr></gpxtpx:TrackPointExtension></extensions></trkpt><trkpt lat="56.023988" lon="37.85276"><ele>165.6</ele><time>2026-06-24T05:14:13Z</time><extensions><gpxtpx:TrackPointExtension><gpxtpx:hr>169</gpxtpx:hr></gpxtpx:TrackPointExtension></extensions></trkpt><trkpt lat="56.024027" lon="37.852762"><ele>165.6</ele><time>2026-06-24T05:14:14Z</time><extensions><gpxtpx:TrackPointExtension><gpxtpx:hr>169</gpxtpx:hr></gpxtpx:TrackPointExtension></extensions></trkpt><trkpt lat="56.024062" lon="37.852762"><ele>165.6</ele><time>2026-06-24T05:14:15Z</time><extensions><gpxtpx:TrackPointExtension><gpxtpx:hr>169</gpxtpx:hr></gpxtpx:TrackPointExtension></extensions></trkpt><trkpt lat="56.024097" lon="37.852762"><ele>165.4</ele><time>2026-06-24T05:14:16Z</time><extensions><gpxtpx:TrackPointExtension><gpxtpx:hr>169</gpxtpx:hr></gpxtpx:TrackPointExtension></extensions></trkpt><trkpt lat="56.024135" lon="37.852762"><ele>165.4</ele><time>2026-06-24T05:14:17Z</time><extensions><gpxtpx:TrackPointExtension><gpxtpx:hr>170</gpxtpx:hr></gpxtpx:TrackPointExtension></extensions></trkpt><trkpt lat="56.024167" lon="37.85276"><ele>165.4</ele><time>2026-06-24T05:14:18Z</time><extensions><gpxtpx:TrackPointExtension><gpxtpx:hr>170</gpxtpx:hr></gpxtpx:TrackPointExtension></extensions></trkpt><trkpt lat="56.024202" lon="37.852755"><ele>165.4</ele><time>2026-06-24T05:14:19Z</time><extensions><gpxtpx:TrackPointExtension><gpxtpx:hr>171</gpxtpx:hr></gpxtpx:TrackPointExtension></extensions></trkpt><trkpt lat="56.024237" lon="37.852757"><ele>165.4</ele><time>2026-06-24T05:14:20Z</time><extensions><gpxtpx:TrackPointExtension><gpxtpx:hr>172</gpxtpx:hr></gpxtpx:TrackPointExtension></extensions></trkpt><trkpt lat="56.024272" lon="37.852757"><ele>165.6</ele><time>2026-06-24T05:14:21Z</time><extensions><gpxtpx:TrackPointExtension><gpxtpx:hr>172</gpxtpx:hr></gpxtpx:TrackPointExtension></extensions></trkpt><trkpt lat="56.024307" lon="37.852757"><ele>165.6</ele><time>2026-06-24T05:14:22Z</time><extensions><gpxtpx:TrackPointExtension><gpxtpx:hr>172</gpxtpx:hr></gpxtpx:TrackPointExtension></extensions></trkpt><trkpt lat="56.024342" lon="37.852755"><ele>165.4</ele><time>2026-06-24T05:14:23Z</time><extensions><gpxtpx:TrackPointExtension><gpxtpx:hr>172</gpxtpx:hr></gpxtpx:TrackPointExtension></extensions></trkpt><trkpt lat="56.024377" lon="37.852752"><ele>165.4</ele><time>2026-06-24T05:14:24Z</time><extensions><gpxtpx:TrackPointExtension><gpxtpx:hr>171</gpxtpx:hr></gpxtpx:TrackPointExtension></extensions></trkpt><trkpt lat="56.024412" lon="37.852742"><ele>165.4</ele><time>2026-06-24T05:14:25Z</time><extensions><gpxtpx:TrackPointExtension><gpxtpx:hr>170</gpxtpx:hr></gpxtpx:TrackPointExtension></extensions></trkpt><trkpt lat="56.024452" lon="37.852727"><ele>165.4</ele><time>2026-06-24T05:14:26Z</time><extensions><gpxtpx:TrackPointExtension><gpxtpx:hr>170</gpxtpx:hr></gpxtpx:TrackPointExtension></extensions></trkpt><trkpt lat="56.024485" lon="37.852702"><ele>165.4</ele><time>2026-06-24T05:14:27Z</time><extensions><gpxtpx:TrackPointExtension><gpxtpx:hr>170</gpxtpx:hr></gpxtpx:TrackPointExtension></extensions></trkpt><trkpt lat="56.024512" lon="37.85266"><ele>165.4</ele><time>2026-06-24T05:14:28Z</time><extensions><gpxtpx:TrackPointExtension><gpxtpx:hr>169</gpxtpx:hr></gpxtpx:TrackPointExtension></extensions></trkpt><trkpt lat="56.024537" lon="37.852607"><ele>165.2</ele><time>2026-06-24T05:14:29Z</time><extensions><gpxtpx:TrackPointExtension><gpxtpx:hr>170</gpxtpx:hr></gpxtpx:TrackPointExtension></extensions></trkpt><trkpt lat="56.024555" lon="37.85255"><ele>165.2</ele><time>2026-06-24T05:14:30Z</time><extensions><gpxtpx:TrackPointExtension><gpxtpx:hr>169</gpxtpx:hr></gpxtpx:TrackPointExtension></extensions></trkpt><trkpt lat="56.024562" lon="37.852487"><ele>165.2</ele><time>2026-06-24T05:14:31Z</time><extensions><gpxtpx:TrackPointExtension><gpxtpx:hr>169</gpxtpx:hr></gpxtpx:TrackPointExtension></extensions></trkpt><trkpt lat="56.024562" lon="37.852417"><ele>165.2</ele><time>2026-06-24T05:14:32Z</time><extensions><gpxtpx:TrackPointExtension><gpxtpx:hr>168</gpxtpx:hr></gpxtpx:TrackPointExtension></extensions></trkpt><trkpt lat="56.024552" lon="37.852352"><ele>165.0</ele><time>2026-06-24T05:14:33Z</time><extensions><gpxtpx:TrackPointExtension><gpxtpx:hr>170</gpxtpx:hr></gpxtpx:TrackPointExtension></extensions></trkpt><trkpt lat="56.024535" lon="37.8523"><ele>165.0</ele><time>2026-06-24T05:14:34Z</time><extensions><gpxtpx:TrackPointExtension><gpxtpx:hr>172</gpxtpx:hr></gpxtpx:TrackPointExtension></extensions></trkpt><trkpt lat="56.024512" lon="37.852252"><ele>165.0</ele><time>2026-06-24T05:14:35Z</time><extensions><gpxtpx:TrackPointExtension><gpxtpx:hr>171</gpxtpx:hr></gpxtpx:TrackPointExtension></extensions></trkpt><trkpt lat="56.024482" lon="37.852212"><ele>165.2</ele><time>2026-06-24T05:14:36Z</time><extensions><gpxtpx:TrackPointExtension><gpxtpx:hr>171</gpxtpx:hr></gpxtpx:TrackPointExtension></extensions></trkpt><trkpt lat="56.024447" lon="37.85219"><ele>165.2</ele><time>2026-06-24T05:14:37Z</time><extensions><gpxtpx:TrackPointExtension><gpxtpx:hr>172</gpxtpx:hr></gpxtpx:TrackPointExtension></extensions></trkpt><trkpt lat="56.024412" lon="37.852175"><ele>165.0</ele><time>2026-06-24T05:14:38Z</time><extensions><gpxtpx:TrackPointExtension><gpxtpx:hr>170</gpxtpx:hr></gpxtpx:TrackPointExtension></extensions></trkpt><trkpt lat="56.024377" lon="37.852172"><ele>165.0</ele><time>2026-06-24T05:14:39Z</time><extensions><gpxtpx:TrackPointExtension><gpxtpx:hr>170</gpxtpx:hr></gpxtpx:TrackPointExtension></extensions></trkpt><trkpt lat="56.024342" lon="37.852172"><ele>165.0</ele><time>2026-06-24T05:14:40Z</time><extensions><gpxtpx:TrackPointExtension><gpxtpx:hr>170</gpxtpx:hr></gpxtpx:TrackPointExtension></extensions></trkpt><trkpt lat="56.024305" lon="37.852172"><ele>165.0</ele><time>2026-06-24T05:14:41Z</time><extensions><gpxtpx:TrackPointExtension><gpxtpx:hr>171</gpxtpx:hr></gpxtpx:TrackPointExtension></extensions></trkpt><trkpt lat="56.024272" lon="37.852172"><ele>165.0</ele><time>2026-06-24T05:14:42Z</time><extensions><gpxtpx:TrackPointExtension><gpxtpx:hr>171</gpxtpx:hr></gpxtpx:TrackPointExtension></extensions></trkpt><trkpt lat="56.024237" lon="37.85217"><ele>164.8</ele><time>2026-06-24T05:14:43Z</time><extensions><gpxtpx:TrackPointExtension><gpxtpx:hr>171</gpxtpx:hr></gpxtpx:TrackPointExtension></extensions></trkpt><trkpt lat="56.024202" lon="37.852172"><ele>164.8</ele><time>2026-06-24T05:14:44Z</time><extensions><gpxtpx:TrackPointExtension><gpxtpx:hr>170</gpxtpx:hr></gpxtpx:TrackPointExtension></extensions></trkpt><trkpt lat="56.02417" lon="37.852177"><ele>164.8</ele><time>2026-06-24T05:14:45Z</time><extensions><gpxtpx:TrackPointExtension><gpxtpx:hr>169</gpxtpx:hr></gpxtpx:TrackPointExtension></extensions></trkpt><trkpt lat="56.024137" lon="37.85218"><ele>165.0</ele><time>2026-06-24T05:14:46Z</time><extensions><gpxtpx:TrackPointExtension><gpxtpx:hr>169</gpxtpx:hr></gpxtpx:TrackPointExtension></extensions></trkpt><trkpt lat="56.024105" lon="37.852182"><ele>165.0</ele><time>2026-06-24T05:14:47Z</time><extensions><gpxtpx:TrackPointExtension><gpxtpx:hr>169</gpxtpx:hr></gpxtpx:TrackPointExtension></extensions></trkpt><trkpt lat="56.02407" lon="37.852185"><ele>165.0</ele><time>2026-06-24T05:14:48Z</time><extensions><gpxtpx:TrackPointExtension><gpxtpx:hr>170</gpxtpx:hr></gpxtpx:TrackPointExtension></extensions></trkpt><trkpt lat="56.024037" lon="37.852182"><ele>165.0</ele><time>2026-06-24T05:14:49Z</time><extensions><gpxtpx:TrackPointExtension><gpxtpx:hr>170</gpxtpx:hr></gpxtpx:TrackPointExtension></extensions></trkpt><trkpt lat="56.024002" lon="37.852177"><ele>165.2</ele><time>2026-06-24T05:14:50Z</time><extensions><gpxtpx:TrackPointExtension><gpxtpx:hr>170</gpxtpx:hr></gpxtpx:TrackPointExtension></extensions></trkpt><trkpt lat="56.02397" lon="37.852177"><ele>165.2</ele><time>2026-06-24T05:14:51Z</time><extensions><gpxtpx:TrackPointExtension><gpxtpx:hr>172</gpxtpx:hr></gpxtpx:TrackPointExtension></extensions></trkpt><trkpt lat="56.023937" lon="37.852177"><ele>165.4</ele><time>2026-06-24T05:14:52Z</time><extensions><gpxtpx:TrackPointExtension><gpxtpx:hr>172</gpxtpx:hr></gpxtpx:TrackPointExtension></extensions></trkpt><trkpt lat="56.023912" lon="37.852182"><ele>165.4</ele><time>2026-06-24T05:14:53Z</time><extensions><gpxtpx:TrackPointExtension><gpxtpx:hr>171</gpxtpx:hr></gpxtpx:TrackPointExtension></extensions></trkpt><trkpt lat="56.023892" lon="37.852197"><ele>165.4</ele><time>2026-06-24T05:14:54Z</time><extensions><gpxtpx:TrackPointExtension><gpxtpx:hr>169</gpxtpx:hr></gpxtpx:TrackPointExtension></extensions></trkpt><trkpt lat="56.023875" lon="37.852222"><ele>165.4</ele><time>2026-06-24T05:14:55Z</time><extensions><gpxtpx:TrackPointExtension><gpxtpx:hr>169</gpxtpx:hr></gpxtpx:TrackPointExtension></extensions></trkpt><trkpt lat="56.02386" lon="37.852247"><ele>165.4</ele><time>2026-06-24T05:14:56Z</time><extensions><gpxtpx:TrackPointExtension><gpxtpx:hr>170</gpxtpx:hr></gpxtpx:TrackPointExtension></extensions></trkpt><trkpt lat="56.023847" lon="37.852277"><ele>165.4</ele><time>2026-06-24T05:14:57Z</time><extensions><gpxtpx:TrackPointExtension><gpxtpx:hr>169</gpxtpx:hr></gpxtpx:TrackPointExtension></extensions></trkpt><trkpt lat="56.023837" lon="37.852307"><ele>165.4</ele><time>2026-06-24T05:14:58Z</time><extensions><gpxtpx:TrackPointExtension><gpxtpx:hr>168</gpxtpx:hr></gpxtpx:TrackPointExtension></extensions></trkpt><trkpt lat="56.02383" lon="37.85234"><ele>165.2</ele><time>2026-06-24T05:14:59Z</time><extensions><gpxtpx:TrackPointExtension><gpxtpx:hr>167</gpxtpx:hr></gpxtpx:TrackPointExtension></extensions></trkpt><trkpt lat="56.023822" lon="37.852377"><ele>165.2</ele><time>2026-06-24T05:15:00Z</time><extensions><gpxtpx:TrackPointExtension><gpxtpx:hr>169</gpxtpx:hr></gpxtpx:TrackPointExtension></extensions></trkpt><trkpt lat="56.023822" lon="37.852412"><ele>165.2</ele><time>2026-06-24T05:15:01Z</time><extensions><gpxtpx:TrackPointExtension><gpxtpx:hr>168</gpxtpx:hr></gpxtpx:TrackPointExtension></extensions></trkpt><trkpt lat="56.023827" lon="37.852477"><ele>165.2</ele><time>2026-06-24T05:15:03Z</time><extensions><gpxtpx:TrackPointExtension><gpxtpx:hr>167</gpxtpx:hr></gpxtpx:TrackPointExtension></extensions></trkpt><trkpt lat="56.023832" lon="37.852512"><ele>165.2</ele><time>2026-06-24T05:15:04Z</time><extensions><gpxtpx:TrackPointExtension><gpxtpx:hr>168</gpxtpx:hr></gpxtpx:TrackPointExtension></extensions></trkpt><trkpt lat="56.02384" lon="37.85255"><ele>165.2</ele><time>2026-06-24T05:15:05Z</time><extensions><gpxtpx:TrackPointExtension><gpxtpx:hr>167</gpxtpx:hr></gpxtpx:TrackPointExtension></extensions></trkpt><trkpt lat="56.02385" lon="37.852587"><ele>165.2</ele><time>2026-06-24T05:15:06Z</time><extensions><gpxtpx:TrackPointExtension><gpxtpx:hr>165</gpxtpx:hr></gpxtpx:TrackPointExtension></extensions></trkpt><trkpt lat="56.023862" lon="37.85262"><ele>165.2</ele><time>2026-06-24T05:15:07Z</time><extensions><gpxtpx:TrackPointExtension><gpxtpx:hr>165</gpxtpx:hr></gpxtpx:TrackPointExtension></extensions></trkpt><trkpt lat="56.023877" lon="37.852652"><ele>165.2</ele><time>2026-06-24T05:15:08Z</time><extensions><gpxtpx:TrackPointExtension><gpxtpx:hr>165</gpxtpx:hr></gpxtpx:TrackPointExtension></extensions></trkpt><trkpt lat="56.023895" lon="37.852677"><ele>165.2</ele><time>2026-06-24T05:15:09Z</time><extensions><gpxtpx:TrackPointExtension><gpxtpx:hr>165</gpxtpx:hr></gpxtpx:TrackPointExtension></extensions></trkpt><trkpt lat="56.023912" lon="37.8527"><ele>165.2</ele><time>2026-06-24T05:15:10Z</time><extensions><gpxtpx:TrackPointExtension><gpxtpx:hr>164</gpxtpx:hr></gpxtpx:TrackPointExtension></extensions></trkpt><trkpt lat="56.023932" lon="37.852715"><ele>165.2</ele><time>2026-06-24T05:15:11Z</time><extensions><gpxtpx:TrackPointExtension><gpxtpx:hr>163</gpxtpx:hr></gpxtpx:TrackPointExtension></extensions></trkpt><trkpt lat="56.02395" lon="37.852722"><ele>165.0</ele><time>2026-06-24T05:15:12Z</time><extensions><gpxtpx:TrackPointExtension><gpxtpx:hr>163</gpxtpx:hr></gpxtpx:TrackPointExtension></extensions></trkpt><trkpt lat="56.023972" lon="37.85273"><ele>165.0</ele><time>2026-06-24T05:15:13Z</time><extensions><gpxtpx:TrackPointExtension><gpxtpx:hr>164</gpxtpx:hr></gpxtpx:TrackPointExtension></extensions></trkpt><trkpt lat="56.023992" lon="37.85273"><ele>165.0</ele><time>2026-06-24T05:15:14Z</time><extensions><gpxtpx:TrackPointExtension><gpxtpx:hr>164</gpxtpx:hr></gpxtpx:TrackPointExtension></extensions></trkpt><trkpt lat="56.024012" lon="37.852732"><ele>165.0</ele><time>2026-06-24T05:15:15Z</time><extensions><gpxtpx:TrackPointExtension><gpxtpx:hr>163</gpxtpx:hr></gpxtpx:TrackPointExtension></extensions></trkpt><trkpt lat="56.024032" lon="37.852732"><ele>165.0</ele><time>2026-06-24T05:15:16Z</time><extensions><gpxtpx:TrackPointExtension><gpxtpx:hr>164</gpxtpx:hr></gpxtpx:TrackPointExtension></extensions></trkpt><trkpt lat="56.024057" lon="37.852732"><ele>165.0</ele><time>2026-06-24T05:15:17Z</time><extensions><gpxtpx:TrackPointExtension><gpxtpx:hr>164</gpxtpx:hr></gpxtpx:TrackPointExtension></extensions></trkpt><trkpt lat="56.024077" lon="37.852737"><ele>165.0</ele><time>2026-06-24T05:15:18Z</time><extensions><gpxtpx:TrackPointExtension><gpxtpx:hr>162</gpxtpx:hr></gpxtpx:TrackPointExtension></extensions></trkpt><trkpt lat="56.024097" lon="37.85274"><ele>165.0</ele><time>2026-06-24T05:15:19Z</time><extensions><gpxtpx:TrackPointExtension><gpxtpx:hr>162</gpxtpx:hr></gpxtpx:TrackPointExtension></extensions></trkpt><trkpt lat="56.024117" lon="37.852745"><ele>165.0</ele><time>2026-06-24T05:15:20Z</time><extensions><gpxtpx:TrackPointExtension><gpxtpx:hr>162</gpxtpx:hr></gpxtpx:TrackPointExtension></extensions></trkpt><trkpt lat="56.02414" lon="37.852747"><ele>165.0</ele><time>2026-06-24T05:15:21Z</time><extensions><gpxtpx:TrackPointExtension><gpxtpx:hr>163</gpxtpx:hr></gpxtpx:TrackPointExtension></extensions></trkpt><trkpt lat="56.024157" lon="37.852745"><ele>165.0</ele><time>2026-06-24T05:15:22Z</time><extensions><gpxtpx:TrackPointExtension><gpxtpx:hr>162</gpxtpx:hr></gpxtpx:TrackPointExtension></extensions></trkpt><trkpt lat="56.024177" lon="37.852745"><ele>165.0</ele><time>2026-06-24T05:15:23Z</time><extensions><gpxtpx:TrackPointExtension><gpxtpx:hr>161</gpxtpx:hr></gpxtpx:TrackPointExtension></extensions></trkpt><trkpt lat="56.0242" lon="37.852745"><ele>165.0</ele><time>2026-06-24T05:15:24Z</time><extensions><gpxtpx:TrackPointExtension><gpxtpx:hr>161</gpxtpx:hr></gpxtpx:TrackPointExtension></extensions></trkpt><trkpt lat="56.024217" lon="37.852747"><ele>165.0</ele><time>2026-06-24T05:15:25Z</time><extensions><gpxtpx:TrackPointExtension><gpxtpx:hr>162</gpxtpx:hr></gpxtpx:TrackPointExtension></extensions></trkpt><trkpt lat="56.024237" lon="37.852747"><ele>165.0</ele><time>2026-06-24T05:15:26Z</time><extensions><gpxtpx:TrackPointExtension><gpxtpx:hr>162</gpxtpx:hr></gpxtpx:TrackPointExtension></extensions></trkpt><trkpt lat="56.024257" lon="37.85275"><ele>165.0</ele><time>2026-06-24T05:15:27Z</time><extensions><gpxtpx:TrackPointExtension><gpxtpx:hr>161</gpxtpx:hr></gpxtpx:TrackPointExtension></extensions></trkpt><trkpt lat="56.024277" lon="37.852752"><ele>165.2</ele><time>2026-06-24T05:15:28Z</time><extensions><gpxtpx:TrackPointExtension><gpxtpx:hr>160</gpxtpx:hr></gpxtpx:TrackPointExtension></extensions></trkpt><trkpt lat="56.024297" lon="37.852752"><ele>165.2</ele><time>2026-06-24T05:15:29Z</time><extensions><gpxtpx:TrackPointExtension><gpxtpx:hr>159</gpxtpx:hr></gpxtpx:TrackPointExtension></extensions></trkpt><trkpt lat="56.024317" lon="37.852755"><ele>165.2</ele><time>2026-06-24T05:15:30Z</time><extensions><gpxtpx:TrackPointExtension><gpxtpx:hr>160</gpxtpx:hr></gpxtpx:TrackPointExtension></extensions></trkpt><trkpt lat="56.024337" lon="37.852755"><ele>165.2</ele><time>2026-06-24T05:15:31Z</time><extensions><gpxtpx:TrackPointExtension><gpxtpx:hr>158</gpxtpx:hr></gpxtpx:TrackPointExtension></extensions></trkpt><trkpt lat="56.024357" lon="37.852757"><ele>165.2</ele><time>2026-06-24T05:15:32Z</time><extensions><gpxtpx:TrackPointExtension><gpxtpx:hr>158</gpxtpx:hr></gpxtpx:TrackPointExtension></extensions></trkpt><trkpt lat="56.024377" lon="37.852757"><ele>165.2</ele><time>2026-06-24T05:15:33Z</time><extensions><gpxtpx:TrackPointExtension><gpxtpx:hr>158</gpxtpx:hr></gpxtpx:TrackPointExtension></extensions></trkpt><trkpt lat="56.0244" lon="37.852757"><ele>165.4</ele><time>2026-06-24T05:15:34Z</time><extensions><gpxtpx:TrackPointExtension><gpxtpx:hr>159</gpxtpx:hr></gpxtpx:TrackPointExtension></extensions></trkpt><trkpt lat="56.024417" lon="37.852752"><ele>165.4</ele><time>2026-06-24T05:15:35Z</time><extensions><gpxtpx:TrackPointExtension><gpxtpx:hr>158</gpxtpx:hr></gpxtpx:TrackPointExtension></extensions></trkpt><trkpt lat="56.024437" lon="37.852742"><ele>165.4</ele><time>2026-06-24T05:15:36Z</time><extensions><gpxtpx:TrackPointExtension><gpxtpx:hr>157</gpxtpx:hr></gpxtpx:TrackPointExtension></extensions></trkpt><trkpt lat="56.024457" lon="37.852732"><ele>165.4</ele><time>2026-06-24T05:15:37Z</time><extensions><gpxtpx:TrackPointExtension><gpxtpx:hr>157</gpxtpx:hr></gpxtpx:TrackPointExtension></extensions></trkpt><trkpt lat="56.024472" lon="37.852712"><ele>165.4</ele><time>2026-06-24T05:15:38Z</time><extensions><gpxtpx:TrackPointExtension><gpxtpx:hr>158</gpxtpx:hr></gpxtpx:TrackPointExtension></extensions></trkpt><trkpt lat="56.024487" lon="37.852692"><ele>165.2</ele><time>2026-06-24T05:15:39Z</time><extensions><gpxtpx:TrackPointExtension><gpxtpx:hr>157</gpxtpx:hr></gpxtpx:TrackPointExtension></extensions></trkpt><trkpt lat="56.024502" lon="37.85267"><ele>165.2</ele><time>2026-06-24T05:15:40Z</time><extensions><gpxtpx:TrackPointExtension><gpxtpx:hr>157</gpxtpx:hr></gpxtpx:TrackPointExtension></extensions></trkpt><trkpt lat="56.024517" lon="37.852642"><ele>165.2</ele><time>2026-06-24T05:15:41Z</time><extensions><gpxtpx:TrackPointExtension><gpxtpx:hr>156</gpxtpx:hr></gpxtpx:TrackPointExtension></extensions></trkpt><trkpt lat="56.024527" lon="37.85261"><ele>165.2</ele><time>2026-06-24T05:15:42Z</time><extensions><gpxtpx:TrackPointExtension><gpxtpx:hr>156</gpxtpx:hr></gpxtpx:TrackPointExtension></extensions></trkpt><trkpt lat="56.024537" lon="37.852582"><ele>165.0</ele><time>2026-06-24T05:15:43Z</time><extensions><gpxtpx:TrackPointExtension><gpxtpx:hr>156</gpxtpx:hr></gpxtpx:TrackPointExtension></extensions></trkpt><trkpt lat="56.024542" lon="37.852547"><ele>165.0</ele><time>2026-06-24T05:15:44Z</time><extensions><gpxtpx:TrackPointExtension><gpxtpx:hr>154</gpxtpx:hr></gpxtpx:TrackPointExtension></extensions></trkpt><trkpt lat="56.024547" lon="37.85251"><ele>165.0</ele><time>2026-06-24T05:15:45Z</time><extensions><gpxtpx:TrackPointExtension><gpxtpx:hr>154</gpxtpx:hr></gpxtpx:TrackPointExtension></extensions></trkpt><trkpt lat="56.024547" lon="37.852477"><ele>165.0</ele><time>2026-06-24T05:15:46Z</time><extensions><gpxtpx:TrackPointExtension><gpxtpx:hr>153</gpxtpx:hr></gpxtpx:TrackPointExtension></extensions></trkpt><trkpt lat="56.024547" lon="37.852437"><ele>165.0</ele><time>2026-06-24T05:15:47Z</time><extensions><gpxtpx:TrackPointExtension><gpxtpx:hr>153</gpxtpx:hr></gpxtpx:TrackPointExtension></extensions></trkpt><trkpt lat="56.024542" lon="37.8524"><ele>165.0</ele><time>2026-06-24T05:15:48Z</time><extensions><gpxtpx:TrackPointExtension><gpxtpx:hr>153</gpxtpx:hr></gpxtpx:TrackPointExtension></extensions></trkpt><trkpt lat="56.024537" lon="37.852365"><ele>165.0</ele><time>2026-06-24T05:15:49Z</time><extensions><gpxtpx:TrackPointExtension><gpxtpx:hr>153</gpxtpx:hr></gpxtpx:TrackPointExtension></extensions></trkpt><trkpt lat="56.02453" lon="37.852332"><ele>165.0</ele><time>2026-06-24T05:15:50Z</time><extensions><gpxtpx:TrackPointExtension><gpxtpx:hr>153</gpxtpx:hr></gpxtpx:TrackPointExtension></extensions></trkpt><trkpt lat="56.02452" lon="37.852302"><ele>164.8</ele><time>2026-06-24T05:15:51Z</time><extensions><gpxtpx:TrackPointExtension><gpxtpx:hr>153</gpxtpx:hr></gpxtpx:TrackPointExtension></extensions></trkpt><trkpt lat="56.024507" lon="37.852272"><ele>164.8</ele><time>2026-06-24T05:15:52Z</time><extensions><gpxtpx:TrackPointExtension><gpxtpx:hr>152</gpxtpx:hr></gpxtpx:TrackPointExtension></extensions></trkpt><trkpt lat="56.024492" lon="37.85225"><ele>164.8</ele><time>2026-06-24T05:15:53Z</time><extensions><gpxtpx:TrackPointExtension><gpxtpx:hr>151</gpxtpx:hr></gpxtpx:TrackPointExtension></extensions></trkpt><trkpt lat="56.024477" lon="37.852232"><ele>164.8</ele><time>2026-06-24T05:15:54Z</time><extensions><gpxtpx:TrackPointExtension><gpxtpx:hr>151</gpxtpx:hr></gpxtpx:TrackPointExtension></extensions></trkpt><trkpt lat="56.024457" lon="37.852212"><ele>164.8</ele><time>2026-06-24T05:15:55Z</time><extensions><gpxtpx:TrackPointExtension><gpxtpx:hr>151</gpxtpx:hr></gpxtpx:TrackPointExtension></extensions></trkpt><trkpt lat="56.024442" lon="37.8522"><ele>164.8</ele><time>2026-06-24T05:15:56Z</time><extensions><gpxtpx:TrackPointExtension><gpxtpx:hr>151</gpxtpx:hr></gpxtpx:TrackPointExtension></extensions></trkpt><trkpt lat="56.024407" lon="37.852187"><ele>165.0</ele><time>2026-06-24T05:15:58Z</time><extensions><gpxtpx:TrackPointExtension><gpxtpx:hr>150</gpxtpx:hr></gpxtpx:TrackPointExtension></extensions></trkpt><trkpt lat="56.024387" lon="37.852185"><ele>165.0</ele><time>2026-06-24T05:15:59Z</time><extensions><gpxtpx:TrackPointExtension><gpxtpx:hr>150</gpxtpx:hr></gpxtpx:TrackPointExtension></extensions></trkpt><trkpt lat="56.024367" lon="37.852182"><ele>165.0</ele><time>2026-06-24T05:16:00Z</time><extensions><gpxtpx:TrackPointExtension><gpxtpx:hr>149</gpxtpx:hr></gpxtpx:TrackPointExtension></extensions></trkpt><trkpt lat="56.024347" lon="37.85218"><ele>165.0</ele><time>2026-06-24T05:16:01Z</time><extensions><gpxtpx:TrackPointExtension><gpxtpx:hr>148</gpxtpx:hr></gpxtpx:TrackPointExtension></extensions></trkpt><trkpt lat="56.024327" lon="37.852182"><ele>164.8</ele><time>2026-06-24T05:16:02Z</time><extensions><gpxtpx:TrackPointExtension><gpxtpx:hr>147</gpxtpx:hr></gpxtpx:TrackPointExtension></extensions></trkpt><trkpt lat="56.02431" lon="37.852182"><ele>164.8</ele><time>2026-06-24T05:16:03Z</time><extensions><gpxtpx:TrackPointExtension><gpxtpx:hr>147</gpxtpx:hr></gpxtpx:TrackPointExtension></extensions></trkpt><trkpt lat="56.02429" lon="37.852177"><ele>164.8</ele><time>2026-06-24T05:16:04Z</time><extensions><gpxtpx:TrackPointExtension><gpxtpx:hr>147</gpxtpx:hr></gpxtpx:TrackPointExtension></extensions></trkpt><trkpt lat="56.02427" lon="37.852175"><ele>164.8</ele><time>2026-06-24T05:16:05Z</time><extensions><gpxtpx:TrackPointExtension><gpxtpx:hr>149</gpxtpx:hr></gpxtpx:TrackPointExtension></extensions></trkpt><trkpt lat="56.024247" lon="37.852172"><ele>164.8</ele><time>2026-06-24T05:16:06Z</time><extensions><gpxtpx:TrackPointExtension><gpxtpx:hr>148</gpxtpx:hr></gpxtpx:TrackPointExtension></extensions></trkpt><trkpt lat="56.024222" lon="37.852172"><ele>164.8</ele><time>2026-06-24T05:16:07Z</time><extensions><gpxtpx:TrackPointExtension><gpxtpx:hr>148</gpxtpx:hr></gpxtpx:TrackPointExtension></extensions></trkpt><trkpt lat="56.024202" lon="37.852167"><ele>164.8</ele><time>2026-06-24T05:16:08Z</time><extensions><gpxtpx:TrackPointExtension><gpxtpx:hr>149</gpxtpx:hr></gpxtpx:TrackPointExtension></extensions></trkpt><trkpt lat="56.024185" lon="37.85217"><ele>164.8</ele><time>2026-06-24T05:16:09Z</time><extensions><gpxtpx:TrackPointExtension><gpxtpx:hr>147</gpxtpx:hr></gpxtpx:TrackPointExtension></extensions></trkpt><trkpt lat="56.024165" lon="37.85217"><ele>164.6</ele><time>2026-06-24T05:16:10Z</time><extensions><gpxtpx:TrackPointExtension><gpxtpx:hr>147</gpxtpx:hr></gpxtpx:TrackPointExtension></extensions></trkpt><trkpt lat="56.024147" lon="37.85217"><ele>164.6</ele><time>2026-06-24T05:16:11Z</time><extensions><gpxtpx:TrackPointExtension><gpxtpx:hr>147</gpxtpx:hr></gpxtpx:TrackPointExtension></extensions></trkpt><trkpt lat="56.024125" lon="37.852172"><ele>164.8</ele><time>2026-06-24T05:16:12Z</time><extensions><gpxtpx:TrackPointExtension><gpxtpx:hr>149</gpxtpx:hr></gpxtpx:TrackPointExtension></extensions></trkpt><trkpt lat="56.024102" lon="37.852172"><ele>164.8</ele><time>2026-06-24T05:16:13Z</time><extensions><gpxtpx:TrackPointExtension><gpxtpx:hr>149</gpxtpx:hr></gpxtpx:TrackPointExtension></extensions></trkpt><trkpt lat="56.024082" lon="37.852172"><ele>164.8</ele><time>2026-06-24T05:16:14Z</time><extensions><gpxtpx:TrackPointExtension><gpxtpx:hr>148</gpxtpx:hr></gpxtpx:TrackPointExtension></extensions></trkpt><trkpt lat="56.024062" lon="37.852172"><ele>164.8</ele><time>2026-06-24T05:16:15Z</time><extensions><gpxtpx:TrackPointExtension><gpxtpx:hr>148</gpxtpx:hr></gpxtpx:TrackPointExtension></extensions></trkpt><trkpt lat="56.024045" lon="37.852175"><ele>164.6</ele><time>2026-06-24T05:16:16Z</time><extensions><gpxtpx:TrackPointExtension><gpxtpx:hr>148</gpxtpx:hr></gpxtpx:TrackPointExtension></extensions></trkpt><trkpt lat="56.024027" lon="37.852177"><ele>164.8</ele><time>2026-06-24T05:16:17Z</time><extensions><gpxtpx:TrackPointExtension><gpxtpx:hr>146</gpxtpx:hr></gpxtpx:TrackPointExtension></extensions></trkpt><trkpt lat="56.024007" lon="37.85218"><ele>164.8</ele><time>2026-06-24T05:16:18Z</time><extensions><gpxtpx:TrackPointExtension><gpxtpx:hr>147</gpxtpx:hr></gpxtpx:TrackPointExtension></extensions></trkpt><trkpt lat="56.023982" lon="37.852185"><ele>164.8</ele><time>2026-06-24T05:16:19Z</time><extensions><gpxtpx:TrackPointExtension><gpxtpx:hr>147</gpxtpx:hr></gpxtpx:TrackPointExtension></extensions></trkpt><trkpt lat="56.023962" lon="37.852192"><ele>164.8</ele><time>2026-06-24T05:16:20Z</time><extensions><gpxtpx:TrackPointExtension><gpxtpx:hr>148</gpxtpx:hr></gpxtpx:TrackPointExtension></extensions></trkpt><trkpt lat="56.023942" lon="37.852202"><ele>164.8</ele><time>2026-06-24T05:16:21Z</time><extensions><gpxtpx:TrackPointExtension><gpxtpx:hr>146</gpxtpx:hr></gpxtpx:TrackPointExtension></extensions></trkpt><trkpt lat="56.023918" lon="37.852217"><ele>164.8</ele><time>2026-06-24T05:16:22Z</time><extensions><gpxtpx:TrackPointExtension><gpxtpx:hr>146</gpxtpx:hr></gpxtpx:TrackPointExtension></extensions></trkpt><trkpt lat="56.0239" lon="37.852237"><ele>164.8</ele><time>2026-06-24T05:16:23Z</time><extensions><gpxtpx:TrackPointExtension><gpxtpx:hr>146</gpxtpx:hr></gpxtpx:TrackPointExtension></extensions></trkpt><trkpt lat="56.023885" lon="37.85226"><ele>164.8</ele><time>2026-06-24T05:16:24Z</time><extensions><gpxtpx:TrackPointExtension><gpxtpx:hr>146</gpxtpx:hr></gpxtpx:TrackPointExtension></extensions></trkpt><trkpt lat="56.023867" lon="37.85229"><ele>164.8</ele><time>2026-06-24T05:16:25Z</time><extensions><gpxtpx:TrackPointExtension><gpxtpx:hr>147</gpxtpx:hr></gpxtpx:TrackPointExtension></extensions></trkpt><trkpt lat="56.023855" lon="37.85232"><ele>164.8</ele><time>2026-06-24T05:16:26Z</time><extensions><gpxtpx:TrackPointExtension><gpxtpx:hr>146</gpxtpx:hr></gpxtpx:TrackPointExtension></extensions></trkpt><trkpt lat="56.023845" lon="37.85235"><ele>164.8</ele><time>2026-06-24T05:16:27Z</time><extensions><gpxtpx:TrackPointExtension><gpxtpx:hr>145</gpxtpx:hr></gpxtpx:TrackPointExtension></extensions></trkpt><trkpt lat="56.023837" lon="37.852387"><ele>164.8</ele><time>2026-06-24T05:16:28Z</time><extensions><gpxtpx:TrackPointExtension><gpxtpx:hr>144</gpxtpx:hr></gpxtpx:TrackPointExtension></extensions></trkpt><trkpt lat="56.023832" lon="37.85243"><ele>164.8</ele><time>2026-06-24T05:16:29Z</time><extensions><gpxtpx:TrackPointExtension><gpxtpx:hr>145</gpxtpx:hr></gpxtpx:TrackPointExtension></extensions></trkpt><trkpt lat="56.023832" lon="37.852467"><ele>164.8</ele><time>2026-06-24T05:16:30Z</time><extensions><gpxtpx:TrackPointExtension><gpxtpx:hr>145</gpxtpx:hr></gpxtpx:TrackPointExtension></extensions></trkpt><trkpt lat="56.023833" lon="37.852507"><ele>165.0</ele><time>2026-06-24T05:16:31Z</time><extensions><gpxtpx:TrackPointExtension><gpxtpx:hr>146</gpxtpx:hr></gpxtpx:TrackPointExtension></extensions></trkpt><trkpt lat="56.02384" lon="37.85255"><ele>164.8</ele><time>2026-06-24T05:16:32Z</time><extensions><gpxtpx:TrackPointExtension><gpxtpx:hr>145</gpxtpx:hr></gpxtpx:TrackPointExtension></extensions></trkpt><trkpt lat="56.023847" lon="37.852587"><ele>164.8</ele><time>2026-06-24T05:16:33Z</time><extensions><gpxtpx:TrackPointExtension><gpxtpx:hr>144</gpxtpx:hr></gpxtpx:TrackPointExtension></extensions></trkpt><trkpt lat="56.023857" lon="37.852622"><ele>164.8</ele><time>2026-06-24T05:16:34Z</time><extensions><gpxtpx:TrackPointExtension><gpxtpx:hr>145</gpxtpx:hr></gpxtpx:TrackPointExtension></extensions></trkpt><trkpt lat="56.023872" lon="37.852657"><ele>164.8</ele><time>2026-06-24T05:16:35Z</time><extensions><gpxtpx:TrackPointExtension><gpxtpx:hr>146</gpxtpx:hr></gpxtpx:TrackPointExtension></extensions></trkpt><trkpt lat="56.02389" lon="37.852687"><ele>164.8</ele><time>2026-06-24T05:16:36Z</time><extensions><gpxtpx:TrackPointExtension><gpxtpx:hr>146</gpxtpx:hr></gpxtpx:TrackPointExtension></extensions></trkpt><trkpt lat="56.023907" lon="37.852712"><ele>164.8</ele><time>2026-06-24T05:16:37Z</time><extensions><gpxtpx:TrackPointExtension><gpxtpx:hr>146</gpxtpx:hr></gpxtpx:TrackPointExtension></extensions></trkpt><trkpt lat="56.023927" lon="37.852732"><ele>165.0</ele><time>2026-06-24T05:16:38Z</time><extensions><gpxtpx:TrackPointExtension><gpxtpx:hr>146</gpxtpx:hr></gpxtpx:TrackPointExtension></extensions></trkpt><trkpt lat="56.02395" lon="37.852747"><ele>165.0</ele><time>2026-06-24T05:16:39Z</time><extensions><gpxtpx:TrackPointExtension><gpxtpx:hr>146</gpxtpx:hr></gpxtpx:TrackPointExtension></extensions></trkpt><trkpt lat="56.02397" lon="37.852755"><ele>165.0</ele><time>2026-06-24T05:16:40Z</time><extensions><gpxtpx:TrackPointExtension><gpxtpx:hr>146</gpxtpx:hr></gpxtpx:TrackPointExtension></extensions></trkpt><trkpt lat="56.023992" lon="37.852757"><ele>165.0</ele><time>2026-06-24T05:16:41Z</time><extensions><gpxtpx:TrackPointExtension><gpxtpx:hr>145</gpxtpx:hr></gpxtpx:TrackPointExtension></extensions></trkpt><trkpt lat="56.024012" lon="37.85276"><ele>165.2</ele><time>2026-06-24T05:16:42Z</time><extensions><gpxtpx:TrackPointExtension><gpxtpx:hr>145</gpxtpx:hr></gpxtpx:TrackPointExtension></extensions></trkpt><trkpt lat="56.024032" lon="37.852762"><ele>165.2</ele><time>2026-06-24T05:16:43Z</time><extensions><gpxtpx:TrackPointExtension><gpxtpx:hr>145</gpxtpx:hr></gpxtpx:TrackPointExtension></extensions></trkpt><trkpt lat="56.024055" lon="37.85276"><ele>165.2</ele><time>2026-06-24T05:16:44Z</time><extensions><gpxtpx:TrackPointExtension><gpxtpx:hr>145</gpxtpx:hr></gpxtpx:TrackPointExtension></extensions></trkpt><trkpt lat="56.024077" lon="37.85276"><ele>165.2</ele><time>2026-06-24T05:16:45Z</time><extensions><gpxtpx:TrackPointExtension><gpxtpx:hr>145</gpxtpx:hr></gpxtpx:TrackPointExtension></extensions></trkpt><trkpt lat="56.024097" lon="37.85276"><ele>165.0</ele><time>2026-06-24T05:16:46Z</time><extensions><gpxtpx:TrackPointExtension><gpxtpx:hr>144</gpxtpx:hr></gpxtpx:TrackPointExtension></extensions></trkpt><trkpt lat="56.024117" lon="37.85276"><ele>165.0</ele><time>2026-06-24T05:16:47Z</time><extensions><gpxtpx:TrackPointExtension><gpxtpx:hr>144</gpxtpx:hr></gpxtpx:TrackPointExtension></extensions></trkpt><trkpt lat="56.024142" lon="37.85276"><ele>165.0</ele><time>2026-06-24T05:16:48Z</time><extensions><gpxtpx:TrackPointExtension><gpxtpx:hr>144</gpxtpx:hr></gpxtpx:TrackPointExtension></extensions></trkpt><trkpt lat="56.024162" lon="37.85276"><ele>165.0</ele><time>2026-06-24T05:16:49Z</time><extensions><gpxtpx:TrackPointExtension><gpxtpx:hr>145</gpxtpx:hr></gpxtpx:TrackPointExtension></extensions></trkpt><trkpt lat="56.024182" lon="37.852762"><ele>165.2</ele><time>2026-06-24T05:16:50Z</time><extensions><gpxtpx:TrackPointExtension><gpxtpx:hr>145</gpxtpx:hr></gpxtpx:TrackPointExtension></extensions></trkpt><trkpt lat="56.024202" lon="37.852765"><ele>165.2</ele><time>2026-06-24T05:16:51Z</time><extensions><gpxtpx:TrackPointExtension><gpxtpx:hr>142</gpxtpx:hr></gpxtpx:TrackPointExtension></extensions></trkpt><trkpt lat="56.024225" lon="37.852765"><ele>165.2</ele><time>2026-06-24T05:16:52Z</time><extensions><gpxtpx:TrackPointExtension><gpxtpx:hr>143</gpxtpx:hr></gpxtpx:TrackPointExtension></extensions></trkpt><trkpt lat="56.024245" lon="37.852765"><ele>165.2</ele><time>2026-06-24T05:16:53Z</time><extensions><gpxtpx:TrackPointExtension><gpxtpx:hr>144</gpxtpx:hr></gpxtpx:TrackPointExtension></extensions></trkpt><trkpt lat="56.024267" lon="37.852765"><ele>165.2</ele><time>2026-06-24T05:16:54Z</time><extensions><gpxtpx:TrackPointExtension><gpxtpx:hr>144</gpxtpx:hr></gpxtpx:TrackPointExtension></extensions></trkpt><trkpt lat="56.024292" lon="37.852765"><ele>165.2</ele><time>2026-06-24T05:16:55Z</time><extensions><gpxtpx:TrackPointExtension><gpxtpx:hr>143</gpxtpx:hr></gpxtpx:TrackPointExtension></extensions></trkpt><trkpt lat="56.024312" lon="37.852767"><ele>165.2</ele><time>2026-06-24T05:16:56Z</time><extensions><gpxtpx:TrackPointExtension><gpxtpx:hr>142</gpxtpx:hr></gpxtpx:TrackPointExtension></extensions></trkpt><trkpt lat="56.024337" lon="37.852772"><ele>165.2</ele><time>2026-06-24T05:16:57Z</time><extensions><gpxtpx:TrackPointExtension><gpxtpx:hr>142</gpxtpx:hr></gpxtpx:TrackPointExtension></extensions></trkpt><trkpt lat="56.02436" lon="37.852772"><ele>165.2</ele><time>2026-06-24T05:16:58Z</time><extensions><gpxtpx:TrackPointExtension><gpxtpx:hr>144</gpxtpx:hr></gpxtpx:TrackPointExtension></extensions></trkpt><trkpt lat="56.02438" lon="37.852772"><ele>165.0</ele><time>2026-06-24T05:16:59Z</time><extensions><gpxtpx:TrackPointExtension><gpxtpx:hr>143</gpxtpx:hr></gpxtpx:TrackPointExtension></extensions></trkpt><trkpt lat="56.0244" lon="37.852772"><ele>165.0</ele><time>2026-06-24T05:17:00Z</time><extensions><gpxtpx:TrackPointExtension><gpxtpx:hr>142</gpxtpx:hr></gpxtpx:TrackPointExtension></extensions></trkpt><trkpt lat="56.024422" lon="37.852767"><ele>165.0</ele><time>2026-06-24T05:17:01Z</time><extensions><gpxtpx:TrackPointExtension><gpxtpx:hr>142</gpxtpx:hr></gpxtpx:TrackPointExtension></extensions></trkpt><trkpt lat="56.024445" lon="37.852767"><ele>165.2</ele><time>2026-06-24T05:17:02Z</time><extensions><gpxtpx:TrackPointExtension><gpxtpx:hr>143</gpxtpx:hr></gpxtpx:TrackPointExtension></extensions></trkpt><trkpt lat="56.024477" lon="37.852757"><ele>165.2</ele><time>2026-06-24T05:17:04Z</time><extensions><gpxtpx:TrackPointExtension><gpxtpx:hr>143</gpxtpx:hr></gpxtpx:TrackPointExtension></extensions></trkpt><trkpt lat="56.024517" lon="37.852727"><ele>165.2</ele><time>2026-06-24T05:17:45Z</time><extensions><gpxtpx:TrackPointExtension><gpxtpx:hr>135</gpxtpx:hr></gpxtpx:TrackPointExtension></extensions></trkpt><trkpt lat="56.024522" lon="37.852697"><ele>165.0</ele><time>2026-06-24T05:17:47Z</time><extensions><gpxtpx:TrackPointExtension><gpxtpx:hr>137</gpxtpx:hr></gpxtpx:TrackPointExtension></extensions></trkpt><trkpt lat="56.02453" lon="37.852662"><ele>164.8</ele><time>2026-06-24T05:17:48Z</time><extensions><gpxtpx:TrackPointExtension><gpxtpx:hr>137</gpxtpx:hr></gpxtpx:TrackPointExtension></extensions></trkpt><trkpt lat="56.02454" lon="37.852617"><ele>164.8</ele><time>2026-06-24T05:17:49Z</time><extensions><gpxtpx:TrackPointExtension><gpxtpx:hr>137</gpxtpx:hr></gpxtpx:TrackPointExtension></extensions></trkpt><trkpt lat="56.024552" lon="37.852572"><ele>164.6</ele><time>2026-06-24T05:17:50Z</time><extensions><gpxtpx:TrackPointExtension><gpxtpx:hr>137</gpxtpx:hr></gpxtpx:TrackPointExtension></extensions></trkpt><trkpt lat="56.02456" lon="37.852522"><ele>164.4</ele><time>2026-06-24T05:17:51Z</time><extensions><gpxtpx:TrackPointExtension><gpxtpx:hr>138</gpxtpx:hr></gpxtpx:TrackPointExtension></extensions></trkpt><trkpt lat="56.024562" lon="37.852472"><ele>164.4</ele><time>2026-06-24T05:17:52Z</time><extensions><gpxtpx:TrackPointExtension><gpxtpx:hr>136</gpxtpx:hr></gpxtpx:TrackPointExtension></extensions></trkpt><trkpt lat="56.024562" lon="37.852427"><ele>164.4</ele><time>2026-06-24T05:17:53Z</time><extensions><gpxtpx:TrackPointExtension><gpxtpx:hr>135</gpxtpx:hr></gpxtpx:TrackPointExtension></extensions></trkpt><trkpt lat="56.024557" lon="37.852387"><ele>164.4</ele><time>2026-06-24T05:17:54Z</time><extensions><gpxtpx:TrackPointExtension><gpxtpx:hr>134</gpxtpx:hr></gpxtpx:TrackPointExtension></extensions></trkpt><trkpt lat="56.02455" lon="37.852352"><ele>164.4</ele><time>2026-06-24T05:17:55Z</time><extensions><gpxtpx:TrackPointExtension><gpxtpx:hr>132</gpxtpx:hr></gpxtpx:TrackPointExtension></extensions></trkpt><trkpt lat="56.02454" lon="37.85232"><ele>164.4</ele><time>2026-06-24T05:17:56Z</time><extensions><gpxtpx:TrackPointExtension><gpxtpx:hr>131</gpxtpx:hr></gpxtpx:TrackPointExtension></extensions></trkpt><trkpt lat="56.024527" lon="37.852287"><ele>164.4</ele><time>2026-06-24T05:17:57Z</time><extensions><gpxtpx:TrackPointExtension><gpxtpx:hr>131</gpxtpx:hr></gpxtpx:TrackPointExtension></extensions></trkpt><trkpt lat="56.024512" lon="37.85226"><ele>164.2</ele><time>2026-06-24T05:17:58Z</time><extensions><gpxtpx:TrackPointExtension><gpxtpx:hr>131</gpxtpx:hr></gpxtpx:TrackPointExtension></extensions></trkpt><trkpt lat="56.024497" lon="37.852237"><ele>164.2</ele><time>2026-06-24T05:17:59Z</time><extensions><gpxtpx:TrackPointExtension><gpxtpx:hr>129</gpxtpx:hr></gpxtpx:TrackPointExtension></extensions></trkpt><trkpt lat="56.024477" lon="37.852217"><ele>164.2</ele><time>2026-06-24T05:18:00Z</time><extensions><gpxtpx:TrackPointExtension><gpxtpx:hr>130</gpxtpx:hr></gpxtpx:TrackPointExtension></extensions></trkpt><trkpt lat="56.02446" lon="37.8522"><ele>164.2</ele><time>2026-06-24T05:18:01Z</time><extensions><gpxtpx:TrackPointExtension><gpxtpx:hr>130</gpxtpx:hr></gpxtpx:TrackPointExtension></extensions></trkpt><trkpt lat="56.024442" lon="37.852187"><ele>164.2</ele><time>2026-06-24T05:18:02Z</time><extensions><gpxtpx:TrackPointExtension><gpxtpx:hr>130</gpxtpx:hr></gpxtpx:TrackPointExtension></extensions></trkpt><trkpt lat="56.024422" lon="37.85218"><ele>164.2</ele><time>2026-06-24T05:18:03Z</time><extensions><gpxtpx:TrackPointExtension><gpxtpx:hr>130</gpxtpx:hr></gpxtpx:TrackPointExtension></extensions></trkpt><trkpt lat="56.024402" lon="37.852177"><ele>164.2</ele><time>2026-06-24T05:18:04Z</time><extensions><gpxtpx:TrackPointExtension><gpxtpx:hr>130</gpxtpx:hr></gpxtpx:TrackPointExtension></extensions></trkpt><trkpt lat="56.024382" lon="37.852177"><ele>164.2</ele><time>2026-06-24T05:18:05Z</time><extensions><gpxtpx:TrackPointExtension><gpxtpx:hr>130</gpxtpx:hr></gpxtpx:TrackPointExtension></extensions></trkpt><trkpt lat="56.024362" lon="37.852177"><ele>164.2</ele><time>2026-06-24T05:18:06Z</time><extensions><gpxtpx:TrackPointExtension><gpxtpx:hr>130</gpxtpx:hr></gpxtpx:TrackPointExtension></extensions></trkpt><trkpt lat="56.024342" lon="37.852172"><ele>164.2</ele><time>2026-06-24T05:18:07Z</time><extensions><gpxtpx:TrackPointExtension><gpxtpx:hr>130</gpxtpx:hr></gpxtpx:TrackPointExtension></extensions></trkpt><trkpt lat="56.024322" lon="37.852177"><ele>164.2</ele><time>2026-06-24T05:18:08Z</time><extensions><gpxtpx:TrackPointExtension><gpxtpx:hr>130</gpxtpx:hr></gpxtpx:TrackPointExtension></extensions></trkpt><trkpt lat="56.024305" lon="37.85218"><ele>164.2</ele><time>2026-06-24T05:18:09Z</time><extensions><gpxtpx:TrackPointExtension><gpxtpx:hr>130</gpxtpx:hr></gpxtpx:TrackPointExtension></extensions></trkpt><trkpt lat="56.024285" lon="37.852182"><ele>164.2</ele><time>2026-06-24T05:18:10Z</time><extensions><gpxtpx:TrackPointExtension><gpxtpx:hr>129</gpxtpx:hr></gpxtpx:TrackPointExtension></extensions></trkpt><trkpt lat="56.024265" lon="37.852185"><ele>164.2</ele><time>2026-06-24T05:18:11Z</time><extensions><gpxtpx:TrackPointExtension><gpxtpx:hr>130</gpxtpx:hr></gpxtpx:TrackPointExtension></extensions></trkpt><trkpt lat="56.024247" lon="37.852187"><ele>164.2</ele><time>2026-06-24T05:18:12Z</time><extensions><gpxtpx:TrackPointExtension><gpxtpx:hr>131</gpxtpx:hr></gpxtpx:TrackPointExtension></extensions></trkpt><trkpt lat="56.024227" lon="37.852187"><ele>164.2</ele><time>2026-06-24T05:18:13Z</time><extensions><gpxtpx:TrackPointExtension><gpxtpx:hr>131</gpxtpx:hr></gpxtpx:TrackPointExtension></extensions></trkpt><trkpt lat="56.024205" lon="37.852192"><ele>164.2</ele><time>2026-06-24T05:18:14Z</time><extensions><gpxtpx:TrackPointExtension><gpxtpx:hr>132</gpxtpx:hr></gpxtpx:TrackPointExtension></extensions></trkpt><trkpt lat="56.024182" lon="37.85219"><ele>164.2</ele><time>2026-06-24T05:18:15Z</time><extensions><gpxtpx:TrackPointExtension><gpxtpx:hr>130</gpxtpx:hr></gpxtpx:TrackPointExtension></extensions></trkpt><trkpt lat="56.024162" lon="37.852187"><ele>164.2</ele><time>2026-06-24T05:18:16Z</time><extensions><gpxtpx:TrackPointExtension><gpxtpx:hr>130</gpxtpx:hr></gpxtpx:TrackPointExtension></extensions></trkpt><trkpt lat="56.024142" lon="37.852187"><ele>164.2</ele><time>2026-06-24T05:18:17Z</time><extensions><gpxtpx:TrackPointExtension><gpxtpx:hr>131</gpxtpx:hr></gpxtpx:TrackPointExtension></extensions></trkpt><trkpt lat="56.024122" lon="37.852182"><ele>164.2</ele><time>2026-06-24T05:18:18Z</time><extensions><gpxtpx:TrackPointExtension><gpxtpx:hr>132</gpxtpx:hr></gpxtpx:TrackPointExtension></extensions></trkpt><trkpt lat="56.0241" lon="37.852177"><ele>164.2</ele><time>2026-06-24T05:18:19Z</time><extensions><gpxtpx:TrackPointExtension><gpxtpx:hr>132</gpxtpx:hr></gpxtpx:TrackPointExtension></extensions></trkpt><trkpt lat="56.02408" lon="37.852172"><ele>164.2</ele><time>2026-06-24T05:18:20Z</time><extensions><gpxtpx:TrackPointExtension><gpxtpx:hr>133</gpxtpx:hr></gpxtpx:TrackPointExtension></extensions></trkpt><trkpt lat="56.024057" lon="37.852172"><ele>164.4</ele><time>2026-06-24T05:18:21Z</time><extensions><gpxtpx:TrackPointExtension><gpxtpx:hr>133</gpxtpx:hr></gpxtpx:TrackPointExtension></extensions></trkpt><trkpt lat="56.02404" lon="37.852172"><ele>164.4</ele><time>2026-06-24T05:18:22Z</time><extensions><gpxtpx:TrackPointExtension><gpxtpx:hr>132</gpxtpx:hr></gpxtpx:TrackPointExtension></extensions></trkpt><trkpt lat="56.02402" lon="37.852172"><ele>164.4</ele><time>2026-06-24T05:18:23Z</time><extensions><gpxtpx:TrackPointExtension><gpxtpx:hr>133</gpxtpx:hr></gpxtpx:TrackPointExtension></extensions></trkpt><trkpt lat="56.024" lon="37.852172"><ele>164.4</ele><time>2026-06-24T05:18:24Z</time><extensions><gpxtpx:TrackPointExtension><gpxtpx:hr>133</gpxtpx:hr></gpxtpx:TrackPointExtension></extensions></trkpt><trkpt lat="56.023977" lon="37.852172"><ele>164.4</ele><time>2026-06-24T05:18:25Z</time><extensions><gpxtpx:TrackPointExtension><gpxtpx:hr>133</gpxtpx:hr></gpxtpx:TrackPointExtension></extensions></trkpt><trkpt lat="56.023957" lon="37.852177"><ele>164.6</ele><time>2026-06-24T05:18:26Z</time><extensions><gpxtpx:TrackPointExtension><gpxtpx:hr>133</gpxtpx:hr></gpxtpx:TrackPointExtension></extensions></trkpt><trkpt lat="56.023937" lon="37.852187"><ele>164.6</ele><time>2026-06-24T05:18:27Z</time><extensions><gpxtpx:TrackPointExtension><gpxtpx:hr>133</gpxtpx:hr></gpxtpx:TrackPointExtension></extensions></trkpt><trkpt lat="56.023917" lon="37.852197"><ele>164.6</ele><time>2026-06-24T05:18:28Z</time><extensions><gpxtpx:TrackPointExtension><gpxtpx:hr>134</gpxtpx:hr></gpxtpx:TrackPointExtension></extensions></trkpt><trkpt lat="56.0239" lon="37.85221"><ele>164.8</ele><time>2026-06-24T05:18:29Z</time><extensions><gpxtpx:TrackPointExtension><gpxtpx:hr>133</gpxtpx:hr></gpxtpx:TrackPointExtension></extensions></trkpt><trkpt lat="56.023882" lon="37.85223"><ele>164.8</ele><time>2026-06-24T05:18:30Z</time><extensions><gpxtpx:TrackPointExtension><gpxtpx:hr>134</gpxtpx:hr></gpxtpx:TrackPointExtension></extensions></trkpt><trkpt lat="56.023865" lon="37.852252"><ele>164.6</ele><time>2026-06-24T05:18:31Z</time><extensions><gpxtpx:TrackPointExtension><gpxtpx:hr>134</gpxtpx:hr></gpxtpx:TrackPointExtension></extensions></trkpt><trkpt lat="56.02385" lon="37.852277"><ele>164.8</ele><time>2026-06-24T05:18:32Z</time><extensions><gpxtpx:TrackPointExtension><gpxtpx:hr>133</gpxtpx:hr></gpxtpx:TrackPointExtension></extensions></trkpt><trkpt lat="56.023837" lon="37.85231"><ele>164.8</ele><time>2026-06-24T05:18:33Z</time><extensions><gpxtpx:TrackPointExtension><gpxtpx:hr>134</gpxtpx:hr></gpxtpx:TrackPointExtension></extensions></trkpt><trkpt lat="56.023827" lon="37.852347"><ele>164.8</ele><time>2026-06-24T05:18:34Z</time><extensions><gpxtpx:TrackPointExtension><gpxtpx:hr>134</gpxtpx:hr></gpxtpx:TrackPointExtension></extensions></trkpt><trkpt lat="56.023817" lon="37.852385"><ele>164.8</ele><time>2026-06-24T05:18:35Z</time><extensions><gpxtpx:TrackPointExtension><gpxtpx:hr>134</gpxtpx:hr></gpxtpx:TrackPointExtension></extensions></trkpt><trkpt lat="56.023812" lon="37.852427"><ele>164.8</ele><time>2026-06-24T05:18:36Z</time><extensions><gpxtpx:TrackPointExtension><gpxtpx:hr>135</gpxtpx:hr></gpxtpx:TrackPointExtension></extensions></trkpt><trkpt lat="56.023807" lon="37.852462"><ele>164.8</ele><time>2026-06-24T05:18:37Z</time><extensions><gpxtpx:TrackPointExtension><gpxtpx:hr>135</gpxtpx:hr></gpxtpx:TrackPointExtension></extensions></trkpt><trkpt lat="56.023812" lon="37.852492"><ele>164.8</ele><time>2026-06-24T05:18:38Z</time><extensions><gpxtpx:TrackPointExtension><gpxtpx:hr>135</gpxtpx:hr></gpxtpx:TrackPointExtension></extensions></trkpt><trkpt lat="56.023815" lon="37.852532"><ele>164.8</ele><time>2026-06-24T05:18:39Z</time><extensions><gpxtpx:TrackPointExtension><gpxtpx:hr>135</gpxtpx:hr></gpxtpx:TrackPointExtension></extensions></trkpt><trkpt lat="56.023822" lon="37.852572"><ele>164.8</ele><time>2026-06-24T05:18:40Z</time><extensions><gpxtpx:TrackPointExtension><gpxtpx:hr>134</gpxtpx:hr></gpxtpx:TrackPointExtension></extensions></trkpt><trkpt lat="56.02383" lon="37.852612"><ele>164.8</ele><time>2026-06-24T05:18:41Z</time><extensions><gpxtpx:TrackPointExtension><gpxtpx:hr>135</gpxtpx:hr></gpxtpx:TrackPointExtension></extensions></trkpt><trkpt lat="56.023837" lon="37.85265"><ele>164.8</ele><time>2026-06-24T05:18:42Z</time><extensions><gpxtpx:TrackPointExtension><gpxtpx:hr>135</gpxtpx:hr></gpxtpx:TrackPointExtension></extensions></trkpt><trkpt lat="56.023852" lon="37.85269"><ele>164.8</ele><time>2026-06-24T05:18:43Z</time><extensions><gpxtpx:TrackPointExtension><gpxtpx:hr>135</gpxtpx:hr></gpxtpx:TrackPointExtension></extensions></trkpt><trkpt lat="56.02387" lon="37.85272"><ele>164.8</ele><time>2026-06-24T05:18:44Z</time><extensions><gpxtpx:TrackPointExtension><gpxtpx:hr>134</gpxtpx:hr></gpxtpx:TrackPointExtension></extensions></trkpt><trkpt lat="56.023887" lon="37.852745"><ele>164.8</ele><time>2026-06-24T05:18:45Z</time><extensions><gpxtpx:TrackPointExtension><gpxtpx:hr>135</gpxtpx:hr></gpxtpx:TrackPointExtension></extensions></trkpt><trkpt lat="56.023912" lon="37.852767"><ele>164.8</ele><time>2026-06-24T05:18:46Z</time><extensions><gpxtpx:TrackPointExtension><gpxtpx:hr>135</gpxtpx:hr></gpxtpx:TrackPointExtension></extensions></trkpt><trkpt lat="56.023935" lon="37.85278"><ele>164.8</ele><time>2026-06-24T05:18:47Z</time><extensions><gpxtpx:TrackPointExtension><gpxtpx:hr>136</gpxtpx:hr></gpxtpx:TrackPointExtension></extensions></trkpt><trkpt lat="56.023957" lon="37.852787"><ele>164.8</ele><time>2026-06-24T05:18:48Z</time><extensions><gpxtpx:TrackPointExtension><gpxtpx:hr>136</gpxtpx:hr></gpxtpx:TrackPointExtension></extensions></trkpt><trkpt lat="56.02398" lon="37.852792"><ele>164.8</ele><time>2026-06-24T05:18:49Z</time><extensions><gpxtpx:TrackPointExtension><gpxtpx:hr>136</gpxtpx:hr></gpxtpx:TrackPointExtension></extensions></trkpt><trkpt lat="56.024002" lon="37.852792"><ele>165.0</ele><time>2026-06-24T05:18:50Z</time><extensions><gpxtpx:TrackPointExtension><gpxtpx:hr>136</gpxtpx:hr></gpxtpx:TrackPointExtension></extensions></trkpt><trkpt lat="56.024025" lon="37.852792"><ele>165.0</ele><time>2026-06-24T05:18:51Z</time><extensions><gpxtpx:TrackPointExtension><gpxtpx:hr>136</gpxtpx:hr></gpxtpx:TrackPointExtension></extensions></trkpt><trkpt lat="56.024047" lon="37.852795"><ele>165.0</ele><time>2026-06-24T05:18:52Z</time><extensions><gpxtpx:TrackPointExtension><gpxtpx:hr>136</gpxtpx:hr></gpxtpx:TrackPointExtension></extensions></trkpt><trkpt lat="56.024072" lon="37.852792"><ele>164.8</ele><time>2026-06-24T05:18:53Z</time><extensions><gpxtpx:TrackPointExtension><gpxtpx:hr>137</gpxtpx:hr></gpxtpx:TrackPointExtension></extensions></trkpt><trkpt lat="56.024092" lon="37.852792"><ele>164.8</ele><time>2026-06-24T05:18:54Z</time><extensions><gpxtpx:TrackPointExtension><gpxtpx:hr>137</gpxtpx:hr></gpxtpx:TrackPointExtension></extensions></trkpt><trkpt lat="56.024115" lon="37.852792"><ele>164.8</ele><time>2026-06-24T05:18:55Z</time><extensions><gpxtpx:TrackPointExtension><gpxtpx:hr>136</gpxtpx:hr></gpxtpx:TrackPointExtension></extensions></trkpt><trkpt lat="56.02414" lon="37.852792"><ele>164.8</ele><time>2026-06-24T05:18:56Z</time><extensions><gpxtpx:TrackPointExtension><gpxtpx:hr>137</gpxtpx:hr></gpxtpx:TrackPointExtension></extensions></trkpt><trkpt lat="56.024162" lon="37.85279"><ele>164.8</ele><time>2026-06-24T05:18:57Z</time><extensions><gpxtpx:TrackPointExtension><gpxtpx:hr>137</gpxtpx:hr></gpxtpx:TrackPointExtension></extensions></trkpt><trkpt lat="56.024182" lon="37.852792"><ele>164.8</ele><time>2026-06-24T05:18:58Z</time><extensions><gpxtpx:TrackPointExtension><gpxtpx:hr>137</gpxtpx:hr></gpxtpx:TrackPointExtension></extensions></trkpt><trkpt lat="56.024205" lon="37.852795"><ele>165.0</ele><time>2026-06-24T05:18:59Z</time><extensions><gpxtpx:TrackPointExtension><gpxtpx:hr>137</gpxtpx:hr></gpxtpx:TrackPointExtension></extensions></trkpt><trkpt lat="56.024227" lon="37.852792"><ele>165.0</ele><time>2026-06-24T05:19:00Z</time><extensions><gpxtpx:TrackPointExtension><gpxtpx:hr>137</gpxtpx:hr></gpxtpx:TrackPointExtension></extensions></trkpt><trkpt lat="56.024252" lon="37.852792"><ele>164.8</ele><time>2026-06-24T05:19:01Z</time><extensions><gpxtpx:TrackPointExtension><gpxtpx:hr>138</gpxtpx:hr></gpxtpx:TrackPointExtension></extensions></trkpt><trkpt lat="56.024277" lon="37.852797"><ele>165.0</ele><time>2026-06-24T05:19:02Z</time><extensions><gpxtpx:TrackPointExtension><gpxtpx:hr>138</gpxtpx:hr></gpxtpx:TrackPointExtension></extensions></trkpt><trkpt lat="56.024302" lon="37.852805"><ele>165.0</ele><time>2026-06-24T05:19:03Z</time><extensions><gpxtpx:TrackPointExtension><gpxtpx:hr>138</gpxtpx:hr></gpxtpx:TrackPointExtension></extensions></trkpt><trkpt lat="56.024327" lon="37.852807"><ele>164.8</ele><time>2026-06-24T05:19:04Z</time><extensions><gpxtpx:TrackPointExtension><gpxtpx:hr>139</gpxtpx:hr></gpxtpx:TrackPointExtension></extensions></trkpt><trkpt lat="56.024355" lon="37.852812"><ele>164.8</ele><time>2026-06-24T05:19:05Z</time><extensions><gpxtpx:TrackPointExtension><gpxtpx:hr>139</gpxtpx:hr></gpxtpx:TrackPointExtension></extensions></trkpt><trkpt lat="56.024377" lon="37.85281"><ele>164.6</ele><time>2026-06-24T05:19:06Z</time><extensions><gpxtpx:TrackPointExtension><gpxtpx:hr>139</gpxtpx:hr></gpxtpx:TrackPointExtension></extensions></trkpt><trkpt lat="56.024402" lon="37.85281"><ele>164.6</ele><time>2026-06-24T05:19:07Z</time><extensions><gpxtpx:TrackPointExtension><gpxtpx:hr>139</gpxtpx:hr></gpxtpx:TrackPointExtension></extensions></trkpt><trkpt lat="56.024427" lon="37.852805"><ele>164.6</ele><time>2026-06-24T05:19:08Z</time><extensions><gpxtpx:TrackPointExtension><gpxtpx:hr>138</gpxtpx:hr></gpxtpx:TrackPointExtension></extensions></trkpt><trkpt lat="56.024447" lon="37.852797"><ele>164.8</ele><time>2026-06-24T05:19:09Z</time><extensions><gpxtpx:TrackPointExtension><gpxtpx:hr>139</gpxtpx:hr></gpxtpx:TrackPointExtension></extensions></trkpt><trkpt lat="56.024467" lon="37.852787"><ele>165.0</ele><time>2026-06-24T05:19:10Z</time><extensions><gpxtpx:TrackPointExtension><gpxtpx:hr>139</gpxtpx:hr></gpxtpx:TrackPointExtension></extensions></trkpt><trkpt lat="56.02449" lon="37.852765"><ele>164.6</ele><time>2026-06-24T05:19:11Z</time><extensions><gpxtpx:TrackPointExtension><gpxtpx:hr>139</gpxtpx:hr></gpxtpx:TrackPointExtension></extensions></trkpt><trkpt lat="56.024507" lon="37.85274"><ele>164.8</ele><time>2026-06-24T05:19:12Z</time><extensions><gpxtpx:TrackPointExtension><gpxtpx:hr>140</gpxtpx:hr></gpxtpx:TrackPointExtension></extensions></trkpt><trkpt lat="56.024523" lon="37.852707"><ele>164.6</ele><time>2026-06-24T05:19:13Z</time><extensions><gpxtpx:TrackPointExtension><gpxtpx:hr>139</gpxtpx:hr></gpxtpx:TrackPointExtension></extensions></trkpt><trkpt lat="56.02454" lon="37.852673"><ele>164.6</ele><time>2026-06-24T05:19:14Z</time><extensions><gpxtpx:TrackPointExtension><gpxtpx:hr>139</gpxtpx:hr></gpxtpx:TrackPointExtension></extensions></trkpt><trkpt lat="56.02455" lon="37.852637"><ele>164.6</ele><time>2026-06-24T05:19:15Z</time><extensions><gpxtpx:TrackPointExtension><gpxtpx:hr>140</gpxtpx:hr></gpxtpx:TrackPointExtension></extensions></trkpt><trkpt lat="56.02456" lon="37.852597"><ele>164.6</ele><time>2026-06-24T05:19:16Z</time><extensions><gpxtpx:TrackPointExtension><gpxtpx:hr>141</gpxtpx:hr></gpxtpx:TrackPointExtension></extensions></trkpt><trkpt lat="56.024567" lon="37.852552"><ele>164.4</ele><time>2026-06-24T05:19:17Z</time><extensions><gpxtpx:TrackPointExtension><gpxtpx:hr>139</gpxtpx:hr></gpxtpx:TrackPointExtension></extensions></trkpt><trkpt lat="56.024572" lon="37.852507"><ele>164.4</ele><time>2026-06-24T05:19:18Z</time><extensions><gpxtpx:TrackPointExtension><gpxtpx:hr>141</gpxtpx:hr></gpxtpx:TrackPointExtension></extensions></trkpt><trkpt lat="56.024572" lon="37.852465"><ele>164.4</ele><time>2026-06-24T05:19:19Z</time><extensions><gpxtpx:TrackPointExtension><gpxtpx:hr>141</gpxtpx:hr></gpxtpx:TrackPointExtension></extensions></trkpt><trkpt lat="56.024567" lon="37.85242"><ele>164.4</ele><time>2026-06-24T05:19:20Z</time><extensions><gpxtpx:TrackPointExtension><gpxtpx:hr>141</gpxtpx:hr></gpxtpx:TrackPointExtension></extensions></trkpt><trkpt lat="56.024562" lon="37.852382"><ele>164.4</ele><time>2026-06-24T05:19:21Z</time><extensions><gpxtpx:TrackPointExtension><gpxtpx:hr>141</gpxtpx:hr></gpxtpx:TrackPointExtension></extensions></trkpt><trkpt lat="56.024555" lon="37.852342"><ele>164.4</ele><time>2026-06-24T05:19:22Z</time><extensions><gpxtpx:TrackPointExtension><gpxtpx:hr>142</gpxtpx:hr></gpxtpx:TrackPointExtension></extensions></trkpt><trkpt lat="56.024542" lon="37.852305"><ele>164.4</ele><time>2026-06-24T05:19:23Z</time><extensions><gpxtpx:TrackPointExtension><gpxtpx:hr>142</gpxtpx:hr></gpxtpx:TrackPointExtension></extensions></trkpt><trkpt lat="56.024527" lon="37.852275"><ele>164.4</ele><time>2026-06-24T05:19:24Z</time><extensions><gpxtpx:TrackPointExtension><gpxtpx:hr>141</gpxtpx:hr></gpxtpx:TrackPointExtension></extensions></trkpt><trkpt lat="56.024512" lon="37.852247"><ele>164.6</ele><time>2026-06-24T05:19:25Z</time><extensions><gpxtpx:TrackPointExtension><gpxtpx:hr>141</gpxtpx:hr></gpxtpx:TrackPointExtension></extensions></trkpt><trkpt lat="56.024492" lon="37.852222"><ele>164.4</ele><time>2026-06-24T05:19:26Z</time><extensions><gpxtpx:TrackPointExtension><gpxtpx:hr>142</gpxtpx:hr></gpxtpx:TrackPointExtension></extensions></trkpt><trkpt lat="56.024472" lon="37.852205"><ele>164.4</ele><time>2026-06-24T05:19:27Z</time><extensions><gpxtpx:TrackPointExtension><gpxtpx:hr>141</gpxtpx:hr></gpxtpx:TrackPointExtension></extensions></trkpt><trkpt lat="56.024452" lon="37.852187"><ele>164.4</ele><time>2026-06-24T05:19:28Z</time><extensions><gpxtpx:TrackPointExtension><gpxtpx:hr>141</gpxtpx:hr></gpxtpx:TrackPointExtension></extensions></trkpt><trkpt lat="56.02443" lon="37.852177"><ele>164.4</ele><time>2026-06-24T05:19:29Z</time><extensions><gpxtpx:TrackPointExtension><gpxtpx:hr>142</gpxtpx:hr></gpxtpx:TrackPointExtension></extensions></trkpt><trkpt lat="56.024407" lon="37.852167"><ele>164.6</ele><time>2026-06-24T05:19:30Z</time><extensions><gpxtpx:TrackPointExtension><gpxtpx:hr>141</gpxtpx:hr></gpxtpx:TrackPointExtension></extensions></trkpt><trkpt lat="56.024382" lon="37.852162"><ele>164.8</ele><time>2026-06-24T05:19:31Z</time><extensions><gpxtpx:TrackPointExtension><gpxtpx:hr>141</gpxtpx:hr></gpxtpx:TrackPointExtension></extensions></trkpt><trkpt lat="56.02436" lon="37.852162"><ele>164.8</ele><time>2026-06-24T05:19:32Z</time><extensions><gpxtpx:TrackPointExtension><gpxtpx:hr>141</gpxtpx:hr></gpxtpx:TrackPointExtension></extensions></trkpt><trkpt lat="56.024337" lon="37.852162"><ele>164.8</ele><time>2026-06-24T05:19:33Z</time><extensions><gpxtpx:TrackPointExtension><gpxtpx:hr>142</gpxtpx:hr></gpxtpx:TrackPointExtension></extensions></trkpt><trkpt lat="56.024317" lon="37.85216"><ele>164.8</ele><time>2026-06-24T05:19:34Z</time><extensions><gpxtpx:TrackPointExtension><gpxtpx:hr>141</gpxtpx:hr></gpxtpx:TrackPointExtension></extensions></trkpt><trkpt lat="56.024292" lon="37.852157"><ele>164.8</ele><time>2026-06-24T05:19:35Z</time><extensions><gpxtpx:TrackPointExtension><gpxtpx:hr>141</gpxtpx:hr></gpxtpx:TrackPointExtension></extensions></trkpt><trkpt lat="56.024267" lon="37.852152"><ele>164.8</ele><time>2026-06-24T05:19:36Z</time><extensions><gpxtpx:TrackPointExtension><gpxtpx:hr>142</gpxtpx:hr></gpxtpx:TrackPointExtension></extensions></trkpt><trkpt lat="56.024245" lon="37.852147"><ele>164.8</ele><time>2026-06-24T05:19:37Z</time><extensions><gpxtpx:TrackPointExtension><gpxtpx:hr>140</gpxtpx:hr></gpxtpx:TrackPointExtension></extensions></trkpt><trkpt lat="56.024222" lon="37.852152"><ele>164.6</ele><time>2026-06-24T05:19:38Z</time><extensions><gpxtpx:TrackPointExtension><gpxtpx:hr>141</gpxtpx:hr></gpxtpx:TrackPointExtension></extensions></trkpt><trkpt lat="56.024202" lon="37.852152"><ele>164.6</ele><time>2026-06-24T05:19:39Z</time><extensions><gpxtpx:TrackPointExtension><gpxtpx:hr>141</gpxtpx:hr></gpxtpx:TrackPointExtension></extensions></trkpt><trkpt lat="56.024182" lon="37.852147"><ele>164.6</ele><time>2026-06-24T05:19:40Z</time><extensions><gpxtpx:TrackPointExtension><gpxtpx:hr>142</gpxtpx:hr></gpxtpx:TrackPointExtension></extensions></trkpt><trkpt lat="56.02416" lon="37.852147"><ele>164.6</ele><time>2026-06-24T05:19:41Z</time><extensions><gpxtpx:TrackPointExtension><gpxtpx:hr>142</gpxtpx:hr></gpxtpx:TrackPointExtension></extensions></trkpt><trkpt lat="56.024137" lon="37.852147"><ele>164.6</ele><time>2026-06-24T05:19:42Z</time><extensions><gpxtpx:TrackPointExtension><gpxtpx:hr>142</gpxtpx:hr></gpxtpx:TrackPointExtension></extensions></trkpt><trkpt lat="56.024117" lon="37.852147"><ele>164.6</ele><time>2026-06-24T05:19:43Z</time><extensions><gpxtpx:TrackPointExtension><gpxtpx:hr>142</gpxtpx:hr></gpxtpx:TrackPointExtension></extensions></trkpt><trkpt lat="56.024095" lon="37.852152"><ele>164.4</ele><time>2026-06-24T05:19:44Z</time><extensions><gpxtpx:TrackPointExtension><gpxtpx:hr>141</gpxtpx:hr></gpxtpx:TrackPointExtension></extensions></trkpt><trkpt lat="56.024072" lon="37.852155"><ele>164.6</ele><time>2026-06-24T05:19:45Z</time><extensions><gpxtpx:TrackPointExtension><gpxtpx:hr>142</gpxtpx:hr></gpxtpx:TrackPointExtension></extensions></trkpt><trkpt lat="56.02405" lon="37.852155"><ele>164.6</ele><time>2026-06-24T05:19:46Z</time><extensions><gpxtpx:TrackPointExtension><gpxtpx:hr>142</gpxtpx:hr></gpxtpx:TrackPointExtension></extensions></trkpt><trkpt lat="56.024027" lon="37.852152"><ele>164.4</ele><time>2026-06-24T05:19:47Z</time><extensions><gpxtpx:TrackPointExtension><gpxtpx:hr>141</gpxtpx:hr></gpxtpx:TrackPointExtension></extensions></trkpt><trkpt lat="56.024002" lon="37.852152"><ele>164.4</ele><time>2026-06-24T05:19:48Z</time><extensions><gpxtpx:TrackPointExtension><gpxtpx:hr>141</gpxtpx:hr></gpxtpx:TrackPointExtension></extensions></trkpt><trkpt lat="56.023982" lon="37.852152"><ele>164.4</ele><time>2026-06-24T05:19:49Z</time><extensions><gpxtpx:TrackPointExtension><gpxtpx:hr>142</gpxtpx:hr></gpxtpx:TrackPointExtension></extensions></trkpt><trkpt lat="56.023957" lon="37.852155"><ele>164.6</ele><time>2026-06-24T05:19:50Z</time><extensions><gpxtpx:TrackPointExtension><gpxtpx:hr>141</gpxtpx:hr></gpxtpx:TrackPointExtension></extensions></trkpt><trkpt lat="56.023935" lon="37.852167"><ele>164.6</ele><time>2026-06-24T05:19:51Z</time><extensions><gpxtpx:TrackPointExtension><gpxtpx:hr>140</gpxtpx:hr></gpxtpx:TrackPointExtension></extensions></trkpt><trkpt lat="56.023912" lon="37.852177"><ele>164.6</ele><time>2026-06-24T05:19:52Z</time><extensions><gpxtpx:TrackPointExtension><gpxtpx:hr>141</gpxtpx:hr></gpxtpx:TrackPointExtension></extensions></trkpt><trkpt lat="56.023895" lon="37.852195"><ele>164.6</ele><time>2026-06-24T05:19:53Z</time><extensions><gpxtpx:TrackPointExtension><gpxtpx:hr>142</gpxtpx:hr></gpxtpx:TrackPointExtension></extensions></trkpt><trkpt lat="56.023877" lon="37.852217"><ele>164.6</ele><time>2026-06-24T05:19:54Z</time><extensions><gpxtpx:TrackPointExtension><gpxtpx:hr>142</gpxtpx:hr></gpxtpx:TrackPointExtension></extensions></trkpt><trkpt lat="56.023862" lon="37.852245"><ele>164.4</ele><time>2026-06-24T05:19:55Z</time><extensions><gpxtpx:TrackPointExtension><gpxtpx:hr>141</gpxtpx:hr></gpxtpx:TrackPointExtension></extensions></trkpt><trkpt lat="56.023847" lon="37.852277"><ele>164.4</ele><time>2026-06-24T05:19:56Z</time><extensions><gpxtpx:TrackPointExtension><gpxtpx:hr>142</gpxtpx:hr></gpxtpx:TrackPointExtension></extensions></trkpt><trkpt lat="56.023837" lon="37.85231"><ele>164.4</ele><time>2026-06-24T05:19:57Z</time><extensions><gpxtpx:TrackPointExtension><gpxtpx:hr>141</gpxtpx:hr></gpxtpx:TrackPointExtension></extensions></trkpt><trkpt lat="56.023827" lon="37.852345"><ele>164.4</ele><time>2026-06-24T05:19:58Z</time><extensions><gpxtpx:TrackPointExtension><gpxtpx:hr>140</gpxtpx:hr></gpxtpx:TrackPointExtension></extensions></trkpt><trkpt lat="56.023825" lon="37.852378"><ele>164.6</ele><time>2026-06-24T05:19:59Z</time><extensions><gpxtpx:TrackPointExtension><gpxtpx:hr>141</gpxtpx:hr></gpxtpx:TrackPointExtension></extensions></trkpt><trkpt lat="56.023822" lon="37.852417"><ele>164.6</ele><time>2026-06-24T05:20:00Z</time><extensions><gpxtpx:TrackPointExtension><gpxtpx:hr>141</gpxtpx:hr></gpxtpx:TrackPointExtension></extensions></trkpt><trkpt lat="56.023825" lon="37.852457"><ele>164.6</ele><time>2026-06-24T05:20:01Z</time><extensions><gpxtpx:TrackPointExtension><gpxtpx:hr>140</gpxtpx:hr></gpxtpx:TrackPointExtension></extensions></trkpt><trkpt lat="56.02383" lon="37.852497"><ele>164.6</ele><time>2026-06-24T05:20:02Z</time><extensions><gpxtpx:TrackPointExtension><gpxtpx:hr>140</gpxtpx:hr></gpxtpx:TrackPointExtension></extensions></trkpt><trkpt lat="56.023833" lon="37.85254"><ele>164.6</ele><time>2026-06-24T05:20:03Z</time><extensions><gpxtpx:TrackPointExtension><gpxtpx:hr>140</gpxtpx:hr></gpxtpx:TrackPointExtension></extensions></trkpt><trkpt lat="56.023842" lon="37.85258"><ele>164.6</ele><time>2026-06-24T05:20:04Z</time><extensions><gpxtpx:TrackPointExtension><gpxtpx:hr>140</gpxtpx:hr></gpxtpx:TrackPointExtension></extensions></trkpt><trkpt lat="56.023855" lon="37.852612"><ele>164.6</ele><time>2026-06-24T05:20:05Z</time><extensions><gpxtpx:TrackPointExtension><gpxtpx:hr>139</gpxtpx:hr></gpxtpx:TrackPointExtension></extensions></trkpt><trkpt lat="56.023867" lon="37.852645"><ele>164.6</ele><time>2026-06-24T05:20:06Z</time><extensions><gpxtpx:TrackPointExtension><gpxtpx:hr>140</gpxtpx:hr></gpxtpx:TrackPointExtension></extensions></trkpt><trkpt lat="56.023887" lon="37.852673"><ele>164.6</ele><time>2026-06-24T05:20:07Z</time><extensions><gpxtpx:TrackPointExtension><gpxtpx:hr>139</gpxtpx:hr></gpxtpx:TrackPointExtension></extensions></trkpt><trkpt lat="56.023905" lon="37.8527"><ele>164.6</ele><time>2026-06-24T05:20:08Z</time><extensions><gpxtpx:TrackPointExtension><gpxtpx:hr>139</gpxtpx:hr></gpxtpx:TrackPointExtension></extensions></trkpt><trkpt lat="56.023925" lon="37.852722"><ele>164.6</ele><time>2026-06-24T05:20:09Z</time><extensions><gpxtpx:TrackPointExtension><gpxtpx:hr>139</gpxtpx:hr></gpxtpx:TrackPointExtension></extensions></trkpt><trkpt lat="56.02395" lon="37.85274"><ele>164.6</ele><time>2026-06-24T05:20:10Z</time><extensions><gpxtpx:TrackPointExtension><gpxtpx:hr>140</gpxtpx:hr></gpxtpx:TrackPointExtension></extensions></trkpt><trkpt lat="56.02397" lon="37.852747"><ele>164.6</ele><time>2026-06-24T05:20:11Z</time><extensions><gpxtpx:TrackPointExtension><gpxtpx:hr>139</gpxtpx:hr></gpxtpx:TrackPointExtension></extensions></trkpt><trkpt lat="56.023988" lon="37.852752"><ele>164.6</ele><time>2026-06-24T05:20:12Z</time><extensions><gpxtpx:TrackPointExtension><gpxtpx:hr>139</gpxtpx:hr></gpxtpx:TrackPointExtension></extensions></trkpt><trkpt lat="56.024012" lon="37.852752"><ele>164.6</ele><time>2026-06-24T05:20:13Z</time><extensions><gpxtpx:TrackPointExtension><gpxtpx:hr>140</gpxtpx:hr></gpxtpx:TrackPointExtension></extensions></trkpt><trkpt lat="56.024032" lon="37.852755"><ele>164.4</ele><time>2026-06-24T05:20:14Z</time><extensions><gpxtpx:TrackPointExtension><gpxtpx:hr>138</gpxtpx:hr></gpxtpx:TrackPointExtension></extensions></trkpt><trkpt lat="56.024052" lon="37.852752"><ele>164.6</ele><time>2026-06-24T05:20:15Z</time><extensions><gpxtpx:TrackPointExtension><gpxtpx:hr>139</gpxtpx:hr></gpxtpx:TrackPointExtension></extensions></trkpt><trkpt lat="56.024072" lon="37.852755"><ele>164.6</ele><time>2026-06-24T05:20:16Z</time><extensions><gpxtpx:TrackPointExtension><gpxtpx:hr>140</gpxtpx:hr></gpxtpx:TrackPointExtension></extensions></trkpt><trkpt lat="56.024095" lon="37.852757"><ele>164.6</ele><time>2026-06-24T05:20:17Z</time><extensions><gpxtpx:TrackPointExtension><gpxtpx:hr>139</gpxtpx:hr></gpxtpx:TrackPointExtension></extensions></trkpt><trkpt lat="56.024115" lon="37.85276"><ele>164.6</ele><time>2026-06-24T05:20:18Z</time><extensions><gpxtpx:TrackPointExtension><gpxtpx:hr>139</gpxtpx:hr></gpxtpx:TrackPointExtension></extensions></trkpt><trkpt lat="56.024137" lon="37.852762"><ele>164.6</ele><time>2026-06-24T05:20:19Z</time><extensions><gpxtpx:TrackPointExtension><gpxtpx:hr>140</gpxtpx:hr></gpxtpx:TrackPointExtension></extensions></trkpt><trkpt lat="56.02416" lon="37.85276"><ele>164.6</ele><time>2026-06-24T05:20:20Z</time><extensions><gpxtpx:TrackPointExtension><gpxtpx:hr>139</gpxtpx:hr></gpxtpx:TrackPointExtension></extensions></trkpt><trkpt lat="56.02418" lon="37.852762"><ele>164.6</ele><time>2026-06-24T05:20:21Z</time><extensions><gpxtpx:TrackPointExtension><gpxtpx:hr>139</gpxtpx:hr></gpxtpx:TrackPointExtension></extensions></trkpt><trkpt lat="56.024202" lon="37.85276"><ele>164.6</ele><time>2026-06-24T05:20:22Z</time><extensions><gpxtpx:TrackPointExtension><gpxtpx:hr>140</gpxtpx:hr></gpxtpx:TrackPointExtension></extensions></trkpt><trkpt lat="56.024225" lon="37.852757"><ele>164.6</ele><time>2026-06-24T05:20:23Z</time><extensions><gpxtpx:TrackPointExtension><gpxtpx:hr>140</gpxtpx:hr></gpxtpx:TrackPointExtension></extensions></trkpt><trkpt lat="56.024247" lon="37.852757"><ele>164.8</ele><time>2026-06-24T05:20:24Z</time><extensions><gpxtpx:TrackPointExtension><gpxtpx:hr>140</gpxtpx:hr></gpxtpx:TrackPointExtension></extensions></trkpt><trkpt lat="56.02427" lon="37.852757"><ele>164.8</ele><time>2026-06-24T05:20:25Z</time><extensions><gpxtpx:TrackPointExtension><gpxtpx:hr>141</gpxtpx:hr></gpxtpx:TrackPointExtension></extensions></trkpt><trkpt lat="56.024292" lon="37.852755"><ele>164.8</ele><time>2026-06-24T05:20:26Z</time><extensions><gpxtpx:TrackPointExtension><gpxtpx:hr>140</gpxtpx:hr></gpxtpx:TrackPointExtension></extensions></trkpt><trkpt lat="56.024312" lon="37.852752"><ele>164.8</ele><time>2026-06-24T05:20:27Z</time><extensions><gpxtpx:TrackPointExtension><gpxtpx:hr>140</gpxtpx:hr></gpxtpx:TrackPointExtension></extensions></trkpt><trkpt lat="56.024332" lon="37.852755"><ele>164.8</ele><time>2026-06-24T05:20:28Z</time><extensions><gpxtpx:TrackPointExtension><gpxtpx:hr>141</gpxtpx:hr></gpxtpx:TrackPointExtension></extensions></trkpt><trkpt lat="56.024355" lon="37.852757"><ele>164.8</ele><time>2026-06-24T05:20:29Z</time><extensions><gpxtpx:TrackPointExtension><gpxtpx:hr>142</gpxtpx:hr></gpxtpx:TrackPointExtension></extensions></trkpt><trkpt lat="56.024377" lon="37.85276"><ele>164.8</ele><time>2026-06-24T05:20:30Z</time><extensions><gpxtpx:TrackPointExtension><gpxtpx:hr>139</gpxtpx:hr></gpxtpx:TrackPointExtension></extensions></trkpt><trkpt lat="56.024402" lon="37.852757"><ele>164.8</ele><time>2026-06-24T05:20:31Z</time><extensions><gpxtpx:TrackPointExtension><gpxtpx:hr>140</gpxtpx:hr></gpxtpx:TrackPointExtension></extensions></trkpt><trkpt lat="56.024425" lon="37.852755"><ele>165.0</ele><time>2026-06-24T05:20:32Z</time><extensions><gpxtpx:TrackPointExtension><gpxtpx:hr>141</gpxtpx:hr></gpxtpx:TrackPointExtension></extensions></trkpt><trkpt lat="56.024445" lon="37.852745"><ele>164.8</ele><time>2026-06-24T05:20:33Z</time><extensions><gpxtpx:TrackPointExtension><gpxtpx:hr>140</gpxtpx:hr></gpxtpx:TrackPointExtension></extensions></trkpt><trkpt lat="56.024467" lon="37.85273"><ele>165.0</ele><time>2026-06-24T05:20:34Z</time><extensions><gpxtpx:TrackPointExtension><gpxtpx:hr>140</gpxtpx:hr></gpxtpx:TrackPointExtension></extensions></trkpt><trkpt lat="56.024485" lon="37.852707"><ele>165.0</ele><time>2026-06-24T05:20:35Z</time><extensions><gpxtpx:TrackPointExtension><gpxtpx:hr>141</gpxtpx:hr></gpxtpx:TrackPointExtension></extensions></trkpt><trkpt lat="56.024502" lon="37.852682"><ele>164.8</ele><time>2026-06-24T05:20:36Z</time><extensions><gpxtpx:TrackPointExtension><gpxtpx:hr>141</gpxtpx:hr></gpxtpx:TrackPointExtension></extensions></trkpt><trkpt lat="56.024517" lon="37.852655"><ele>164.8</ele><time>2026-06-24T05:20:37Z</time><extensions><gpxtpx:TrackPointExtension><gpxtpx:hr>141</gpxtpx:hr></gpxtpx:TrackPointExtension></extensions></trkpt><trkpt lat="56.02453" lon="37.852622"><ele>164.8</ele><time>2026-06-24T05:20:38Z</time><extensions><gpxtpx:TrackPointExtension><gpxtpx:hr>141</gpxtpx:hr></gpxtpx:TrackPointExtension></extensions></trkpt><trkpt lat="56.024545" lon="37.852587"><ele>164.8</ele><time>2026-06-24T05:20:39Z</time><extensions><gpxtpx:TrackPointExtension><gpxtpx:hr>142</gpxtpx:hr></gpxtpx:TrackPointExtension></extensions></trkpt><trkpt lat="56.024555" lon="37.85255"><ele>164.6</ele><time>2026-06-24T05:20:40Z</time><extensions><gpxtpx:TrackPointExtension><gpxtpx:hr>141</gpxtpx:hr></gpxtpx:TrackPointExtension></extensions></trkpt><trkpt lat="56.02456" lon="37.852507"><ele>164.6</ele><time>2026-06-24T05:20:41Z</time><extensions><gpxtpx:TrackPointExtension><gpxtpx:hr>141</gpxtpx:hr></gpxtpx:TrackPointExtension></extensions></trkpt><trkpt lat="56.024562" lon="37.852467"><ele>164.6</ele><time>2026-06-24T05:20:42Z</time><extensions><gpxtpx:TrackPointExtension><gpxtpx:hr>142</gpxtpx:hr></gpxtpx:TrackPointExtension></extensions></trkpt><trkpt lat="56.024562" lon="37.852425"><ele>164.6</ele><time>2026-06-24T05:20:43Z</time><extensions><gpxtpx:TrackPointExtension><gpxtpx:hr>142</gpxtpx:hr></gpxtpx:TrackPointExtension></extensions></trkpt><trkpt lat="56.024557" lon="37.852387"><ele>164.4</ele><time>2026-06-24T05:20:44Z</time><extensions><gpxtpx:TrackPointExtension><gpxtpx:hr>141</gpxtpx:hr></gpxtpx:TrackPointExtension></extensions></trkpt><trkpt lat="56.024547" lon="37.852347"><ele>164.4</ele><time>2026-06-24T05:20:45Z</time><extensions><gpxtpx:TrackPointExtension><gpxtpx:hr>141</gpxtpx:hr></gpxtpx:TrackPointExtension></extensions></trkpt><trkpt lat="56.024535" lon="37.852312"><ele>164.4</ele><time>2026-06-24T05:20:46Z</time><extensions><gpxtpx:TrackPointExtension><gpxtpx:hr>142</gpxtpx:hr></gpxtpx:TrackPointExtension></extensions></trkpt><trkpt lat="56.024522" lon="37.852282"><ele>164.4</ele><time>2026-06-24T05:20:47Z</time><extensions><gpxtpx:TrackPointExtension><gpxtpx:hr>143</gpxtpx:hr></gpxtpx:TrackPointExtension></extensions></trkpt><trkpt lat="56.024502" lon="37.85225"><ele>164.4</ele><time>2026-06-24T05:20:48Z</time><extensions><gpxtpx:TrackPointExtension><gpxtpx:hr>143</gpxtpx:hr></gpxtpx:TrackPointExtension></extensions></trkpt><trkpt lat="56.024487" lon="37.852227"><ele>164.4</ele><time>2026-06-24T05:20:49Z</time><extensions><gpxtpx:TrackPointExtension><gpxtpx:hr>143</gpxtpx:hr></gpxtpx:TrackPointExtension></extensions></trkpt><trkpt lat="56.024467" lon="37.852202"><ele>164.4</ele><time>2026-06-24T05:20:50Z</time><extensions><gpxtpx:TrackPointExtension><gpxtpx:hr>143</gpxtpx:hr></gpxtpx:TrackPointExtension></extensions></trkpt><trkpt lat="56.024445" lon="37.852187"><ele>164.6</ele><time>2026-06-24T05:20:51Z</time><extensions><gpxtpx:TrackPointExtension><gpxtpx:hr>143</gpxtpx:hr></gpxtpx:TrackPointExtension></extensions></trkpt><trkpt lat="56.024422" lon="37.852177"><ele>164.6</ele><time>2026-06-24T05:20:52Z</time><extensions><gpxtpx:TrackPointExtension><gpxtpx:hr>142</gpxtpx:hr></gpxtpx:TrackPointExtension></extensions></trkpt><trkpt lat="56.024402" lon="37.852172"><ele>164.6</ele><time>2026-06-24T05:20:53Z</time><extensions><gpxtpx:TrackPointExtension><gpxtpx:hr>142</gpxtpx:hr></gpxtpx:TrackPointExtension></extensions></trkpt><trkpt lat="56.024377" lon="37.852172"><ele>164.4</ele><time>2026-06-24T05:20:54Z</time><extensions><gpxtpx:TrackPointExtension><gpxtpx:hr>142</gpxtpx:hr></gpxtpx:TrackPointExtension></extensions></trkpt><trkpt lat="56.024352" lon="37.852167"><ele>164.6</ele><time>2026-06-24T05:20:55Z</time><extensions><gpxtpx:TrackPointExtension><gpxtpx:hr>142</gpxtpx:hr></gpxtpx:TrackPointExtension></extensions></trkpt><trkpt lat="56.024332" lon="37.852167"><ele>164.6</ele><time>2026-06-24T05:20:56Z</time><extensions><gpxtpx:TrackPointExtension><gpxtpx:hr>141</gpxtpx:hr></gpxtpx:TrackPointExtension></extensions></trkpt><trkpt lat="56.02431" lon="37.852167"><ele>164.6</ele><time>2026-06-24T05:20:57Z</time><extensions><gpxtpx:TrackPointExtension><gpxtpx:hr>140</gpxtpx:hr></gpxtpx:TrackPointExtension></extensions></trkpt><trkpt lat="56.024287" lon="37.852167"><ele>164.6</ele><time>2026-06-24T05:20:58Z</time><extensions><gpxtpx:TrackPointExtension><gpxtpx:hr>141</gpxtpx:hr></gpxtpx:TrackPointExtension></extensions></trkpt><trkpt lat="56.024265" lon="37.852167"><ele>164.6</ele><time>2026-06-24T05:20:59Z</time><extensions><gpxtpx:TrackPointExtension><gpxtpx:hr>141</gpxtpx:hr></gpxtpx:TrackPointExtension></extensions></trkpt><trkpt lat="56.024242" lon="37.852165"><ele>164.6</ele><time>2026-06-24T05:21:00Z</time><extensions><gpxtpx:TrackPointExtension><gpxtpx:hr>140</gpxtpx:hr></gpxtpx:TrackPointExtension></extensions></trkpt><trkpt lat="56.02422" lon="37.852167"><ele>164.6</ele><time>2026-06-24T05:21:01Z</time><extensions><gpxtpx:TrackPointExtension><gpxtpx:hr>140</gpxtpx:hr></gpxtpx:TrackPointExtension></extensions></trkpt><trkpt lat="56.0242" lon="37.852167"><ele>164.6</ele><time>2026-06-24T05:21:02Z</time><extensions><gpxtpx:TrackPointExtension><gpxtpx:hr>141</gpxtpx:hr></gpxtpx:TrackPointExtension></extensions></trkpt><trkpt lat="56.024177" lon="37.852165"><ele>164.6</ele><time>2026-06-24T05:21:03Z</time><extensions><gpxtpx:TrackPointExtension><gpxtpx:hr>141</gpxtpx:hr></gpxtpx:TrackPointExtension></extensions></trkpt><trkpt lat="56.024152" lon="37.852167"><ele>164.6</ele><time>2026-06-24T05:21:04Z</time><extensions><gpxtpx:TrackPointExtension><gpxtpx:hr>141</gpxtpx:hr></gpxtpx:TrackPointExtension></extensions></trkpt><trkpt lat="56.024132" lon="37.852165"><ele>164.6</ele><time>2026-06-24T05:21:05Z</time><extensions><gpxtpx:TrackPointExtension><gpxtpx:hr>142</gpxtpx:hr></gpxtpx:TrackPointExtension></extensions></trkpt><trkpt lat="56.024112" lon="37.852167"><ele>164.4</ele><time>2026-06-24T05:21:06Z</time><extensions><gpxtpx:TrackPointExtension><gpxtpx:hr>142</gpxtpx:hr></gpxtpx:TrackPointExtension></extensions></trkpt><trkpt lat="56.024087" lon="37.852167"><ele>164.6</ele><time>2026-06-24T05:21:07Z</time><extensions><gpxtpx:TrackPointExtension><gpxtpx:hr>142</gpxtpx:hr></gpxtpx:TrackPointExtension></extensions></trkpt><trkpt lat="56.024067" lon="37.85217"><ele>164.6</ele><time>2026-06-24T05:21:08Z</time><extensions><gpxtpx:TrackPointExtension><gpxtpx:hr>142</gpxtpx:hr></gpxtpx:TrackPointExtension></extensions></trkpt><trkpt lat="56.024047" lon="37.852167"><ele>164.6</ele><time>2026-06-24T05:21:09Z</time><extensions><gpxtpx:TrackPointExtension><gpxtpx:hr>141</gpxtpx:hr></gpxtpx:TrackPointExtension></extensions></trkpt><trkpt lat="56.024022" lon="37.852172"><ele>164.6</ele><time>2026-06-24T05:21:10Z</time><extensions><gpxtpx:TrackPointExtension><gpxtpx:hr>141</gpxtpx:hr></gpxtpx:TrackPointExtension></extensions></trkpt><trkpt lat="56.024002" lon="37.85217"><ele>164.6</ele><time>2026-06-24T05:21:11Z</time><extensions><gpxtpx:TrackPointExtension><gpxtpx:hr>141</gpxtpx:hr></gpxtpx:TrackPointExtension></extensions></trkpt><trkpt lat="56.02398" lon="37.852172"><ele>164.6</ele><time>2026-06-24T05:21:12Z</time><extensions><gpxtpx:TrackPointExtension><gpxtpx:hr>142</gpxtpx:hr></gpxtpx:TrackPointExtension></extensions></trkpt><trkpt lat="56.023957" lon="37.852177"><ele>164.6</ele><time>2026-06-24T05:21:13Z</time><extensions><gpxtpx:TrackPointExtension><gpxtpx:hr>142</gpxtpx:hr></gpxtpx:TrackPointExtension></extensions></trkpt><trkpt lat="56.023932" lon="37.852187"><ele>164.6</ele><time>2026-06-24T05:21:14Z</time><extensions><gpxtpx:TrackPointExtension><gpxtpx:hr>143</gpxtpx:hr></gpxtpx:TrackPointExtension></extensions></trkpt><trkpt lat="56.023912" lon="37.8522"><ele>164.6</ele><time>2026-06-24T05:21:15Z</time><extensions><gpxtpx:TrackPointExtension><gpxtpx:hr>143</gpxtpx:hr></gpxtpx:TrackPointExtension></extensions></trkpt><trkpt lat="56.023892" lon="37.852222"><ele>164.6</ele><time>2026-06-24T05:21:16Z</time><extensions><gpxtpx:TrackPointExtension><gpxtpx:hr>144</gpxtpx:hr></gpxtpx:TrackPointExtension></extensions></trkpt><trkpt lat="56.023872" lon="37.852245"><ele>164.8</ele><time>2026-06-24T05:21:17Z</time><extensions><gpxtpx:TrackPointExtension><gpxtpx:hr>143</gpxtpx:hr></gpxtpx:TrackPointExtension></extensions></trkpt><trkpt lat="56.023857" lon="37.852272"><ele>164.8</ele><time>2026-06-24T05:21:18Z</time><extensions><gpxtpx:TrackPointExtension><gpxtpx:hr>142</gpxtpx:hr></gpxtpx:TrackPointExtension></extensions></trkpt><trkpt lat="56.023842" lon="37.852302"><ele>164.8</ele><time>2026-06-24T05:21:19Z</time><extensions><gpxtpx:TrackPointExtension><gpxtpx:hr>143</gpxtpx:hr></gpxtpx:TrackPointExtension></extensions></trkpt><trkpt lat="56.023832" lon="37.852337"><ele>164.6</ele><time>2026-06-24T05:21:20Z</time><extensions><gpxtpx:TrackPointExtension><gpxtpx:hr>144</gpxtpx:hr></gpxtpx:TrackPointExtension></extensions></trkpt><trkpt lat="56.023822" lon="37.852372"><ele>164.6</ele><time>2026-06-24T05:21:21Z</time><extensions><gpxtpx:TrackPointExtension><gpxtpx:hr>144</gpxtpx:hr></gpxtpx:TrackPointExtension></extensions></trkpt><trkpt lat="56.023817" lon="37.852412"><ele>164.6</ele><time>2026-06-24T05:21:22Z</time><extensions><gpxtpx:TrackPointExtension><gpxtpx:hr>144</gpxtpx:hr></gpxtpx:TrackPointExtension></extensions></trkpt><trkpt lat="56.023817" lon="37.852457"><ele>164.6</ele><time>2026-06-24T05:21:23Z</time><extensions><gpxtpx:TrackPointExtension><gpxtpx:hr>144</gpxtpx:hr></gpxtpx:TrackPointExtension></extensions></trkpt><trkpt lat="56.023817" lon="37.852492"><ele>164.8</ele><time>2026-06-24T05:21:24Z</time><extensions><gpxtpx:TrackPointExtension><gpxtpx:hr>145</gpxtpx:hr></gpxtpx:TrackPointExtension></extensions></trkpt><trkpt lat="56.023822" lon="37.85253"><ele>164.8</ele><time>2026-06-24T05:21:25Z</time><extensions><gpxtpx:TrackPointExtension><gpxtpx:hr>144</gpxtpx:hr></gpxtpx:TrackPointExtension></extensions></trkpt><trkpt lat="56.023827" lon="37.85257"><ele>164.8</ele><time>2026-06-24T05:21:26Z</time><extensions><gpxtpx:TrackPointExtension><gpxtpx:hr>144</gpxtpx:hr></gpxtpx:TrackPointExtension></extensions></trkpt><trkpt lat="56.023837" lon="37.852607"><ele>164.8</ele><time>2026-06-24T05:21:27Z</time><extensions><gpxtpx:TrackPointExtension><gpxtpx:hr>143</gpxtpx:hr></gpxtpx:TrackPointExtension></extensions></trkpt><trkpt lat="56.023847" lon="37.852642"><ele>164.8</ele><time>2026-06-24T05:21:28Z</time><extensions><gpxtpx:TrackPointExtension><gpxtpx:hr>144</gpxtpx:hr></gpxtpx:TrackPointExtension></extensions></trkpt><trkpt lat="56.023862" lon="37.852673"><ele>164.8</ele><time>2026-06-24T05:21:29Z</time><extensions><gpxtpx:TrackPointExtension><gpxtpx:hr>144</gpxtpx:hr></gpxtpx:TrackPointExtension></extensions></trkpt><trkpt lat="56.023882" lon="37.8527"><ele>165.0</ele><time>2026-06-24T05:21:30Z</time><extensions><gpxtpx:TrackPointExtension><gpxtpx:hr>143</gpxtpx:hr></gpxtpx:TrackPointExtension></extensions></trkpt><trkpt lat="56.0239" lon="37.852717"><ele>165.0</ele><time>2026-06-24T05:21:31Z</time><extensions><gpxtpx:TrackPointExtension><gpxtpx:hr>143</gpxtpx:hr></gpxtpx:TrackPointExtension></extensions></trkpt><trkpt lat="56.023922" lon="37.852737"><ele>165.0</ele><time>2026-06-24T05:21:32Z</time><extensions><gpxtpx:TrackPointExtension><gpxtpx:hr>144</gpxtpx:hr></gpxtpx:TrackPointExtension></extensions></trkpt><trkpt lat="56.023942" lon="37.85275"><ele>165.2</ele><time>2026-06-24T05:21:33Z</time><extensions><gpxtpx:TrackPointExtension><gpxtpx:hr>145</gpxtpx:hr></gpxtpx:TrackPointExtension></extensions></trkpt><trkpt lat="56.023965" lon="37.852762"><ele>165.2</ele><time>2026-06-24T05:21:34Z</time><extensions><gpxtpx:TrackPointExtension><gpxtpx:hr>145</gpxtpx:hr></gpxtpx:TrackPointExtension></extensions></trkpt><trkpt lat="56.023987" lon="37.852767"><ele>165.2</ele><time>2026-06-24T05:21:35Z</time><extensions><gpxtpx:TrackPointExtension><gpxtpx:hr>143</gpxtpx:hr></gpxtpx:TrackPointExtension></extensions></trkpt><trkpt lat="56.024012" lon="37.852772"><ele>165.0</ele><time>2026-06-24T05:21:36Z</time><extensions><gpxtpx:TrackPointExtension><gpxtpx:hr>144</gpxtpx:hr></gpxtpx:TrackPointExtension></extensions></trkpt><trkpt lat="56.024032" lon="37.852772"><ele>165.2</ele><time>2026-06-24T05:21:37Z</time><extensions><gpxtpx:TrackPointExtension><gpxtpx:hr>144</gpxtpx:hr></gpxtpx:TrackPointExtension></extensions></trkpt><trkpt lat="56.024057" lon="37.85277"><ele>165.0</ele><time>2026-06-24T05:21:38Z</time><extensions><gpxtpx:TrackPointExtension><gpxtpx:hr>144</gpxtpx:hr></gpxtpx:TrackPointExtension></extensions></trkpt><trkpt lat="56.024082" lon="37.852772"><ele>165.0</ele><time>2026-06-24T05:21:39Z</time><extensions><gpxtpx:TrackPointExtension><gpxtpx:hr>143</gpxtpx:hr></gpxtpx:TrackPointExtension></extensions></trkpt><trkpt lat="56.024102" lon="37.852772"><ele>165.0</ele><time>2026-06-24T05:21:40Z</time><extensions><gpxtpx:TrackPointExtension><gpxtpx:hr>144</gpxtpx:hr></gpxtpx:TrackPointExtension></extensions></trkpt><trkpt lat="56.024125" lon="37.852775"><ele>164.8</ele><time>2026-06-24T05:21:41Z</time><extensions><gpxtpx:TrackPointExtension><gpxtpx:hr>144</gpxtpx:hr></gpxtpx:TrackPointExtension></extensions></trkpt><trkpt lat="56.02415" lon="37.852775"><ele>164.8</ele><time>2026-06-24T05:21:42Z</time><extensions><gpxtpx:TrackPointExtension><gpxtpx:hr>143</gpxtpx:hr></gpxtpx:TrackPointExtension></extensions></trkpt><trkpt lat="56.02417" lon="37.852772"><ele>165.0</ele><time>2026-06-24T05:21:43Z</time><extensions><gpxtpx:TrackPointExtension><gpxtpx:hr>143</gpxtpx:hr></gpxtpx:TrackPointExtension></extensions></trkpt><trkpt lat="56.024192" lon="37.852772"><ele>165.0</ele><time>2026-06-24T05:21:44Z</time><extensions><gpxtpx:TrackPointExtension><gpxtpx:hr>143</gpxtpx:hr></gpxtpx:TrackPointExtension></extensions></trkpt><trkpt lat="56.024217" lon="37.852775"><ele>165.0</ele><time>2026-06-24T05:21:45Z</time><extensions><gpxtpx:TrackPointExtension><gpxtpx:hr>145</gpxtpx:hr></gpxtpx:TrackPointExtension></extensions></trkpt><trkpt lat="56.024237" lon="37.852777"><ele>165.0</ele><time>2026-06-24T05:21:46Z</time><extensions><gpxtpx:TrackPointExtension><gpxtpx:hr>143</gpxtpx:hr></gpxtpx:TrackPointExtension></extensions></trkpt><trkpt lat="56.02426" lon="37.852777"><ele>165.0</ele><time>2026-06-24T05:21:47Z</time><extensions><gpxtpx:TrackPointExtension><gpxtpx:hr>142</gpxtpx:hr></gpxtpx:TrackPointExtension></extensions></trkpt><trkpt lat="56.024285" lon="37.852775"><ele>165.0</ele><time>2026-06-24T05:21:48Z</time><extensions><gpxtpx:TrackPointExtension><gpxtpx:hr>143</gpxtpx:hr></gpxtpx:TrackPointExtension></extensions></trkpt><trkpt lat="56.024307" lon="37.852777"><ele>165.0</ele><time>2026-06-24T05:21:49Z</time><extensions><gpxtpx:TrackPointExtension><gpxtpx:hr>143</gpxtpx:hr></gpxtpx:TrackPointExtension></extensions></trkpt><trkpt lat="56.02433" lon="37.852777"><ele>165.2</ele><time>2026-06-24T05:21:50Z</time><extensions><gpxtpx:TrackPointExtension><gpxtpx:hr>143</gpxtpx:hr></gpxtpx:TrackPointExtension></extensions></trkpt><trkpt lat="56.024352" lon="37.85278"><ele>165.0</ele><time>2026-06-24T05:21:51Z</time><extensions><gpxtpx:TrackPointExtension><gpxtpx:hr>143</gpxtpx:hr></gpxtpx:TrackPointExtension></extensions></trkpt><trkpt lat="56.024372" lon="37.852782"><ele>165.0</ele><time>2026-06-24T05:21:52Z</time><extensions><gpxtpx:TrackPointExtension><gpxtpx:hr>143</gpxtpx:hr></gpxtpx:TrackPointExtension></extensions></trkpt><trkpt lat="56.024395" lon="37.85278"><ele>165.2</ele><time>2026-06-24T05:21:53Z</time><extensions><gpxtpx:TrackPointExtension><gpxtpx:hr>142</gpxtpx:hr></gpxtpx:TrackPointExtension></extensions></trkpt><trkpt lat="56.02442" lon="37.852777"><ele>165.2</ele><time>2026-06-24T05:21:54Z</time><extensions><gpxtpx:TrackPointExtension><gpxtpx:hr>142</gpxtpx:hr></gpxtpx:TrackPointExtension></extensions></trkpt><trkpt lat="56.024438" lon="37.852767"><ele>165.2</ele><time>2026-06-24T05:21:55Z</time><extensions><gpxtpx:TrackPointExtension><gpxtpx:hr>143</gpxtpx:hr></gpxtpx:TrackPointExtension></extensions></trkpt><trkpt lat="56.02446" lon="37.852755"><ele>165.2</ele><time>2026-06-24T05:21:56Z</time><extensions><gpxtpx:TrackPointExtension><gpxtpx:hr>143</gpxtpx:hr></gpxtpx:TrackPointExtension></extensions></trkpt><trkpt lat="56.02448" lon="37.852737"><ele>165.2</ele><time>2026-06-24T05:21:57Z</time><extensions><gpxtpx:TrackPointExtension><gpxtpx:hr>143</gpxtpx:hr></gpxtpx:TrackPointExtension></extensions></trkpt><trkpt lat="56.024497" lon="37.852715"><ele>165.0</ele><time>2026-06-24T05:21:58Z</time><extensions><gpxtpx:TrackPointExtension><gpxtpx:hr>143</gpxtpx:hr></gpxtpx:TrackPointExtension></extensions></trkpt><trkpt lat="56.024512" lon="37.85269"><ele>165.0</ele><time>2026-06-24T05:21:59Z</time><extensions><gpxtpx:TrackPointExtension><gpxtpx:hr>143</gpxtpx:hr></gpxtpx:TrackPointExtension></extensions></trkpt><trkpt lat="56.024523" lon="37.852657"><ele>165.0</ele><time>2026-06-24T05:22:00Z</time><extensions><gpxtpx:TrackPointExtension><gpxtpx:hr>143</gpxtpx:hr></gpxtpx:TrackPointExtension></extensions></trkpt><trkpt lat="56.02454" lon="37.852625"><ele>164.8</ele><time>2026-06-24T05:22:01Z</time><extensions><gpxtpx:TrackPointExtension><gpxtpx:hr>143</gpxtpx:hr></gpxtpx:TrackPointExtension></extensions></trkpt><trkpt lat="56.02455" lon="37.852592"><ele>164.8</ele><time>2026-06-24T05:22:02Z</time><extensions><gpxtpx:TrackPointExtension><gpxtpx:hr>143</gpxtpx:hr></gpxtpx:TrackPointExtension></extensions></trkpt><trkpt lat="56.024557" lon="37.852552"><ele>164.8</ele><time>2026-06-24T05:22:03Z</time><extensions><gpxtpx:TrackPointExtension><gpxtpx:hr>143</gpxtpx:hr></gpxtpx:TrackPointExtension></extensions></trkpt><trkpt lat="56.024562" lon="37.852507"><ele>164.8</ele><time>2026-06-24T05:22:04Z</time><extensions><gpxtpx:TrackPointExtension><gpxtpx:hr>143</gpxtpx:hr></gpxtpx:TrackPointExtension></extensions></trkpt><trkpt lat="56.024562" lon="37.852467"><ele>164.8</ele><time>2026-06-24T05:22:05Z</time><extensions><gpxtpx:TrackPointExtension><gpxtpx:hr>142</gpxtpx:hr></gpxtpx:TrackPointExtension></extensions></trkpt><trkpt lat="56.02456" lon="37.85243"><ele>164.6</ele><time>2026-06-24T05:22:06Z</time><extensions><gpxtpx:TrackPointExtension><gpxtpx:hr>142</gpxtpx:hr></gpxtpx:TrackPointExtension></extensions></trkpt><trkpt lat="56.024557" lon="37.852387"><ele>164.6</ele><time>2026-06-24T05:22:07Z</time><extensions><gpxtpx:TrackPointExtension><gpxtpx:hr>143</gpxtpx:hr></gpxtpx:TrackPointExtension></extensions></trkpt><trkpt lat="56.024547" lon="37.852352"><ele>164.6</ele><time>2026-06-24T05:22:08Z</time><extensions><gpxtpx:TrackPointExtension><gpxtpx:hr>143</gpxtpx:hr></gpxtpx:TrackPointExtension></extensions></trkpt><trkpt lat="56.024537" lon="37.852317"><ele>164.6</ele><time>2026-06-24T05:22:09Z</time><extensions><gpxtpx:TrackPointExtension><gpxtpx:hr>141</gpxtpx:hr></gpxtpx:TrackPointExtension></extensions></trkpt><trkpt lat="56.024523" lon="37.852285"><ele>164.6</ele><time>2026-06-24T05:22:10Z</time><extensions><gpxtpx:TrackPointExtension><gpxtpx:hr>142</gpxtpx:hr></gpxtpx:TrackPointExtension></extensions></trkpt><trkpt lat="56.02451" lon="37.852257"><ele>164.6</ele><time>2026-06-24T05:22:11Z</time><extensions><gpxtpx:TrackPointExtension><gpxtpx:hr>142</gpxtpx:hr></gpxtpx:TrackPointExtension></extensions></trkpt><trkpt lat="56.024492" lon="37.852232"><ele>164.6</ele><time>2026-06-24T05:22:12Z</time><extensions><gpxtpx:TrackPointExtension><gpxtpx:hr>142</gpxtpx:hr></gpxtpx:TrackPointExtension></extensions></trkpt><trkpt lat="56.024472" lon="37.852212"><ele>164.6</ele><time>2026-06-24T05:22:13Z</time><extensions><gpxtpx:TrackPointExtension><gpxtpx:hr>143</gpxtpx:hr></gpxtpx:TrackPointExtension></extensions></trkpt><trkpt lat="56.024452" lon="37.852195"><ele>164.8</ele><time>2026-06-24T05:22:14Z</time><extensions><gpxtpx:TrackPointExtension><gpxtpx:hr>142</gpxtpx:hr></gpxtpx:TrackPointExtension></extensions></trkpt><trkpt lat="56.024432" lon="37.852182"><ele>164.8</ele><time>2026-06-24T05:22:15Z</time><extensions><gpxtpx:TrackPointExtension><gpxtpx:hr>143</gpxtpx:hr></gpxtpx:TrackPointExtension></extensions></trkpt><trkpt lat="56.024407" lon="37.852175"><ele>164.6</ele><time>2026-06-24T05:22:16Z</time><extensions><gpxtpx:TrackPointExtension><gpxtpx:hr>141</gpxtpx:hr></gpxtpx:TrackPointExtension></extensions></trkpt><trkpt lat="56.024385" lon="37.852172"><ele>164.6</ele><time>2026-06-24T05:22:17Z</time><extensions><gpxtpx:TrackPointExtension><gpxtpx:hr>141</gpxtpx:hr></gpxtpx:TrackPointExtension></extensions></trkpt><trkpt lat="56.024362" lon="37.852167"><ele>164.8</ele><time>2026-06-24T05:22:18Z</time><extensions><gpxtpx:TrackPointExtension><gpxtpx:hr>141</gpxtpx:hr></gpxtpx:TrackPointExtension></extensions></trkpt><trkpt lat="56.024342" lon="37.85217"><ele>164.8</ele><time>2026-06-24T05:22:19Z</time><extensions><gpxtpx:TrackPointExtension><gpxtpx:hr>142</gpxtpx:hr></gpxtpx:TrackPointExtension></extensions></trkpt><trkpt lat="56.024317" lon="37.852172"><ele>164.8</ele><time>2026-06-24T05:22:20Z</time><extensions><gpxtpx:TrackPointExtension><gpxtpx:hr>143</gpxtpx:hr></gpxtpx:TrackPointExtension></extensions></trkpt><trkpt lat="56.024297" lon="37.852172"><ele>164.8</ele><time>2026-06-24T05:22:21Z</time><extensions><gpxtpx:TrackPointExtension><gpxtpx:hr>141</gpxtpx:hr></gpxtpx:TrackPointExtension></extensions></trkpt><trkpt lat="56.024277" lon="37.852172"><ele>164.8</ele><time>2026-06-24T05:22:22Z</time><extensions><gpxtpx:TrackPointExtension><gpxtpx:hr>141</gpxtpx:hr></gpxtpx:TrackPointExtension></extensions></trkpt><trkpt lat="56.024255" lon="37.852172"><ele>164.8</ele><time>2026-06-24T05:22:23Z</time><extensions><gpxtpx:TrackPointExtension><gpxtpx:hr>142</gpxtpx:hr></gpxtpx:TrackPointExtension></extensions></trkpt><trkpt lat="56.024232" lon="37.852175"><ele>164.8</ele><time>2026-06-24T05:22:24Z</time><extensions><gpxtpx:TrackPointExtension><gpxtpx:hr>142</gpxtpx:hr></gpxtpx:TrackPointExtension></extensions></trkpt><trkpt lat="56.024213" lon="37.852175"><ele>164.8</ele><time>2026-06-24T05:22:25Z</time><extensions><gpxtpx:TrackPointExtension><gpxtpx:hr>140</gpxtpx:hr></gpxtpx:TrackPointExtension></extensions></trkpt><trkpt lat="56.024192" lon="37.85217"><ele>164.8</ele><time>2026-06-24T05:22:26Z</time><extensions><gpxtpx:TrackPointExtension><gpxtpx:hr>140</gpxtpx:hr></gpxtpx:TrackPointExtension></extensions></trkpt><trkpt lat="56.024172" lon="37.852167"><ele>164.8</ele><time>2026-06-24T05:22:27Z</time><extensions><gpxtpx:TrackPointExtension><gpxtpx:hr>141</gpxtpx:hr></gpxtpx:TrackPointExtension></extensions></trkpt><trkpt lat="56.024152" lon="37.852165"><ele>164.8</ele><time>2026-06-24T05:22:28Z</time><extensions><gpxtpx:TrackPointExtension><gpxtpx:hr>141</gpxtpx:hr></gpxtpx:TrackPointExtension></extensions></trkpt><trkpt lat="56.024127" lon="37.852162"><ele>164.6</ele><time>2026-06-24T05:22:29Z</time><extensions><gpxtpx:TrackPointExtension><gpxtpx:hr>140</gpxtpx:hr></gpxtpx:TrackPointExtension></extensions></trkpt><trkpt lat="56.024107" lon="37.852167"><ele>164.6</ele><time>2026-06-24T05:22:30Z</time><extensions><gpxtpx:TrackPointExtension><gpxtpx:hr>140</gpxtpx:hr></gpxtpx:TrackPointExtension></extensions></trkpt><trkpt lat="56.024087" lon="37.852167"><ele>164.6</ele><time>2026-06-24T05:22:31Z</time><extensions><gpxtpx:TrackPointExtension><gpxtpx:hr>140</gpxtpx:hr></gpxtpx:TrackPointExtension></extensions></trkpt><trkpt lat="56.024062" lon="37.852165"><ele>164.6</ele><time>2026-06-24T05:22:32Z</time><extensions><gpxtpx:TrackPointExtension><gpxtpx:hr>140</gpxtpx:hr></gpxtpx:TrackPointExtension></extensions></trkpt><trkpt lat="56.02404" lon="37.852162"><ele>164.6</ele><time>2026-06-24T05:22:33Z</time><extensions><gpxtpx:TrackPointExtension><gpxtpx:hr>140</gpxtpx:hr></gpxtpx:TrackPointExtension></extensions></trkpt><trkpt lat="56.024017" lon="37.852162"><ele>164.6</ele><time>2026-06-24T05:22:34Z</time><extensions><gpxtpx:TrackPointExtension><gpxtpx:hr>141</gpxtpx:hr></gpxtpx:TrackPointExtension></extensions></trkpt><trkpt lat="56.023997" lon="37.852162"><ele>164.8</ele><time>2026-06-24T05:22:35Z</time><extensions><gpxtpx:TrackPointExtension><gpxtpx:hr>141</gpxtpx:hr></gpxtpx:TrackPointExtension></extensions></trkpt><trkpt lat="56.023977" lon="37.852167"><ele>164.8</ele><time>2026-06-24T05:22:36Z</time><extensions><gpxtpx:TrackPointExtension><gpxtpx:hr>141</gpxtpx:hr></gpxtpx:TrackPointExtension></extensions></trkpt><trkpt lat="56.023955" lon="37.852172"><ele>164.8</ele><time>2026-06-24T05:22:37Z</time><extensions><gpxtpx:TrackPointExtension><gpxtpx:hr>141</gpxtpx:hr></gpxtpx:TrackPointExtension></extensions></trkpt><trkpt lat="56.023935" lon="37.852182"><ele>164.8</ele><time>2026-06-24T05:22:38Z</time><extensions><gpxtpx:TrackPointExtension><gpxtpx:hr>141</gpxtpx:hr></gpxtpx:TrackPointExtension></extensions></trkpt><trkpt lat="56.023915" lon="37.852197"><ele>164.6</ele><time>2026-06-24T05:22:39Z</time><extensions><gpxtpx:TrackPointExtension><gpxtpx:hr>140</gpxtpx:hr></gpxtpx:TrackPointExtension></extensions></trkpt><trkpt lat="56.023895" lon="37.852217"><ele>164.8</ele><time>2026-06-24T05:22:40Z</time><extensions><gpxtpx:TrackPointExtension><gpxtpx:hr>140</gpxtpx:hr></gpxtpx:TrackPointExtension></extensions></trkpt><trkpt lat="56.023877" lon="37.85224"><ele>164.8</ele><time>2026-06-24T05:22:41Z</time><extensions><gpxtpx:TrackPointExtension><gpxtpx:hr>141</gpxtpx:hr></gpxtpx:TrackPointExtension></extensions></trkpt><trkpt lat="56.02386" lon="37.85227"><ele>164.6</ele><time>2026-06-24T05:22:42Z</time><extensions><gpxtpx:TrackPointExtension><gpxtpx:hr>141</gpxtpx:hr></gpxtpx:TrackPointExtension></extensions></trkpt><trkpt lat="56.023847" lon="37.8523"><ele>164.8</ele><time>2026-06-24T05:22:43Z</time><extensions><gpxtpx:TrackPointExtension><gpxtpx:hr>141</gpxtpx:hr></gpxtpx:TrackPointExtension></extensions></trkpt><trkpt lat="56.023837" lon="37.852335"><ele>164.8</ele><time>2026-06-24T05:22:44Z</time><extensions><gpxtpx:TrackPointExtension><gpxtpx:hr>140</gpxtpx:hr></gpxtpx:TrackPointExtension></extensions></trkpt><trkpt lat="56.023827" lon="37.852372"><ele>164.8</ele><time>2026-06-24T05:22:45Z</time><extensions><gpxtpx:TrackPointExtension><gpxtpx:hr>141</gpxtpx:hr></gpxtpx:TrackPointExtension></extensions></trkpt><trkpt lat="56.023825" lon="37.852415"><ele>164.8</ele><time>2026-06-24T05:22:46Z</time><extensions><gpxtpx:TrackPointExtension><gpxtpx:hr>141</gpxtpx:hr></gpxtpx:TrackPointExtension></extensions></trkpt><trkpt lat="56.023822" lon="37.852455"><ele>164.8</ele><time>2026-06-24T05:22:47Z</time><extensions><gpxtpx:TrackPointExtension><gpxtpx:hr>141</gpxtpx:hr></gpxtpx:TrackPointExtension></extensions></trkpt><trkpt lat="56.023825" lon="37.852495"><ele>164.6</ele><time>2026-06-24T05:22:48Z</time><extensions><gpxtpx:TrackPointExtension><gpxtpx:hr>141</gpxtpx:hr></gpxtpx:TrackPointExtension></extensions></trkpt><trkpt lat="56.023827" lon="37.852537"><ele>164.6</ele><time>2026-06-24T05:22:49Z</time><extensions><gpxtpx:TrackPointExtension><gpxtpx:hr>141</gpxtpx:hr></gpxtpx:TrackPointExtension></extensions></trkpt><trkpt lat="56.023833" lon="37.852577"><ele>164.8</ele><time>2026-06-24T05:22:50Z</time><extensions><gpxtpx:TrackPointExtension><gpxtpx:hr>139</gpxtpx:hr></gpxtpx:TrackPointExtension></extensions></trkpt><trkpt lat="56.023845" lon="37.852607"><ele>164.8</ele><time>2026-06-24T05:22:51Z</time><extensions><gpxtpx:TrackPointExtension><gpxtpx:hr>139</gpxtpx:hr></gpxtpx:TrackPointExtension></extensions></trkpt><trkpt lat="56.02386" lon="37.852642"><ele>164.8</ele><time>2026-06-24T05:22:52Z</time><extensions><gpxtpx:TrackPointExtension><gpxtpx:hr>140</gpxtpx:hr></gpxtpx:TrackPointExtension></extensions></trkpt><trkpt lat="56.023875" lon="37.852672"><ele>164.8</ele><time>2026-06-24T05:22:53Z</time><extensions><gpxtpx:TrackPointExtension><gpxtpx:hr>140</gpxtpx:hr></gpxtpx:TrackPointExtension></extensions></trkpt><trkpt lat="56.023892" lon="37.852697"><ele>165.0</ele><time>2026-06-24T05:22:54Z</time><extensions><gpxtpx:TrackPointExtension><gpxtpx:hr>140</gpxtpx:hr></gpxtpx:TrackPointExtension></extensions></trkpt><trkpt lat="56.023912" lon="37.852717"><ele>165.0</ele><time>2026-06-24T05:22:55Z</time><extensions><gpxtpx:TrackPointExtension><gpxtpx:hr>140</gpxtpx:hr></gpxtpx:TrackPointExtension></extensions></trkpt><trkpt lat="56.023935" lon="37.852732"><ele>165.0</ele><time>2026-06-24T05:22:56Z</time><extensions><gpxtpx:TrackPointExtension><gpxtpx:hr>140</gpxtpx:hr></gpxtpx:TrackPointExtension></extensions></trkpt><trkpt lat="56.023957" lon="37.852745"><ele>165.0</ele><time>2026-06-24T05:22:57Z</time><extensions><gpxtpx:TrackPointExtension><gpxtpx:hr>140</gpxtpx:hr></gpxtpx:TrackPointExtension></extensions></trkpt><trkpt lat="56.023977" lon="37.852752"><ele>165.0</ele><time>2026-06-24T05:22:58Z</time><extensions><gpxtpx:TrackPointExtension><gpxtpx:hr>139</gpxtpx:hr></gpxtpx:TrackPointExtension></extensions></trkpt><trkpt lat="56.024002" lon="37.852755"><ele>165.0</ele><time>2026-06-24T05:22:59Z</time><extensions><gpxtpx:TrackPointExtension><gpxtpx:hr>140</gpxtpx:hr></gpxtpx:TrackPointExtension></extensions></trkpt><trkpt lat="56.024022" lon="37.852757"><ele>165.0</ele><time>2026-06-24T05:23:00Z</time><extensions><gpxtpx:TrackPointExtension><gpxtpx:hr>139</gpxtpx:hr></gpxtpx:TrackPointExtension></extensions></trkpt><trkpt lat="56.024045" lon="37.852765"><ele>165.0</ele><time>2026-06-24T05:23:01Z</time><extensions><gpxtpx:TrackPointExtension><gpxtpx:hr>139</gpxtpx:hr></gpxtpx:TrackPointExtension></extensions></trkpt><trkpt lat="56.024067" lon="37.85277"><ele>165.0</ele><time>2026-06-24T05:23:02Z</time><extensions><gpxtpx:TrackPointExtension><gpxtpx:hr>140</gpxtpx:hr></gpxtpx:TrackPointExtension></extensions></trkpt><trkpt lat="56.024087" lon="37.852772"><ele>165.0</ele><time>2026-06-24T05:23:03Z</time><extensions><gpxtpx:TrackPointExtension><gpxtpx:hr>139</gpxtpx:hr></gpxtpx:TrackPointExtension></extensions></trkpt><trkpt lat="56.02411" lon="37.852777"><ele>165.0</ele><time>2026-06-24T05:23:04Z</time><extensions><gpxtpx:TrackPointExtension><gpxtpx:hr>138</gpxtpx:hr></gpxtpx:TrackPointExtension></extensions></trkpt><trkpt lat="56.024132" lon="37.852777"><ele>165.0</ele><time>2026-06-24T05:23:05Z</time><extensions><gpxtpx:TrackPointExtension><gpxtpx:hr>139</gpxtpx:hr></gpxtpx:TrackPointExtension></extensions></trkpt><trkpt lat="56.024157" lon="37.852777"><ele>165.0</ele><time>2026-06-24T05:23:06Z</time><extensions><gpxtpx:TrackPointExtension><gpxtpx:hr>138</gpxtpx:hr></gpxtpx:TrackPointExtension></extensions></trkpt><trkpt lat="56.024177" lon="37.852777"><ele>164.8</ele><time>2026-06-24T05:23:07Z</time><extensions><gpxtpx:TrackPointExtension><gpxtpx:hr>138</gpxtpx:hr></gpxtpx:TrackPointExtension></extensions></trkpt><trkpt lat="56.0242" lon="37.85278"><ele>164.8</ele><time>2026-06-24T05:23:08Z</time><extensions><gpxtpx:TrackPointExtension><gpxtpx:hr>138</gpxtpx:hr></gpxtpx:TrackPointExtension></extensions></trkpt><trkpt lat="56.024222" lon="37.85278"><ele>164.8</ele><time>2026-06-24T05:23:09Z</time><extensions><gpxtpx:TrackPointExtension><gpxtpx:hr>137</gpxtpx:hr></gpxtpx:TrackPointExtension></extensions></trkpt><trkpt lat="56.024242" lon="37.852782"><ele>164.8</ele><time>2026-06-24T05:23:10Z</time><extensions><gpxtpx:TrackPointExtension><gpxtpx:hr>137</gpxtpx:hr></gpxtpx:TrackPointExtension></extensions></trkpt><trkpt lat="56.024265" lon="37.852782"><ele>164.8</ele><time>2026-06-24T05:23:11Z</time><extensions><gpxtpx:TrackPointExtension><gpxtpx:hr>138</gpxtpx:hr></gpxtpx:TrackPointExtension></extensions></trkpt><trkpt lat="56.024287" lon="37.852785"><ele>164.8</ele><time>2026-06-24T05:23:12Z</time><extensions><gpxtpx:TrackPointExtension><gpxtpx:hr>138</gpxtpx:hr></gpxtpx:TrackPointExtension></extensions></trkpt><trkpt lat="56.024305" lon="37.852785"><ele>164.8</ele><time>2026-06-24T05:23:13Z</time><extensions><gpxtpx:TrackPointExtension><gpxtpx:hr>138</gpxtpx:hr></gpxtpx:TrackPointExtension></extensions></trkpt><trkpt lat="56.024332" lon="37.85279"><ele>164.8</ele><time>2026-06-24T05:23:15Z</time><extensions><gpxtpx:TrackPointExtension><gpxtpx:hr>137</gpxtpx:hr></gpxtpx:TrackPointExtension></extensions></trkpt><trkpt lat="56.024362" lon="37.852792"><ele>164.8</ele><time>2026-06-24T05:23:17Z</time><extensions><gpxtpx:TrackPointExtension><gpxtpx:hr>136</gpxtpx:hr></gpxtpx:TrackPointExtension></extensions></trkpt></trkseg></trk></gpx>