<?xml version="1.0" encoding="UTF-8" standalone="no"?><gpx xmlns="http://www.topografix.com/GPX/1/1" xmlns:gpxtpx="http://www.garmin.com/xmlschemas/TrackPointExtension/v1" xmlns:xsi="http://www.w3.org/2001/XMLSchema-instance" creator="Suunto app" version="1.1" xsi:schemaLocation="http://www.topografix.com/GPX/1/1 http://www.topografix.com/GPX/1/1/gpx.xsd http://www.garmin.com/xmlschemas/TrackPointExtension/v1 http://www.garmin.com/xmlschemas/TrackPointExtensionv1.xsd"><metadata><name>suuntoapp-Running-2026-07-06T10-30-54Z</name><desc/><author><name>Anton</name></author></metadata><trk><name>suuntoapp-Running-2026-07-06T10-30-54Z</name><trkseg><trkpt lat="56.631342" lon="38.106977"><ele>136.6</ele><time>2026-07-06T10:30:55Z</time><extensions><gpxtpx:TrackPointExtension><gpxtpx:hr>94</gpxtpx:hr></gpxtpx:TrackPointExtension></extensions></trkpt><trkpt lat="56.631345" lon="38.106967"><ele>136.6</ele><time>2026-07-06T10:30:56Z</time><extensions><gpxtpx:TrackPointExtension><gpxtpx:hr>94</gpxtpx:hr></gpxtpx:TrackPointExtension></extensions></trkpt><trkpt lat="56.63135" lon="38.10692"><ele>136.6</ele><time>2026-07-06T10:30:58Z</time><extensions><gpxtpx:TrackPointExtension><gpxtpx:hr>93</gpxtpx:hr></gpxtpx:TrackPointExtension></extensions></trkpt><trkpt lat="56.63135" lon="38.106883"><ele>136.6</ele><time>2026-07-06T10:30:59Z</time><extensions><gpxtpx:TrackPointExtension><gpxtpx:hr>93</gpxtpx:hr></gpxtpx:TrackPointExtension></extensions></trkpt><trkpt lat="56.631352" lon="38.106852"><ele>136.6</ele><time>2026-07-06T10:31:00Z</time><extensions><gpxtpx:TrackPointExtension><gpxtpx:hr>92</gpxtpx:hr></gpxtpx:TrackPointExtension></extensions></trkpt><trkpt lat="56.63135" lon="38.106813"><ele>136.6</ele><time>2026-07-06T10:31:01Z</time><extensions><gpxtpx:TrackPointExtension><gpxtpx:hr>92</gpxtpx:hr></gpxtpx:TrackPointExtension></extensions></trkpt><trkpt lat="56.631342" lon="38.106777"><ele>136.6</ele><time>2026-07-06T10:31:02Z</time><extensions><gpxtpx:TrackPointExtension><gpxtpx:hr>92</gpxtpx:hr></gpxtpx:TrackPointExtension></extensions></trkpt><trkpt lat="56.63134" lon="38.106735"><ele>136.6</ele><time>2026-07-06T10:31:03Z</time><extensions><gpxtpx:TrackPointExtension><gpxtpx:hr>93</gpxtpx:hr></gpxtpx:TrackPointExtension></extensions></trkpt><trkpt lat="56.631337" lon="38.106702"><ele>136.6</ele><time>2026-07-06T10:31:04Z</time><extensions><gpxtpx:TrackPointExtension><gpxtpx:hr>93</gpxtpx:hr></gpxtpx:TrackPointExtension></extensions></trkpt><trkpt lat="56.631335" lon="38.106662"><ele>136.6</ele><time>2026-07-06T10:31:05Z</time><extensions><gpxtpx:TrackPointExtension><gpxtpx:hr>94</gpxtpx:hr></gpxtpx:TrackPointExtension></extensions></trkpt><trkpt lat="56.631328" lon="38.106627"><ele>136.6</ele><time>2026-07-06T10:31:06Z</time><extensions><gpxtpx:TrackPointExtension><gpxtpx:hr>95</gpxtpx:hr></gpxtpx:TrackPointExtension></extensions></trkpt><trkpt lat="56.631322" lon="38.106585"><ele>136.6</ele><time>2026-07-06T10:31:07Z</time><extensions><gpxtpx:TrackPointExtension><gpxtpx:hr>97</gpxtpx:hr></gpxtpx:TrackPointExtension></extensions></trkpt><trkpt lat="56.631317" lon="38.106542"><ele>136.6</ele><time>2026-07-06T10:31:08Z</time><extensions><gpxtpx:TrackPointExtension><gpxtpx:hr>99</gpxtpx:hr></gpxtpx:TrackPointExtension></extensions></trkpt><trkpt lat="56.63131" lon="38.106497"><ele>136.4</ele><time>2026-07-06T10:31:09Z</time><extensions><gpxtpx:TrackPointExtension><gpxtpx:hr>101</gpxtpx:hr></gpxtpx:TrackPointExtension></extensions></trkpt><trkpt lat="56.631302" lon="38.106452"><ele>136.4</ele><time>2026-07-06T10:31:10Z</time><extensions><gpxtpx:TrackPointExtension><gpxtpx:hr>102</gpxtpx:hr></gpxtpx:TrackPointExtension></extensions></trkpt><trkpt lat="56.631292" lon="38.106415"><ele>136.4</ele><time>2026-07-06T10:31:11Z</time><extensions><gpxtpx:TrackPointExtension><gpxtpx:hr>103</gpxtpx:hr></gpxtpx:TrackPointExtension></extensions></trkpt><trkpt lat="56.63129" lon="38.106377"><ele>136.4</ele><time>2026-07-06T10:31:12Z</time><extensions><gpxtpx:TrackPointExtension><gpxtpx:hr>104</gpxtpx:hr></gpxtpx:TrackPointExtension></extensions></trkpt><trkpt lat="56.631285" lon="38.106337"><ele>136.4</ele><time>2026-07-06T10:31:13Z</time><extensions><gpxtpx:TrackPointExtension><gpxtpx:hr>106</gpxtpx:hr></gpxtpx:TrackPointExtension></extensions></trkpt><trkpt lat="56.631282" lon="38.10629"><ele>136.4</ele><time>2026-07-06T10:31:14Z</time><extensions><gpxtpx:TrackPointExtension><gpxtpx:hr>106</gpxtpx:hr></gpxtpx:TrackPointExtension></extensions></trkpt><trkpt lat="56.631277" lon="38.106245"><ele>136.4</ele><time>2026-07-06T10:31:15Z</time><extensions><gpxtpx:TrackPointExtension><gpxtpx:hr>106</gpxtpx:hr></gpxtpx:TrackPointExtension></extensions></trkpt><trkpt lat="56.63127" lon="38.106207"><ele>136.6</ele><time>2026-07-06T10:31:16Z</time><extensions><gpxtpx:TrackPointExtension><gpxtpx:hr>107</gpxtpx:hr></gpxtpx:TrackPointExtension></extensions></trkpt><trkpt lat="56.631265" lon="38.10617"><ele>136.4</ele><time>2026-07-06T10:31:17Z</time><extensions><gpxtpx:TrackPointExtension><gpxtpx:hr>108</gpxtpx:hr></gpxtpx:TrackPointExtension></extensions></trkpt><trkpt lat="56.631258" lon="38.106132"><ele>136.4</ele><time>2026-07-06T10:31:18Z</time><extensions><gpxtpx:TrackPointExtension><gpxtpx:hr>108</gpxtpx:hr></gpxtpx:TrackPointExtension></extensions></trkpt><trkpt lat="56.631255" lon="38.106092"><ele>136.4</ele><time>2026-07-06T10:31:19Z</time><extensions><gpxtpx:TrackPointExtension><gpxtpx:hr>108</gpxtpx:hr></gpxtpx:TrackPointExtension></extensions></trkpt><trkpt lat="56.631252" lon="38.106057"><ele>136.4</ele><time>2026-07-06T10:31:20Z</time><extensions><gpxtpx:TrackPointExtension><gpxtpx:hr>109</gpxtpx:hr></gpxtpx:TrackPointExtension></extensions></trkpt><trkpt lat="56.631247" lon="38.106022"><ele>136.4</ele><time>2026-07-06T10:31:21Z</time><extensions><gpxtpx:TrackPointExtension><gpxtpx:hr>109</gpxtpx:hr></gpxtpx:TrackPointExtension></extensions></trkpt><trkpt lat="56.631245" lon="38.105987"><ele>136.4</ele><time>2026-07-06T10:31:22Z</time><extensions><gpxtpx:TrackPointExtension><gpxtpx:hr>109</gpxtpx:hr></gpxtpx:TrackPointExtension></extensions></trkpt><trkpt lat="56.631242" lon="38.10595"><ele>136.4</ele><time>2026-07-06T10:31:23Z</time><extensions><gpxtpx:TrackPointExtension><gpxtpx:hr>109</gpxtpx:hr></gpxtpx:TrackPointExtension></extensions></trkpt><trkpt lat="56.631237" lon="38.105915"><ele>136.6</ele><time>2026-07-06T10:31:24Z</time><extensions><gpxtpx:TrackPointExtension><gpxtpx:hr>110</gpxtpx:hr></gpxtpx:TrackPointExtension></extensions></trkpt><trkpt lat="56.631232" lon="38.105877"><ele>136.6</ele><time>2026-07-06T10:31:25Z</time><extensions><gpxtpx:TrackPointExtension><gpxtpx:hr>110</gpxtpx:hr></gpxtpx:TrackPointExtension></extensions></trkpt><trkpt lat="56.631225" lon="38.105845"><ele>136.6</ele><time>2026-07-06T10:31:26Z</time><extensions><gpxtpx:TrackPointExtension><gpxtpx:hr>112</gpxtpx:hr></gpxtpx:TrackPointExtension></extensions></trkpt><trkpt lat="56.631212" lon="38.105777"><ele>136.8</ele><time>2026-07-06T10:31:28Z</time><extensions><gpxtpx:TrackPointExtension><gpxtpx:hr>113</gpxtpx:hr></gpxtpx:TrackPointExtension></extensions></trkpt><trkpt lat="56.63121" lon="38.105745"><ele>136.8</ele><time>2026-07-06T10:31:29Z</time><extensions><gpxtpx:TrackPointExtension><gpxtpx:hr>113</gpxtpx:hr></gpxtpx:TrackPointExtension></extensions></trkpt><trkpt lat="56.631205" lon="38.10571"><ele>137.0</ele><time>2026-07-06T10:31:30Z</time><extensions><gpxtpx:TrackPointExtension><gpxtpx:hr>114</gpxtpx:hr></gpxtpx:TrackPointExtension></extensions></trkpt><trkpt lat="56.6312" lon="38.105672"><ele>137.0</ele><time>2026-07-06T10:31:31Z</time><extensions><gpxtpx:TrackPointExtension><gpxtpx:hr>113</gpxtpx:hr></gpxtpx:TrackPointExtension></extensions></trkpt><trkpt lat="56.631195" lon="38.105637"><ele>137.2</ele><time>2026-07-06T10:31:32Z</time><extensions><gpxtpx:TrackPointExtension><gpxtpx:hr>114</gpxtpx:hr></gpxtpx:TrackPointExtension></extensions></trkpt><trkpt lat="56.631188" lon="38.105602"><ele>137.2</ele><time>2026-07-06T10:31:33Z</time><extensions><gpxtpx:TrackPointExtension><gpxtpx:hr>114</gpxtpx:hr></gpxtpx:TrackPointExtension></extensions></trkpt><trkpt lat="56.631182" lon="38.105567"><ele>137.0</ele><time>2026-07-06T10:31:34Z</time><extensions><gpxtpx:TrackPointExtension><gpxtpx:hr>113</gpxtpx:hr></gpxtpx:TrackPointExtension></extensions></trkpt><trkpt lat="56.63118" lon="38.105507"><ele>137.0</ele><time>2026-07-06T10:31:36Z</time><extensions><gpxtpx:TrackPointExtension><gpxtpx:hr>113</gpxtpx:hr></gpxtpx:TrackPointExtension></extensions></trkpt><trkpt lat="56.631175" lon="38.105472"><ele>137.0</ele><time>2026-07-06T10:31:37Z</time><extensions><gpxtpx:TrackPointExtension><gpxtpx:hr>114</gpxtpx:hr></gpxtpx:TrackPointExtension></extensions></trkpt><trkpt lat="56.631172" lon="38.10544"><ele>137.0</ele><time>2026-07-06T10:31:38Z</time><extensions><gpxtpx:TrackPointExtension><gpxtpx:hr>114</gpxtpx:hr></gpxtpx:TrackPointExtension></extensions></trkpt><trkpt lat="56.631167" lon="38.105407"><ele>137.0</ele><time>2026-07-06T10:31:39Z</time><extensions><gpxtpx:TrackPointExtension><gpxtpx:hr>114</gpxtpx:hr></gpxtpx:TrackPointExtension></extensions></trkpt><trkpt lat="56.631165" lon="38.10537"><ele>137.0</ele><time>2026-07-06T10:31:40Z</time><extensions><gpxtpx:TrackPointExtension><gpxtpx:hr>113</gpxtpx:hr></gpxtpx:TrackPointExtension></extensions></trkpt><trkpt lat="56.63116" lon="38.105327"><ele>137.0</ele><time>2026-07-06T10:31:41Z</time><extensions><gpxtpx:TrackPointExtension><gpxtpx:hr>114</gpxtpx:hr></gpxtpx:TrackPointExtension></extensions></trkpt><trkpt lat="56.631157" lon="38.10529"><ele>137.0</ele><time>2026-07-06T10:31:42Z</time><extensions><gpxtpx:TrackPointExtension><gpxtpx:hr>114</gpxtpx:hr></gpxtpx:TrackPointExtension></extensions></trkpt><trkpt lat="56.631152" lon="38.105252"><ele>137.2</ele><time>2026-07-06T10:31:43Z</time><extensions><gpxtpx:TrackPointExtension><gpxtpx:hr>114</gpxtpx:hr></gpxtpx:TrackPointExtension></extensions></trkpt><trkpt lat="56.631147" lon="38.105212"><ele>137.2</ele><time>2026-07-06T10:31:44Z</time><extensions><gpxtpx:TrackPointExtension><gpxtpx:hr>113</gpxtpx:hr></gpxtpx:TrackPointExtension></extensions></trkpt><trkpt lat="56.631147" lon="38.105177"><ele>137.2</ele><time>2026-07-06T10:31:45Z</time><extensions><gpxtpx:TrackPointExtension><gpxtpx:hr>113</gpxtpx:hr></gpxtpx:TrackPointExtension></extensions></trkpt><trkpt lat="56.631147" lon="38.105135"><ele>137.4</ele><time>2026-07-06T10:31:46Z</time><extensions><gpxtpx:TrackPointExtension><gpxtpx:hr>113</gpxtpx:hr></gpxtpx:TrackPointExtension></extensions></trkpt><trkpt lat="56.631152" lon="38.105095"><ele>137.4</ele><time>2026-07-06T10:31:47Z</time><extensions><gpxtpx:TrackPointExtension><gpxtpx:hr>112</gpxtpx:hr></gpxtpx:TrackPointExtension></extensions></trkpt><trkpt lat="56.631147" lon="38.105062"><ele>137.4</ele><time>2026-07-06T10:31:48Z</time><extensions><gpxtpx:TrackPointExtension><gpxtpx:hr>112</gpxtpx:hr></gpxtpx:TrackPointExtension></extensions></trkpt><trkpt lat="56.631142" lon="38.105027"><ele>137.4</ele><time>2026-07-06T10:31:49Z</time><extensions><gpxtpx:TrackPointExtension><gpxtpx:hr>113</gpxtpx:hr></gpxtpx:TrackPointExtension></extensions></trkpt><trkpt lat="56.631137" lon="38.104995"><ele>137.6</ele><time>2026-07-06T10:31:50Z</time><extensions><gpxtpx:TrackPointExtension><gpxtpx:hr>113</gpxtpx:hr></gpxtpx:TrackPointExtension></extensions></trkpt><trkpt lat="56.631132" lon="38.104927"><ele>137.6</ele><time>2026-07-06T10:31:52Z</time><extensions><gpxtpx:TrackPointExtension><gpxtpx:hr>113</gpxtpx:hr></gpxtpx:TrackPointExtension></extensions></trkpt><trkpt lat="56.63113" lon="38.104887"><ele>137.6</ele><time>2026-07-06T10:31:53Z</time><extensions><gpxtpx:TrackPointExtension><gpxtpx:hr>113</gpxtpx:hr></gpxtpx:TrackPointExtension></extensions></trkpt><trkpt lat="56.631122" lon="38.104847"><ele>137.6</ele><time>2026-07-06T10:31:54Z</time><extensions><gpxtpx:TrackPointExtension><gpxtpx:hr>112</gpxtpx:hr></gpxtpx:TrackPointExtension></extensions></trkpt><trkpt lat="56.631122" lon="38.104812"><ele>137.6</ele><time>2026-07-06T10:31:55Z</time><extensions><gpxtpx:TrackPointExtension><gpxtpx:hr>113</gpxtpx:hr></gpxtpx:TrackPointExtension></extensions></trkpt><trkpt lat="56.631117" lon="38.104777"><ele>137.6</ele><time>2026-07-06T10:31:56Z</time><extensions><gpxtpx:TrackPointExtension><gpxtpx:hr>116</gpxtpx:hr></gpxtpx:TrackPointExtension></extensions></trkpt><trkpt lat="56.631107" lon="38.104717"><ele>137.6</ele><time>2026-07-06T10:31:58Z</time><extensions><gpxtpx:TrackPointExtension><gpxtpx:hr>119</gpxtpx:hr></gpxtpx:TrackPointExtension></extensions></trkpt><trkpt lat="56.631103" lon="38.104682"><ele>137.6</ele><time>2026-07-06T10:31:59Z</time><extensions><gpxtpx:TrackPointExtension><gpxtpx:hr>120</gpxtpx:hr></gpxtpx:TrackPointExtension></extensions></trkpt><trkpt lat="56.631102" lon="38.104645"><ele>137.4</ele><time>2026-07-06T10:32:00Z</time><extensions><gpxtpx:TrackPointExtension><gpxtpx:hr>121</gpxtpx:hr></gpxtpx:TrackPointExtension></extensions></trkpt><trkpt lat="56.6311" lon="38.10461"><ele>137.4</ele><time>2026-07-06T10:32:01Z</time><extensions><gpxtpx:TrackPointExtension><gpxtpx:hr>122</gpxtpx:hr></gpxtpx:TrackPointExtension></extensions></trkpt><trkpt lat="56.631097" lon="38.104572"><ele>137.4</ele><time>2026-07-06T10:32:02Z</time><extensions><gpxtpx:TrackPointExtension><gpxtpx:hr>123</gpxtpx:hr></gpxtpx:TrackPointExtension></extensions></trkpt><trkpt lat="56.631092" lon="38.104532"><ele>137.4</ele><time>2026-07-06T10:32:03Z</time><extensions><gpxtpx:TrackPointExtension><gpxtpx:hr>123</gpxtpx:hr></gpxtpx:TrackPointExtension></extensions></trkpt><trkpt lat="56.631092" lon="38.104492"><ele>137.6</ele><time>2026-07-06T10:32:04Z</time><extensions><gpxtpx:TrackPointExtension><gpxtpx:hr>124</gpxtpx:hr></gpxtpx:TrackPointExtension></extensions></trkpt><trkpt lat="56.631087" lon="38.104452"><ele>137.6</ele><time>2026-07-06T10:32:05Z</time><extensions><gpxtpx:TrackPointExtension><gpxtpx:hr>123</gpxtpx:hr></gpxtpx:TrackPointExtension></extensions></trkpt><trkpt lat="56.631082" lon="38.104412"><ele>137.8</ele><time>2026-07-06T10:32:06Z</time><extensions><gpxtpx:TrackPointExtension><gpxtpx:hr>124</gpxtpx:hr></gpxtpx:TrackPointExtension></extensions></trkpt><trkpt lat="56.631077" lon="38.104372"><ele>137.8</ele><time>2026-07-06T10:32:07Z</time><extensions><gpxtpx:TrackPointExtension><gpxtpx:hr>124</gpxtpx:hr></gpxtpx:TrackPointExtension></extensions></trkpt><trkpt lat="56.631075" lon="38.104337"><ele>138.0</ele><time>2026-07-06T10:32:08Z</time><extensions><gpxtpx:TrackPointExtension><gpxtpx:hr>124</gpxtpx:hr></gpxtpx:TrackPointExtension></extensions></trkpt><trkpt lat="56.631072" lon="38.1043"><ele>138.2</ele><time>2026-07-06T10:32:09Z</time><extensions><gpxtpx:TrackPointExtension><gpxtpx:hr>125</gpxtpx:hr></gpxtpx:TrackPointExtension></extensions></trkpt><trkpt lat="56.631067" lon="38.104257"><ele>138.2</ele><time>2026-07-06T10:32:10Z</time><extensions><gpxtpx:TrackPointExtension><gpxtpx:hr>125</gpxtpx:hr></gpxtpx:TrackPointExtension></extensions></trkpt><trkpt lat="56.63106" lon="38.104217"><ele>138.2</ele><time>2026-07-06T10:32:11Z</time><extensions><gpxtpx:TrackPointExtension><gpxtpx:hr>124</gpxtpx:hr></gpxtpx:TrackPointExtension></extensions></trkpt><trkpt lat="56.631057" lon="38.104177"><ele>138.2</ele><time>2026-07-06T10:32:12Z</time><extensions><gpxtpx:TrackPointExtension><gpxtpx:hr>124</gpxtpx:hr></gpxtpx:TrackPointExtension></extensions></trkpt><trkpt lat="56.631057" lon="38.10414"><ele>138.2</ele><time>2026-07-06T10:32:13Z</time><extensions><gpxtpx:TrackPointExtension><gpxtpx:hr>124</gpxtpx:hr></gpxtpx:TrackPointExtension></extensions></trkpt><trkpt lat="56.631055" lon="38.104105"><ele>138.4</ele><time>2026-07-06T10:32:14Z</time><extensions><gpxtpx:TrackPointExtension><gpxtpx:hr>124</gpxtpx:hr></gpxtpx:TrackPointExtension></extensions></trkpt><trkpt lat="56.63105" lon="38.104062"><ele>138.4</ele><time>2026-07-06T10:32:15Z</time><extensions><gpxtpx:TrackPointExtension><gpxtpx:hr>124</gpxtpx:hr></gpxtpx:TrackPointExtension></extensions></trkpt><trkpt lat="56.631045" lon="38.104017"><ele>138.6</ele><time>2026-07-06T10:32:16Z</time><extensions><gpxtpx:TrackPointExtension><gpxtpx:hr>124</gpxtpx:hr></gpxtpx:TrackPointExtension></extensions></trkpt><trkpt lat="56.631037" lon="38.10398"><ele>138.6</ele><time>2026-07-06T10:32:17Z</time><extensions><gpxtpx:TrackPointExtension><gpxtpx:hr>124</gpxtpx:hr></gpxtpx:TrackPointExtension></extensions></trkpt><trkpt lat="56.631032" lon="38.103945"><ele>138.6</ele><time>2026-07-06T10:32:18Z</time><extensions><gpxtpx:TrackPointExtension><gpxtpx:hr>123</gpxtpx:hr></gpxtpx:TrackPointExtension></extensions></trkpt><trkpt lat="56.631027" lon="38.103907"><ele>138.8</ele><time>2026-07-06T10:32:19Z</time><extensions><gpxtpx:TrackPointExtension><gpxtpx:hr>123</gpxtpx:hr></gpxtpx:TrackPointExtension></extensions></trkpt><trkpt lat="56.631022" lon="38.103867"><ele>138.8</ele><time>2026-07-06T10:32:20Z</time><extensions><gpxtpx:TrackPointExtension><gpxtpx:hr>123</gpxtpx:hr></gpxtpx:TrackPointExtension></extensions></trkpt><trkpt lat="56.631017" lon="38.103827"><ele>138.6</ele><time>2026-07-06T10:32:21Z</time><extensions><gpxtpx:TrackPointExtension><gpxtpx:hr>124</gpxtpx:hr></gpxtpx:TrackPointExtension></extensions></trkpt><trkpt lat="56.631015" lon="38.103787"><ele>138.6</ele><time>2026-07-06T10:32:22Z</time><extensions><gpxtpx:TrackPointExtension><gpxtpx:hr>124</gpxtpx:hr></gpxtpx:TrackPointExtension></extensions></trkpt><trkpt lat="56.631012" lon="38.103752"><ele>138.6</ele><time>2026-07-06T10:32:23Z</time><extensions><gpxtpx:TrackPointExtension><gpxtpx:hr>124</gpxtpx:hr></gpxtpx:TrackPointExtension></extensions></trkpt><trkpt lat="56.631007" lon="38.103717"><ele>138.6</ele><time>2026-07-06T10:32:24Z</time><extensions><gpxtpx:TrackPointExtension><gpxtpx:hr>124</gpxtpx:hr></gpxtpx:TrackPointExtension></extensions></trkpt><trkpt lat="56.631005" lon="38.103677"><ele>138.6</ele><time>2026-07-06T10:32:25Z</time><extensions><gpxtpx:TrackPointExtension><gpxtpx:hr>124</gpxtpx:hr></gpxtpx:TrackPointExtension></extensions></trkpt><trkpt lat="56.631002" lon="38.10364"><ele>138.6</ele><time>2026-07-06T10:32:26Z</time><extensions><gpxtpx:TrackPointExtension><gpxtpx:hr>125</gpxtpx:hr></gpxtpx:TrackPointExtension></extensions></trkpt><trkpt lat="56.631" lon="38.103602"><ele>138.8</ele><time>2026-07-06T10:32:27Z</time><extensions><gpxtpx:TrackPointExtension><gpxtpx:hr>124</gpxtpx:hr></gpxtpx:TrackPointExtension></extensions></trkpt><trkpt lat="56.630995" lon="38.10353"><ele>139.0</ele><time>2026-07-06T10:32:29Z</time><extensions><gpxtpx:TrackPointExtension><gpxtpx:hr>125</gpxtpx:hr></gpxtpx:TrackPointExtension></extensions></trkpt><trkpt lat="56.630992" lon="38.10349"><ele>139.0</ele><time>2026-07-06T10:32:30Z</time><extensions><gpxtpx:TrackPointExtension><gpxtpx:hr>124</gpxtpx:hr></gpxtpx:TrackPointExtension></extensions></trkpt><trkpt lat="56.630987" lon="38.103447"><ele>139.2</ele><time>2026-07-06T10:32:31Z</time><extensions><gpxtpx:TrackPointExtension><gpxtpx:hr>123</gpxtpx:hr></gpxtpx:TrackPointExtension></extensions></trkpt><trkpt lat="56.63098" lon="38.103415"><ele>139.2</ele><time>2026-07-06T10:32:32Z</time><extensions><gpxtpx:TrackPointExtension><gpxtpx:hr>123</gpxtpx:hr></gpxtpx:TrackPointExtension></extensions></trkpt><trkpt lat="56.630977" lon="38.103372"><ele>139.2</ele><time>2026-07-06T10:32:33Z</time><extensions><gpxtpx:TrackPointExtension><gpxtpx:hr>123</gpxtpx:hr></gpxtpx:TrackPointExtension></extensions></trkpt><trkpt lat="56.630972" lon="38.103323"><ele>139.2</ele><time>2026-07-06T10:32:34Z</time><extensions><gpxtpx:TrackPointExtension><gpxtpx:hr>124</gpxtpx:hr></gpxtpx:TrackPointExtension></extensions></trkpt><trkpt lat="56.63097" lon="38.103285"><ele>139.2</ele><time>2026-07-06T10:32:35Z</time><extensions><gpxtpx:TrackPointExtension><gpxtpx:hr>124</gpxtpx:hr></gpxtpx:TrackPointExtension></extensions></trkpt><trkpt lat="56.63097" lon="38.103242"><ele>139.2</ele><time>2026-07-06T10:32:36Z</time><extensions><gpxtpx:TrackPointExtension><gpxtpx:hr>124</gpxtpx:hr></gpxtpx:TrackPointExtension></extensions></trkpt><trkpt lat="56.630967" lon="38.103202"><ele>139.2</ele><time>2026-07-06T10:32:37Z</time><extensions><gpxtpx:TrackPointExtension><gpxtpx:hr>125</gpxtpx:hr></gpxtpx:TrackPointExtension></extensions></trkpt><trkpt lat="56.630965" lon="38.103162"><ele>139.2</ele><time>2026-07-06T10:32:38Z</time><extensions><gpxtpx:TrackPointExtension><gpxtpx:hr>125</gpxtpx:hr></gpxtpx:TrackPointExtension></extensions></trkpt><trkpt lat="56.63096" lon="38.103122"><ele>139.4</ele><time>2026-07-06T10:32:39Z</time><extensions><gpxtpx:TrackPointExtension><gpxtpx:hr>125</gpxtpx:hr></gpxtpx:TrackPointExtension></extensions></trkpt><trkpt lat="56.630957" lon="38.103085"><ele>139.4</ele><time>2026-07-06T10:32:40Z</time><extensions><gpxtpx:TrackPointExtension><gpxtpx:hr>125</gpxtpx:hr></gpxtpx:TrackPointExtension></extensions></trkpt><trkpt lat="56.630947" lon="38.10305"><ele>139.2</ele><time>2026-07-06T10:32:41Z</time><extensions><gpxtpx:TrackPointExtension><gpxtpx:hr>126</gpxtpx:hr></gpxtpx:TrackPointExtension></extensions></trkpt><trkpt lat="56.63094" lon="38.103017"><ele>139.2</ele><time>2026-07-06T10:32:42Z</time><extensions><gpxtpx:TrackPointExtension><gpxtpx:hr>126</gpxtpx:hr></gpxtpx:TrackPointExtension></extensions></trkpt><trkpt lat="56.63093" lon="38.102975"><ele>139.2</ele><time>2026-07-06T10:32:43Z</time><extensions><gpxtpx:TrackPointExtension><gpxtpx:hr>126</gpxtpx:hr></gpxtpx:TrackPointExtension></extensions></trkpt><trkpt lat="56.630922" lon="38.102937"><ele>139.4</ele><time>2026-07-06T10:32:44Z</time><extensions><gpxtpx:TrackPointExtension><gpxtpx:hr>127</gpxtpx:hr></gpxtpx:TrackPointExtension></extensions></trkpt><trkpt lat="56.630917" lon="38.1029"><ele>139.4</ele><time>2026-07-06T10:32:45Z</time><extensions><gpxtpx:TrackPointExtension><gpxtpx:hr>127</gpxtpx:hr></gpxtpx:TrackPointExtension></extensions></trkpt><trkpt lat="56.630912" lon="38.102857"><ele>139.2</ele><time>2026-07-06T10:32:46Z</time><extensions><gpxtpx:TrackPointExtension><gpxtpx:hr>127</gpxtpx:hr></gpxtpx:TrackPointExtension></extensions></trkpt><trkpt lat="56.630902" lon="38.10282"><ele>139.2</ele><time>2026-07-06T10:32:47Z</time><extensions><gpxtpx:TrackPointExtension><gpxtpx:hr>127</gpxtpx:hr></gpxtpx:TrackPointExtension></extensions></trkpt><trkpt lat="56.630897" lon="38.102777"><ele>139.2</ele><time>2026-07-06T10:32:48Z</time><extensions><gpxtpx:TrackPointExtension><gpxtpx:hr>127</gpxtpx:hr></gpxtpx:TrackPointExtension></extensions></trkpt><trkpt lat="56.630882" lon="38.10273"><ele>139.2</ele><time>2026-07-06T10:32:49Z</time><extensions><gpxtpx:TrackPointExtension><gpxtpx:hr>127</gpxtpx:hr></gpxtpx:TrackPointExtension></extensions></trkpt><trkpt lat="56.630877" lon="38.102692"><ele>139.2</ele><time>2026-07-06T10:32:50Z</time><extensions><gpxtpx:TrackPointExtension><gpxtpx:hr>128</gpxtpx:hr></gpxtpx:TrackPointExtension></extensions></trkpt><trkpt lat="56.63087" lon="38.102647"><ele>139.0</ele><time>2026-07-06T10:32:51Z</time><extensions><gpxtpx:TrackPointExtension><gpxtpx:hr>128</gpxtpx:hr></gpxtpx:TrackPointExtension></extensions></trkpt><trkpt lat="56.630865" lon="38.10261"><ele>139.0</ele><time>2026-07-06T10:32:52Z</time><extensions><gpxtpx:TrackPointExtension><gpxtpx:hr>129</gpxtpx:hr></gpxtpx:TrackPointExtension></extensions></trkpt><trkpt lat="56.63086" lon="38.102572"><ele>139.2</ele><time>2026-07-06T10:32:53Z</time><extensions><gpxtpx:TrackPointExtension><gpxtpx:hr>129</gpxtpx:hr></gpxtpx:TrackPointExtension></extensions></trkpt><trkpt lat="56.630857" lon="38.102527"><ele>139.2</ele><time>2026-07-06T10:32:54Z</time><extensions><gpxtpx:TrackPointExtension><gpxtpx:hr>129</gpxtpx:hr></gpxtpx:TrackPointExtension></extensions></trkpt><trkpt lat="56.630852" lon="38.102482"><ele>139.2</ele><time>2026-07-06T10:32:55Z</time><extensions><gpxtpx:TrackPointExtension><gpxtpx:hr>130</gpxtpx:hr></gpxtpx:TrackPointExtension></extensions></trkpt><trkpt lat="56.630847" lon="38.102445"><ele>139.4</ele><time>2026-07-06T10:32:56Z</time><extensions><gpxtpx:TrackPointExtension><gpxtpx:hr>130</gpxtpx:hr></gpxtpx:TrackPointExtension></extensions></trkpt><trkpt lat="56.630842" lon="38.102405"><ele>139.4</ele><time>2026-07-06T10:32:57Z</time><extensions><gpxtpx:TrackPointExtension><gpxtpx:hr>130</gpxtpx:hr></gpxtpx:TrackPointExtension></extensions></trkpt><trkpt lat="56.630835" lon="38.102362"><ele>139.4</ele><time>2026-07-06T10:32:58Z</time><extensions><gpxtpx:TrackPointExtension><gpxtpx:hr>130</gpxtpx:hr></gpxtpx:TrackPointExtension></extensions></trkpt><trkpt lat="56.630825" lon="38.102322"><ele>139.4</ele><time>2026-07-06T10:32:59Z</time><extensions><gpxtpx:TrackPointExtension><gpxtpx:hr>130</gpxtpx:hr></gpxtpx:TrackPointExtension></extensions></trkpt><trkpt lat="56.630817" lon="38.102285"><ele>139.4</ele><time>2026-07-06T10:33:00Z</time><extensions><gpxtpx:TrackPointExtension><gpxtpx:hr>131</gpxtpx:hr></gpxtpx:TrackPointExtension></extensions></trkpt><trkpt lat="56.630808" lon="38.102242"><ele>139.4</ele><time>2026-07-06T10:33:01Z</time><extensions><gpxtpx:TrackPointExtension><gpxtpx:hr>131</gpxtpx:hr></gpxtpx:TrackPointExtension></extensions></trkpt><trkpt lat="56.630807" lon="38.102207"><ele>139.4</ele><time>2026-07-06T10:33:02Z</time><extensions><gpxtpx:TrackPointExtension><gpxtpx:hr>131</gpxtpx:hr></gpxtpx:TrackPointExtension></extensions></trkpt><trkpt lat="56.6308" lon="38.102162"><ele>139.4</ele><time>2026-07-06T10:33:03Z</time><extensions><gpxtpx:TrackPointExtension><gpxtpx:hr>131</gpxtpx:hr></gpxtpx:TrackPointExtension></extensions></trkpt><trkpt lat="56.630797" lon="38.102122"><ele>139.4</ele><time>2026-07-06T10:33:04Z</time><extensions><gpxtpx:TrackPointExtension><gpxtpx:hr>131</gpxtpx:hr></gpxtpx:TrackPointExtension></extensions></trkpt><trkpt lat="56.630792" lon="38.102087"><ele>139.4</ele><time>2026-07-06T10:33:05Z</time><extensions><gpxtpx:TrackPointExtension><gpxtpx:hr>131</gpxtpx:hr></gpxtpx:TrackPointExtension></extensions></trkpt><trkpt lat="56.630787" lon="38.102047"><ele>139.4</ele><time>2026-07-06T10:33:06Z</time><extensions><gpxtpx:TrackPointExtension><gpxtpx:hr>131</gpxtpx:hr></gpxtpx:TrackPointExtension></extensions></trkpt><trkpt lat="56.630782" lon="38.102002"><ele>139.4</ele><time>2026-07-06T10:33:07Z</time><extensions><gpxtpx:TrackPointExtension><gpxtpx:hr>130</gpxtpx:hr></gpxtpx:TrackPointExtension></extensions></trkpt><trkpt lat="56.630775" lon="38.101967"><ele>139.4</ele><time>2026-07-06T10:33:08Z</time><extensions><gpxtpx:TrackPointExtension><gpxtpx:hr>130</gpxtpx:hr></gpxtpx:TrackPointExtension></extensions></trkpt><trkpt lat="56.63077" lon="38.101927"><ele>139.4</ele><time>2026-07-06T10:33:09Z</time><extensions><gpxtpx:TrackPointExtension><gpxtpx:hr>130</gpxtpx:hr></gpxtpx:TrackPointExtension></extensions></trkpt><trkpt lat="56.630765" lon="38.101887"><ele>139.4</ele><time>2026-07-06T10:33:10Z</time><extensions><gpxtpx:TrackPointExtension><gpxtpx:hr>130</gpxtpx:hr></gpxtpx:TrackPointExtension></extensions></trkpt><trkpt lat="56.630762" lon="38.101852"><ele>139.4</ele><time>2026-07-06T10:33:11Z</time><extensions><gpxtpx:TrackPointExtension><gpxtpx:hr>130</gpxtpx:hr></gpxtpx:TrackPointExtension></extensions></trkpt><trkpt lat="56.630757" lon="38.10181"><ele>139.4</ele><time>2026-07-06T10:33:12Z</time><extensions><gpxtpx:TrackPointExtension><gpxtpx:hr>131</gpxtpx:hr></gpxtpx:TrackPointExtension></extensions></trkpt><trkpt lat="56.63075" lon="38.101767"><ele>139.4</ele><time>2026-07-06T10:33:13Z</time><extensions><gpxtpx:TrackPointExtension><gpxtpx:hr>131</gpxtpx:hr></gpxtpx:TrackPointExtension></extensions></trkpt><trkpt lat="56.630742" lon="38.101725"><ele>139.4</ele><time>2026-07-06T10:33:14Z</time><extensions><gpxtpx:TrackPointExtension><gpxtpx:hr>131</gpxtpx:hr></gpxtpx:TrackPointExtension></extensions></trkpt><trkpt lat="56.630732" lon="38.101682"><ele>139.6</ele><time>2026-07-06T10:33:15Z</time><extensions><gpxtpx:TrackPointExtension><gpxtpx:hr>131</gpxtpx:hr></gpxtpx:TrackPointExtension></extensions></trkpt><trkpt lat="56.630727" lon="38.101645"><ele>139.4</ele><time>2026-07-06T10:33:16Z</time><extensions><gpxtpx:TrackPointExtension><gpxtpx:hr>131</gpxtpx:hr></gpxtpx:TrackPointExtension></extensions></trkpt><trkpt lat="56.630722" lon="38.101607"><ele>139.4</ele><time>2026-07-06T10:33:17Z</time><extensions><gpxtpx:TrackPointExtension><gpxtpx:hr>131</gpxtpx:hr></gpxtpx:TrackPointExtension></extensions></trkpt><trkpt lat="56.630712" lon="38.101565"><ele>139.6</ele><time>2026-07-06T10:33:18Z</time><extensions><gpxtpx:TrackPointExtension><gpxtpx:hr>131</gpxtpx:hr></gpxtpx:TrackPointExtension></extensions></trkpt><trkpt lat="56.630707" lon="38.10152"><ele>139.6</ele><time>2026-07-06T10:33:19Z</time><extensions><gpxtpx:TrackPointExtension><gpxtpx:hr>132</gpxtpx:hr></gpxtpx:TrackPointExtension></extensions></trkpt><trkpt lat="56.630702" lon="38.101482"><ele>139.6</ele><time>2026-07-06T10:33:20Z</time><extensions><gpxtpx:TrackPointExtension><gpxtpx:hr>132</gpxtpx:hr></gpxtpx:TrackPointExtension></extensions></trkpt><trkpt lat="56.630695" lon="38.101438"><ele>139.6</ele><time>2026-07-06T10:33:21Z</time><extensions><gpxtpx:TrackPointExtension><gpxtpx:hr>132</gpxtpx:hr></gpxtpx:TrackPointExtension></extensions></trkpt><trkpt lat="56.630687" lon="38.101402"><ele>139.6</ele><time>2026-07-06T10:33:22Z</time><extensions><gpxtpx:TrackPointExtension><gpxtpx:hr>132</gpxtpx:hr></gpxtpx:TrackPointExtension></extensions></trkpt><trkpt lat="56.630682" lon="38.101367"><ele>139.4</ele><time>2026-07-06T10:33:23Z</time><extensions><gpxtpx:TrackPointExtension><gpxtpx:hr>132</gpxtpx:hr></gpxtpx:TrackPointExtension></extensions></trkpt><trkpt lat="56.630675" lon="38.10133"><ele>139.6</ele><time>2026-07-06T10:33:24Z</time><extensions><gpxtpx:TrackPointExtension><gpxtpx:hr>132</gpxtpx:hr></gpxtpx:TrackPointExtension></extensions></trkpt><trkpt lat="56.630667" lon="38.101287"><ele>139.6</ele><time>2026-07-06T10:33:25Z</time><extensions><gpxtpx:TrackPointExtension><gpxtpx:hr>132</gpxtpx:hr></gpxtpx:TrackPointExtension></extensions></trkpt><trkpt lat="56.63066" lon="38.10125"><ele>139.4</ele><time>2026-07-06T10:33:26Z</time><extensions><gpxtpx:TrackPointExtension><gpxtpx:hr>132</gpxtpx:hr></gpxtpx:TrackPointExtension></extensions></trkpt><trkpt lat="56.630653" lon="38.101207"><ele>139.4</ele><time>2026-07-06T10:33:27Z</time><extensions><gpxtpx:TrackPointExtension><gpxtpx:hr>131</gpxtpx:hr></gpxtpx:TrackPointExtension></extensions></trkpt><trkpt lat="56.630647" lon="38.101165"><ele>139.4</ele><time>2026-07-06T10:33:28Z</time><extensions><gpxtpx:TrackPointExtension><gpxtpx:hr>131</gpxtpx:hr></gpxtpx:TrackPointExtension></extensions></trkpt><trkpt lat="56.630642" lon="38.101127"><ele>139.4</ele><time>2026-07-06T10:33:29Z</time><extensions><gpxtpx:TrackPointExtension><gpxtpx:hr>131</gpxtpx:hr></gpxtpx:TrackPointExtension></extensions></trkpt><trkpt lat="56.630632" lon="38.101087"><ele>139.4</ele><time>2026-07-06T10:33:30Z</time><extensions><gpxtpx:TrackPointExtension><gpxtpx:hr>131</gpxtpx:hr></gpxtpx:TrackPointExtension></extensions></trkpt><trkpt lat="56.630622" lon="38.101045"><ele>139.4</ele><time>2026-07-06T10:33:31Z</time><extensions><gpxtpx:TrackPointExtension><gpxtpx:hr>130</gpxtpx:hr></gpxtpx:TrackPointExtension></extensions></trkpt><trkpt lat="56.630617" lon="38.101007"><ele>139.4</ele><time>2026-07-06T10:33:32Z</time><extensions><gpxtpx:TrackPointExtension><gpxtpx:hr>130</gpxtpx:hr></gpxtpx:TrackPointExtension></extensions></trkpt><trkpt lat="56.630612" lon="38.100965"><ele>139.4</ele><time>2026-07-06T10:33:33Z</time><extensions><gpxtpx:TrackPointExtension><gpxtpx:hr>130</gpxtpx:hr></gpxtpx:TrackPointExtension></extensions></trkpt><trkpt lat="56.630605" lon="38.100925"><ele>139.4</ele><time>2026-07-06T10:33:34Z</time><extensions><gpxtpx:TrackPointExtension><gpxtpx:hr>130</gpxtpx:hr></gpxtpx:TrackPointExtension></extensions></trkpt><trkpt lat="56.630597" lon="38.100887"><ele>139.4</ele><time>2026-07-06T10:33:35Z</time><extensions><gpxtpx:TrackPointExtension><gpxtpx:hr>130</gpxtpx:hr></gpxtpx:TrackPointExtension></extensions></trkpt><trkpt lat="56.63059" lon="38.100847"><ele>139.4</ele><time>2026-07-06T10:33:36Z</time><extensions><gpxtpx:TrackPointExtension><gpxtpx:hr>130</gpxtpx:hr></gpxtpx:TrackPointExtension></extensions></trkpt><trkpt lat="56.630585" lon="38.100807"><ele>139.4</ele><time>2026-07-06T10:33:37Z</time><extensions><gpxtpx:TrackPointExtension><gpxtpx:hr>129</gpxtpx:hr></gpxtpx:TrackPointExtension></extensions></trkpt><trkpt lat="56.63058" lon="38.10077"><ele>139.4</ele><time>2026-07-06T10:33:38Z</time><extensions><gpxtpx:TrackPointExtension><gpxtpx:hr>129</gpxtpx:hr></gpxtpx:TrackPointExtension></extensions></trkpt><trkpt lat="56.630572" lon="38.100727"><ele>139.4</ele><time>2026-07-06T10:33:39Z</time><extensions><gpxtpx:TrackPointExtension><gpxtpx:hr>129</gpxtpx:hr></gpxtpx:TrackPointExtension></extensions></trkpt><trkpt lat="56.630567" lon="38.100685"><ele>139.4</ele><time>2026-07-06T10:33:40Z</time><extensions><gpxtpx:TrackPointExtension><gpxtpx:hr>129</gpxtpx:hr></gpxtpx:TrackPointExtension></extensions></trkpt><trkpt lat="56.630565" lon="38.100642"><ele>139.4</ele><time>2026-07-06T10:33:41Z</time><extensions><gpxtpx:TrackPointExtension><gpxtpx:hr>129</gpxtpx:hr></gpxtpx:TrackPointExtension></extensions></trkpt><trkpt lat="56.630562" lon="38.100597"><ele>139.4</ele><time>2026-07-06T10:33:42Z</time><extensions><gpxtpx:TrackPointExtension><gpxtpx:hr>129</gpxtpx:hr></gpxtpx:TrackPointExtension></extensions></trkpt><trkpt lat="56.630557" lon="38.100557"><ele>139.4</ele><time>2026-07-06T10:33:43Z</time><extensions><gpxtpx:TrackPointExtension><gpxtpx:hr>129</gpxtpx:hr></gpxtpx:TrackPointExtension></extensions></trkpt><trkpt lat="56.630557" lon="38.10052"><ele>139.4</ele><time>2026-07-06T10:33:44Z</time><extensions><gpxtpx:TrackPointExtension><gpxtpx:hr>130</gpxtpx:hr></gpxtpx:TrackPointExtension></extensions></trkpt><trkpt lat="56.630555" lon="38.10048"><ele>139.2</ele><time>2026-07-06T10:33:45Z</time><extensions><gpxtpx:TrackPointExtension><gpxtpx:hr>130</gpxtpx:hr></gpxtpx:TrackPointExtension></extensions></trkpt><trkpt lat="56.63055" lon="38.100437"><ele>139.2</ele><time>2026-07-06T10:33:46Z</time><extensions><gpxtpx:TrackPointExtension><gpxtpx:hr>130</gpxtpx:hr></gpxtpx:TrackPointExtension></extensions></trkpt><trkpt lat="56.630547" lon="38.100397"><ele>139.2</ele><time>2026-07-06T10:33:47Z</time><extensions><gpxtpx:TrackPointExtension><gpxtpx:hr>130</gpxtpx:hr></gpxtpx:TrackPointExtension></extensions></trkpt><trkpt lat="56.630542" lon="38.100352"><ele>139.2</ele><time>2026-07-06T10:33:48Z</time><extensions><gpxtpx:TrackPointExtension><gpxtpx:hr>130</gpxtpx:hr></gpxtpx:TrackPointExtension></extensions></trkpt><trkpt lat="56.630537" lon="38.100312"><ele>139.2</ele><time>2026-07-06T10:33:49Z</time><extensions><gpxtpx:TrackPointExtension><gpxtpx:hr>130</gpxtpx:hr></gpxtpx:TrackPointExtension></extensions></trkpt><trkpt lat="56.630537" lon="38.100262"><ele>139.2</ele><time>2026-07-06T10:33:50Z</time><extensions><gpxtpx:TrackPointExtension><gpxtpx:hr>130</gpxtpx:hr></gpxtpx:TrackPointExtension></extensions></trkpt><trkpt lat="56.630535" lon="38.100215"><ele>139.2</ele><time>2026-07-06T10:33:51Z</time><extensions><gpxtpx:TrackPointExtension><gpxtpx:hr>130</gpxtpx:hr></gpxtpx:TrackPointExtension></extensions></trkpt><trkpt lat="56.630535" lon="38.10017"><ele>139.2</ele><time>2026-07-06T10:33:52Z</time><extensions><gpxtpx:TrackPointExtension><gpxtpx:hr>130</gpxtpx:hr></gpxtpx:TrackPointExtension></extensions></trkpt><trkpt lat="56.630532" lon="38.100122"><ele>139.2</ele><time>2026-07-06T10:33:53Z</time><extensions><gpxtpx:TrackPointExtension><gpxtpx:hr>130</gpxtpx:hr></gpxtpx:TrackPointExtension></extensions></trkpt><trkpt lat="56.63053" lon="38.100077"><ele>139.2</ele><time>2026-07-06T10:33:54Z</time><extensions><gpxtpx:TrackPointExtension><gpxtpx:hr>130</gpxtpx:hr></gpxtpx:TrackPointExtension></extensions></trkpt><trkpt lat="56.630527" lon="38.10003"><ele>139.2</ele><time>2026-07-06T10:33:55Z</time><extensions><gpxtpx:TrackPointExtension><gpxtpx:hr>130</gpxtpx:hr></gpxtpx:TrackPointExtension></extensions></trkpt><trkpt lat="56.630522" lon="38.099985"><ele>139.2</ele><time>2026-07-06T10:33:56Z</time><extensions><gpxtpx:TrackPointExtension><gpxtpx:hr>130</gpxtpx:hr></gpxtpx:TrackPointExtension></extensions></trkpt><trkpt lat="56.630517" lon="38.099937"><ele>139.2</ele><time>2026-07-06T10:33:57Z</time><extensions><gpxtpx:TrackPointExtension><gpxtpx:hr>130</gpxtpx:hr></gpxtpx:TrackPointExtension></extensions></trkpt><trkpt lat="56.630517" lon="38.099895"><ele>139.2</ele><time>2026-07-06T10:33:58Z</time><extensions><gpxtpx:TrackPointExtension><gpxtpx:hr>130</gpxtpx:hr></gpxtpx:TrackPointExtension></extensions></trkpt><trkpt lat="56.630517" lon="38.099845"><ele>139.2</ele><time>2026-07-06T10:33:59Z</time><extensions><gpxtpx:TrackPointExtension><gpxtpx:hr>130</gpxtpx:hr></gpxtpx:TrackPointExtension></extensions></trkpt><trkpt lat="56.630512" lon="38.099797"><ele>139.2</ele><time>2026-07-06T10:34:00Z</time><extensions><gpxtpx:TrackPointExtension><gpxtpx:hr>129</gpxtpx:hr></gpxtpx:TrackPointExtension></extensions></trkpt><trkpt lat="56.63051" lon="38.099757"><ele>139.0</ele><time>2026-07-06T10:34:01Z</time><extensions><gpxtpx:TrackPointExtension><gpxtpx:hr>129</gpxtpx:hr></gpxtpx:TrackPointExtension></extensions></trkpt><trkpt lat="56.630507" lon="38.099712"><ele>139.0</ele><time>2026-07-06T10:34:02Z</time><extensions><gpxtpx:TrackPointExtension><gpxtpx:hr>129</gpxtpx:hr></gpxtpx:TrackPointExtension></extensions></trkpt><trkpt lat="56.630507" lon="38.099672"><ele>139.0</ele><time>2026-07-06T10:34:03Z</time><extensions><gpxtpx:TrackPointExtension><gpxtpx:hr>129</gpxtpx:hr></gpxtpx:TrackPointExtension></extensions></trkpt><trkpt lat="56.63051" lon="38.099632"><ele>139.0</ele><time>2026-07-06T10:34:04Z</time><extensions><gpxtpx:TrackPointExtension><gpxtpx:hr>128</gpxtpx:hr></gpxtpx:TrackPointExtension></extensions></trkpt><trkpt lat="56.63051" lon="38.09959"><ele>139.0</ele><time>2026-07-06T10:34:05Z</time><extensions><gpxtpx:TrackPointExtension><gpxtpx:hr>128</gpxtpx:hr></gpxtpx:TrackPointExtension></extensions></trkpt><trkpt lat="56.630512" lon="38.099542"><ele>139.0</ele><time>2026-07-06T10:34:06Z</time><extensions><gpxtpx:TrackPointExtension><gpxtpx:hr>128</gpxtpx:hr></gpxtpx:TrackPointExtension></extensions></trkpt><trkpt lat="56.630512" lon="38.099502"><ele>139.0</ele><time>2026-07-06T10:34:07Z</time><extensions><gpxtpx:TrackPointExtension><gpxtpx:hr>128</gpxtpx:hr></gpxtpx:TrackPointExtension></extensions></trkpt><trkpt lat="56.630512" lon="38.099457"><ele>139.0</ele><time>2026-07-06T10:34:08Z</time><extensions><gpxtpx:TrackPointExtension><gpxtpx:hr>128</gpxtpx:hr></gpxtpx:TrackPointExtension></extensions></trkpt><trkpt lat="56.630512" lon="38.099417"><ele>139.0</ele><time>2026-07-06T10:34:09Z</time><extensions><gpxtpx:TrackPointExtension><gpxtpx:hr>127</gpxtpx:hr></gpxtpx:TrackPointExtension></extensions></trkpt><trkpt lat="56.630512" lon="38.099372"><ele>139.0</ele><time>2026-07-06T10:34:10Z</time><extensions><gpxtpx:TrackPointExtension><gpxtpx:hr>127</gpxtpx:hr></gpxtpx:TrackPointExtension></extensions></trkpt><trkpt lat="56.630512" lon="38.099325"><ele>139.0</ele><time>2026-07-06T10:34:11Z</time><extensions><gpxtpx:TrackPointExtension><gpxtpx:hr>127</gpxtpx:hr></gpxtpx:TrackPointExtension></extensions></trkpt><trkpt lat="56.63051" lon="38.099277"><ele>139.0</ele><time>2026-07-06T10:34:12Z</time><extensions><gpxtpx:TrackPointExtension><gpxtpx:hr>127</gpxtpx:hr></gpxtpx:TrackPointExtension></extensions></trkpt><trkpt lat="56.630507" lon="38.099232"><ele>138.8</ele><time>2026-07-06T10:34:13Z</time><extensions><gpxtpx:TrackPointExtension><gpxtpx:hr>127</gpxtpx:hr></gpxtpx:TrackPointExtension></extensions></trkpt><trkpt lat="56.630505" lon="38.099187"><ele>138.8</ele><time>2026-07-06T10:34:14Z</time><extensions><gpxtpx:TrackPointExtension><gpxtpx:hr>127</gpxtpx:hr></gpxtpx:TrackPointExtension></extensions></trkpt><trkpt lat="56.630502" lon="38.099147"><ele>138.6</ele><time>2026-07-06T10:34:15Z</time><extensions><gpxtpx:TrackPointExtension><gpxtpx:hr>127</gpxtpx:hr></gpxtpx:TrackPointExtension></extensions></trkpt><trkpt lat="56.630498" lon="38.099105"><ele>138.6</ele><time>2026-07-06T10:34:16Z</time><extensions><gpxtpx:TrackPointExtension><gpxtpx:hr>127</gpxtpx:hr></gpxtpx:TrackPointExtension></extensions></trkpt><trkpt lat="56.630497" lon="38.099062"><ele>138.4</ele><time>2026-07-06T10:34:17Z</time><extensions><gpxtpx:TrackPointExtension><gpxtpx:hr>127</gpxtpx:hr></gpxtpx:TrackPointExtension></extensions></trkpt><trkpt lat="56.630495" lon="38.099022"><ele>138.4</ele><time>2026-07-06T10:34:18Z</time><extensions><gpxtpx:TrackPointExtension><gpxtpx:hr>127</gpxtpx:hr></gpxtpx:TrackPointExtension></extensions></trkpt><trkpt lat="56.630492" lon="38.098977"><ele>138.4</ele><time>2026-07-06T10:34:19Z</time><extensions><gpxtpx:TrackPointExtension><gpxtpx:hr>126</gpxtpx:hr></gpxtpx:TrackPointExtension></extensions></trkpt><trkpt lat="56.630487" lon="38.098933"><ele>138.2</ele><time>2026-07-06T10:34:20Z</time><extensions><gpxtpx:TrackPointExtension><gpxtpx:hr>126</gpxtpx:hr></gpxtpx:TrackPointExtension></extensions></trkpt><trkpt lat="56.630482" lon="38.098892"><ele>138.2</ele><time>2026-07-06T10:34:21Z</time><extensions><gpxtpx:TrackPointExtension><gpxtpx:hr>126</gpxtpx:hr></gpxtpx:TrackPointExtension></extensions></trkpt><trkpt lat="56.63048" lon="38.09885"><ele>138.4</ele><time>2026-07-06T10:34:22Z</time><extensions><gpxtpx:TrackPointExtension><gpxtpx:hr>126</gpxtpx:hr></gpxtpx:TrackPointExtension></extensions></trkpt><trkpt lat="56.630477" lon="38.09881"><ele>138.4</ele><time>2026-07-06T10:34:23Z</time><extensions><gpxtpx:TrackPointExtension><gpxtpx:hr>126</gpxtpx:hr></gpxtpx:TrackPointExtension></extensions></trkpt><trkpt lat="56.630467" lon="38.098762"><ele>138.4</ele><time>2026-07-06T10:34:24Z</time><extensions><gpxtpx:TrackPointExtension><gpxtpx:hr>127</gpxtpx:hr></gpxtpx:TrackPointExtension></extensions></trkpt><trkpt lat="56.630467" lon="38.09872"><ele>138.2</ele><time>2026-07-06T10:34:25Z</time><extensions><gpxtpx:TrackPointExtension><gpxtpx:hr>127</gpxtpx:hr></gpxtpx:TrackPointExtension></extensions></trkpt><trkpt lat="56.630465" lon="38.098677"><ele>138.2</ele><time>2026-07-06T10:34:26Z</time><extensions><gpxtpx:TrackPointExtension><gpxtpx:hr>127</gpxtpx:hr></gpxtpx:TrackPointExtension></extensions></trkpt><trkpt lat="56.630462" lon="38.098632"><ele>138.0</ele><time>2026-07-06T10:34:27Z</time><extensions><gpxtpx:TrackPointExtension><gpxtpx:hr>127</gpxtpx:hr></gpxtpx:TrackPointExtension></extensions></trkpt><trkpt lat="56.63046" lon="38.098587"><ele>138.0</ele><time>2026-07-06T10:34:28Z</time><extensions><gpxtpx:TrackPointExtension><gpxtpx:hr>128</gpxtpx:hr></gpxtpx:TrackPointExtension></extensions></trkpt><trkpt lat="56.630457" lon="38.098547"><ele>138.0</ele><time>2026-07-06T10:34:29Z</time><extensions><gpxtpx:TrackPointExtension><gpxtpx:hr>127</gpxtpx:hr></gpxtpx:TrackPointExtension></extensions></trkpt><trkpt lat="56.630455" lon="38.098507"><ele>137.8</ele><time>2026-07-06T10:34:30Z</time><extensions><gpxtpx:TrackPointExtension><gpxtpx:hr>128</gpxtpx:hr></gpxtpx:TrackPointExtension></extensions></trkpt><trkpt lat="56.630452" lon="38.098467"><ele>137.8</ele><time>2026-07-06T10:34:31Z</time><extensions><gpxtpx:TrackPointExtension><gpxtpx:hr>127</gpxtpx:hr></gpxtpx:TrackPointExtension></extensions></trkpt><trkpt lat="56.630447" lon="38.098425"><ele>138.0</ele><time>2026-07-06T10:34:32Z</time><extensions><gpxtpx:TrackPointExtension><gpxtpx:hr>127</gpxtpx:hr></gpxtpx:TrackPointExtension></extensions></trkpt><trkpt lat="56.630447" lon="38.09838"><ele>137.8</ele><time>2026-07-06T10:34:33Z</time><extensions><gpxtpx:TrackPointExtension><gpxtpx:hr>127</gpxtpx:hr></gpxtpx:TrackPointExtension></extensions></trkpt><trkpt lat="56.630442" lon="38.09834"><ele>137.8</ele><time>2026-07-06T10:34:34Z</time><extensions><gpxtpx:TrackPointExtension><gpxtpx:hr>127</gpxtpx:hr></gpxtpx:TrackPointExtension></extensions></trkpt><trkpt lat="56.630442" lon="38.098297"><ele>137.8</ele><time>2026-07-06T10:34:35Z</time><extensions><gpxtpx:TrackPointExtension><gpxtpx:hr>128</gpxtpx:hr></gpxtpx:TrackPointExtension></extensions></trkpt><trkpt lat="56.630437" lon="38.098252"><ele>137.8</ele><time>2026-07-06T10:34:36Z</time><extensions><gpxtpx:TrackPointExtension><gpxtpx:hr>128</gpxtpx:hr></gpxtpx:TrackPointExtension></extensions></trkpt><trkpt lat="56.630432" lon="38.098207"><ele>137.8</ele><time>2026-07-06T10:34:37Z</time><extensions><gpxtpx:TrackPointExtension><gpxtpx:hr>127</gpxtpx:hr></gpxtpx:TrackPointExtension></extensions></trkpt><trkpt lat="56.630425" lon="38.098162"><ele>137.6</ele><time>2026-07-06T10:34:38Z</time><extensions><gpxtpx:TrackPointExtension><gpxtpx:hr>128</gpxtpx:hr></gpxtpx:TrackPointExtension></extensions></trkpt><trkpt lat="56.630417" lon="38.098122"><ele>137.6</ele><time>2026-07-06T10:34:39Z</time><extensions><gpxtpx:TrackPointExtension><gpxtpx:hr>128</gpxtpx:hr></gpxtpx:TrackPointExtension></extensions></trkpt><trkpt lat="56.630402" lon="38.098087"><ele>137.4</ele><time>2026-07-06T10:34:40Z</time><extensions><gpxtpx:TrackPointExtension><gpxtpx:hr>128</gpxtpx:hr></gpxtpx:TrackPointExtension></extensions></trkpt><trkpt lat="56.630387" lon="38.09806"><ele>137.4</ele><time>2026-07-06T10:34:41Z</time><extensions><gpxtpx:TrackPointExtension><gpxtpx:hr>128</gpxtpx:hr></gpxtpx:TrackPointExtension></extensions></trkpt><trkpt lat="56.630367" lon="38.09804"><ele>137.2</ele><time>2026-07-06T10:34:42Z</time><extensions><gpxtpx:TrackPointExtension><gpxtpx:hr>128</gpxtpx:hr></gpxtpx:TrackPointExtension></extensions></trkpt><trkpt lat="56.630343" lon="38.09803"><ele>137.2</ele><time>2026-07-06T10:34:43Z</time><extensions><gpxtpx:TrackPointExtension><gpxtpx:hr>129</gpxtpx:hr></gpxtpx:TrackPointExtension></extensions></trkpt><trkpt lat="56.63032" lon="38.098025"><ele>137.0</ele><time>2026-07-06T10:34:44Z</time><extensions><gpxtpx:TrackPointExtension><gpxtpx:hr>129</gpxtpx:hr></gpxtpx:TrackPointExtension></extensions></trkpt><trkpt lat="56.630297" lon="38.098032"><ele>137.0</ele><time>2026-07-06T10:34:45Z</time><extensions><gpxtpx:TrackPointExtension><gpxtpx:hr>129</gpxtpx:hr></gpxtpx:TrackPointExtension></extensions></trkpt><trkpt lat="56.630272" lon="38.098042"><ele>137.0</ele><time>2026-07-06T10:34:46Z</time><extensions><gpxtpx:TrackPointExtension><gpxtpx:hr>129</gpxtpx:hr></gpxtpx:TrackPointExtension></extensions></trkpt><trkpt lat="56.630247" lon="38.09805"><ele>137.0</ele><time>2026-07-06T10:34:47Z</time><extensions><gpxtpx:TrackPointExtension><gpxtpx:hr>129</gpxtpx:hr></gpxtpx:TrackPointExtension></extensions></trkpt><trkpt lat="56.630222" lon="38.09806"><ele>137.2</ele><time>2026-07-06T10:34:48Z</time><extensions><gpxtpx:TrackPointExtension><gpxtpx:hr>130</gpxtpx:hr></gpxtpx:TrackPointExtension></extensions></trkpt><trkpt lat="56.630197" lon="38.098067"><ele>137.4</ele><time>2026-07-06T10:34:49Z</time><extensions><gpxtpx:TrackPointExtension><gpxtpx:hr>129</gpxtpx:hr></gpxtpx:TrackPointExtension></extensions></trkpt><trkpt lat="56.630177" lon="38.098072"><ele>137.4</ele><time>2026-07-06T10:34:50Z</time><extensions><gpxtpx:TrackPointExtension><gpxtpx:hr>129</gpxtpx:hr></gpxtpx:TrackPointExtension></extensions></trkpt><trkpt lat="56.630152" lon="38.098082"><ele>137.2</ele><time>2026-07-06T10:34:51Z</time><extensions><gpxtpx:TrackPointExtension><gpxtpx:hr>129</gpxtpx:hr></gpxtpx:TrackPointExtension></extensions></trkpt><trkpt lat="56.63013" lon="38.098097"><ele>137.2</ele><time>2026-07-06T10:34:52Z</time><extensions><gpxtpx:TrackPointExtension><gpxtpx:hr>129</gpxtpx:hr></gpxtpx:TrackPointExtension></extensions></trkpt><trkpt lat="56.630107" lon="38.098107"><ele>137.0</ele><time>2026-07-06T10:34:53Z</time><extensions><gpxtpx:TrackPointExtension><gpxtpx:hr>129</gpxtpx:hr></gpxtpx:TrackPointExtension></extensions></trkpt><trkpt lat="56.630087" lon="38.098122"><ele>137.0</ele><time>2026-07-06T10:34:54Z</time><extensions><gpxtpx:TrackPointExtension><gpxtpx:hr>129</gpxtpx:hr></gpxtpx:TrackPointExtension></extensions></trkpt><trkpt lat="56.630065" lon="38.098132"><ele>137.0</ele><time>2026-07-06T10:34:55Z</time><extensions><gpxtpx:TrackPointExtension><gpxtpx:hr>129</gpxtpx:hr></gpxtpx:TrackPointExtension></extensions></trkpt><trkpt lat="56.630042" lon="38.098142"><ele>136.8</ele><time>2026-07-06T10:34:56Z</time><extensions><gpxtpx:TrackPointExtension><gpxtpx:hr>129</gpxtpx:hr></gpxtpx:TrackPointExtension></extensions></trkpt><trkpt lat="56.630017" lon="38.09815"><ele>136.8</ele><time>2026-07-06T10:34:57Z</time><extensions><gpxtpx:TrackPointExtension><gpxtpx:hr>129</gpxtpx:hr></gpxtpx:TrackPointExtension></extensions></trkpt><trkpt lat="56.629992" lon="38.098157"><ele>136.8</ele><time>2026-07-06T10:34:58Z</time><extensions><gpxtpx:TrackPointExtension><gpxtpx:hr>129</gpxtpx:hr></gpxtpx:TrackPointExtension></extensions></trkpt><trkpt lat="56.629972" lon="38.098167"><ele>136.8</ele><time>2026-07-06T10:34:59Z</time><extensions><gpxtpx:TrackPointExtension><gpxtpx:hr>130</gpxtpx:hr></gpxtpx:TrackPointExtension></extensions></trkpt><trkpt lat="56.629947" lon="38.09818"><ele>136.6</ele><time>2026-07-06T10:35:00Z</time><extensions><gpxtpx:TrackPointExtension><gpxtpx:hr>130</gpxtpx:hr></gpxtpx:TrackPointExtension></extensions></trkpt><trkpt lat="56.629925" lon="38.098187"><ele>136.6</ele><time>2026-07-06T10:35:01Z</time><extensions><gpxtpx:TrackPointExtension><gpxtpx:hr>130</gpxtpx:hr></gpxtpx:TrackPointExtension></extensions></trkpt><trkpt lat="56.629905" lon="38.098197"><ele>136.6</ele><time>2026-07-06T10:35:02Z</time><extensions><gpxtpx:TrackPointExtension><gpxtpx:hr>130</gpxtpx:hr></gpxtpx:TrackPointExtension></extensions></trkpt><trkpt lat="56.629877" lon="38.098207"><ele>136.6</ele><time>2026-07-06T10:35:03Z</time><extensions><gpxtpx:TrackPointExtension><gpxtpx:hr>131</gpxtpx:hr></gpxtpx:TrackPointExtension></extensions></trkpt><trkpt lat="56.629855" lon="38.098212"><ele>136.6</ele><time>2026-07-06T10:35:04Z</time><extensions><gpxtpx:TrackPointExtension><gpxtpx:hr>131</gpxtpx:hr></gpxtpx:TrackPointExtension></extensions></trkpt><trkpt lat="56.629832" lon="38.098215"><ele>136.4</ele><time>2026-07-06T10:35:05Z</time><extensions><gpxtpx:TrackPointExtension><gpxtpx:hr>131</gpxtpx:hr></gpxtpx:TrackPointExtension></extensions></trkpt><trkpt lat="56.629807" lon="38.098222"><ele>136.4</ele><time>2026-07-06T10:35:06Z</time><extensions><gpxtpx:TrackPointExtension><gpxtpx:hr>131</gpxtpx:hr></gpxtpx:TrackPointExtension></extensions></trkpt><trkpt lat="56.629785" lon="38.09823"><ele>136.4</ele><time>2026-07-06T10:35:07Z</time><extensions><gpxtpx:TrackPointExtension><gpxtpx:hr>131</gpxtpx:hr></gpxtpx:TrackPointExtension></extensions></trkpt><trkpt lat="56.629767" lon="38.098242"><ele>136.4</ele><time>2026-07-06T10:35:08Z</time><extensions><gpxtpx:TrackPointExtension><gpxtpx:hr>131</gpxtpx:hr></gpxtpx:TrackPointExtension></extensions></trkpt><trkpt lat="56.629745" lon="38.098252"><ele>136.2</ele><time>2026-07-06T10:35:09Z</time><extensions><gpxtpx:TrackPointExtension><gpxtpx:hr>131</gpxtpx:hr></gpxtpx:TrackPointExtension></extensions></trkpt><trkpt lat="56.629725" lon="38.098262"><ele>136.2</ele><time>2026-07-06T10:35:10Z</time><extensions><gpxtpx:TrackPointExtension><gpxtpx:hr>132</gpxtpx:hr></gpxtpx:TrackPointExtension></extensions></trkpt><trkpt lat="56.629702" lon="38.098275"><ele>136.2</ele><time>2026-07-06T10:35:11Z</time><extensions><gpxtpx:TrackPointExtension><gpxtpx:hr>131</gpxtpx:hr></gpxtpx:TrackPointExtension></extensions></trkpt><trkpt lat="56.629677" lon="38.098287"><ele>136.2</ele><time>2026-07-06T10:35:12Z</time><extensions><gpxtpx:TrackPointExtension><gpxtpx:hr>131</gpxtpx:hr></gpxtpx:TrackPointExtension></extensions></trkpt><trkpt lat="56.629655" lon="38.098295"><ele>136.2</ele><time>2026-07-06T10:35:13Z</time><extensions><gpxtpx:TrackPointExtension><gpxtpx:hr>131</gpxtpx:hr></gpxtpx:TrackPointExtension></extensions></trkpt><trkpt lat="56.629632" lon="38.098302"><ele>136.2</ele><time>2026-07-06T10:35:14Z</time><extensions><gpxtpx:TrackPointExtension><gpxtpx:hr>131</gpxtpx:hr></gpxtpx:TrackPointExtension></extensions></trkpt><trkpt lat="56.629607" lon="38.098312"><ele>136.2</ele><time>2026-07-06T10:35:15Z</time><extensions><gpxtpx:TrackPointExtension><gpxtpx:hr>131</gpxtpx:hr></gpxtpx:TrackPointExtension></extensions></trkpt><trkpt lat="56.629587" lon="38.098325"><ele>136.2</ele><time>2026-07-06T10:35:16Z</time><extensions><gpxtpx:TrackPointExtension><gpxtpx:hr>131</gpxtpx:hr></gpxtpx:TrackPointExtension></extensions></trkpt><trkpt lat="56.629567" lon="38.098335"><ele>136.2</ele><time>2026-07-06T10:35:17Z</time><extensions><gpxtpx:TrackPointExtension><gpxtpx:hr>130</gpxtpx:hr></gpxtpx:TrackPointExtension></extensions></trkpt><trkpt lat="56.62954" lon="38.098342"><ele>136.2</ele><time>2026-07-06T10:35:18Z</time><extensions><gpxtpx:TrackPointExtension><gpxtpx:hr>131</gpxtpx:hr></gpxtpx:TrackPointExtension></extensions></trkpt><trkpt lat="56.629517" lon="38.098352"><ele>136.2</ele><time>2026-07-06T10:35:19Z</time><extensions><gpxtpx:TrackPointExtension><gpxtpx:hr>131</gpxtpx:hr></gpxtpx:TrackPointExtension></extensions></trkpt><trkpt lat="56.629492" lon="38.098362"><ele>136.2</ele><time>2026-07-06T10:35:20Z</time><extensions><gpxtpx:TrackPointExtension><gpxtpx:hr>131</gpxtpx:hr></gpxtpx:TrackPointExtension></extensions></trkpt><trkpt lat="56.629465" lon="38.098367"><ele>136.2</ele><time>2026-07-06T10:35:21Z</time><extensions><gpxtpx:TrackPointExtension><gpxtpx:hr>131</gpxtpx:hr></gpxtpx:TrackPointExtension></extensions></trkpt><trkpt lat="56.629442" lon="38.098372"><ele>136.2</ele><time>2026-07-06T10:35:22Z</time><extensions><gpxtpx:TrackPointExtension><gpxtpx:hr>130</gpxtpx:hr></gpxtpx:TrackPointExtension></extensions></trkpt><trkpt lat="56.629415" lon="38.098377"><ele>136.2</ele><time>2026-07-06T10:35:23Z</time><extensions><gpxtpx:TrackPointExtension><gpxtpx:hr>130</gpxtpx:hr></gpxtpx:TrackPointExtension></extensions></trkpt><trkpt lat="56.62939" lon="38.098385"><ele>136.2</ele><time>2026-07-06T10:35:24Z</time><extensions><gpxtpx:TrackPointExtension><gpxtpx:hr>130</gpxtpx:hr></gpxtpx:TrackPointExtension></extensions></trkpt><trkpt lat="56.629365" lon="38.09839"><ele>136.2</ele><time>2026-07-06T10:35:25Z</time><extensions><gpxtpx:TrackPointExtension><gpxtpx:hr>130</gpxtpx:hr></gpxtpx:TrackPointExtension></extensions></trkpt><trkpt lat="56.629342" lon="38.098395"><ele>136.0</ele><time>2026-07-06T10:35:26Z</time><extensions><gpxtpx:TrackPointExtension><gpxtpx:hr>130</gpxtpx:hr></gpxtpx:TrackPointExtension></extensions></trkpt><trkpt lat="56.629317" lon="38.098405"><ele>136.0</ele><time>2026-07-06T10:35:27Z</time><extensions><gpxtpx:TrackPointExtension><gpxtpx:hr>130</gpxtpx:hr></gpxtpx:TrackPointExtension></extensions></trkpt><trkpt lat="56.629295" lon="38.098417"><ele>136.2</ele><time>2026-07-06T10:35:28Z</time><extensions><gpxtpx:TrackPointExtension><gpxtpx:hr>130</gpxtpx:hr></gpxtpx:TrackPointExtension></extensions></trkpt><trkpt lat="56.62927" lon="38.098425"><ele>136.2</ele><time>2026-07-06T10:35:29Z</time><extensions><gpxtpx:TrackPointExtension><gpxtpx:hr>130</gpxtpx:hr></gpxtpx:TrackPointExtension></extensions></trkpt><trkpt lat="56.629242" lon="38.098435"><ele>136.2</ele><time>2026-07-06T10:35:30Z</time><extensions><gpxtpx:TrackPointExtension><gpxtpx:hr>130</gpxtpx:hr></gpxtpx:TrackPointExtension></extensions></trkpt><trkpt lat="56.629222" lon="38.098447"><ele>136.2</ele><time>2026-07-06T10:35:31Z</time><extensions><gpxtpx:TrackPointExtension><gpxtpx:hr>129</gpxtpx:hr></gpxtpx:TrackPointExtension></extensions></trkpt><trkpt lat="56.629197" lon="38.098447"><ele>136.2</ele><time>2026-07-06T10:35:32Z</time><extensions><gpxtpx:TrackPointExtension><gpxtpx:hr>129</gpxtpx:hr></gpxtpx:TrackPointExtension></extensions></trkpt><trkpt lat="56.62917" lon="38.098452"><ele>136.2</ele><time>2026-07-06T10:35:33Z</time><extensions><gpxtpx:TrackPointExtension><gpxtpx:hr>129</gpxtpx:hr></gpxtpx:TrackPointExtension></extensions></trkpt><trkpt lat="56.629147" lon="38.098452"><ele>136.4</ele><time>2026-07-06T10:35:34Z</time><extensions><gpxtpx:TrackPointExtension><gpxtpx:hr>130</gpxtpx:hr></gpxtpx:TrackPointExtension></extensions></trkpt><trkpt lat="56.629122" lon="38.098457"><ele>136.4</ele><time>2026-07-06T10:35:35Z</time><extensions><gpxtpx:TrackPointExtension><gpxtpx:hr>130</gpxtpx:hr></gpxtpx:TrackPointExtension></extensions></trkpt><trkpt lat="56.629097" lon="38.098467"><ele>136.4</ele><time>2026-07-06T10:35:36Z</time><extensions><gpxtpx:TrackPointExtension><gpxtpx:hr>130</gpxtpx:hr></gpxtpx:TrackPointExtension></extensions></trkpt><trkpt lat="56.629075" lon="38.098477"><ele>136.4</ele><time>2026-07-06T10:35:37Z</time><extensions><gpxtpx:TrackPointExtension><gpxtpx:hr>130</gpxtpx:hr></gpxtpx:TrackPointExtension></extensions></trkpt><trkpt lat="56.62905" lon="38.098487"><ele>136.4</ele><time>2026-07-06T10:35:38Z</time><extensions><gpxtpx:TrackPointExtension><gpxtpx:hr>129</gpxtpx:hr></gpxtpx:TrackPointExtension></extensions></trkpt><trkpt lat="56.629027" lon="38.098495"><ele>136.4</ele><time>2026-07-06T10:35:39Z</time><extensions><gpxtpx:TrackPointExtension><gpxtpx:hr>129</gpxtpx:hr></gpxtpx:TrackPointExtension></extensions></trkpt><trkpt lat="56.629002" lon="38.0985"><ele>136.2</ele><time>2026-07-06T10:35:40Z</time><extensions><gpxtpx:TrackPointExtension><gpxtpx:hr>129</gpxtpx:hr></gpxtpx:TrackPointExtension></extensions></trkpt><trkpt lat="56.628977" lon="38.098507"><ele>136.2</ele><time>2026-07-06T10:35:41Z</time><extensions><gpxtpx:TrackPointExtension><gpxtpx:hr>129</gpxtpx:hr></gpxtpx:TrackPointExtension></extensions></trkpt><trkpt lat="56.628952" lon="38.098515"><ele>136.2</ele><time>2026-07-06T10:35:42Z</time><extensions><gpxtpx:TrackPointExtension><gpxtpx:hr>130</gpxtpx:hr></gpxtpx:TrackPointExtension></extensions></trkpt><trkpt lat="56.628932" lon="38.098522"><ele>136.2</ele><time>2026-07-06T10:35:43Z</time><extensions><gpxtpx:TrackPointExtension><gpxtpx:hr>130</gpxtpx:hr></gpxtpx:TrackPointExtension></extensions></trkpt><trkpt lat="56.628907" lon="38.098535"><ele>136.2</ele><time>2026-07-06T10:35:44Z</time><extensions><gpxtpx:TrackPointExtension><gpxtpx:hr>130</gpxtpx:hr></gpxtpx:TrackPointExtension></extensions></trkpt><trkpt lat="56.628882" lon="38.098547"><ele>136.0</ele><time>2026-07-06T10:35:45Z</time><extensions><gpxtpx:TrackPointExtension><gpxtpx:hr>130</gpxtpx:hr></gpxtpx:TrackPointExtension></extensions></trkpt><trkpt lat="56.628862" lon="38.098557"><ele>136.2</ele><time>2026-07-06T10:35:46Z</time><extensions><gpxtpx:TrackPointExtension><gpxtpx:hr>130</gpxtpx:hr></gpxtpx:TrackPointExtension></extensions></trkpt><trkpt lat="56.628838" lon="38.098572"><ele>136.0</ele><time>2026-07-06T10:35:47Z</time><extensions><gpxtpx:TrackPointExtension><gpxtpx:hr>130</gpxtpx:hr></gpxtpx:TrackPointExtension></extensions></trkpt><trkpt lat="56.628817" lon="38.098585"><ele>136.0</ele><time>2026-07-06T10:35:48Z</time><extensions><gpxtpx:TrackPointExtension><gpxtpx:hr>130</gpxtpx:hr></gpxtpx:TrackPointExtension></extensions></trkpt><trkpt lat="56.628792" lon="38.098597"><ele>135.8</ele><time>2026-07-06T10:35:49Z</time><extensions><gpxtpx:TrackPointExtension><gpxtpx:hr>130</gpxtpx:hr></gpxtpx:TrackPointExtension></extensions></trkpt><trkpt lat="56.628767" lon="38.098607"><ele>135.8</ele><time>2026-07-06T10:35:50Z</time><extensions><gpxtpx:TrackPointExtension><gpxtpx:hr>129</gpxtpx:hr></gpxtpx:TrackPointExtension></extensions></trkpt><trkpt lat="56.62874" lon="38.098617"><ele>135.8</ele><time>2026-07-06T10:35:51Z</time><extensions><gpxtpx:TrackPointExtension><gpxtpx:hr>129</gpxtpx:hr></gpxtpx:TrackPointExtension></extensions></trkpt><trkpt lat="56.62872" lon="38.098627"><ele>135.8</ele><time>2026-07-06T10:35:52Z</time><extensions><gpxtpx:TrackPointExtension><gpxtpx:hr>129</gpxtpx:hr></gpxtpx:TrackPointExtension></extensions></trkpt><trkpt lat="56.628697" lon="38.098642"><ele>135.6</ele><time>2026-07-06T10:35:53Z</time><extensions><gpxtpx:TrackPointExtension><gpxtpx:hr>129</gpxtpx:hr></gpxtpx:TrackPointExtension></extensions></trkpt><trkpt lat="56.628672" lon="38.098647"><ele>135.6</ele><time>2026-07-06T10:35:54Z</time><extensions><gpxtpx:TrackPointExtension><gpxtpx:hr>129</gpxtpx:hr></gpxtpx:TrackPointExtension></extensions></trkpt><trkpt lat="56.628652" lon="38.098657"><ele>135.6</ele><time>2026-07-06T10:35:55Z</time><extensions><gpxtpx:TrackPointExtension><gpxtpx:hr>129</gpxtpx:hr></gpxtpx:TrackPointExtension></extensions></trkpt><trkpt lat="56.628635" lon="38.098667"><ele>135.6</ele><time>2026-07-06T10:35:56Z</time><extensions><gpxtpx:TrackPointExtension><gpxtpx:hr>129</gpxtpx:hr></gpxtpx:TrackPointExtension></extensions></trkpt><trkpt lat="56.628612" lon="38.098675"><ele>135.4</ele><time>2026-07-06T10:35:57Z</time><extensions><gpxtpx:TrackPointExtension><gpxtpx:hr>130</gpxtpx:hr></gpxtpx:TrackPointExtension></extensions></trkpt><trkpt lat="56.628587" lon="38.098685"><ele>135.4</ele><time>2026-07-06T10:35:58Z</time><extensions><gpxtpx:TrackPointExtension><gpxtpx:hr>129</gpxtpx:hr></gpxtpx:TrackPointExtension></extensions></trkpt><trkpt lat="56.628562" lon="38.098692"><ele>135.4</ele><time>2026-07-06T10:35:59Z</time><extensions><gpxtpx:TrackPointExtension><gpxtpx:hr>129</gpxtpx:hr></gpxtpx:TrackPointExtension></extensions></trkpt><trkpt lat="56.628537" lon="38.098697"><ele>135.4</ele><time>2026-07-06T10:36:00Z</time><extensions><gpxtpx:TrackPointExtension><gpxtpx:hr>129</gpxtpx:hr></gpxtpx:TrackPointExtension></extensions></trkpt><trkpt lat="56.628512" lon="38.098707"><ele>135.2</ele><time>2026-07-06T10:36:01Z</time><extensions><gpxtpx:TrackPointExtension><gpxtpx:hr>128</gpxtpx:hr></gpxtpx:TrackPointExtension></extensions></trkpt><trkpt lat="56.628492" lon="38.098715"><ele>135.2</ele><time>2026-07-06T10:36:02Z</time><extensions><gpxtpx:TrackPointExtension><gpxtpx:hr>128</gpxtpx:hr></gpxtpx:TrackPointExtension></extensions></trkpt><trkpt lat="56.62847" lon="38.098722"><ele>135.2</ele><time>2026-07-06T10:36:03Z</time><extensions><gpxtpx:TrackPointExtension><gpxtpx:hr>127</gpxtpx:hr></gpxtpx:TrackPointExtension></extensions></trkpt><trkpt lat="56.628445" lon="38.09873"><ele>135.2</ele><time>2026-07-06T10:36:04Z</time><extensions><gpxtpx:TrackPointExtension><gpxtpx:hr>127</gpxtpx:hr></gpxtpx:TrackPointExtension></extensions></trkpt><trkpt lat="56.628422" lon="38.09875"><ele>135.2</ele><time>2026-07-06T10:36:05Z</time><extensions><gpxtpx:TrackPointExtension><gpxtpx:hr>126</gpxtpx:hr></gpxtpx:TrackPointExtension></extensions></trkpt><trkpt lat="56.62841" lon="38.098785"><ele>135.2</ele><time>2026-07-06T10:36:06Z</time><extensions><gpxtpx:TrackPointExtension><gpxtpx:hr>126</gpxtpx:hr></gpxtpx:TrackPointExtension></extensions></trkpt><trkpt lat="56.628407" lon="38.09883"><ele>135.2</ele><time>2026-07-06T10:36:07Z</time><extensions><gpxtpx:TrackPointExtension><gpxtpx:hr>126</gpxtpx:hr></gpxtpx:TrackPointExtension></extensions></trkpt><trkpt lat="56.628412" lon="38.098875"><ele>135.0</ele><time>2026-07-06T10:36:08Z</time><extensions><gpxtpx:TrackPointExtension><gpxtpx:hr>126</gpxtpx:hr></gpxtpx:TrackPointExtension></extensions></trkpt><trkpt lat="56.628415" lon="38.09892"><ele>135.0</ele><time>2026-07-06T10:36:09Z</time><extensions><gpxtpx:TrackPointExtension><gpxtpx:hr>126</gpxtpx:hr></gpxtpx:TrackPointExtension></extensions></trkpt><trkpt lat="56.628417" lon="38.098962"><ele>134.8</ele><time>2026-07-06T10:36:10Z</time><extensions><gpxtpx:TrackPointExtension><gpxtpx:hr>126</gpxtpx:hr></gpxtpx:TrackPointExtension></extensions></trkpt><trkpt lat="56.628425" lon="38.099002"><ele>135.0</ele><time>2026-07-06T10:36:11Z</time><extensions><gpxtpx:TrackPointExtension><gpxtpx:hr>126</gpxtpx:hr></gpxtpx:TrackPointExtension></extensions></trkpt><trkpt lat="56.62843" lon="38.099042"><ele>135.0</ele><time>2026-07-06T10:36:12Z</time><extensions><gpxtpx:TrackPointExtension><gpxtpx:hr>126</gpxtpx:hr></gpxtpx:TrackPointExtension></extensions></trkpt><trkpt lat="56.628435" lon="38.099085"><ele>135.0</ele><time>2026-07-06T10:36:13Z</time><extensions><gpxtpx:TrackPointExtension><gpxtpx:hr>126</gpxtpx:hr></gpxtpx:TrackPointExtension></extensions></trkpt><trkpt lat="56.62844" lon="38.099125"><ele>135.0</ele><time>2026-07-06T10:36:14Z</time><extensions><gpxtpx:TrackPointExtension><gpxtpx:hr>126</gpxtpx:hr></gpxtpx:TrackPointExtension></extensions></trkpt><trkpt lat="56.628445" lon="38.099167"><ele>135.0</ele><time>2026-07-06T10:36:15Z</time><extensions><gpxtpx:TrackPointExtension><gpxtpx:hr>126</gpxtpx:hr></gpxtpx:TrackPointExtension></extensions></trkpt><trkpt lat="56.62845" lon="38.09921"><ele>135.0</ele><time>2026-07-06T10:36:16Z</time><extensions><gpxtpx:TrackPointExtension><gpxtpx:hr>126</gpxtpx:hr></gpxtpx:TrackPointExtension></extensions></trkpt><trkpt lat="56.628457" lon="38.099247"><ele>135.0</ele><time>2026-07-06T10:36:17Z</time><extensions><gpxtpx:TrackPointExtension><gpxtpx:hr>125</gpxtpx:hr></gpxtpx:TrackPointExtension></extensions></trkpt><trkpt lat="56.628462" lon="38.099287"><ele>135.2</ele><time>2026-07-06T10:36:18Z</time><extensions><gpxtpx:TrackPointExtension><gpxtpx:hr>126</gpxtpx:hr></gpxtpx:TrackPointExtension></extensions></trkpt><trkpt lat="56.628467" lon="38.09933"><ele>135.0</ele><time>2026-07-06T10:36:19Z</time><extensions><gpxtpx:TrackPointExtension><gpxtpx:hr>126</gpxtpx:hr></gpxtpx:TrackPointExtension></extensions></trkpt><trkpt lat="56.628472" lon="38.099367"><ele>135.2</ele><time>2026-07-06T10:36:20Z</time><extensions><gpxtpx:TrackPointExtension><gpxtpx:hr>126</gpxtpx:hr></gpxtpx:TrackPointExtension></extensions></trkpt><trkpt lat="56.628475" lon="38.099405"><ele>135.2</ele><time>2026-07-06T10:36:21Z</time><extensions><gpxtpx:TrackPointExtension><gpxtpx:hr>126</gpxtpx:hr></gpxtpx:TrackPointExtension></extensions></trkpt><trkpt lat="56.62848" lon="38.099447"><ele>135.2</ele><time>2026-07-06T10:36:22Z</time><extensions><gpxtpx:TrackPointExtension><gpxtpx:hr>126</gpxtpx:hr></gpxtpx:TrackPointExtension></extensions></trkpt><trkpt lat="56.628485" lon="38.099487"><ele>135.2</ele><time>2026-07-06T10:36:23Z</time><extensions><gpxtpx:TrackPointExtension><gpxtpx:hr>126</gpxtpx:hr></gpxtpx:TrackPointExtension></extensions></trkpt><trkpt lat="56.628487" lon="38.099527"><ele>135.2</ele><time>2026-07-06T10:36:24Z</time><extensions><gpxtpx:TrackPointExtension><gpxtpx:hr>126</gpxtpx:hr></gpxtpx:TrackPointExtension></extensions></trkpt><trkpt lat="56.628495" lon="38.09957"><ele>135.2</ele><time>2026-07-06T10:36:25Z</time><extensions><gpxtpx:TrackPointExtension><gpxtpx:hr>126</gpxtpx:hr></gpxtpx:TrackPointExtension></extensions></trkpt><trkpt lat="56.628497" lon="38.099607"><ele>135.4</ele><time>2026-07-06T10:36:26Z</time><extensions><gpxtpx:TrackPointExtension><gpxtpx:hr>127</gpxtpx:hr></gpxtpx:TrackPointExtension></extensions></trkpt><trkpt lat="56.628502" lon="38.099642"><ele>135.4</ele><time>2026-07-06T10:36:27Z</time><extensions><gpxtpx:TrackPointExtension><gpxtpx:hr>127</gpxtpx:hr></gpxtpx:TrackPointExtension></extensions></trkpt><trkpt lat="56.628507" lon="38.099685"><ele>135.4</ele><time>2026-07-06T10:36:28Z</time><extensions><gpxtpx:TrackPointExtension><gpxtpx:hr>127</gpxtpx:hr></gpxtpx:TrackPointExtension></extensions></trkpt><trkpt lat="56.628512" lon="38.099722"><ele>135.4</ele><time>2026-07-06T10:36:29Z</time><extensions><gpxtpx:TrackPointExtension><gpxtpx:hr>126</gpxtpx:hr></gpxtpx:TrackPointExtension></extensions></trkpt><trkpt lat="56.62852" lon="38.09976"><ele>135.4</ele><time>2026-07-06T10:36:30Z</time><extensions><gpxtpx:TrackPointExtension><gpxtpx:hr>127</gpxtpx:hr></gpxtpx:TrackPointExtension></extensions></trkpt><trkpt lat="56.628527" lon="38.099802"><ele>135.4</ele><time>2026-07-06T10:36:31Z</time><extensions><gpxtpx:TrackPointExtension><gpxtpx:hr>127</gpxtpx:hr></gpxtpx:TrackPointExtension></extensions></trkpt><trkpt lat="56.628532" lon="38.09984"><ele>135.4</ele><time>2026-07-06T10:36:32Z</time><extensions><gpxtpx:TrackPointExtension><gpxtpx:hr>128</gpxtpx:hr></gpxtpx:TrackPointExtension></extensions></trkpt><trkpt lat="56.628535" lon="38.099877"><ele>135.4</ele><time>2026-07-06T10:36:33Z</time><extensions><gpxtpx:TrackPointExtension><gpxtpx:hr>128</gpxtpx:hr></gpxtpx:TrackPointExtension></extensions></trkpt><trkpt lat="56.62854" lon="38.099917"><ele>135.4</ele><time>2026-07-06T10:36:34Z</time><extensions><gpxtpx:TrackPointExtension><gpxtpx:hr>128</gpxtpx:hr></gpxtpx:TrackPointExtension></extensions></trkpt><trkpt lat="56.628542" lon="38.09996"><ele>135.4</ele><time>2026-07-06T10:36:35Z</time><extensions><gpxtpx:TrackPointExtension><gpxtpx:hr>129</gpxtpx:hr></gpxtpx:TrackPointExtension></extensions></trkpt><trkpt lat="56.628547" lon="38.099997"><ele>135.4</ele><time>2026-07-06T10:36:36Z</time><extensions><gpxtpx:TrackPointExtension><gpxtpx:hr>129</gpxtpx:hr></gpxtpx:TrackPointExtension></extensions></trkpt><trkpt lat="56.628552" lon="38.10004"><ele>135.4</ele><time>2026-07-06T10:36:37Z</time><extensions><gpxtpx:TrackPointExtension><gpxtpx:hr>129</gpxtpx:hr></gpxtpx:TrackPointExtension></extensions></trkpt><trkpt lat="56.628552" lon="38.100082"><ele>135.4</ele><time>2026-07-06T10:36:38Z</time><extensions><gpxtpx:TrackPointExtension><gpxtpx:hr>129</gpxtpx:hr></gpxtpx:TrackPointExtension></extensions></trkpt><trkpt lat="56.628555" lon="38.100127"><ele>135.4</ele><time>2026-07-06T10:36:39Z</time><extensions><gpxtpx:TrackPointExtension><gpxtpx:hr>129</gpxtpx:hr></gpxtpx:TrackPointExtension></extensions></trkpt><trkpt lat="56.62856" lon="38.100165"><ele>135.4</ele><time>2026-07-06T10:36:40Z</time><extensions><gpxtpx:TrackPointExtension><gpxtpx:hr>129</gpxtpx:hr></gpxtpx:TrackPointExtension></extensions></trkpt><trkpt lat="56.628565" lon="38.100205"><ele>135.6</ele><time>2026-07-06T10:36:41Z</time><extensions><gpxtpx:TrackPointExtension><gpxtpx:hr>129</gpxtpx:hr></gpxtpx:TrackPointExtension></extensions></trkpt><trkpt lat="56.62857" lon="38.100242"><ele>135.4</ele><time>2026-07-06T10:36:42Z</time><extensions><gpxtpx:TrackPointExtension><gpxtpx:hr>129</gpxtpx:hr></gpxtpx:TrackPointExtension></extensions></trkpt><trkpt lat="56.628575" lon="38.100282"><ele>135.4</ele><time>2026-07-06T10:36:43Z</time><extensions><gpxtpx:TrackPointExtension><gpxtpx:hr>128</gpxtpx:hr></gpxtpx:TrackPointExtension></extensions></trkpt><trkpt lat="56.628582" lon="38.100322"><ele>135.4</ele><time>2026-07-06T10:36:44Z</time><extensions><gpxtpx:TrackPointExtension><gpxtpx:hr>128</gpxtpx:hr></gpxtpx:TrackPointExtension></extensions></trkpt><trkpt lat="56.628585" lon="38.100362"><ele>135.4</ele><time>2026-07-06T10:36:45Z</time><extensions><gpxtpx:TrackPointExtension><gpxtpx:hr>128</gpxtpx:hr></gpxtpx:TrackPointExtension></extensions></trkpt><trkpt lat="56.628587" lon="38.100407"><ele>135.4</ele><time>2026-07-06T10:36:46Z</time><extensions><gpxtpx:TrackPointExtension><gpxtpx:hr>128</gpxtpx:hr></gpxtpx:TrackPointExtension></extensions></trkpt><trkpt lat="56.628592" lon="38.100447"><ele>135.4</ele><time>2026-07-06T10:36:47Z</time><extensions><gpxtpx:TrackPointExtension><gpxtpx:hr>129</gpxtpx:hr></gpxtpx:TrackPointExtension></extensions></trkpt><trkpt lat="56.628597" lon="38.100485"><ele>135.6</ele><time>2026-07-06T10:36:48Z</time><extensions><gpxtpx:TrackPointExtension><gpxtpx:hr>129</gpxtpx:hr></gpxtpx:TrackPointExtension></extensions></trkpt><trkpt lat="56.628602" lon="38.100523"><ele>135.6</ele><time>2026-07-06T10:36:49Z</time><extensions><gpxtpx:TrackPointExtension><gpxtpx:hr>128</gpxtpx:hr></gpxtpx:TrackPointExtension></extensions></trkpt><trkpt lat="56.628607" lon="38.100567"><ele>135.8</ele><time>2026-07-06T10:36:50Z</time><extensions><gpxtpx:TrackPointExtension><gpxtpx:hr>128</gpxtpx:hr></gpxtpx:TrackPointExtension></extensions></trkpt><trkpt lat="56.628612" lon="38.100607"><ele>135.8</ele><time>2026-07-06T10:36:51Z</time><extensions><gpxtpx:TrackPointExtension><gpxtpx:hr>129</gpxtpx:hr></gpxtpx:TrackPointExtension></extensions></trkpt><trkpt lat="56.628617" lon="38.100647"><ele>135.8</ele><time>2026-07-06T10:36:52Z</time><extensions><gpxtpx:TrackPointExtension><gpxtpx:hr>129</gpxtpx:hr></gpxtpx:TrackPointExtension></extensions></trkpt><trkpt lat="56.628622" lon="38.100687"><ele>135.8</ele><time>2026-07-06T10:36:53Z</time><extensions><gpxtpx:TrackPointExtension><gpxtpx:hr>129</gpxtpx:hr></gpxtpx:TrackPointExtension></extensions></trkpt><trkpt lat="56.628625" lon="38.100732"><ele>135.8</ele><time>2026-07-06T10:36:54Z</time><extensions><gpxtpx:TrackPointExtension><gpxtpx:hr>130</gpxtpx:hr></gpxtpx:TrackPointExtension></extensions></trkpt><trkpt lat="56.628627" lon="38.100775"><ele>135.8</ele><time>2026-07-06T10:36:55Z</time><extensions><gpxtpx:TrackPointExtension><gpxtpx:hr>130</gpxtpx:hr></gpxtpx:TrackPointExtension></extensions></trkpt><trkpt lat="56.628632" lon="38.100817"><ele>135.8</ele><time>2026-07-06T10:36:56Z</time><extensions><gpxtpx:TrackPointExtension><gpxtpx:hr>130</gpxtpx:hr></gpxtpx:TrackPointExtension></extensions></trkpt><trkpt lat="56.628632" lon="38.10086"><ele>135.8</ele><time>2026-07-06T10:36:57Z</time><extensions><gpxtpx:TrackPointExtension><gpxtpx:hr>130</gpxtpx:hr></gpxtpx:TrackPointExtension></extensions></trkpt><trkpt lat="56.628637" lon="38.1009"><ele>135.8</ele><time>2026-07-06T10:36:58Z</time><extensions><gpxtpx:TrackPointExtension><gpxtpx:hr>131</gpxtpx:hr></gpxtpx:TrackPointExtension></extensions></trkpt><trkpt lat="56.628645" lon="38.100942"><ele>135.8</ele><time>2026-07-06T10:36:59Z</time><extensions><gpxtpx:TrackPointExtension><gpxtpx:hr>131</gpxtpx:hr></gpxtpx:TrackPointExtension></extensions></trkpt><trkpt lat="56.62865" lon="38.100977"><ele>135.8</ele><time>2026-07-06T10:37:00Z</time><extensions><gpxtpx:TrackPointExtension><gpxtpx:hr>131</gpxtpx:hr></gpxtpx:TrackPointExtension></extensions></trkpt><trkpt lat="56.628655" lon="38.101015"><ele>135.8</ele><time>2026-07-06T10:37:01Z</time><extensions><gpxtpx:TrackPointExtension><gpxtpx:hr>131</gpxtpx:hr></gpxtpx:TrackPointExtension></extensions></trkpt><trkpt lat="56.628657" lon="38.101055"><ele>135.8</ele><time>2026-07-06T10:37:02Z</time><extensions><gpxtpx:TrackPointExtension><gpxtpx:hr>131</gpxtpx:hr></gpxtpx:TrackPointExtension></extensions></trkpt><trkpt lat="56.628665" lon="38.101092"><ele>136.0</ele><time>2026-07-06T10:37:03Z</time><extensions><gpxtpx:TrackPointExtension><gpxtpx:hr>132</gpxtpx:hr></gpxtpx:TrackPointExtension></extensions></trkpt><trkpt lat="56.628667" lon="38.101128"><ele>136.0</ele><time>2026-07-06T10:37:04Z</time><extensions><gpxtpx:TrackPointExtension><gpxtpx:hr>131</gpxtpx:hr></gpxtpx:TrackPointExtension></extensions></trkpt><trkpt lat="56.628672" lon="38.101172"><ele>136.0</ele><time>2026-07-06T10:37:05Z</time><extensions><gpxtpx:TrackPointExtension><gpxtpx:hr>132</gpxtpx:hr></gpxtpx:TrackPointExtension></extensions></trkpt><trkpt lat="56.62868" lon="38.101212"><ele>136.0</ele><time>2026-07-06T10:37:06Z</time><extensions><gpxtpx:TrackPointExtension><gpxtpx:hr>131</gpxtpx:hr></gpxtpx:TrackPointExtension></extensions></trkpt><trkpt lat="56.628683" lon="38.101252"><ele>136.0</ele><time>2026-07-06T10:37:07Z</time><extensions><gpxtpx:TrackPointExtension><gpxtpx:hr>131</gpxtpx:hr></gpxtpx:TrackPointExtension></extensions></trkpt><trkpt lat="56.62869" lon="38.101292"><ele>135.8</ele><time>2026-07-06T10:37:08Z</time><extensions><gpxtpx:TrackPointExtension><gpxtpx:hr>132</gpxtpx:hr></gpxtpx:TrackPointExtension></extensions></trkpt><trkpt lat="56.628692" lon="38.101327"><ele>136.0</ele><time>2026-07-06T10:37:09Z</time><extensions><gpxtpx:TrackPointExtension><gpxtpx:hr>132</gpxtpx:hr></gpxtpx:TrackPointExtension></extensions></trkpt><trkpt lat="56.628695" lon="38.101362"><ele>135.8</ele><time>2026-07-06T10:37:10Z</time><extensions><gpxtpx:TrackPointExtension><gpxtpx:hr>132</gpxtpx:hr></gpxtpx:TrackPointExtension></extensions></trkpt><trkpt lat="56.6287" lon="38.101402"><ele>135.8</ele><time>2026-07-06T10:37:11Z</time><extensions><gpxtpx:TrackPointExtension><gpxtpx:hr>132</gpxtpx:hr></gpxtpx:TrackPointExtension></extensions></trkpt><trkpt lat="56.628705" lon="38.101472"><ele>136.0</ele><time>2026-07-06T10:37:13Z</time><extensions><gpxtpx:TrackPointExtension><gpxtpx:hr>132</gpxtpx:hr></gpxtpx:TrackPointExtension></extensions></trkpt><trkpt lat="56.62871" lon="38.101508"><ele>136.0</ele><time>2026-07-06T10:37:14Z</time><extensions><gpxtpx:TrackPointExtension><gpxtpx:hr>132</gpxtpx:hr></gpxtpx:TrackPointExtension></extensions></trkpt><trkpt lat="56.628715" lon="38.101547"><ele>136.0</ele><time>2026-07-06T10:37:15Z</time><extensions><gpxtpx:TrackPointExtension><gpxtpx:hr>133</gpxtpx:hr></gpxtpx:TrackPointExtension></extensions></trkpt><trkpt lat="56.62872" lon="38.101585"><ele>136.2</ele><time>2026-07-06T10:37:16Z</time><extensions><gpxtpx:TrackPointExtension><gpxtpx:hr>133</gpxtpx:hr></gpxtpx:TrackPointExtension></extensions></trkpt><trkpt lat="56.628722" lon="38.101627"><ele>136.2</ele><time>2026-07-06T10:37:17Z</time><extensions><gpxtpx:TrackPointExtension><gpxtpx:hr>133</gpxtpx:hr></gpxtpx:TrackPointExtension></extensions></trkpt><trkpt lat="56.628727" lon="38.101667"><ele>136.2</ele><time>2026-07-06T10:37:18Z</time><extensions><gpxtpx:TrackPointExtension><gpxtpx:hr>133</gpxtpx:hr></gpxtpx:TrackPointExtension></extensions></trkpt><trkpt lat="56.628732" lon="38.101707"><ele>136.4</ele><time>2026-07-06T10:37:19Z</time><extensions><gpxtpx:TrackPointExtension><gpxtpx:hr>133</gpxtpx:hr></gpxtpx:TrackPointExtension></extensions></trkpt><trkpt lat="56.628737" lon="38.101747"><ele>136.4</ele><time>2026-07-06T10:37:20Z</time><extensions><gpxtpx:TrackPointExtension><gpxtpx:hr>133</gpxtpx:hr></gpxtpx:TrackPointExtension></extensions></trkpt><trkpt lat="56.62874" lon="38.101782"><ele>136.4</ele><time>2026-07-06T10:37:21Z</time><extensions><gpxtpx:TrackPointExtension><gpxtpx:hr>133</gpxtpx:hr></gpxtpx:TrackPointExtension></extensions></trkpt><trkpt lat="56.628742" lon="38.101817"><ele>136.4</ele><time>2026-07-06T10:37:22Z</time><extensions><gpxtpx:TrackPointExtension><gpxtpx:hr>133</gpxtpx:hr></gpxtpx:TrackPointExtension></extensions></trkpt><trkpt lat="56.628747" lon="38.10186"><ele>136.4</ele><time>2026-07-06T10:37:23Z</time><extensions><gpxtpx:TrackPointExtension><gpxtpx:hr>134</gpxtpx:hr></gpxtpx:TrackPointExtension></extensions></trkpt><trkpt lat="56.628752" lon="38.101902"><ele>136.4</ele><time>2026-07-06T10:37:24Z</time><extensions><gpxtpx:TrackPointExtension><gpxtpx:hr>134</gpxtpx:hr></gpxtpx:TrackPointExtension></extensions></trkpt><trkpt lat="56.62876" lon="38.10194"><ele>136.4</ele><time>2026-07-06T10:37:25Z</time><extensions><gpxtpx:TrackPointExtension><gpxtpx:hr>134</gpxtpx:hr></gpxtpx:TrackPointExtension></extensions></trkpt><trkpt lat="56.628767" lon="38.101982"><ele>136.4</ele><time>2026-07-06T10:37:26Z</time><extensions><gpxtpx:TrackPointExtension><gpxtpx:hr>134</gpxtpx:hr></gpxtpx:TrackPointExtension></extensions></trkpt><trkpt lat="56.62877" lon="38.102022"><ele>136.4</ele><time>2026-07-06T10:37:27Z</time><extensions><gpxtpx:TrackPointExtension><gpxtpx:hr>133</gpxtpx:hr></gpxtpx:TrackPointExtension></extensions></trkpt><trkpt lat="56.628775" lon="38.102062"><ele>136.6</ele><time>2026-07-06T10:37:28Z</time><extensions><gpxtpx:TrackPointExtension><gpxtpx:hr>134</gpxtpx:hr></gpxtpx:TrackPointExtension></extensions></trkpt><trkpt lat="56.628782" lon="38.102102"><ele>136.6</ele><time>2026-07-06T10:37:29Z</time><extensions><gpxtpx:TrackPointExtension><gpxtpx:hr>133</gpxtpx:hr></gpxtpx:TrackPointExtension></extensions></trkpt><trkpt lat="56.628785" lon="38.102142"><ele>136.6</ele><time>2026-07-06T10:37:30Z</time><extensions><gpxtpx:TrackPointExtension><gpxtpx:hr>134</gpxtpx:hr></gpxtpx:TrackPointExtension></extensions></trkpt><trkpt lat="56.62879" lon="38.102182"><ele>136.6</ele><time>2026-07-06T10:37:31Z</time><extensions><gpxtpx:TrackPointExtension><gpxtpx:hr>134</gpxtpx:hr></gpxtpx:TrackPointExtension></extensions></trkpt><trkpt lat="56.628797" lon="38.102222"><ele>136.6</ele><time>2026-07-06T10:37:32Z</time><extensions><gpxtpx:TrackPointExtension><gpxtpx:hr>134</gpxtpx:hr></gpxtpx:TrackPointExtension></extensions></trkpt><trkpt lat="56.628802" lon="38.102265"><ele>136.6</ele><time>2026-07-06T10:37:33Z</time><extensions><gpxtpx:TrackPointExtension><gpxtpx:hr>134</gpxtpx:hr></gpxtpx:TrackPointExtension></extensions></trkpt><trkpt lat="56.628802" lon="38.102305"><ele>136.6</ele><time>2026-07-06T10:37:34Z</time><extensions><gpxtpx:TrackPointExtension><gpxtpx:hr>133</gpxtpx:hr></gpxtpx:TrackPointExtension></extensions></trkpt><trkpt lat="56.628807" lon="38.102345"><ele>136.6</ele><time>2026-07-06T10:37:35Z</time><extensions><gpxtpx:TrackPointExtension><gpxtpx:hr>133</gpxtpx:hr></gpxtpx:TrackPointExtension></extensions></trkpt><trkpt lat="56.628812" lon="38.102382"><ele>136.8</ele><time>2026-07-06T10:37:36Z</time><extensions><gpxtpx:TrackPointExtension><gpxtpx:hr>133</gpxtpx:hr></gpxtpx:TrackPointExtension></extensions></trkpt><trkpt lat="56.628815" lon="38.102422"><ele>136.8</ele><time>2026-07-06T10:37:37Z</time><extensions><gpxtpx:TrackPointExtension><gpxtpx:hr>133</gpxtpx:hr></gpxtpx:TrackPointExtension></extensions></trkpt><trkpt lat="56.62882" lon="38.102462"><ele>136.6</ele><time>2026-07-06T10:37:38Z</time><extensions><gpxtpx:TrackPointExtension><gpxtpx:hr>133</gpxtpx:hr></gpxtpx:TrackPointExtension></extensions></trkpt><trkpt lat="56.628825" lon="38.102505"><ele>136.6</ele><time>2026-07-06T10:37:39Z</time><extensions><gpxtpx:TrackPointExtension><gpxtpx:hr>133</gpxtpx:hr></gpxtpx:TrackPointExtension></extensions></trkpt><trkpt lat="56.62883" lon="38.102542"><ele>136.6</ele><time>2026-07-06T10:37:40Z</time><extensions><gpxtpx:TrackPointExtension><gpxtpx:hr>133</gpxtpx:hr></gpxtpx:TrackPointExtension></extensions></trkpt><trkpt lat="56.628835" lon="38.10259"><ele>136.8</ele><time>2026-07-06T10:37:41Z</time><extensions><gpxtpx:TrackPointExtension><gpxtpx:hr>133</gpxtpx:hr></gpxtpx:TrackPointExtension></extensions></trkpt><trkpt lat="56.628838" lon="38.102632"><ele>136.8</ele><time>2026-07-06T10:37:42Z</time><extensions><gpxtpx:TrackPointExtension><gpxtpx:hr>134</gpxtpx:hr></gpxtpx:TrackPointExtension></extensions></trkpt><trkpt lat="56.628845" lon="38.102672"><ele>136.8</ele><time>2026-07-06T10:37:43Z</time><extensions><gpxtpx:TrackPointExtension><gpxtpx:hr>133</gpxtpx:hr></gpxtpx:TrackPointExtension></extensions></trkpt><trkpt lat="56.628847" lon="38.102717"><ele>137.0</ele><time>2026-07-06T10:37:44Z</time><extensions><gpxtpx:TrackPointExtension><gpxtpx:hr>133</gpxtpx:hr></gpxtpx:TrackPointExtension></extensions></trkpt><trkpt lat="56.628855" lon="38.102757"><ele>136.8</ele><time>2026-07-06T10:37:45Z</time><extensions><gpxtpx:TrackPointExtension><gpxtpx:hr>133</gpxtpx:hr></gpxtpx:TrackPointExtension></extensions></trkpt><trkpt lat="56.62886" lon="38.102797"><ele>137.0</ele><time>2026-07-06T10:37:46Z</time><extensions><gpxtpx:TrackPointExtension><gpxtpx:hr>134</gpxtpx:hr></gpxtpx:TrackPointExtension></extensions></trkpt><trkpt lat="56.628867" lon="38.102837"><ele>137.0</ele><time>2026-07-06T10:37:47Z</time><extensions><gpxtpx:TrackPointExtension><gpxtpx:hr>134</gpxtpx:hr></gpxtpx:TrackPointExtension></extensions></trkpt><trkpt lat="56.628872" lon="38.102877"><ele>137.0</ele><time>2026-07-06T10:37:48Z</time><extensions><gpxtpx:TrackPointExtension><gpxtpx:hr>134</gpxtpx:hr></gpxtpx:TrackPointExtension></extensions></trkpt><trkpt lat="56.628875" lon="38.102917"><ele>137.0</ele><time>2026-07-06T10:37:49Z</time><extensions><gpxtpx:TrackPointExtension><gpxtpx:hr>134</gpxtpx:hr></gpxtpx:TrackPointExtension></extensions></trkpt><trkpt lat="56.628882" lon="38.102962"><ele>137.0</ele><time>2026-07-06T10:37:50Z</time><extensions><gpxtpx:TrackPointExtension><gpxtpx:hr>133</gpxtpx:hr></gpxtpx:TrackPointExtension></extensions></trkpt><trkpt lat="56.628887" lon="38.103002"><ele>137.0</ele><time>2026-07-06T10:37:51Z</time><extensions><gpxtpx:TrackPointExtension><gpxtpx:hr>133</gpxtpx:hr></gpxtpx:TrackPointExtension></extensions></trkpt><trkpt lat="56.628892" lon="38.103037"><ele>137.0</ele><time>2026-07-06T10:37:52Z</time><extensions><gpxtpx:TrackPointExtension><gpxtpx:hr>132</gpxtpx:hr></gpxtpx:TrackPointExtension></extensions></trkpt><trkpt lat="56.628897" lon="38.103082"><ele>137.0</ele><time>2026-07-06T10:37:53Z</time><extensions><gpxtpx:TrackPointExtension><gpxtpx:hr>132</gpxtpx:hr></gpxtpx:TrackPointExtension></extensions></trkpt><trkpt lat="56.628902" lon="38.103122"><ele>137.0</ele><time>2026-07-06T10:37:54Z</time><extensions><gpxtpx:TrackPointExtension><gpxtpx:hr>131</gpxtpx:hr></gpxtpx:TrackPointExtension></extensions></trkpt><trkpt lat="56.628907" lon="38.103162"><ele>137.0</ele><time>2026-07-06T10:37:55Z</time><extensions><gpxtpx:TrackPointExtension><gpxtpx:hr>132</gpxtpx:hr></gpxtpx:TrackPointExtension></extensions></trkpt><trkpt lat="56.628912" lon="38.103205"><ele>137.0</ele><time>2026-07-06T10:37:56Z</time><extensions><gpxtpx:TrackPointExtension><gpxtpx:hr>132</gpxtpx:hr></gpxtpx:TrackPointExtension></extensions></trkpt><trkpt lat="56.62892" lon="38.103242"><ele>137.2</ele><time>2026-07-06T10:37:57Z</time><extensions><gpxtpx:TrackPointExtension><gpxtpx:hr>132</gpxtpx:hr></gpxtpx:TrackPointExtension></extensions></trkpt><trkpt lat="56.628922" lon="38.103285"><ele>137.2</ele><time>2026-07-06T10:37:58Z</time><extensions><gpxtpx:TrackPointExtension><gpxtpx:hr>132</gpxtpx:hr></gpxtpx:TrackPointExtension></extensions></trkpt><trkpt lat="56.628927" lon="38.10333"><ele>137.2</ele><time>2026-07-06T10:37:59Z</time><extensions><gpxtpx:TrackPointExtension><gpxtpx:hr>132</gpxtpx:hr></gpxtpx:TrackPointExtension></extensions></trkpt><trkpt lat="56.628932" lon="38.103372"><ele>137.0</ele><time>2026-07-06T10:38:00Z</time><extensions><gpxtpx:TrackPointExtension><gpxtpx:hr>132</gpxtpx:hr></gpxtpx:TrackPointExtension></extensions></trkpt><trkpt lat="56.628935" lon="38.103417"><ele>137.0</ele><time>2026-07-06T10:38:01Z</time><extensions><gpxtpx:TrackPointExtension><gpxtpx:hr>132</gpxtpx:hr></gpxtpx:TrackPointExtension></extensions></trkpt><trkpt lat="56.62894" lon="38.103462"><ele>137.0</ele><time>2026-07-06T10:38:02Z</time><extensions><gpxtpx:TrackPointExtension><gpxtpx:hr>132</gpxtpx:hr></gpxtpx:TrackPointExtension></extensions></trkpt><trkpt lat="56.628942" lon="38.103505"><ele>137.2</ele><time>2026-07-06T10:38:03Z</time><extensions><gpxtpx:TrackPointExtension><gpxtpx:hr>131</gpxtpx:hr></gpxtpx:TrackPointExtension></extensions></trkpt><trkpt lat="56.628945" lon="38.103547"><ele>137.2</ele><time>2026-07-06T10:38:04Z</time><extensions><gpxtpx:TrackPointExtension><gpxtpx:hr>131</gpxtpx:hr></gpxtpx:TrackPointExtension></extensions></trkpt><trkpt lat="56.628947" lon="38.103592"><ele>137.2</ele><time>2026-07-06T10:38:05Z</time><extensions><gpxtpx:TrackPointExtension><gpxtpx:hr>132</gpxtpx:hr></gpxtpx:TrackPointExtension></extensions></trkpt><trkpt lat="56.628957" lon="38.103632"><ele>137.2</ele><time>2026-07-06T10:38:06Z</time><extensions><gpxtpx:TrackPointExtension><gpxtpx:hr>132</gpxtpx:hr></gpxtpx:TrackPointExtension></extensions></trkpt><trkpt lat="56.628967" lon="38.103675"><ele>137.2</ele><time>2026-07-06T10:38:07Z</time><extensions><gpxtpx:TrackPointExtension><gpxtpx:hr>132</gpxtpx:hr></gpxtpx:TrackPointExtension></extensions></trkpt><trkpt lat="56.628985" lon="38.10371"><ele>137.2</ele><time>2026-07-06T10:38:08Z</time><extensions><gpxtpx:TrackPointExtension><gpxtpx:hr>132</gpxtpx:hr></gpxtpx:TrackPointExtension></extensions></trkpt><trkpt lat="56.629005" lon="38.103722"><ele>137.2</ele><time>2026-07-06T10:38:09Z</time><extensions><gpxtpx:TrackPointExtension><gpxtpx:hr>133</gpxtpx:hr></gpxtpx:TrackPointExtension></extensions></trkpt><trkpt lat="56.629027" lon="38.103722"><ele>137.2</ele><time>2026-07-06T10:38:10Z</time><extensions><gpxtpx:TrackPointExtension><gpxtpx:hr>133</gpxtpx:hr></gpxtpx:TrackPointExtension></extensions></trkpt><trkpt lat="56.62905" lon="38.103717"><ele>137.2</ele><time>2026-07-06T10:38:11Z</time><extensions><gpxtpx:TrackPointExtension><gpxtpx:hr>132</gpxtpx:hr></gpxtpx:TrackPointExtension></extensions></trkpt><trkpt lat="56.629072" lon="38.103712"><ele>137.2</ele><time>2026-07-06T10:38:12Z</time><extensions><gpxtpx:TrackPointExtension><gpxtpx:hr>132</gpxtpx:hr></gpxtpx:TrackPointExtension></extensions></trkpt><trkpt lat="56.629097" lon="38.103702"><ele>137.2</ele><time>2026-07-06T10:38:13Z</time><extensions><gpxtpx:TrackPointExtension><gpxtpx:hr>132</gpxtpx:hr></gpxtpx:TrackPointExtension></extensions></trkpt><trkpt lat="56.629122" lon="38.103697"><ele>137.2</ele><time>2026-07-06T10:38:14Z</time><extensions><gpxtpx:TrackPointExtension><gpxtpx:hr>132</gpxtpx:hr></gpxtpx:TrackPointExtension></extensions></trkpt><trkpt lat="56.629145" lon="38.103687"><ele>137.2</ele><time>2026-07-06T10:38:15Z</time><extensions><gpxtpx:TrackPointExtension><gpxtpx:hr>133</gpxtpx:hr></gpxtpx:TrackPointExtension></extensions></trkpt><trkpt lat="56.629167" lon="38.103682"><ele>137.2</ele><time>2026-07-06T10:38:16Z</time><extensions><gpxtpx:TrackPointExtension><gpxtpx:hr>133</gpxtpx:hr></gpxtpx:TrackPointExtension></extensions></trkpt><trkpt lat="56.629192" lon="38.103667"><ele>137.2</ele><time>2026-07-06T10:38:17Z</time><extensions><gpxtpx:TrackPointExtension><gpxtpx:hr>133</gpxtpx:hr></gpxtpx:TrackPointExtension></extensions></trkpt><trkpt lat="56.629215" lon="38.103657"><ele>137.2</ele><time>2026-07-06T10:38:18Z</time><extensions><gpxtpx:TrackPointExtension><gpxtpx:hr>133</gpxtpx:hr></gpxtpx:TrackPointExtension></extensions></trkpt><trkpt lat="56.629237" lon="38.103645"><ele>137.2</ele><time>2026-07-06T10:38:19Z</time><extensions><gpxtpx:TrackPointExtension><gpxtpx:hr>133</gpxtpx:hr></gpxtpx:TrackPointExtension></extensions></trkpt><trkpt lat="56.629262" lon="38.10363"><ele>137.2</ele><time>2026-07-06T10:38:20Z</time><extensions><gpxtpx:TrackPointExtension><gpxtpx:hr>133</gpxtpx:hr></gpxtpx:TrackPointExtension></extensions></trkpt><trkpt lat="56.62928" lon="38.10362"><ele>137.2</ele><time>2026-07-06T10:38:21Z</time><extensions><gpxtpx:TrackPointExtension><gpxtpx:hr>134</gpxtpx:hr></gpxtpx:TrackPointExtension></extensions></trkpt><trkpt lat="56.629302" lon="38.103612"><ele>137.2</ele><time>2026-07-06T10:38:22Z</time><extensions><gpxtpx:TrackPointExtension><gpxtpx:hr>134</gpxtpx:hr></gpxtpx:TrackPointExtension></extensions></trkpt><trkpt lat="56.629322" lon="38.1036"><ele>137.2</ele><time>2026-07-06T10:38:23Z</time><extensions><gpxtpx:TrackPointExtension><gpxtpx:hr>134</gpxtpx:hr></gpxtpx:TrackPointExtension></extensions></trkpt><trkpt lat="56.629347" lon="38.103587"><ele>137.2</ele><time>2026-07-06T10:38:24Z</time><extensions><gpxtpx:TrackPointExtension><gpxtpx:hr>134</gpxtpx:hr></gpxtpx:TrackPointExtension></extensions></trkpt><trkpt lat="56.62937" lon="38.10358"><ele>137.2</ele><time>2026-07-06T10:38:25Z</time><extensions><gpxtpx:TrackPointExtension><gpxtpx:hr>134</gpxtpx:hr></gpxtpx:TrackPointExtension></extensions></trkpt><trkpt lat="56.629392" lon="38.103575"><ele>137.2</ele><time>2026-07-06T10:38:26Z</time><extensions><gpxtpx:TrackPointExtension><gpxtpx:hr>134</gpxtpx:hr></gpxtpx:TrackPointExtension></extensions></trkpt><trkpt lat="56.629415" lon="38.103567"><ele>137.2</ele><time>2026-07-06T10:38:27Z</time><extensions><gpxtpx:TrackPointExtension><gpxtpx:hr>134</gpxtpx:hr></gpxtpx:TrackPointExtension></extensions></trkpt><trkpt lat="56.629437" lon="38.103557"><ele>137.2</ele><time>2026-07-06T10:38:28Z</time><extensions><gpxtpx:TrackPointExtension><gpxtpx:hr>134</gpxtpx:hr></gpxtpx:TrackPointExtension></extensions></trkpt><trkpt lat="56.629457" lon="38.103552"><ele>137.2</ele><time>2026-07-06T10:38:29Z</time><extensions><gpxtpx:TrackPointExtension><gpxtpx:hr>134</gpxtpx:hr></gpxtpx:TrackPointExtension></extensions></trkpt><trkpt lat="56.629477" lon="38.103542"><ele>137.2</ele><time>2026-07-06T10:38:30Z</time><extensions><gpxtpx:TrackPointExtension><gpxtpx:hr>134</gpxtpx:hr></gpxtpx:TrackPointExtension></extensions></trkpt><trkpt lat="56.629502" lon="38.103532"><ele>137.2</ele><time>2026-07-06T10:38:31Z</time><extensions><gpxtpx:TrackPointExtension><gpxtpx:hr>135</gpxtpx:hr></gpxtpx:TrackPointExtension></extensions></trkpt><trkpt lat="56.629525" lon="38.103522"><ele>137.4</ele><time>2026-07-06T10:38:32Z</time><extensions><gpxtpx:TrackPointExtension><gpxtpx:hr>134</gpxtpx:hr></gpxtpx:TrackPointExtension></extensions></trkpt><trkpt lat="56.629547" lon="38.103517"><ele>137.6</ele><time>2026-07-06T10:38:33Z</time><extensions><gpxtpx:TrackPointExtension><gpxtpx:hr>135</gpxtpx:hr></gpxtpx:TrackPointExtension></extensions></trkpt><trkpt lat="56.629572" lon="38.103512"><ele>137.8</ele><time>2026-07-06T10:38:34Z</time><extensions><gpxtpx:TrackPointExtension><gpxtpx:hr>135</gpxtpx:hr></gpxtpx:TrackPointExtension></extensions></trkpt><trkpt lat="56.629595" lon="38.103502"><ele>138.0</ele><time>2026-07-06T10:38:35Z</time><extensions><gpxtpx:TrackPointExtension><gpxtpx:hr>134</gpxtpx:hr></gpxtpx:TrackPointExtension></extensions></trkpt><trkpt lat="56.629615" lon="38.103492"><ele>138.0</ele><time>2026-07-06T10:38:36Z</time><extensions><gpxtpx:TrackPointExtension><gpxtpx:hr>135</gpxtpx:hr></gpxtpx:TrackPointExtension></extensions></trkpt><trkpt lat="56.629637" lon="38.103482"><ele>138.0</ele><time>2026-07-06T10:38:37Z</time><extensions><gpxtpx:TrackPointExtension><gpxtpx:hr>135</gpxtpx:hr></gpxtpx:TrackPointExtension></extensions></trkpt><trkpt lat="56.629657" lon="38.10347"><ele>138.2</ele><time>2026-07-06T10:38:38Z</time><extensions><gpxtpx:TrackPointExtension><gpxtpx:hr>135</gpxtpx:hr></gpxtpx:TrackPointExtension></extensions></trkpt><trkpt lat="56.629677" lon="38.103462"><ele>138.2</ele><time>2026-07-06T10:38:39Z</time><extensions><gpxtpx:TrackPointExtension><gpxtpx:hr>135</gpxtpx:hr></gpxtpx:TrackPointExtension></extensions></trkpt><trkpt lat="56.6297" lon="38.103457"><ele>138.2</ele><time>2026-07-06T10:38:40Z</time><extensions><gpxtpx:TrackPointExtension><gpxtpx:hr>134</gpxtpx:hr></gpxtpx:TrackPointExtension></extensions></trkpt><trkpt lat="56.629722" lon="38.103445"><ele>138.2</ele><time>2026-07-06T10:38:41Z</time><extensions><gpxtpx:TrackPointExtension><gpxtpx:hr>134</gpxtpx:hr></gpxtpx:TrackPointExtension></extensions></trkpt><trkpt lat="56.629742" lon="38.103432"><ele>138.2</ele><time>2026-07-06T10:38:42Z</time><extensions><gpxtpx:TrackPointExtension><gpxtpx:hr>134</gpxtpx:hr></gpxtpx:TrackPointExtension></extensions></trkpt><trkpt lat="56.629765" lon="38.103422"><ele>138.2</ele><time>2026-07-06T10:38:43Z</time><extensions><gpxtpx:TrackPointExtension><gpxtpx:hr>134</gpxtpx:hr></gpxtpx:TrackPointExtension></extensions></trkpt><trkpt lat="56.629787" lon="38.103417"><ele>138.2</ele><time>2026-07-06T10:38:44Z</time><extensions><gpxtpx:TrackPointExtension><gpxtpx:hr>133</gpxtpx:hr></gpxtpx:TrackPointExtension></extensions></trkpt><trkpt lat="56.62981" lon="38.103407"><ele>138.2</ele><time>2026-07-06T10:38:45Z</time><extensions><gpxtpx:TrackPointExtension><gpxtpx:hr>133</gpxtpx:hr></gpxtpx:TrackPointExtension></extensions></trkpt><trkpt lat="56.629832" lon="38.103397"><ele>138.0</ele><time>2026-07-06T10:38:46Z</time><extensions><gpxtpx:TrackPointExtension><gpxtpx:hr>132</gpxtpx:hr></gpxtpx:TrackPointExtension></extensions></trkpt><trkpt lat="56.629855" lon="38.103385"><ele>138.0</ele><time>2026-07-06T10:38:47Z</time><extensions><gpxtpx:TrackPointExtension><gpxtpx:hr>133</gpxtpx:hr></gpxtpx:TrackPointExtension></extensions></trkpt><trkpt lat="56.629875" lon="38.103372"><ele>138.0</ele><time>2026-07-06T10:38:48Z</time><extensions><gpxtpx:TrackPointExtension><gpxtpx:hr>133</gpxtpx:hr></gpxtpx:TrackPointExtension></extensions></trkpt><trkpt lat="56.629897" lon="38.103367"><ele>138.0</ele><time>2026-07-06T10:38:49Z</time><extensions><gpxtpx:TrackPointExtension><gpxtpx:hr>133</gpxtpx:hr></gpxtpx:TrackPointExtension></extensions></trkpt><trkpt lat="56.62992" lon="38.10336"><ele>138.2</ele><time>2026-07-06T10:38:50Z</time><extensions><gpxtpx:TrackPointExtension><gpxtpx:hr>133</gpxtpx:hr></gpxtpx:TrackPointExtension></extensions></trkpt><trkpt lat="56.629942" lon="38.103352"><ele>138.2</ele><time>2026-07-06T10:38:51Z</time><extensions><gpxtpx:TrackPointExtension><gpxtpx:hr>134</gpxtpx:hr></gpxtpx:TrackPointExtension></extensions></trkpt><trkpt lat="56.629965" lon="38.103347"><ele>138.2</ele><time>2026-07-06T10:38:52Z</time><extensions><gpxtpx:TrackPointExtension><gpxtpx:hr>133</gpxtpx:hr></gpxtpx:TrackPointExtension></extensions></trkpt><trkpt lat="56.629987" lon="38.103337"><ele>138.2</ele><time>2026-07-06T10:38:53Z</time><extensions><gpxtpx:TrackPointExtension><gpxtpx:hr>133</gpxtpx:hr></gpxtpx:TrackPointExtension></extensions></trkpt><trkpt lat="56.630012" lon="38.103323"><ele>138.2</ele><time>2026-07-06T10:38:54Z</time><extensions><gpxtpx:TrackPointExtension><gpxtpx:hr>133</gpxtpx:hr></gpxtpx:TrackPointExtension></extensions></trkpt><trkpt lat="56.630032" lon="38.103315"><ele>138.2</ele><time>2026-07-06T10:38:55Z</time><extensions><gpxtpx:TrackPointExtension><gpxtpx:hr>133</gpxtpx:hr></gpxtpx:TrackPointExtension></extensions></trkpt><trkpt lat="56.63007" lon="38.103302"><ele>138.2</ele><time>2026-07-06T10:38:57Z</time><extensions><gpxtpx:TrackPointExtension><gpxtpx:hr>133</gpxtpx:hr></gpxtpx:TrackPointExtension></extensions></trkpt><trkpt lat="56.630092" lon="38.103302"><ele>138.2</ele><time>2026-07-06T10:38:58Z</time><extensions><gpxtpx:TrackPointExtension><gpxtpx:hr>133</gpxtpx:hr></gpxtpx:TrackPointExtension></extensions></trkpt><trkpt lat="56.630115" lon="38.103297"><ele>138.4</ele><time>2026-07-06T10:38:59Z</time><extensions><gpxtpx:TrackPointExtension><gpxtpx:hr>132</gpxtpx:hr></gpxtpx:TrackPointExtension></extensions></trkpt><trkpt lat="56.630137" lon="38.103292"><ele>138.4</ele><time>2026-07-06T10:39:00Z</time><extensions><gpxtpx:TrackPointExtension><gpxtpx:hr>132</gpxtpx:hr></gpxtpx:TrackPointExtension></extensions></trkpt><trkpt lat="56.63016" lon="38.103287"><ele>138.4</ele><time>2026-07-06T10:39:01Z</time><extensions><gpxtpx:TrackPointExtension><gpxtpx:hr>132</gpxtpx:hr></gpxtpx:TrackPointExtension></extensions></trkpt><trkpt lat="56.630182" lon="38.103282"><ele>138.4</ele><time>2026-07-06T10:39:02Z</time><extensions><gpxtpx:TrackPointExtension><gpxtpx:hr>132</gpxtpx:hr></gpxtpx:TrackPointExtension></extensions></trkpt><trkpt lat="56.630207" lon="38.103277"><ele>138.6</ele><time>2026-07-06T10:39:03Z</time><extensions><gpxtpx:TrackPointExtension><gpxtpx:hr>132</gpxtpx:hr></gpxtpx:TrackPointExtension></extensions></trkpt><trkpt lat="56.630227" lon="38.10327"><ele>138.6</ele><time>2026-07-06T10:39:04Z</time><extensions><gpxtpx:TrackPointExtension><gpxtpx:hr>132</gpxtpx:hr></gpxtpx:TrackPointExtension></extensions></trkpt><trkpt lat="56.630247" lon="38.103262"><ele>138.6</ele><time>2026-07-06T10:39:05Z</time><extensions><gpxtpx:TrackPointExtension><gpxtpx:hr>133</gpxtpx:hr></gpxtpx:TrackPointExtension></extensions></trkpt><trkpt lat="56.630272" lon="38.10325"><ele>138.6</ele><time>2026-07-06T10:39:06Z</time><extensions><gpxtpx:TrackPointExtension><gpxtpx:hr>133</gpxtpx:hr></gpxtpx:TrackPointExtension></extensions></trkpt><trkpt lat="56.630295" lon="38.103242"><ele>138.6</ele><time>2026-07-06T10:39:07Z</time><extensions><gpxtpx:TrackPointExtension><gpxtpx:hr>133</gpxtpx:hr></gpxtpx:TrackPointExtension></extensions></trkpt><trkpt lat="56.630315" lon="38.103237"><ele>138.8</ele><time>2026-07-06T10:39:08Z</time><extensions><gpxtpx:TrackPointExtension><gpxtpx:hr>133</gpxtpx:hr></gpxtpx:TrackPointExtension></extensions></trkpt><trkpt lat="56.630335" lon="38.103227"><ele>138.8</ele><time>2026-07-06T10:39:09Z</time><extensions><gpxtpx:TrackPointExtension><gpxtpx:hr>133</gpxtpx:hr></gpxtpx:TrackPointExtension></extensions></trkpt><trkpt lat="56.630357" lon="38.10322"><ele>138.8</ele><time>2026-07-06T10:39:10Z</time><extensions><gpxtpx:TrackPointExtension><gpxtpx:hr>133</gpxtpx:hr></gpxtpx:TrackPointExtension></extensions></trkpt><trkpt lat="56.630377" lon="38.103207"><ele>139.0</ele><time>2026-07-06T10:39:11Z</time><extensions><gpxtpx:TrackPointExtension><gpxtpx:hr>133</gpxtpx:hr></gpxtpx:TrackPointExtension></extensions></trkpt><trkpt lat="56.6304" lon="38.103197"><ele>139.0</ele><time>2026-07-06T10:39:12Z</time><extensions><gpxtpx:TrackPointExtension><gpxtpx:hr>133</gpxtpx:hr></gpxtpx:TrackPointExtension></extensions></trkpt><trkpt lat="56.63042" lon="38.103187"><ele>139.0</ele><time>2026-07-06T10:39:13Z</time><extensions><gpxtpx:TrackPointExtension><gpxtpx:hr>132</gpxtpx:hr></gpxtpx:TrackPointExtension></extensions></trkpt><trkpt lat="56.630442" lon="38.103177"><ele>139.0</ele><time>2026-07-06T10:39:14Z</time><extensions><gpxtpx:TrackPointExtension><gpxtpx:hr>132</gpxtpx:hr></gpxtpx:TrackPointExtension></extensions></trkpt><trkpt lat="56.630462" lon="38.10317"><ele>139.0</ele><time>2026-07-06T10:39:15Z</time><extensions><gpxtpx:TrackPointExtension><gpxtpx:hr>132</gpxtpx:hr></gpxtpx:TrackPointExtension></extensions></trkpt><trkpt lat="56.630487" lon="38.103162"><ele>139.0</ele><time>2026-07-06T10:39:16Z</time><extensions><gpxtpx:TrackPointExtension><gpxtpx:hr>132</gpxtpx:hr></gpxtpx:TrackPointExtension></extensions></trkpt><trkpt lat="56.63051" lon="38.103155"><ele>139.0</ele><time>2026-07-06T10:39:17Z</time><extensions><gpxtpx:TrackPointExtension><gpxtpx:hr>132</gpxtpx:hr></gpxtpx:TrackPointExtension></extensions></trkpt><trkpt lat="56.630532" lon="38.10315"><ele>138.8</ele><time>2026-07-06T10:39:18Z</time><extensions><gpxtpx:TrackPointExtension><gpxtpx:hr>131</gpxtpx:hr></gpxtpx:TrackPointExtension></extensions></trkpt><trkpt lat="56.630557" lon="38.103142"><ele>138.8</ele><time>2026-07-06T10:39:19Z</time><extensions><gpxtpx:TrackPointExtension><gpxtpx:hr>131</gpxtpx:hr></gpxtpx:TrackPointExtension></extensions></trkpt><trkpt lat="56.630577" lon="38.103137"><ele>138.8</ele><time>2026-07-06T10:39:20Z</time><extensions><gpxtpx:TrackPointExtension><gpxtpx:hr>131</gpxtpx:hr></gpxtpx:TrackPointExtension></extensions></trkpt><trkpt lat="56.6306" lon="38.103127"><ele>138.8</ele><time>2026-07-06T10:39:21Z</time><extensions><gpxtpx:TrackPointExtension><gpxtpx:hr>131</gpxtpx:hr></gpxtpx:TrackPointExtension></extensions></trkpt><trkpt lat="56.630622" lon="38.10312"><ele>138.8</ele><time>2026-07-06T10:39:22Z</time><extensions><gpxtpx:TrackPointExtension><gpxtpx:hr>132</gpxtpx:hr></gpxtpx:TrackPointExtension></extensions></trkpt><trkpt lat="56.630645" lon="38.103112"><ele>139.0</ele><time>2026-07-06T10:39:23Z</time><extensions><gpxtpx:TrackPointExtension><gpxtpx:hr>132</gpxtpx:hr></gpxtpx:TrackPointExtension></extensions></trkpt><trkpt lat="56.630667" lon="38.103102"><ele>139.0</ele><time>2026-07-06T10:39:24Z</time><extensions><gpxtpx:TrackPointExtension><gpxtpx:hr>131</gpxtpx:hr></gpxtpx:TrackPointExtension></extensions></trkpt><trkpt lat="56.630687" lon="38.103092"><ele>139.2</ele><time>2026-07-06T10:39:25Z</time><extensions><gpxtpx:TrackPointExtension><gpxtpx:hr>131</gpxtpx:hr></gpxtpx:TrackPointExtension></extensions></trkpt><trkpt lat="56.630712" lon="38.103087"><ele>139.2</ele><time>2026-07-06T10:39:26Z</time><extensions><gpxtpx:TrackPointExtension><gpxtpx:hr>131</gpxtpx:hr></gpxtpx:TrackPointExtension></extensions></trkpt><trkpt lat="56.630737" lon="38.103085"><ele>139.2</ele><time>2026-07-06T10:39:27Z</time><extensions><gpxtpx:TrackPointExtension><gpxtpx:hr>131</gpxtpx:hr></gpxtpx:TrackPointExtension></extensions></trkpt><trkpt lat="56.630762" lon="38.103082"><ele>139.2</ele><time>2026-07-06T10:39:28Z</time><extensions><gpxtpx:TrackPointExtension><gpxtpx:hr>132</gpxtpx:hr></gpxtpx:TrackPointExtension></extensions></trkpt><trkpt lat="56.630785" lon="38.10307"><ele>139.2</ele><time>2026-07-06T10:39:29Z</time><extensions><gpxtpx:TrackPointExtension><gpxtpx:hr>132</gpxtpx:hr></gpxtpx:TrackPointExtension></extensions></trkpt><trkpt lat="56.630807" lon="38.103065"><ele>139.4</ele><time>2026-07-06T10:39:30Z</time><extensions><gpxtpx:TrackPointExtension><gpxtpx:hr>132</gpxtpx:hr></gpxtpx:TrackPointExtension></extensions></trkpt><trkpt lat="56.63083" lon="38.103062"><ele>139.6</ele><time>2026-07-06T10:39:31Z</time><extensions><gpxtpx:TrackPointExtension><gpxtpx:hr>132</gpxtpx:hr></gpxtpx:TrackPointExtension></extensions></trkpt><trkpt lat="56.630852" lon="38.103062"><ele>139.6</ele><time>2026-07-06T10:39:32Z</time><extensions><gpxtpx:TrackPointExtension><gpxtpx:hr>133</gpxtpx:hr></gpxtpx:TrackPointExtension></extensions></trkpt><trkpt lat="56.630875" lon="38.103065"><ele>139.6</ele><time>2026-07-06T10:39:33Z</time><extensions><gpxtpx:TrackPointExtension><gpxtpx:hr>133</gpxtpx:hr></gpxtpx:TrackPointExtension></extensions></trkpt><trkpt lat="56.630897" lon="38.103072"><ele>139.6</ele><time>2026-07-06T10:39:34Z</time><extensions><gpxtpx:TrackPointExtension><gpxtpx:hr>133</gpxtpx:hr></gpxtpx:TrackPointExtension></extensions></trkpt><trkpt lat="56.63092" lon="38.103082"><ele>139.8</ele><time>2026-07-06T10:39:35Z</time><extensions><gpxtpx:TrackPointExtension><gpxtpx:hr>133</gpxtpx:hr></gpxtpx:TrackPointExtension></extensions></trkpt><trkpt lat="56.630942" lon="38.10309"><ele>139.8</ele><time>2026-07-06T10:39:36Z</time><extensions><gpxtpx:TrackPointExtension><gpxtpx:hr>133</gpxtpx:hr></gpxtpx:TrackPointExtension></extensions></trkpt><trkpt lat="56.630967" lon="38.103097"><ele>139.8</ele><time>2026-07-06T10:39:37Z</time><extensions><gpxtpx:TrackPointExtension><gpxtpx:hr>134</gpxtpx:hr></gpxtpx:TrackPointExtension></extensions></trkpt><trkpt lat="56.630995" lon="38.103097"><ele>139.8</ele><time>2026-07-06T10:39:38Z</time><extensions><gpxtpx:TrackPointExtension><gpxtpx:hr>134</gpxtpx:hr></gpxtpx:TrackPointExtension></extensions></trkpt><trkpt lat="56.63102" lon="38.103097"><ele>140.2</ele><time>2026-07-06T10:39:39Z</time><extensions><gpxtpx:TrackPointExtension><gpxtpx:hr>134</gpxtpx:hr></gpxtpx:TrackPointExtension></extensions></trkpt><trkpt lat="56.63104" lon="38.10309"><ele>140.2</ele><time>2026-07-06T10:39:40Z</time><extensions><gpxtpx:TrackPointExtension><gpxtpx:hr>134</gpxtpx:hr></gpxtpx:TrackPointExtension></extensions></trkpt><trkpt lat="56.631057" lon="38.10308"><ele>140.2</ele><time>2026-07-06T10:39:41Z</time><extensions><gpxtpx:TrackPointExtension><gpxtpx:hr>134</gpxtpx:hr></gpxtpx:TrackPointExtension></extensions></trkpt><trkpt lat="56.63108" lon="38.103072"><ele>140.2</ele><time>2026-07-06T10:39:42Z</time><extensions><gpxtpx:TrackPointExtension><gpxtpx:hr>135</gpxtpx:hr></gpxtpx:TrackPointExtension></extensions></trkpt><trkpt lat="56.631102" lon="38.10306"><ele>140.2</ele><time>2026-07-06T10:39:43Z</time><extensions><gpxtpx:TrackPointExtension><gpxtpx:hr>135</gpxtpx:hr></gpxtpx:TrackPointExtension></extensions></trkpt><trkpt lat="56.631122" lon="38.103057"><ele>140.4</ele><time>2026-07-06T10:39:44Z</time><extensions><gpxtpx:TrackPointExtension><gpxtpx:hr>135</gpxtpx:hr></gpxtpx:TrackPointExtension></extensions></trkpt><trkpt lat="56.631142" lon="38.10305"><ele>140.4</ele><time>2026-07-06T10:39:45Z</time><extensions><gpxtpx:TrackPointExtension><gpxtpx:hr>135</gpxtpx:hr></gpxtpx:TrackPointExtension></extensions></trkpt><trkpt lat="56.631172" lon="38.103042"><ele>140.6</ele><time>2026-07-06T10:39:47Z</time><extensions><gpxtpx:TrackPointExtension><gpxtpx:hr>135</gpxtpx:hr></gpxtpx:TrackPointExtension></extensions></trkpt><trkpt lat="56.631197" lon="38.10304"><ele>140.6</ele><time>2026-07-06T10:39:48Z</time><extensions><gpxtpx:TrackPointExtension><gpxtpx:hr>135</gpxtpx:hr></gpxtpx:TrackPointExtension></extensions></trkpt><trkpt lat="56.63122" lon="38.103032"><ele>140.6</ele><time>2026-07-06T10:39:49Z</time><extensions><gpxtpx:TrackPointExtension><gpxtpx:hr>136</gpxtpx:hr></gpxtpx:TrackPointExtension></extensions></trkpt><trkpt lat="56.631242" lon="38.103027"><ele>140.6</ele><time>2026-07-06T10:39:50Z</time><extensions><gpxtpx:TrackPointExtension><gpxtpx:hr>136</gpxtpx:hr></gpxtpx:TrackPointExtension></extensions></trkpt><trkpt lat="56.631267" lon="38.103017"><ele>140.6</ele><time>2026-07-06T10:39:51Z</time><extensions><gpxtpx:TrackPointExtension><gpxtpx:hr>136</gpxtpx:hr></gpxtpx:TrackPointExtension></extensions></trkpt><trkpt lat="56.631297" lon="38.103005"><ele>140.6</ele><time>2026-07-06T10:39:52Z</time><extensions><gpxtpx:TrackPointExtension><gpxtpx:hr>136</gpxtpx:hr></gpxtpx:TrackPointExtension></extensions></trkpt><trkpt lat="56.631322" lon="38.102992"><ele>140.6</ele><time>2026-07-06T10:39:53Z</time><extensions><gpxtpx:TrackPointExtension><gpxtpx:hr>136</gpxtpx:hr></gpxtpx:TrackPointExtension></extensions></trkpt><trkpt lat="56.631342" lon="38.10299"><ele>140.4</ele><time>2026-07-06T10:39:54Z</time><extensions><gpxtpx:TrackPointExtension><gpxtpx:hr>135</gpxtpx:hr></gpxtpx:TrackPointExtension></extensions></trkpt><trkpt lat="56.631362" lon="38.102982"><ele>140.4</ele><time>2026-07-06T10:39:55Z</time><extensions><gpxtpx:TrackPointExtension><gpxtpx:hr>135</gpxtpx:hr></gpxtpx:TrackPointExtension></extensions></trkpt><trkpt lat="56.631385" lon="38.102967"><ele>140.4</ele><time>2026-07-06T10:39:56Z</time><extensions><gpxtpx:TrackPointExtension><gpxtpx:hr>135</gpxtpx:hr></gpxtpx:TrackPointExtension></extensions></trkpt><trkpt lat="56.631402" lon="38.102962"><ele>140.4</ele><time>2026-07-06T10:39:57Z</time><extensions><gpxtpx:TrackPointExtension><gpxtpx:hr>135</gpxtpx:hr></gpxtpx:TrackPointExtension></extensions></trkpt><trkpt lat="56.631425" lon="38.102952"><ele>140.6</ele><time>2026-07-06T10:39:58Z</time><extensions><gpxtpx:TrackPointExtension><gpxtpx:hr>136</gpxtpx:hr></gpxtpx:TrackPointExtension></extensions></trkpt><trkpt lat="56.631447" lon="38.102937"><ele>140.6</ele><time>2026-07-06T10:39:59Z</time><extensions><gpxtpx:TrackPointExtension><gpxtpx:hr>136</gpxtpx:hr></gpxtpx:TrackPointExtension></extensions></trkpt><trkpt lat="56.631467" lon="38.102927"><ele>140.6</ele><time>2026-07-06T10:40:00Z</time><extensions><gpxtpx:TrackPointExtension><gpxtpx:hr>136</gpxtpx:hr></gpxtpx:TrackPointExtension></extensions></trkpt><trkpt lat="56.631497" lon="38.102917"><ele>140.6</ele><time>2026-07-06T10:40:01Z</time><extensions><gpxtpx:TrackPointExtension><gpxtpx:hr>136</gpxtpx:hr></gpxtpx:TrackPointExtension></extensions></trkpt><trkpt lat="56.631527" lon="38.102907"><ele>140.6</ele><time>2026-07-06T10:40:02Z</time><extensions><gpxtpx:TrackPointExtension><gpxtpx:hr>135</gpxtpx:hr></gpxtpx:TrackPointExtension></extensions></trkpt><trkpt lat="56.631552" lon="38.1029"><ele>140.6</ele><time>2026-07-06T10:40:03Z</time><extensions><gpxtpx:TrackPointExtension><gpxtpx:hr>135</gpxtpx:hr></gpxtpx:TrackPointExtension></extensions></trkpt><trkpt lat="56.631577" lon="38.102897"><ele>140.6</ele><time>2026-07-06T10:40:04Z</time><extensions><gpxtpx:TrackPointExtension><gpxtpx:hr>136</gpxtpx:hr></gpxtpx:TrackPointExtension></extensions></trkpt><trkpt lat="56.631607" lon="38.102887"><ele>140.8</ele><time>2026-07-06T10:40:05Z</time><extensions><gpxtpx:TrackPointExtension><gpxtpx:hr>136</gpxtpx:hr></gpxtpx:TrackPointExtension></extensions></trkpt><trkpt lat="56.63163" lon="38.102882"><ele>140.8</ele><time>2026-07-06T10:40:06Z</time><extensions><gpxtpx:TrackPointExtension><gpxtpx:hr>136</gpxtpx:hr></gpxtpx:TrackPointExtension></extensions></trkpt><trkpt lat="56.631657" lon="38.102872"><ele>140.8</ele><time>2026-07-06T10:40:07Z</time><extensions><gpxtpx:TrackPointExtension><gpxtpx:hr>136</gpxtpx:hr></gpxtpx:TrackPointExtension></extensions></trkpt><trkpt lat="56.63168" lon="38.102862"><ele>140.8</ele><time>2026-07-06T10:40:08Z</time><extensions><gpxtpx:TrackPointExtension><gpxtpx:hr>136</gpxtpx:hr></gpxtpx:TrackPointExtension></extensions></trkpt><trkpt lat="56.631697" lon="38.10286"><ele>140.8</ele><time>2026-07-06T10:40:09Z</time><extensions><gpxtpx:TrackPointExtension><gpxtpx:hr>136</gpxtpx:hr></gpxtpx:TrackPointExtension></extensions></trkpt><trkpt lat="56.631717" lon="38.102852"><ele>140.8</ele><time>2026-07-06T10:40:10Z</time><extensions><gpxtpx:TrackPointExtension><gpxtpx:hr>135</gpxtpx:hr></gpxtpx:TrackPointExtension></extensions></trkpt><trkpt lat="56.63174" lon="38.102832"><ele>140.8</ele><time>2026-07-06T10:40:11Z</time><extensions><gpxtpx:TrackPointExtension><gpxtpx:hr>135</gpxtpx:hr></gpxtpx:TrackPointExtension></extensions></trkpt><trkpt lat="56.631762" lon="38.102822"><ele>140.8</ele><time>2026-07-06T10:40:12Z</time><extensions><gpxtpx:TrackPointExtension><gpxtpx:hr>135</gpxtpx:hr></gpxtpx:TrackPointExtension></extensions></trkpt><trkpt lat="56.631787" lon="38.102807"><ele>140.8</ele><time>2026-07-06T10:40:13Z</time><extensions><gpxtpx:TrackPointExtension><gpxtpx:hr>136</gpxtpx:hr></gpxtpx:TrackPointExtension></extensions></trkpt><trkpt lat="56.631812" lon="38.102792"><ele>140.8</ele><time>2026-07-06T10:40:14Z</time><extensions><gpxtpx:TrackPointExtension><gpxtpx:hr>136</gpxtpx:hr></gpxtpx:TrackPointExtension></extensions></trkpt><trkpt lat="56.631837" lon="38.102782"><ele>140.8</ele><time>2026-07-06T10:40:15Z</time><extensions><gpxtpx:TrackPointExtension><gpxtpx:hr>136</gpxtpx:hr></gpxtpx:TrackPointExtension></extensions></trkpt><trkpt lat="56.631862" lon="38.102772"><ele>140.8</ele><time>2026-07-06T10:40:16Z</time><extensions><gpxtpx:TrackPointExtension><gpxtpx:hr>136</gpxtpx:hr></gpxtpx:TrackPointExtension></extensions></trkpt><trkpt lat="56.631887" lon="38.102757"><ele>140.8</ele><time>2026-07-06T10:40:17Z</time><extensions><gpxtpx:TrackPointExtension><gpxtpx:hr>137</gpxtpx:hr></gpxtpx:TrackPointExtension></extensions></trkpt><trkpt lat="56.63191" lon="38.102747"><ele>140.8</ele><time>2026-07-06T10:40:18Z</time><extensions><gpxtpx:TrackPointExtension><gpxtpx:hr>137</gpxtpx:hr></gpxtpx:TrackPointExtension></extensions></trkpt><trkpt lat="56.631932" lon="38.102732"><ele>140.8</ele><time>2026-07-06T10:40:19Z</time><extensions><gpxtpx:TrackPointExtension><gpxtpx:hr>137</gpxtpx:hr></gpxtpx:TrackPointExtension></extensions></trkpt><trkpt lat="56.631957" lon="38.102717"><ele>140.8</ele><time>2026-07-06T10:40:20Z</time><extensions><gpxtpx:TrackPointExtension><gpxtpx:hr>137</gpxtpx:hr></gpxtpx:TrackPointExtension></extensions></trkpt><trkpt lat="56.631982" lon="38.102707"><ele>140.8</ele><time>2026-07-06T10:40:21Z</time><extensions><gpxtpx:TrackPointExtension><gpxtpx:hr>137</gpxtpx:hr></gpxtpx:TrackPointExtension></extensions></trkpt><trkpt lat="56.63201" lon="38.102697"><ele>140.6</ele><time>2026-07-06T10:40:22Z</time><extensions><gpxtpx:TrackPointExtension><gpxtpx:hr>137</gpxtpx:hr></gpxtpx:TrackPointExtension></extensions></trkpt><trkpt lat="56.632032" lon="38.102685"><ele>140.6</ele><time>2026-07-06T10:40:23Z</time><extensions><gpxtpx:TrackPointExtension><gpxtpx:hr>136</gpxtpx:hr></gpxtpx:TrackPointExtension></extensions></trkpt><trkpt lat="56.632055" lon="38.102672"><ele>140.6</ele><time>2026-07-06T10:40:24Z</time><extensions><gpxtpx:TrackPointExtension><gpxtpx:hr>136</gpxtpx:hr></gpxtpx:TrackPointExtension></extensions></trkpt><trkpt lat="56.632075" lon="38.10266"><ele>140.6</ele><time>2026-07-06T10:40:25Z</time><extensions><gpxtpx:TrackPointExtension><gpxtpx:hr>137</gpxtpx:hr></gpxtpx:TrackPointExtension></extensions></trkpt><trkpt lat="56.632102" lon="38.102647"><ele>140.6</ele><time>2026-07-06T10:40:26Z</time><extensions><gpxtpx:TrackPointExtension><gpxtpx:hr>137</gpxtpx:hr></gpxtpx:TrackPointExtension></extensions></trkpt><trkpt lat="56.632127" lon="38.102632"><ele>140.6</ele><time>2026-07-06T10:40:27Z</time><extensions><gpxtpx:TrackPointExtension><gpxtpx:hr>137</gpxtpx:hr></gpxtpx:TrackPointExtension></extensions></trkpt><trkpt lat="56.632157" lon="38.102617"><ele>140.6</ele><time>2026-07-06T10:40:28Z</time><extensions><gpxtpx:TrackPointExtension><gpxtpx:hr>137</gpxtpx:hr></gpxtpx:TrackPointExtension></extensions></trkpt><trkpt lat="56.632185" lon="38.10261"><ele>140.6</ele><time>2026-07-06T10:40:29Z</time><extensions><gpxtpx:TrackPointExtension><gpxtpx:hr>136</gpxtpx:hr></gpxtpx:TrackPointExtension></extensions></trkpt><trkpt lat="56.63221" lon="38.102602"><ele>140.6</ele><time>2026-07-06T10:40:30Z</time><extensions><gpxtpx:TrackPointExtension><gpxtpx:hr>136</gpxtpx:hr></gpxtpx:TrackPointExtension></extensions></trkpt><trkpt lat="56.632232" lon="38.102597"><ele>140.4</ele><time>2026-07-06T10:40:31Z</time><extensions><gpxtpx:TrackPointExtension><gpxtpx:hr>137</gpxtpx:hr></gpxtpx:TrackPointExtension></extensions></trkpt><trkpt lat="56.632255" lon="38.10259"><ele>140.4</ele><time>2026-07-06T10:40:32Z</time><extensions><gpxtpx:TrackPointExtension><gpxtpx:hr>137</gpxtpx:hr></gpxtpx:TrackPointExtension></extensions></trkpt><trkpt lat="56.632277" lon="38.102582"><ele>140.6</ele><time>2026-07-06T10:40:33Z</time><extensions><gpxtpx:TrackPointExtension><gpxtpx:hr>137</gpxtpx:hr></gpxtpx:TrackPointExtension></extensions></trkpt><trkpt lat="56.632302" lon="38.102572"><ele>140.6</ele><time>2026-07-06T10:40:34Z</time><extensions><gpxtpx:TrackPointExtension><gpxtpx:hr>136</gpxtpx:hr></gpxtpx:TrackPointExtension></extensions></trkpt><trkpt lat="56.632327" lon="38.10256"><ele>140.6</ele><time>2026-07-06T10:40:35Z</time><extensions><gpxtpx:TrackPointExtension><gpxtpx:hr>136</gpxtpx:hr></gpxtpx:TrackPointExtension></extensions></trkpt><trkpt lat="56.632355" lon="38.102545"><ele>140.6</ele><time>2026-07-06T10:40:36Z</time><extensions><gpxtpx:TrackPointExtension><gpxtpx:hr>136</gpxtpx:hr></gpxtpx:TrackPointExtension></extensions></trkpt><trkpt lat="56.632382" lon="38.102535"><ele>140.6</ele><time>2026-07-06T10:40:37Z</time><extensions><gpxtpx:TrackPointExtension><gpxtpx:hr>137</gpxtpx:hr></gpxtpx:TrackPointExtension></extensions></trkpt><trkpt lat="56.63241" lon="38.10253"><ele>140.8</ele><time>2026-07-06T10:40:38Z</time><extensions><gpxtpx:TrackPointExtension><gpxtpx:hr>137</gpxtpx:hr></gpxtpx:TrackPointExtension></extensions></trkpt><trkpt lat="56.632437" lon="38.102525"><ele>140.8</ele><time>2026-07-06T10:40:39Z</time><extensions><gpxtpx:TrackPointExtension><gpxtpx:hr>137</gpxtpx:hr></gpxtpx:TrackPointExtension></extensions></trkpt><trkpt lat="56.632465" lon="38.10252"><ele>140.8</ele><time>2026-07-06T10:40:40Z</time><extensions><gpxtpx:TrackPointExtension><gpxtpx:hr>137</gpxtpx:hr></gpxtpx:TrackPointExtension></extensions></trkpt><trkpt lat="56.632492" lon="38.102517"><ele>140.8</ele><time>2026-07-06T10:40:41Z</time><extensions><gpxtpx:TrackPointExtension><gpxtpx:hr>137</gpxtpx:hr></gpxtpx:TrackPointExtension></extensions></trkpt><trkpt lat="56.632517" lon="38.10251"><ele>140.8</ele><time>2026-07-06T10:40:42Z</time><extensions><gpxtpx:TrackPointExtension><gpxtpx:hr>138</gpxtpx:hr></gpxtpx:TrackPointExtension></extensions></trkpt><trkpt lat="56.632542" lon="38.102492"><ele>140.8</ele><time>2026-07-06T10:40:43Z</time><extensions><gpxtpx:TrackPointExtension><gpxtpx:hr>138</gpxtpx:hr></gpxtpx:TrackPointExtension></extensions></trkpt><trkpt lat="56.632565" lon="38.102482"><ele>140.8</ele><time>2026-07-06T10:40:44Z</time><extensions><gpxtpx:TrackPointExtension><gpxtpx:hr>138</gpxtpx:hr></gpxtpx:TrackPointExtension></extensions></trkpt><trkpt lat="56.632585" lon="38.102472"><ele>140.8</ele><time>2026-07-06T10:40:45Z</time><extensions><gpxtpx:TrackPointExtension><gpxtpx:hr>138</gpxtpx:hr></gpxtpx:TrackPointExtension></extensions></trkpt><trkpt lat="56.632607" lon="38.102462"><ele>140.8</ele><time>2026-07-06T10:40:46Z</time><extensions><gpxtpx:TrackPointExtension><gpxtpx:hr>138</gpxtpx:hr></gpxtpx:TrackPointExtension></extensions></trkpt><trkpt lat="56.632627" lon="38.102452"><ele>140.6</ele><time>2026-07-06T10:40:47Z</time><extensions><gpxtpx:TrackPointExtension><gpxtpx:hr>137</gpxtpx:hr></gpxtpx:TrackPointExtension></extensions></trkpt><trkpt lat="56.632647" lon="38.102442"><ele>140.6</ele><time>2026-07-06T10:40:48Z</time><extensions><gpxtpx:TrackPointExtension><gpxtpx:hr>138</gpxtpx:hr></gpxtpx:TrackPointExtension></extensions></trkpt><trkpt lat="56.632672" lon="38.102432"><ele>140.4</ele><time>2026-07-06T10:40:49Z</time><extensions><gpxtpx:TrackPointExtension><gpxtpx:hr>138</gpxtpx:hr></gpxtpx:TrackPointExtension></extensions></trkpt><trkpt lat="56.632697" lon="38.102417"><ele>140.4</ele><time>2026-07-06T10:40:50Z</time><extensions><gpxtpx:TrackPointExtension><gpxtpx:hr>138</gpxtpx:hr></gpxtpx:TrackPointExtension></extensions></trkpt><trkpt lat="56.632725" lon="38.102407"><ele>140.2</ele><time>2026-07-06T10:40:51Z</time><extensions><gpxtpx:TrackPointExtension><gpxtpx:hr>138</gpxtpx:hr></gpxtpx:TrackPointExtension></extensions></trkpt><trkpt lat="56.632747" lon="38.102397"><ele>140.0</ele><time>2026-07-06T10:40:52Z</time><extensions><gpxtpx:TrackPointExtension><gpxtpx:hr>138</gpxtpx:hr></gpxtpx:TrackPointExtension></extensions></trkpt><trkpt lat="56.632772" lon="38.102385"><ele>140.0</ele><time>2026-07-06T10:40:53Z</time><extensions><gpxtpx:TrackPointExtension><gpxtpx:hr>138</gpxtpx:hr></gpxtpx:TrackPointExtension></extensions></trkpt><trkpt lat="56.632795" lon="38.102377"><ele>140.0</ele><time>2026-07-06T10:40:54Z</time><extensions><gpxtpx:TrackPointExtension><gpxtpx:hr>138</gpxtpx:hr></gpxtpx:TrackPointExtension></extensions></trkpt><trkpt lat="56.632822" lon="38.102367"><ele>139.8</ele><time>2026-07-06T10:40:55Z</time><extensions><gpxtpx:TrackPointExtension><gpxtpx:hr>138</gpxtpx:hr></gpxtpx:TrackPointExtension></extensions></trkpt><trkpt lat="56.632847" lon="38.102362"><ele>139.8</ele><time>2026-07-06T10:40:56Z</time><extensions><gpxtpx:TrackPointExtension><gpxtpx:hr>139</gpxtpx:hr></gpxtpx:TrackPointExtension></extensions></trkpt><trkpt lat="56.632875" lon="38.102352"><ele>139.8</ele><time>2026-07-06T10:40:57Z</time><extensions><gpxtpx:TrackPointExtension><gpxtpx:hr>138</gpxtpx:hr></gpxtpx:TrackPointExtension></extensions></trkpt><trkpt lat="56.632905" lon="38.102342"><ele>139.8</ele><time>2026-07-06T10:40:58Z</time><extensions><gpxtpx:TrackPointExtension><gpxtpx:hr>138</gpxtpx:hr></gpxtpx:TrackPointExtension></extensions></trkpt><trkpt lat="56.632932" lon="38.102332"><ele>139.8</ele><time>2026-07-06T10:40:59Z</time><extensions><gpxtpx:TrackPointExtension><gpxtpx:hr>138</gpxtpx:hr></gpxtpx:TrackPointExtension></extensions></trkpt><trkpt lat="56.63296" lon="38.10232"><ele>139.6</ele><time>2026-07-06T10:41:00Z</time><extensions><gpxtpx:TrackPointExtension><gpxtpx:hr>138</gpxtpx:hr></gpxtpx:TrackPointExtension></extensions></trkpt><trkpt lat="56.632982" lon="38.10231"><ele>139.8</ele><time>2026-07-06T10:41:01Z</time><extensions><gpxtpx:TrackPointExtension><gpxtpx:hr>137</gpxtpx:hr></gpxtpx:TrackPointExtension></extensions></trkpt><trkpt lat="56.633007" lon="38.1023"><ele>139.8</ele><time>2026-07-06T10:41:02Z</time><extensions><gpxtpx:TrackPointExtension><gpxtpx:hr>138</gpxtpx:hr></gpxtpx:TrackPointExtension></extensions></trkpt><trkpt lat="56.633032" lon="38.102292"><ele>139.8</ele><time>2026-07-06T10:41:03Z</time><extensions><gpxtpx:TrackPointExtension><gpxtpx:hr>138</gpxtpx:hr></gpxtpx:TrackPointExtension></extensions></trkpt><trkpt lat="56.633057" lon="38.102282"><ele>139.8</ele><time>2026-07-06T10:41:04Z</time><extensions><gpxtpx:TrackPointExtension><gpxtpx:hr>137</gpxtpx:hr></gpxtpx:TrackPointExtension></extensions></trkpt><trkpt lat="56.63308" lon="38.102272"><ele>139.8</ele><time>2026-07-06T10:41:05Z</time><extensions><gpxtpx:TrackPointExtension><gpxtpx:hr>137</gpxtpx:hr></gpxtpx:TrackPointExtension></extensions></trkpt><trkpt lat="56.633102" lon="38.102262"><ele>140.0</ele><time>2026-07-06T10:41:06Z</time><extensions><gpxtpx:TrackPointExtension><gpxtpx:hr>137</gpxtpx:hr></gpxtpx:TrackPointExtension></extensions></trkpt><trkpt lat="56.633125" lon="38.10225"><ele>140.0</ele><time>2026-07-06T10:41:07Z</time><extensions><gpxtpx:TrackPointExtension><gpxtpx:hr>138</gpxtpx:hr></gpxtpx:TrackPointExtension></extensions></trkpt><trkpt lat="56.63315" lon="38.10224"><ele>140.0</ele><time>2026-07-06T10:41:08Z</time><extensions><gpxtpx:TrackPointExtension><gpxtpx:hr>137</gpxtpx:hr></gpxtpx:TrackPointExtension></extensions></trkpt><trkpt lat="56.633177" lon="38.102225"><ele>140.0</ele><time>2026-07-06T10:41:09Z</time><extensions><gpxtpx:TrackPointExtension><gpxtpx:hr>137</gpxtpx:hr></gpxtpx:TrackPointExtension></extensions></trkpt><trkpt lat="56.6332" lon="38.102212"><ele>140.0</ele><time>2026-07-06T10:41:10Z</time><extensions><gpxtpx:TrackPointExtension><gpxtpx:hr>136</gpxtpx:hr></gpxtpx:TrackPointExtension></extensions></trkpt><trkpt lat="56.633222" lon="38.102207"><ele>140.0</ele><time>2026-07-06T10:41:11Z</time><extensions><gpxtpx:TrackPointExtension><gpxtpx:hr>136</gpxtpx:hr></gpxtpx:TrackPointExtension></extensions></trkpt><trkpt lat="56.633245" lon="38.102195"><ele>140.0</ele><time>2026-07-06T10:41:12Z</time><extensions><gpxtpx:TrackPointExtension><gpxtpx:hr>136</gpxtpx:hr></gpxtpx:TrackPointExtension></extensions></trkpt><trkpt lat="56.633267" lon="38.102182"><ele>140.0</ele><time>2026-07-06T10:41:13Z</time><extensions><gpxtpx:TrackPointExtension><gpxtpx:hr>136</gpxtpx:hr></gpxtpx:TrackPointExtension></extensions></trkpt><trkpt lat="56.63329" lon="38.102172"><ele>139.8</ele><time>2026-07-06T10:41:14Z</time><extensions><gpxtpx:TrackPointExtension><gpxtpx:hr>136</gpxtpx:hr></gpxtpx:TrackPointExtension></extensions></trkpt><trkpt lat="56.633315" lon="38.102162"><ele>139.8</ele><time>2026-07-06T10:41:15Z</time><extensions><gpxtpx:TrackPointExtension><gpxtpx:hr>136</gpxtpx:hr></gpxtpx:TrackPointExtension></extensions></trkpt><trkpt lat="56.633337" lon="38.10215"><ele>139.8</ele><time>2026-07-06T10:41:16Z</time><extensions><gpxtpx:TrackPointExtension><gpxtpx:hr>137</gpxtpx:hr></gpxtpx:TrackPointExtension></extensions></trkpt><trkpt lat="56.633362" lon="38.102142"><ele>139.8</ele><time>2026-07-06T10:41:17Z</time><extensions><gpxtpx:TrackPointExtension><gpxtpx:hr>137</gpxtpx:hr></gpxtpx:TrackPointExtension></extensions></trkpt><trkpt lat="56.63339" lon="38.102132"><ele>139.8</ele><time>2026-07-06T10:41:18Z</time><extensions><gpxtpx:TrackPointExtension><gpxtpx:hr>137</gpxtpx:hr></gpxtpx:TrackPointExtension></extensions></trkpt><trkpt lat="56.633415" lon="38.102125"><ele>139.6</ele><time>2026-07-06T10:41:19Z</time><extensions><gpxtpx:TrackPointExtension><gpxtpx:hr>137</gpxtpx:hr></gpxtpx:TrackPointExtension></extensions></trkpt><trkpt lat="56.633437" lon="38.102112"><ele>139.8</ele><time>2026-07-06T10:41:20Z</time><extensions><gpxtpx:TrackPointExtension><gpxtpx:hr>137</gpxtpx:hr></gpxtpx:TrackPointExtension></extensions></trkpt><trkpt lat="56.633462" lon="38.102102"><ele>139.6</ele><time>2026-07-06T10:41:21Z</time><extensions><gpxtpx:TrackPointExtension><gpxtpx:hr>137</gpxtpx:hr></gpxtpx:TrackPointExtension></extensions></trkpt><trkpt lat="56.633485" lon="38.10209"><ele>139.6</ele><time>2026-07-06T10:41:22Z</time><extensions><gpxtpx:TrackPointExtension><gpxtpx:hr>137</gpxtpx:hr></gpxtpx:TrackPointExtension></extensions></trkpt><trkpt lat="56.633507" lon="38.102077"><ele>139.8</ele><time>2026-07-06T10:41:23Z</time><extensions><gpxtpx:TrackPointExtension><gpxtpx:hr>137</gpxtpx:hr></gpxtpx:TrackPointExtension></extensions></trkpt><trkpt lat="56.633535" lon="38.102065"><ele>139.8</ele><time>2026-07-06T10:41:24Z</time><extensions><gpxtpx:TrackPointExtension><gpxtpx:hr>137</gpxtpx:hr></gpxtpx:TrackPointExtension></extensions></trkpt><trkpt lat="56.63356" lon="38.102057"><ele>139.8</ele><time>2026-07-06T10:41:25Z</time><extensions><gpxtpx:TrackPointExtension><gpxtpx:hr>137</gpxtpx:hr></gpxtpx:TrackPointExtension></extensions></trkpt><trkpt lat="56.633582" lon="38.102052"><ele>139.6</ele><time>2026-07-06T10:41:26Z</time><extensions><gpxtpx:TrackPointExtension><gpxtpx:hr>137</gpxtpx:hr></gpxtpx:TrackPointExtension></extensions></trkpt><trkpt lat="56.633607" lon="38.102047"><ele>139.6</ele><time>2026-07-06T10:41:27Z</time><extensions><gpxtpx:TrackPointExtension><gpxtpx:hr>137</gpxtpx:hr></gpxtpx:TrackPointExtension></extensions></trkpt><trkpt lat="56.633632" lon="38.102042"><ele>139.6</ele><time>2026-07-06T10:41:28Z</time><extensions><gpxtpx:TrackPointExtension><gpxtpx:hr>137</gpxtpx:hr></gpxtpx:TrackPointExtension></extensions></trkpt><trkpt lat="56.633657" lon="38.102035"><ele>139.6</ele><time>2026-07-06T10:41:29Z</time><extensions><gpxtpx:TrackPointExtension><gpxtpx:hr>138</gpxtpx:hr></gpxtpx:TrackPointExtension></extensions></trkpt><trkpt lat="56.633677" lon="38.102027"><ele>139.6</ele><time>2026-07-06T10:41:30Z</time><extensions><gpxtpx:TrackPointExtension><gpxtpx:hr>138</gpxtpx:hr></gpxtpx:TrackPointExtension></extensions></trkpt><trkpt lat="56.633702" lon="38.102017"><ele>139.4</ele><time>2026-07-06T10:41:31Z</time><extensions><gpxtpx:TrackPointExtension><gpxtpx:hr>138</gpxtpx:hr></gpxtpx:TrackPointExtension></extensions></trkpt><trkpt lat="56.633722" lon="38.102007"><ele>139.4</ele><time>2026-07-06T10:41:32Z</time><extensions><gpxtpx:TrackPointExtension><gpxtpx:hr>137</gpxtpx:hr></gpxtpx:TrackPointExtension></extensions></trkpt><trkpt lat="56.633745" lon="38.101997"><ele>139.4</ele><time>2026-07-06T10:41:33Z</time><extensions><gpxtpx:TrackPointExtension><gpxtpx:hr>138</gpxtpx:hr></gpxtpx:TrackPointExtension></extensions></trkpt><trkpt lat="56.633767" lon="38.101987"><ele>139.2</ele><time>2026-07-06T10:41:34Z</time><extensions><gpxtpx:TrackPointExtension><gpxtpx:hr>138</gpxtpx:hr></gpxtpx:TrackPointExtension></extensions></trkpt><trkpt lat="56.633792" lon="38.101972"><ele>139.2</ele><time>2026-07-06T10:41:35Z</time><extensions><gpxtpx:TrackPointExtension><gpxtpx:hr>138</gpxtpx:hr></gpxtpx:TrackPointExtension></extensions></trkpt><trkpt lat="56.633817" lon="38.101962"><ele>139.2</ele><time>2026-07-06T10:41:36Z</time><extensions><gpxtpx:TrackPointExtension><gpxtpx:hr>138</gpxtpx:hr></gpxtpx:TrackPointExtension></extensions></trkpt><trkpt lat="56.633842" lon="38.10195"><ele>139.2</ele><time>2026-07-06T10:41:37Z</time><extensions><gpxtpx:TrackPointExtension><gpxtpx:hr>138</gpxtpx:hr></gpxtpx:TrackPointExtension></extensions></trkpt><trkpt lat="56.633867" lon="38.101942"><ele>139.2</ele><time>2026-07-06T10:41:38Z</time><extensions><gpxtpx:TrackPointExtension><gpxtpx:hr>138</gpxtpx:hr></gpxtpx:TrackPointExtension></extensions></trkpt><trkpt lat="56.633887" lon="38.101935"><ele>139.2</ele><time>2026-07-06T10:41:39Z</time><extensions><gpxtpx:TrackPointExtension><gpxtpx:hr>138</gpxtpx:hr></gpxtpx:TrackPointExtension></extensions></trkpt><trkpt lat="56.63391" lon="38.101927"><ele>139.2</ele><time>2026-07-06T10:41:40Z</time><extensions><gpxtpx:TrackPointExtension><gpxtpx:hr>138</gpxtpx:hr></gpxtpx:TrackPointExtension></extensions></trkpt><trkpt lat="56.633935" lon="38.101917"><ele>139.0</ele><time>2026-07-06T10:41:41Z</time><extensions><gpxtpx:TrackPointExtension><gpxtpx:hr>138</gpxtpx:hr></gpxtpx:TrackPointExtension></extensions></trkpt><trkpt lat="56.633962" lon="38.101907"><ele>139.0</ele><time>2026-07-06T10:41:42Z</time><extensions><gpxtpx:TrackPointExtension><gpxtpx:hr>138</gpxtpx:hr></gpxtpx:TrackPointExtension></extensions></trkpt><trkpt lat="56.633987" lon="38.101897"><ele>139.0</ele><time>2026-07-06T10:41:43Z</time><extensions><gpxtpx:TrackPointExtension><gpxtpx:hr>138</gpxtpx:hr></gpxtpx:TrackPointExtension></extensions></trkpt><trkpt lat="56.634017" lon="38.101885"><ele>139.0</ele><time>2026-07-06T10:41:44Z</time><extensions><gpxtpx:TrackPointExtension><gpxtpx:hr>139</gpxtpx:hr></gpxtpx:TrackPointExtension></extensions></trkpt><trkpt lat="56.634042" lon="38.101872"><ele>139.0</ele><time>2026-07-06T10:41:45Z</time><extensions><gpxtpx:TrackPointExtension><gpxtpx:hr>139</gpxtpx:hr></gpxtpx:TrackPointExtension></extensions></trkpt><trkpt lat="56.634067" lon="38.101862"><ele>139.0</ele><time>2026-07-06T10:41:46Z</time><extensions><gpxtpx:TrackPointExtension><gpxtpx:hr>139</gpxtpx:hr></gpxtpx:TrackPointExtension></extensions></trkpt><trkpt lat="56.63409" lon="38.101847"><ele>139.0</ele><time>2026-07-06T10:41:47Z</time><extensions><gpxtpx:TrackPointExtension><gpxtpx:hr>139</gpxtpx:hr></gpxtpx:TrackPointExtension></extensions></trkpt><trkpt lat="56.634112" lon="38.10184"><ele>139.0</ele><time>2026-07-06T10:41:48Z</time><extensions><gpxtpx:TrackPointExtension><gpxtpx:hr>139</gpxtpx:hr></gpxtpx:TrackPointExtension></extensions></trkpt><trkpt lat="56.634135" lon="38.10183"><ele>139.0</ele><time>2026-07-06T10:41:49Z</time><extensions><gpxtpx:TrackPointExtension><gpxtpx:hr>139</gpxtpx:hr></gpxtpx:TrackPointExtension></extensions></trkpt><trkpt lat="56.634157" lon="38.101818"><ele>139.0</ele><time>2026-07-06T10:41:50Z</time><extensions><gpxtpx:TrackPointExtension><gpxtpx:hr>139</gpxtpx:hr></gpxtpx:TrackPointExtension></extensions></trkpt><trkpt lat="56.634182" lon="38.101807"><ele>139.0</ele><time>2026-07-06T10:41:51Z</time><extensions><gpxtpx:TrackPointExtension><gpxtpx:hr>139</gpxtpx:hr></gpxtpx:TrackPointExtension></extensions></trkpt><trkpt lat="56.63421" lon="38.101797"><ele>139.0</ele><time>2026-07-06T10:41:52Z</time><extensions><gpxtpx:TrackPointExtension><gpxtpx:hr>139</gpxtpx:hr></gpxtpx:TrackPointExtension></extensions></trkpt><trkpt lat="56.634237" lon="38.101782"><ele>139.0</ele><time>2026-07-06T10:41:53Z</time><extensions><gpxtpx:TrackPointExtension><gpxtpx:hr>138</gpxtpx:hr></gpxtpx:TrackPointExtension></extensions></trkpt><trkpt lat="56.634262" lon="38.101775"><ele>139.0</ele><time>2026-07-06T10:41:54Z</time><extensions><gpxtpx:TrackPointExtension><gpxtpx:hr>138</gpxtpx:hr></gpxtpx:TrackPointExtension></extensions></trkpt><trkpt lat="56.63429" lon="38.101762"><ele>139.0</ele><time>2026-07-06T10:41:55Z</time><extensions><gpxtpx:TrackPointExtension><gpxtpx:hr>138</gpxtpx:hr></gpxtpx:TrackPointExtension></extensions></trkpt><trkpt lat="56.634312" lon="38.101752"><ele>139.0</ele><time>2026-07-06T10:41:56Z</time><extensions><gpxtpx:TrackPointExtension><gpxtpx:hr>138</gpxtpx:hr></gpxtpx:TrackPointExtension></extensions></trkpt><trkpt lat="56.634337" lon="38.10174"><ele>139.0</ele><time>2026-07-06T10:41:57Z</time><extensions><gpxtpx:TrackPointExtension><gpxtpx:hr>138</gpxtpx:hr></gpxtpx:TrackPointExtension></extensions></trkpt><trkpt lat="56.634362" lon="38.101727"><ele>139.0</ele><time>2026-07-06T10:41:58Z</time><extensions><gpxtpx:TrackPointExtension><gpxtpx:hr>137</gpxtpx:hr></gpxtpx:TrackPointExtension></extensions></trkpt><trkpt lat="56.634387" lon="38.101715"><ele>138.8</ele><time>2026-07-06T10:41:59Z</time><extensions><gpxtpx:TrackPointExtension><gpxtpx:hr>137</gpxtpx:hr></gpxtpx:TrackPointExtension></extensions></trkpt><trkpt lat="56.634412" lon="38.101705"><ele>138.8</ele><time>2026-07-06T10:42:00Z</time><extensions><gpxtpx:TrackPointExtension><gpxtpx:hr>137</gpxtpx:hr></gpxtpx:TrackPointExtension></extensions></trkpt><trkpt lat="56.634437" lon="38.101692"><ele>138.6</ele><time>2026-07-06T10:42:01Z</time><extensions><gpxtpx:TrackPointExtension><gpxtpx:hr>138</gpxtpx:hr></gpxtpx:TrackPointExtension></extensions></trkpt><trkpt lat="56.634462" lon="38.101682"><ele>138.6</ele><time>2026-07-06T10:42:02Z</time><extensions><gpxtpx:TrackPointExtension><gpxtpx:hr>138</gpxtpx:hr></gpxtpx:TrackPointExtension></extensions></trkpt><trkpt lat="56.634487" lon="38.101672"><ele>138.4</ele><time>2026-07-06T10:42:03Z</time><extensions><gpxtpx:TrackPointExtension><gpxtpx:hr>138</gpxtpx:hr></gpxtpx:TrackPointExtension></extensions></trkpt><trkpt lat="56.634512" lon="38.101662"><ele>138.2</ele><time>2026-07-06T10:42:04Z</time><extensions><gpxtpx:TrackPointExtension><gpxtpx:hr>138</gpxtpx:hr></gpxtpx:TrackPointExtension></extensions></trkpt><trkpt lat="56.634537" lon="38.101652"><ele>138.2</ele><time>2026-07-06T10:42:05Z</time><extensions><gpxtpx:TrackPointExtension><gpxtpx:hr>138</gpxtpx:hr></gpxtpx:TrackPointExtension></extensions></trkpt><trkpt lat="56.63456" lon="38.101637"><ele>138.2</ele><time>2026-07-06T10:42:06Z</time><extensions><gpxtpx:TrackPointExtension><gpxtpx:hr>138</gpxtpx:hr></gpxtpx:TrackPointExtension></extensions></trkpt><trkpt lat="56.634585" lon="38.101622"><ele>138.0</ele><time>2026-07-06T10:42:07Z</time><extensions><gpxtpx:TrackPointExtension><gpxtpx:hr>138</gpxtpx:hr></gpxtpx:TrackPointExtension></extensions></trkpt><trkpt lat="56.63461" lon="38.10161"><ele>137.8</ele><time>2026-07-06T10:42:08Z</time><extensions><gpxtpx:TrackPointExtension><gpxtpx:hr>138</gpxtpx:hr></gpxtpx:TrackPointExtension></extensions></trkpt><trkpt lat="56.634637" lon="38.101605"><ele>137.8</ele><time>2026-07-06T10:42:09Z</time><extensions><gpxtpx:TrackPointExtension><gpxtpx:hr>137</gpxtpx:hr></gpxtpx:TrackPointExtension></extensions></trkpt><trkpt lat="56.634662" lon="38.101597"><ele>137.6</ele><time>2026-07-06T10:42:10Z</time><extensions><gpxtpx:TrackPointExtension><gpxtpx:hr>138</gpxtpx:hr></gpxtpx:TrackPointExtension></extensions></trkpt><trkpt lat="56.63469" lon="38.10159"><ele>137.6</ele><time>2026-07-06T10:42:11Z</time><extensions><gpxtpx:TrackPointExtension><gpxtpx:hr>138</gpxtpx:hr></gpxtpx:TrackPointExtension></extensions></trkpt><trkpt lat="56.634717" lon="38.101582"><ele>137.6</ele><time>2026-07-06T10:42:12Z</time><extensions><gpxtpx:TrackPointExtension><gpxtpx:hr>138</gpxtpx:hr></gpxtpx:TrackPointExtension></extensions></trkpt><trkpt lat="56.634742" lon="38.10157"><ele>137.6</ele><time>2026-07-06T10:42:13Z</time><extensions><gpxtpx:TrackPointExtension><gpxtpx:hr>138</gpxtpx:hr></gpxtpx:TrackPointExtension></extensions></trkpt><trkpt lat="56.634767" lon="38.10156"><ele>137.4</ele><time>2026-07-06T10:42:14Z</time><extensions><gpxtpx:TrackPointExtension><gpxtpx:hr>138</gpxtpx:hr></gpxtpx:TrackPointExtension></extensions></trkpt><trkpt lat="56.634792" lon="38.101547"><ele>137.4</ele><time>2026-07-06T10:42:15Z</time><extensions><gpxtpx:TrackPointExtension><gpxtpx:hr>139</gpxtpx:hr></gpxtpx:TrackPointExtension></extensions></trkpt><trkpt lat="56.634817" lon="38.101537"><ele>137.4</ele><time>2026-07-06T10:42:16Z</time><extensions><gpxtpx:TrackPointExtension><gpxtpx:hr>138</gpxtpx:hr></gpxtpx:TrackPointExtension></extensions></trkpt><trkpt lat="56.634842" lon="38.101527"><ele>137.4</ele><time>2026-07-06T10:42:17Z</time><extensions><gpxtpx:TrackPointExtension><gpxtpx:hr>138</gpxtpx:hr></gpxtpx:TrackPointExtension></extensions></trkpt><trkpt lat="56.634867" lon="38.101517"><ele>137.4</ele><time>2026-07-06T10:42:18Z</time><extensions><gpxtpx:TrackPointExtension><gpxtpx:hr>138</gpxtpx:hr></gpxtpx:TrackPointExtension></extensions></trkpt><trkpt lat="56.63489" lon="38.101505"><ele>137.4</ele><time>2026-07-06T10:42:19Z</time><extensions><gpxtpx:TrackPointExtension><gpxtpx:hr>138</gpxtpx:hr></gpxtpx:TrackPointExtension></extensions></trkpt><trkpt lat="56.634912" lon="38.101492"><ele>137.4</ele><time>2026-07-06T10:42:20Z</time><extensions><gpxtpx:TrackPointExtension><gpxtpx:hr>138</gpxtpx:hr></gpxtpx:TrackPointExtension></extensions></trkpt><trkpt lat="56.634937" lon="38.10148"><ele>137.2</ele><time>2026-07-06T10:42:21Z</time><extensions><gpxtpx:TrackPointExtension><gpxtpx:hr>139</gpxtpx:hr></gpxtpx:TrackPointExtension></extensions></trkpt><trkpt lat="56.634962" lon="38.101467"><ele>137.2</ele><time>2026-07-06T10:42:22Z</time><extensions><gpxtpx:TrackPointExtension><gpxtpx:hr>138</gpxtpx:hr></gpxtpx:TrackPointExtension></extensions></trkpt><trkpt lat="56.634985" lon="38.101457"><ele>137.2</ele><time>2026-07-06T10:42:23Z</time><extensions><gpxtpx:TrackPointExtension><gpxtpx:hr>139</gpxtpx:hr></gpxtpx:TrackPointExtension></extensions></trkpt><trkpt lat="56.63501" lon="38.10145"><ele>137.2</ele><time>2026-07-06T10:42:24Z</time><extensions><gpxtpx:TrackPointExtension><gpxtpx:hr>139</gpxtpx:hr></gpxtpx:TrackPointExtension></extensions></trkpt><trkpt lat="56.635035" lon="38.101442"><ele>137.2</ele><time>2026-07-06T10:42:25Z</time><extensions><gpxtpx:TrackPointExtension><gpxtpx:hr>139</gpxtpx:hr></gpxtpx:TrackPointExtension></extensions></trkpt><trkpt lat="56.635057" lon="38.101432"><ele>137.2</ele><time>2026-07-06T10:42:26Z</time><extensions><gpxtpx:TrackPointExtension><gpxtpx:hr>139</gpxtpx:hr></gpxtpx:TrackPointExtension></extensions></trkpt><trkpt lat="56.635082" lon="38.101422"><ele>137.2</ele><time>2026-07-06T10:42:27Z</time><extensions><gpxtpx:TrackPointExtension><gpxtpx:hr>138</gpxtpx:hr></gpxtpx:TrackPointExtension></extensions></trkpt><trkpt lat="56.635105" lon="38.101412"><ele>137.2</ele><time>2026-07-06T10:42:28Z</time><extensions><gpxtpx:TrackPointExtension><gpxtpx:hr>138</gpxtpx:hr></gpxtpx:TrackPointExtension></extensions></trkpt><trkpt lat="56.635127" lon="38.101402"><ele>137.0</ele><time>2026-07-06T10:42:29Z</time><extensions><gpxtpx:TrackPointExtension><gpxtpx:hr>137</gpxtpx:hr></gpxtpx:TrackPointExtension></extensions></trkpt><trkpt lat="56.635152" lon="38.101392"><ele>137.0</ele><time>2026-07-06T10:42:30Z</time><extensions><gpxtpx:TrackPointExtension><gpxtpx:hr>137</gpxtpx:hr></gpxtpx:TrackPointExtension></extensions></trkpt><trkpt lat="56.635175" lon="38.101382"><ele>137.0</ele><time>2026-07-06T10:42:31Z</time><extensions><gpxtpx:TrackPointExtension><gpxtpx:hr>137</gpxtpx:hr></gpxtpx:TrackPointExtension></extensions></trkpt><trkpt lat="56.635197" lon="38.10137"><ele>137.2</ele><time>2026-07-06T10:42:32Z</time><extensions><gpxtpx:TrackPointExtension><gpxtpx:hr>137</gpxtpx:hr></gpxtpx:TrackPointExtension></extensions></trkpt><trkpt lat="56.63522" lon="38.101357"><ele>137.0</ele><time>2026-07-06T10:42:33Z</time><extensions><gpxtpx:TrackPointExtension><gpxtpx:hr>137</gpxtpx:hr></gpxtpx:TrackPointExtension></extensions></trkpt><trkpt lat="56.635242" lon="38.101347"><ele>137.2</ele><time>2026-07-06T10:42:34Z</time><extensions><gpxtpx:TrackPointExtension><gpxtpx:hr>137</gpxtpx:hr></gpxtpx:TrackPointExtension></extensions></trkpt><trkpt lat="56.635265" lon="38.101337"><ele>137.2</ele><time>2026-07-06T10:42:35Z</time><extensions><gpxtpx:TrackPointExtension><gpxtpx:hr>137</gpxtpx:hr></gpxtpx:TrackPointExtension></extensions></trkpt><trkpt lat="56.635287" lon="38.101332"><ele>137.2</ele><time>2026-07-06T10:42:36Z</time><extensions><gpxtpx:TrackPointExtension><gpxtpx:hr>137</gpxtpx:hr></gpxtpx:TrackPointExtension></extensions></trkpt><trkpt lat="56.635312" lon="38.101327"><ele>137.2</ele><time>2026-07-06T10:42:37Z</time><extensions><gpxtpx:TrackPointExtension><gpxtpx:hr>138</gpxtpx:hr></gpxtpx:TrackPointExtension></extensions></trkpt><trkpt lat="56.635335" lon="38.101317"><ele>137.0</ele><time>2026-07-06T10:42:38Z</time><extensions><gpxtpx:TrackPointExtension><gpxtpx:hr>137</gpxtpx:hr></gpxtpx:TrackPointExtension></extensions></trkpt><trkpt lat="56.635357" lon="38.101307"><ele>137.0</ele><time>2026-07-06T10:42:39Z</time><extensions><gpxtpx:TrackPointExtension><gpxtpx:hr>137</gpxtpx:hr></gpxtpx:TrackPointExtension></extensions></trkpt><trkpt lat="56.635382" lon="38.101292"><ele>137.2</ele><time>2026-07-06T10:42:40Z</time><extensions><gpxtpx:TrackPointExtension><gpxtpx:hr>138</gpxtpx:hr></gpxtpx:TrackPointExtension></extensions></trkpt><trkpt lat="56.635405" lon="38.101282"><ele>137.2</ele><time>2026-07-06T10:42:41Z</time><extensions><gpxtpx:TrackPointExtension><gpxtpx:hr>138</gpxtpx:hr></gpxtpx:TrackPointExtension></extensions></trkpt><trkpt lat="56.635427" lon="38.101275"><ele>137.2</ele><time>2026-07-06T10:42:42Z</time><extensions><gpxtpx:TrackPointExtension><gpxtpx:hr>138</gpxtpx:hr></gpxtpx:TrackPointExtension></extensions></trkpt><trkpt lat="56.635455" lon="38.101262"><ele>137.0</ele><time>2026-07-06T10:42:43Z</time><extensions><gpxtpx:TrackPointExtension><gpxtpx:hr>138</gpxtpx:hr></gpxtpx:TrackPointExtension></extensions></trkpt><trkpt lat="56.635477" lon="38.101257"><ele>137.0</ele><time>2026-07-06T10:42:44Z</time><extensions><gpxtpx:TrackPointExtension><gpxtpx:hr>137</gpxtpx:hr></gpxtpx:TrackPointExtension></extensions></trkpt><trkpt lat="56.635502" lon="38.101247"><ele>137.0</ele><time>2026-07-06T10:42:45Z</time><extensions><gpxtpx:TrackPointExtension><gpxtpx:hr>137</gpxtpx:hr></gpxtpx:TrackPointExtension></extensions></trkpt><trkpt lat="56.635525" lon="38.10124"><ele>137.0</ele><time>2026-07-06T10:42:46Z</time><extensions><gpxtpx:TrackPointExtension><gpxtpx:hr>137</gpxtpx:hr></gpxtpx:TrackPointExtension></extensions></trkpt><trkpt lat="56.635547" lon="38.101232"><ele>137.0</ele><time>2026-07-06T10:42:47Z</time><extensions><gpxtpx:TrackPointExtension><gpxtpx:hr>137</gpxtpx:hr></gpxtpx:TrackPointExtension></extensions></trkpt><trkpt lat="56.63557" lon="38.101222"><ele>137.0</ele><time>2026-07-06T10:42:48Z</time><extensions><gpxtpx:TrackPointExtension><gpxtpx:hr>137</gpxtpx:hr></gpxtpx:TrackPointExtension></extensions></trkpt><trkpt lat="56.635592" lon="38.10121"><ele>137.0</ele><time>2026-07-06T10:42:49Z</time><extensions><gpxtpx:TrackPointExtension><gpxtpx:hr>137</gpxtpx:hr></gpxtpx:TrackPointExtension></extensions></trkpt><trkpt lat="56.635612" lon="38.101202"><ele>137.0</ele><time>2026-07-06T10:42:50Z</time><extensions><gpxtpx:TrackPointExtension><gpxtpx:hr>136</gpxtpx:hr></gpxtpx:TrackPointExtension></extensions></trkpt><trkpt lat="56.635637" lon="38.101192"><ele>137.0</ele><time>2026-07-06T10:42:51Z</time><extensions><gpxtpx:TrackPointExtension><gpxtpx:hr>136</gpxtpx:hr></gpxtpx:TrackPointExtension></extensions></trkpt><trkpt lat="56.635662" lon="38.10118"><ele>137.0</ele><time>2026-07-06T10:42:52Z</time><extensions><gpxtpx:TrackPointExtension><gpxtpx:hr>136</gpxtpx:hr></gpxtpx:TrackPointExtension></extensions></trkpt><trkpt lat="56.635685" lon="38.101172"><ele>137.0</ele><time>2026-07-06T10:42:53Z</time><extensions><gpxtpx:TrackPointExtension><gpxtpx:hr>136</gpxtpx:hr></gpxtpx:TrackPointExtension></extensions></trkpt><trkpt lat="56.635707" lon="38.101167"><ele>137.0</ele><time>2026-07-06T10:42:54Z</time><extensions><gpxtpx:TrackPointExtension><gpxtpx:hr>136</gpxtpx:hr></gpxtpx:TrackPointExtension></extensions></trkpt><trkpt lat="56.635732" lon="38.10116"><ele>137.0</ele><time>2026-07-06T10:42:55Z</time><extensions><gpxtpx:TrackPointExtension><gpxtpx:hr>137</gpxtpx:hr></gpxtpx:TrackPointExtension></extensions></trkpt><trkpt lat="56.635752" lon="38.10115"><ele>137.0</ele><time>2026-07-06T10:42:56Z</time><extensions><gpxtpx:TrackPointExtension><gpxtpx:hr>136</gpxtpx:hr></gpxtpx:TrackPointExtension></extensions></trkpt><trkpt lat="56.635775" lon="38.10114"><ele>137.2</ele><time>2026-07-06T10:42:57Z</time><extensions><gpxtpx:TrackPointExtension><gpxtpx:hr>137</gpxtpx:hr></gpxtpx:TrackPointExtension></extensions></trkpt><trkpt lat="56.635795" lon="38.101127"><ele>137.0</ele><time>2026-07-06T10:42:58Z</time><extensions><gpxtpx:TrackPointExtension><gpxtpx:hr>137</gpxtpx:hr></gpxtpx:TrackPointExtension></extensions></trkpt><trkpt lat="56.635815" lon="38.10112"><ele>137.0</ele><time>2026-07-06T10:42:59Z</time><extensions><gpxtpx:TrackPointExtension><gpxtpx:hr>137</gpxtpx:hr></gpxtpx:TrackPointExtension></extensions></trkpt><trkpt lat="56.635837" lon="38.101107"><ele>137.0</ele><time>2026-07-06T10:43:00Z</time><extensions><gpxtpx:TrackPointExtension><gpxtpx:hr>137</gpxtpx:hr></gpxtpx:TrackPointExtension></extensions></trkpt><trkpt lat="56.63586" lon="38.101095"><ele>137.0</ele><time>2026-07-06T10:43:01Z</time><extensions><gpxtpx:TrackPointExtension><gpxtpx:hr>137</gpxtpx:hr></gpxtpx:TrackPointExtension></extensions></trkpt><trkpt lat="56.635882" lon="38.101087"><ele>137.2</ele><time>2026-07-06T10:43:02Z</time><extensions><gpxtpx:TrackPointExtension><gpxtpx:hr>137</gpxtpx:hr></gpxtpx:TrackPointExtension></extensions></trkpt><trkpt lat="56.635905" lon="38.101077"><ele>137.2</ele><time>2026-07-06T10:43:03Z</time><extensions><gpxtpx:TrackPointExtension><gpxtpx:hr>137</gpxtpx:hr></gpxtpx:TrackPointExtension></extensions></trkpt><trkpt lat="56.635927" lon="38.101065"><ele>137.2</ele><time>2026-07-06T10:43:04Z</time><extensions><gpxtpx:TrackPointExtension><gpxtpx:hr>136</gpxtpx:hr></gpxtpx:TrackPointExtension></extensions></trkpt><trkpt lat="56.635947" lon="38.101057"><ele>137.2</ele><time>2026-07-06T10:43:05Z</time><extensions><gpxtpx:TrackPointExtension><gpxtpx:hr>136</gpxtpx:hr></gpxtpx:TrackPointExtension></extensions></trkpt><trkpt lat="56.635972" lon="38.10105"><ele>137.2</ele><time>2026-07-06T10:43:06Z</time><extensions><gpxtpx:TrackPointExtension><gpxtpx:hr>136</gpxtpx:hr></gpxtpx:TrackPointExtension></extensions></trkpt><trkpt lat="56.635992" lon="38.101042"><ele>137.2</ele><time>2026-07-06T10:43:07Z</time><extensions><gpxtpx:TrackPointExtension><gpxtpx:hr>137</gpxtpx:hr></gpxtpx:TrackPointExtension></extensions></trkpt><trkpt lat="56.636015" lon="38.101032"><ele>137.2</ele><time>2026-07-06T10:43:08Z</time><extensions><gpxtpx:TrackPointExtension><gpxtpx:hr>136</gpxtpx:hr></gpxtpx:TrackPointExtension></extensions></trkpt><trkpt lat="56.636037" lon="38.101022"><ele>137.2</ele><time>2026-07-06T10:43:09Z</time><extensions><gpxtpx:TrackPointExtension><gpxtpx:hr>137</gpxtpx:hr></gpxtpx:TrackPointExtension></extensions></trkpt><trkpt lat="56.63606" lon="38.101012"><ele>137.2</ele><time>2026-07-06T10:43:10Z</time><extensions><gpxtpx:TrackPointExtension><gpxtpx:hr>137</gpxtpx:hr></gpxtpx:TrackPointExtension></extensions></trkpt><trkpt lat="56.636082" lon="38.101002"><ele>137.2</ele><time>2026-07-06T10:43:11Z</time><extensions><gpxtpx:TrackPointExtension><gpxtpx:hr>137</gpxtpx:hr></gpxtpx:TrackPointExtension></extensions></trkpt><trkpt lat="56.636102" lon="38.100992"><ele>137.2</ele><time>2026-07-06T10:43:12Z</time><extensions><gpxtpx:TrackPointExtension><gpxtpx:hr>137</gpxtpx:hr></gpxtpx:TrackPointExtension></extensions></trkpt><trkpt lat="56.63613" lon="38.100987"><ele>137.2</ele><time>2026-07-06T10:43:13Z</time><extensions><gpxtpx:TrackPointExtension><gpxtpx:hr>136</gpxtpx:hr></gpxtpx:TrackPointExtension></extensions></trkpt><trkpt lat="56.636152" lon="38.100977"><ele>137.2</ele><time>2026-07-06T10:43:14Z</time><extensions><gpxtpx:TrackPointExtension><gpxtpx:hr>136</gpxtpx:hr></gpxtpx:TrackPointExtension></extensions></trkpt><trkpt lat="56.636177" lon="38.100967"><ele>137.0</ele><time>2026-07-06T10:43:15Z</time><extensions><gpxtpx:TrackPointExtension><gpxtpx:hr>137</gpxtpx:hr></gpxtpx:TrackPointExtension></extensions></trkpt><trkpt lat="56.636202" lon="38.100957"><ele>137.0</ele><time>2026-07-06T10:43:16Z</time><extensions><gpxtpx:TrackPointExtension><gpxtpx:hr>137</gpxtpx:hr></gpxtpx:TrackPointExtension></extensions></trkpt><trkpt lat="56.636225" lon="38.10095"><ele>137.0</ele><time>2026-07-06T10:43:17Z</time><extensions><gpxtpx:TrackPointExtension><gpxtpx:hr>137</gpxtpx:hr></gpxtpx:TrackPointExtension></extensions></trkpt><trkpt lat="56.63625" lon="38.10094"><ele>136.8</ele><time>2026-07-06T10:43:18Z</time><extensions><gpxtpx:TrackPointExtension><gpxtpx:hr>137</gpxtpx:hr></gpxtpx:TrackPointExtension></extensions></trkpt><trkpt lat="56.636272" lon="38.100932"><ele>136.8</ele><time>2026-07-06T10:43:19Z</time><extensions><gpxtpx:TrackPointExtension><gpxtpx:hr>138</gpxtpx:hr></gpxtpx:TrackPointExtension></extensions></trkpt><trkpt lat="56.636295" lon="38.100922"><ele>136.8</ele><time>2026-07-06T10:43:20Z</time><extensions><gpxtpx:TrackPointExtension><gpxtpx:hr>138</gpxtpx:hr></gpxtpx:TrackPointExtension></extensions></trkpt><trkpt lat="56.63632" lon="38.100912"><ele>136.8</ele><time>2026-07-06T10:43:21Z</time><extensions><gpxtpx:TrackPointExtension><gpxtpx:hr>138</gpxtpx:hr></gpxtpx:TrackPointExtension></extensions></trkpt><trkpt lat="56.636345" lon="38.100902"><ele>136.8</ele><time>2026-07-06T10:43:22Z</time><extensions><gpxtpx:TrackPointExtension><gpxtpx:hr>138</gpxtpx:hr></gpxtpx:TrackPointExtension></extensions></trkpt><trkpt lat="56.636367" lon="38.100892"><ele>136.8</ele><time>2026-07-06T10:43:23Z</time><extensions><gpxtpx:TrackPointExtension><gpxtpx:hr>138</gpxtpx:hr></gpxtpx:TrackPointExtension></extensions></trkpt><trkpt lat="56.636392" lon="38.100882"><ele>136.8</ele><time>2026-07-06T10:43:24Z</time><extensions><gpxtpx:TrackPointExtension><gpxtpx:hr>137</gpxtpx:hr></gpxtpx:TrackPointExtension></extensions></trkpt><trkpt lat="56.636415" lon="38.100872"><ele>136.6</ele><time>2026-07-06T10:43:25Z</time><extensions><gpxtpx:TrackPointExtension><gpxtpx:hr>138</gpxtpx:hr></gpxtpx:TrackPointExtension></extensions></trkpt><trkpt lat="56.636437" lon="38.100867"><ele>136.6</ele><time>2026-07-06T10:43:26Z</time><extensions><gpxtpx:TrackPointExtension><gpxtpx:hr>138</gpxtpx:hr></gpxtpx:TrackPointExtension></extensions></trkpt><trkpt lat="56.636462" lon="38.100855"><ele>136.6</ele><time>2026-07-06T10:43:27Z</time><extensions><gpxtpx:TrackPointExtension><gpxtpx:hr>137</gpxtpx:hr></gpxtpx:TrackPointExtension></extensions></trkpt><trkpt lat="56.636487" lon="38.100845"><ele>136.6</ele><time>2026-07-06T10:43:28Z</time><extensions><gpxtpx:TrackPointExtension><gpxtpx:hr>138</gpxtpx:hr></gpxtpx:TrackPointExtension></extensions></trkpt><trkpt lat="56.63651" lon="38.100837"><ele>136.6</ele><time>2026-07-06T10:43:29Z</time><extensions><gpxtpx:TrackPointExtension><gpxtpx:hr>137</gpxtpx:hr></gpxtpx:TrackPointExtension></extensions></trkpt><trkpt lat="56.636532" lon="38.100825"><ele>136.6</ele><time>2026-07-06T10:43:30Z</time><extensions><gpxtpx:TrackPointExtension><gpxtpx:hr>138</gpxtpx:hr></gpxtpx:TrackPointExtension></extensions></trkpt><trkpt lat="56.636557" lon="38.100812"><ele>136.4</ele><time>2026-07-06T10:43:31Z</time><extensions><gpxtpx:TrackPointExtension><gpxtpx:hr>138</gpxtpx:hr></gpxtpx:TrackPointExtension></extensions></trkpt><trkpt lat="56.636582" lon="38.100802"><ele>136.4</ele><time>2026-07-06T10:43:32Z</time><extensions><gpxtpx:TrackPointExtension><gpxtpx:hr>138</gpxtpx:hr></gpxtpx:TrackPointExtension></extensions></trkpt><trkpt lat="56.636605" lon="38.100792"><ele>136.4</ele><time>2026-07-06T10:43:33Z</time><extensions><gpxtpx:TrackPointExtension><gpxtpx:hr>138</gpxtpx:hr></gpxtpx:TrackPointExtension></extensions></trkpt><trkpt lat="56.636627" lon="38.100782"><ele>136.4</ele><time>2026-07-06T10:43:34Z</time><extensions><gpxtpx:TrackPointExtension><gpxtpx:hr>138</gpxtpx:hr></gpxtpx:TrackPointExtension></extensions></trkpt><trkpt lat="56.636647" lon="38.100775"><ele>136.2</ele><time>2026-07-06T10:43:35Z</time><extensions><gpxtpx:TrackPointExtension><gpxtpx:hr>138</gpxtpx:hr></gpxtpx:TrackPointExtension></extensions></trkpt><trkpt lat="56.636672" lon="38.100762"><ele>136.2</ele><time>2026-07-06T10:43:36Z</time><extensions><gpxtpx:TrackPointExtension><gpxtpx:hr>138</gpxtpx:hr></gpxtpx:TrackPointExtension></extensions></trkpt><trkpt lat="56.636692" lon="38.100755"><ele>136.2</ele><time>2026-07-06T10:43:37Z</time><extensions><gpxtpx:TrackPointExtension><gpxtpx:hr>137</gpxtpx:hr></gpxtpx:TrackPointExtension></extensions></trkpt><trkpt lat="56.636717" lon="38.100745"><ele>136.2</ele><time>2026-07-06T10:43:38Z</time><extensions><gpxtpx:TrackPointExtension><gpxtpx:hr>137</gpxtpx:hr></gpxtpx:TrackPointExtension></extensions></trkpt><trkpt lat="56.63674" lon="38.100732"><ele>136.2</ele><time>2026-07-06T10:43:39Z</time><extensions><gpxtpx:TrackPointExtension><gpxtpx:hr>138</gpxtpx:hr></gpxtpx:TrackPointExtension></extensions></trkpt><trkpt lat="56.636762" lon="38.100722"><ele>136.4</ele><time>2026-07-06T10:43:40Z</time><extensions><gpxtpx:TrackPointExtension><gpxtpx:hr>137</gpxtpx:hr></gpxtpx:TrackPointExtension></extensions></trkpt><trkpt lat="56.636782" lon="38.100712"><ele>136.4</ele><time>2026-07-06T10:43:41Z</time><extensions><gpxtpx:TrackPointExtension><gpxtpx:hr>137</gpxtpx:hr></gpxtpx:TrackPointExtension></extensions></trkpt><trkpt lat="56.636802" lon="38.100705"><ele>136.4</ele><time>2026-07-06T10:43:42Z</time><extensions><gpxtpx:TrackPointExtension><gpxtpx:hr>137</gpxtpx:hr></gpxtpx:TrackPointExtension></extensions></trkpt><trkpt lat="56.636827" lon="38.1007"><ele>136.6</ele><time>2026-07-06T10:43:43Z</time><extensions><gpxtpx:TrackPointExtension><gpxtpx:hr>138</gpxtpx:hr></gpxtpx:TrackPointExtension></extensions></trkpt><trkpt lat="56.636847" lon="38.100692"><ele>136.6</ele><time>2026-07-06T10:43:44Z</time><extensions><gpxtpx:TrackPointExtension><gpxtpx:hr>137</gpxtpx:hr></gpxtpx:TrackPointExtension></extensions></trkpt><trkpt lat="56.636872" lon="38.100682"><ele>136.6</ele><time>2026-07-06T10:43:45Z</time><extensions><gpxtpx:TrackPointExtension><gpxtpx:hr>137</gpxtpx:hr></gpxtpx:TrackPointExtension></extensions></trkpt><trkpt lat="56.636895" lon="38.100667"><ele>136.6</ele><time>2026-07-06T10:43:46Z</time><extensions><gpxtpx:TrackPointExtension><gpxtpx:hr>137</gpxtpx:hr></gpxtpx:TrackPointExtension></extensions></trkpt><trkpt lat="56.636917" lon="38.10066"><ele>136.4</ele><time>2026-07-06T10:43:47Z</time><extensions><gpxtpx:TrackPointExtension><gpxtpx:hr>137</gpxtpx:hr></gpxtpx:TrackPointExtension></extensions></trkpt><trkpt lat="56.636943" lon="38.100645"><ele>136.4</ele><time>2026-07-06T10:43:48Z</time><extensions><gpxtpx:TrackPointExtension><gpxtpx:hr>137</gpxtpx:hr></gpxtpx:TrackPointExtension></extensions></trkpt><trkpt lat="56.636967" lon="38.100632"><ele>136.4</ele><time>2026-07-06T10:43:49Z</time><extensions><gpxtpx:TrackPointExtension><gpxtpx:hr>138</gpxtpx:hr></gpxtpx:TrackPointExtension></extensions></trkpt><trkpt lat="56.63699" lon="38.100625"><ele>136.4</ele><time>2026-07-06T10:43:50Z</time><extensions><gpxtpx:TrackPointExtension><gpxtpx:hr>137</gpxtpx:hr></gpxtpx:TrackPointExtension></extensions></trkpt><trkpt lat="56.637012" lon="38.100617"><ele>136.4</ele><time>2026-07-06T10:43:51Z</time><extensions><gpxtpx:TrackPointExtension><gpxtpx:hr>137</gpxtpx:hr></gpxtpx:TrackPointExtension></extensions></trkpt><trkpt lat="56.637037" lon="38.100617"><ele>136.2</ele><time>2026-07-06T10:43:52Z</time><extensions><gpxtpx:TrackPointExtension><gpxtpx:hr>137</gpxtpx:hr></gpxtpx:TrackPointExtension></extensions></trkpt><trkpt lat="56.637062" lon="38.100612"><ele>136.2</ele><time>2026-07-06T10:43:53Z</time><extensions><gpxtpx:TrackPointExtension><gpxtpx:hr>137</gpxtpx:hr></gpxtpx:TrackPointExtension></extensions></trkpt><trkpt lat="56.637087" lon="38.100602"><ele>136.2</ele><time>2026-07-06T10:43:54Z</time><extensions><gpxtpx:TrackPointExtension><gpxtpx:hr>137</gpxtpx:hr></gpxtpx:TrackPointExtension></extensions></trkpt><trkpt lat="56.637112" lon="38.100592"><ele>136.2</ele><time>2026-07-06T10:43:55Z</time><extensions><gpxtpx:TrackPointExtension><gpxtpx:hr>137</gpxtpx:hr></gpxtpx:TrackPointExtension></extensions></trkpt><trkpt lat="56.637132" lon="38.100585"><ele>136.4</ele><time>2026-07-06T10:43:56Z</time><extensions><gpxtpx:TrackPointExtension><gpxtpx:hr>137</gpxtpx:hr></gpxtpx:TrackPointExtension></extensions></trkpt><trkpt lat="56.637157" lon="38.100572"><ele>136.4</ele><time>2026-07-06T10:43:57Z</time><extensions><gpxtpx:TrackPointExtension><gpxtpx:hr>137</gpxtpx:hr></gpxtpx:TrackPointExtension></extensions></trkpt><trkpt lat="56.63718" lon="38.100562"><ele>136.4</ele><time>2026-07-06T10:43:58Z</time><extensions><gpxtpx:TrackPointExtension><gpxtpx:hr>137</gpxtpx:hr></gpxtpx:TrackPointExtension></extensions></trkpt><trkpt lat="56.637202" lon="38.100557"><ele>136.4</ele><time>2026-07-06T10:43:59Z</time><extensions><gpxtpx:TrackPointExtension><gpxtpx:hr>136</gpxtpx:hr></gpxtpx:TrackPointExtension></extensions></trkpt><trkpt lat="56.637227" lon="38.100542"><ele>136.4</ele><time>2026-07-06T10:44:00Z</time><extensions><gpxtpx:TrackPointExtension><gpxtpx:hr>136</gpxtpx:hr></gpxtpx:TrackPointExtension></extensions></trkpt><trkpt lat="56.637252" lon="38.100532"><ele>136.4</ele><time>2026-07-06T10:44:01Z</time><extensions><gpxtpx:TrackPointExtension><gpxtpx:hr>136</gpxtpx:hr></gpxtpx:TrackPointExtension></extensions></trkpt><trkpt lat="56.637277" lon="38.100522"><ele>136.4</ele><time>2026-07-06T10:44:02Z</time><extensions><gpxtpx:TrackPointExtension><gpxtpx:hr>137</gpxtpx:hr></gpxtpx:TrackPointExtension></extensions></trkpt><trkpt lat="56.637302" lon="38.100512"><ele>136.2</ele><time>2026-07-06T10:44:03Z</time><extensions><gpxtpx:TrackPointExtension><gpxtpx:hr>137</gpxtpx:hr></gpxtpx:TrackPointExtension></extensions></trkpt><trkpt lat="56.637327" lon="38.100505"><ele>136.2</ele><time>2026-07-06T10:44:04Z</time><extensions><gpxtpx:TrackPointExtension><gpxtpx:hr>137</gpxtpx:hr></gpxtpx:TrackPointExtension></extensions></trkpt><trkpt lat="56.637352" lon="38.100495"><ele>136.2</ele><time>2026-07-06T10:44:05Z</time><extensions><gpxtpx:TrackPointExtension><gpxtpx:hr>138</gpxtpx:hr></gpxtpx:TrackPointExtension></extensions></trkpt><trkpt lat="56.637375" lon="38.100485"><ele>136.2</ele><time>2026-07-06T10:44:06Z</time><extensions><gpxtpx:TrackPointExtension><gpxtpx:hr>138</gpxtpx:hr></gpxtpx:TrackPointExtension></extensions></trkpt><trkpt lat="56.637397" lon="38.100477"><ele>136.2</ele><time>2026-07-06T10:44:07Z</time><extensions><gpxtpx:TrackPointExtension><gpxtpx:hr>138</gpxtpx:hr></gpxtpx:TrackPointExtension></extensions></trkpt><trkpt lat="56.637422" lon="38.100467"><ele>136.2</ele><time>2026-07-06T10:44:08Z</time><extensions><gpxtpx:TrackPointExtension><gpxtpx:hr>137</gpxtpx:hr></gpxtpx:TrackPointExtension></extensions></trkpt><trkpt lat="56.637447" lon="38.100457"><ele>136.2</ele><time>2026-07-06T10:44:09Z</time><extensions><gpxtpx:TrackPointExtension><gpxtpx:hr>138</gpxtpx:hr></gpxtpx:TrackPointExtension></extensions></trkpt><trkpt lat="56.63747" lon="38.100447"><ele>136.2</ele><time>2026-07-06T10:44:10Z</time><extensions><gpxtpx:TrackPointExtension><gpxtpx:hr>138</gpxtpx:hr></gpxtpx:TrackPointExtension></extensions></trkpt><trkpt lat="56.637495" lon="38.100437"><ele>136.2</ele><time>2026-07-06T10:44:11Z</time><extensions><gpxtpx:TrackPointExtension><gpxtpx:hr>138</gpxtpx:hr></gpxtpx:TrackPointExtension></extensions></trkpt><trkpt lat="56.63752" lon="38.100427"><ele>136.2</ele><time>2026-07-06T10:44:12Z</time><extensions><gpxtpx:TrackPointExtension><gpxtpx:hr>138</gpxtpx:hr></gpxtpx:TrackPointExtension></extensions></trkpt><trkpt lat="56.637542" lon="38.100412"><ele>136.4</ele><time>2026-07-06T10:44:13Z</time><extensions><gpxtpx:TrackPointExtension><gpxtpx:hr>138</gpxtpx:hr></gpxtpx:TrackPointExtension></extensions></trkpt><trkpt lat="56.637562" lon="38.100397"><ele>136.4</ele><time>2026-07-06T10:44:14Z</time><extensions><gpxtpx:TrackPointExtension><gpxtpx:hr>138</gpxtpx:hr></gpxtpx:TrackPointExtension></extensions></trkpt><trkpt lat="56.637585" lon="38.10038"><ele>136.2</ele><time>2026-07-06T10:44:15Z</time><extensions><gpxtpx:TrackPointExtension><gpxtpx:hr>138</gpxtpx:hr></gpxtpx:TrackPointExtension></extensions></trkpt><trkpt lat="56.63761" lon="38.100365"><ele>136.4</ele><time>2026-07-06T10:44:16Z</time><extensions><gpxtpx:TrackPointExtension><gpxtpx:hr>137</gpxtpx:hr></gpxtpx:TrackPointExtension></extensions></trkpt><trkpt lat="56.637632" lon="38.100357"><ele>136.4</ele><time>2026-07-06T10:44:17Z</time><extensions><gpxtpx:TrackPointExtension><gpxtpx:hr>138</gpxtpx:hr></gpxtpx:TrackPointExtension></extensions></trkpt><trkpt lat="56.637657" lon="38.100345"><ele>136.4</ele><time>2026-07-06T10:44:18Z</time><extensions><gpxtpx:TrackPointExtension><gpxtpx:hr>137</gpxtpx:hr></gpxtpx:TrackPointExtension></extensions></trkpt><trkpt lat="56.637682" lon="38.100335"><ele>136.4</ele><time>2026-07-06T10:44:19Z</time><extensions><gpxtpx:TrackPointExtension><gpxtpx:hr>138</gpxtpx:hr></gpxtpx:TrackPointExtension></extensions></trkpt><trkpt lat="56.637707" lon="38.100327"><ele>136.4</ele><time>2026-07-06T10:44:20Z</time><extensions><gpxtpx:TrackPointExtension><gpxtpx:hr>138</gpxtpx:hr></gpxtpx:TrackPointExtension></extensions></trkpt><trkpt lat="56.637732" lon="38.100317"><ele>136.4</ele><time>2026-07-06T10:44:21Z</time><extensions><gpxtpx:TrackPointExtension><gpxtpx:hr>138</gpxtpx:hr></gpxtpx:TrackPointExtension></extensions></trkpt><trkpt lat="56.637755" lon="38.100312"><ele>136.4</ele><time>2026-07-06T10:44:22Z</time><extensions><gpxtpx:TrackPointExtension><gpxtpx:hr>137</gpxtpx:hr></gpxtpx:TrackPointExtension></extensions></trkpt><trkpt lat="56.637782" lon="38.100302"><ele>136.4</ele><time>2026-07-06T10:44:23Z</time><extensions><gpxtpx:TrackPointExtension><gpxtpx:hr>137</gpxtpx:hr></gpxtpx:TrackPointExtension></extensions></trkpt><trkpt lat="56.637807" lon="38.100292"><ele>136.4</ele><time>2026-07-06T10:44:24Z</time><extensions><gpxtpx:TrackPointExtension><gpxtpx:hr>138</gpxtpx:hr></gpxtpx:TrackPointExtension></extensions></trkpt><trkpt lat="56.637827" lon="38.100287"><ele>136.4</ele><time>2026-07-06T10:44:25Z</time><extensions><gpxtpx:TrackPointExtension><gpxtpx:hr>138</gpxtpx:hr></gpxtpx:TrackPointExtension></extensions></trkpt><trkpt lat="56.637855" lon="38.100277"><ele>136.4</ele><time>2026-07-06T10:44:26Z</time><extensions><gpxtpx:TrackPointExtension><gpxtpx:hr>138</gpxtpx:hr></gpxtpx:TrackPointExtension></extensions></trkpt><trkpt lat="56.637877" lon="38.100267"><ele>136.4</ele><time>2026-07-06T10:44:27Z</time><extensions><gpxtpx:TrackPointExtension><gpxtpx:hr>138</gpxtpx:hr></gpxtpx:TrackPointExtension></extensions></trkpt><trkpt lat="56.637902" lon="38.100257"><ele>136.4</ele><time>2026-07-06T10:44:28Z</time><extensions><gpxtpx:TrackPointExtension><gpxtpx:hr>138</gpxtpx:hr></gpxtpx:TrackPointExtension></extensions></trkpt><trkpt lat="56.637925" lon="38.100247"><ele>136.4</ele><time>2026-07-06T10:44:29Z</time><extensions><gpxtpx:TrackPointExtension><gpxtpx:hr>137</gpxtpx:hr></gpxtpx:TrackPointExtension></extensions></trkpt><trkpt lat="56.637947" lon="38.100242"><ele>136.4</ele><time>2026-07-06T10:44:30Z</time><extensions><gpxtpx:TrackPointExtension><gpxtpx:hr>137</gpxtpx:hr></gpxtpx:TrackPointExtension></extensions></trkpt><trkpt lat="56.637972" lon="38.100235"><ele>136.4</ele><time>2026-07-06T10:44:31Z</time><extensions><gpxtpx:TrackPointExtension><gpxtpx:hr>137</gpxtpx:hr></gpxtpx:TrackPointExtension></extensions></trkpt><trkpt lat="56.637992" lon="38.100225"><ele>136.2</ele><time>2026-07-06T10:44:32Z</time><extensions><gpxtpx:TrackPointExtension><gpxtpx:hr>137</gpxtpx:hr></gpxtpx:TrackPointExtension></extensions></trkpt><trkpt lat="56.638017" lon="38.100217"><ele>136.2</ele><time>2026-07-06T10:44:33Z</time><extensions><gpxtpx:TrackPointExtension><gpxtpx:hr>138</gpxtpx:hr></gpxtpx:TrackPointExtension></extensions></trkpt><trkpt lat="56.638042" lon="38.100207"><ele>136.4</ele><time>2026-07-06T10:44:34Z</time><extensions><gpxtpx:TrackPointExtension><gpxtpx:hr>138</gpxtpx:hr></gpxtpx:TrackPointExtension></extensions></trkpt><trkpt lat="56.638065" lon="38.1002"><ele>136.4</ele><time>2026-07-06T10:44:35Z</time><extensions><gpxtpx:TrackPointExtension><gpxtpx:hr>138</gpxtpx:hr></gpxtpx:TrackPointExtension></extensions></trkpt><trkpt lat="56.638087" lon="38.100192"><ele>136.4</ele><time>2026-07-06T10:44:36Z</time><extensions><gpxtpx:TrackPointExtension><gpxtpx:hr>137</gpxtpx:hr></gpxtpx:TrackPointExtension></extensions></trkpt><trkpt lat="56.638112" lon="38.100182"><ele>136.4</ele><time>2026-07-06T10:44:37Z</time><extensions><gpxtpx:TrackPointExtension><gpxtpx:hr>138</gpxtpx:hr></gpxtpx:TrackPointExtension></extensions></trkpt><trkpt lat="56.638135" lon="38.100175"><ele>136.6</ele><time>2026-07-06T10:44:38Z</time><extensions><gpxtpx:TrackPointExtension><gpxtpx:hr>138</gpxtpx:hr></gpxtpx:TrackPointExtension></extensions></trkpt><trkpt lat="56.638157" lon="38.100162"><ele>136.6</ele><time>2026-07-06T10:44:39Z</time><extensions><gpxtpx:TrackPointExtension><gpxtpx:hr>138</gpxtpx:hr></gpxtpx:TrackPointExtension></extensions></trkpt><trkpt lat="56.63818" lon="38.100152"><ele>136.6</ele><time>2026-07-06T10:44:40Z</time><extensions><gpxtpx:TrackPointExtension><gpxtpx:hr>138</gpxtpx:hr></gpxtpx:TrackPointExtension></extensions></trkpt><trkpt lat="56.6382" lon="38.100142"><ele>136.6</ele><time>2026-07-06T10:44:41Z</time><extensions><gpxtpx:TrackPointExtension><gpxtpx:hr>138</gpxtpx:hr></gpxtpx:TrackPointExtension></extensions></trkpt><trkpt lat="56.638222" lon="38.100132"><ele>136.6</ele><time>2026-07-06T10:44:42Z</time><extensions><gpxtpx:TrackPointExtension><gpxtpx:hr>138</gpxtpx:hr></gpxtpx:TrackPointExtension></extensions></trkpt><trkpt lat="56.638247" lon="38.100125"><ele>136.8</ele><time>2026-07-06T10:44:43Z</time><extensions><gpxtpx:TrackPointExtension><gpxtpx:hr>138</gpxtpx:hr></gpxtpx:TrackPointExtension></extensions></trkpt><trkpt lat="56.638267" lon="38.100117"><ele>136.8</ele><time>2026-07-06T10:44:44Z</time><extensions><gpxtpx:TrackPointExtension><gpxtpx:hr>139</gpxtpx:hr></gpxtpx:TrackPointExtension></extensions></trkpt><trkpt lat="56.63829" lon="38.100107"><ele>136.8</ele><time>2026-07-06T10:44:45Z</time><extensions><gpxtpx:TrackPointExtension><gpxtpx:hr>139</gpxtpx:hr></gpxtpx:TrackPointExtension></extensions></trkpt><trkpt lat="56.638315" lon="38.100097"><ele>136.8</ele><time>2026-07-06T10:44:46Z</time><extensions><gpxtpx:TrackPointExtension><gpxtpx:hr>139</gpxtpx:hr></gpxtpx:TrackPointExtension></extensions></trkpt><trkpt lat="56.638337" lon="38.100087"><ele>137.0</ele><time>2026-07-06T10:44:47Z</time><extensions><gpxtpx:TrackPointExtension><gpxtpx:hr>139</gpxtpx:hr></gpxtpx:TrackPointExtension></extensions></trkpt><trkpt lat="56.638362" lon="38.100077"><ele>137.0</ele><time>2026-07-06T10:44:48Z</time><extensions><gpxtpx:TrackPointExtension><gpxtpx:hr>138</gpxtpx:hr></gpxtpx:TrackPointExtension></extensions></trkpt><trkpt lat="56.638385" lon="38.10007"><ele>137.0</ele><time>2026-07-06T10:44:49Z</time><extensions><gpxtpx:TrackPointExtension><gpxtpx:hr>139</gpxtpx:hr></gpxtpx:TrackPointExtension></extensions></trkpt><trkpt lat="56.638407" lon="38.100057"><ele>137.0</ele><time>2026-07-06T10:44:50Z</time><extensions><gpxtpx:TrackPointExtension><gpxtpx:hr>139</gpxtpx:hr></gpxtpx:TrackPointExtension></extensions></trkpt><trkpt lat="56.638427" lon="38.100047"><ele>137.0</ele><time>2026-07-06T10:44:51Z</time><extensions><gpxtpx:TrackPointExtension><gpxtpx:hr>140</gpxtpx:hr></gpxtpx:TrackPointExtension></extensions></trkpt><trkpt lat="56.638452" lon="38.100035"><ele>137.0</ele><time>2026-07-06T10:44:52Z</time><extensions><gpxtpx:TrackPointExtension><gpxtpx:hr>140</gpxtpx:hr></gpxtpx:TrackPointExtension></extensions></trkpt><trkpt lat="56.638472" lon="38.100025"><ele>137.0</ele><time>2026-07-06T10:44:53Z</time><extensions><gpxtpx:TrackPointExtension><gpxtpx:hr>140</gpxtpx:hr></gpxtpx:TrackPointExtension></extensions></trkpt><trkpt lat="56.638495" lon="38.100017"><ele>137.0</ele><time>2026-07-06T10:44:54Z</time><extensions><gpxtpx:TrackPointExtension><gpxtpx:hr>140</gpxtpx:hr></gpxtpx:TrackPointExtension></extensions></trkpt><trkpt lat="56.638517" lon="38.100007"><ele>137.0</ele><time>2026-07-06T10:44:55Z</time><extensions><gpxtpx:TrackPointExtension><gpxtpx:hr>140</gpxtpx:hr></gpxtpx:TrackPointExtension></extensions></trkpt><trkpt lat="56.638542" lon="38.099997"><ele>137.0</ele><time>2026-07-06T10:44:56Z</time><extensions><gpxtpx:TrackPointExtension><gpxtpx:hr>141</gpxtpx:hr></gpxtpx:TrackPointExtension></extensions></trkpt><trkpt lat="56.638562" lon="38.099987"><ele>137.0</ele><time>2026-07-06T10:44:57Z</time><extensions><gpxtpx:TrackPointExtension><gpxtpx:hr>141</gpxtpx:hr></gpxtpx:TrackPointExtension></extensions></trkpt><trkpt lat="56.638587" lon="38.099977"><ele>137.2</ele><time>2026-07-06T10:44:58Z</time><extensions><gpxtpx:TrackPointExtension><gpxtpx:hr>141</gpxtpx:hr></gpxtpx:TrackPointExtension></extensions></trkpt><trkpt lat="56.63861" lon="38.099967"><ele>137.2</ele><time>2026-07-06T10:44:59Z</time><extensions><gpxtpx:TrackPointExtension><gpxtpx:hr>141</gpxtpx:hr></gpxtpx:TrackPointExtension></extensions></trkpt><trkpt lat="56.638632" lon="38.09996"><ele>137.4</ele><time>2026-07-06T10:45:00Z</time><extensions><gpxtpx:TrackPointExtension><gpxtpx:hr>141</gpxtpx:hr></gpxtpx:TrackPointExtension></extensions></trkpt><trkpt lat="56.638657" lon="38.09995"><ele>137.4</ele><time>2026-07-06T10:45:01Z</time><extensions><gpxtpx:TrackPointExtension><gpxtpx:hr>142</gpxtpx:hr></gpxtpx:TrackPointExtension></extensions></trkpt><trkpt lat="56.638677" lon="38.099937"><ele>137.4</ele><time>2026-07-06T10:45:02Z</time><extensions><gpxtpx:TrackPointExtension><gpxtpx:hr>142</gpxtpx:hr></gpxtpx:TrackPointExtension></extensions></trkpt><trkpt lat="56.6387" lon="38.09993"><ele>137.4</ele><time>2026-07-06T10:45:03Z</time><extensions><gpxtpx:TrackPointExtension><gpxtpx:hr>141</gpxtpx:hr></gpxtpx:TrackPointExtension></extensions></trkpt><trkpt lat="56.638722" lon="38.099917"><ele>137.4</ele><time>2026-07-06T10:45:04Z</time><extensions><gpxtpx:TrackPointExtension><gpxtpx:hr>142</gpxtpx:hr></gpxtpx:TrackPointExtension></extensions></trkpt><trkpt lat="56.638742" lon="38.099912"><ele>137.4</ele><time>2026-07-06T10:45:05Z</time><extensions><gpxtpx:TrackPointExtension><gpxtpx:hr>142</gpxtpx:hr></gpxtpx:TrackPointExtension></extensions></trkpt><trkpt lat="56.638767" lon="38.099905"><ele>137.4</ele><time>2026-07-06T10:45:06Z</time><extensions><gpxtpx:TrackPointExtension><gpxtpx:hr>142</gpxtpx:hr></gpxtpx:TrackPointExtension></extensions></trkpt><trkpt lat="56.638792" lon="38.099897"><ele>137.4</ele><time>2026-07-06T10:45:07Z</time><extensions><gpxtpx:TrackPointExtension><gpxtpx:hr>142</gpxtpx:hr></gpxtpx:TrackPointExtension></extensions></trkpt><trkpt lat="56.638817" lon="38.09989"><ele>137.2</ele><time>2026-07-06T10:45:08Z</time><extensions><gpxtpx:TrackPointExtension><gpxtpx:hr>143</gpxtpx:hr></gpxtpx:TrackPointExtension></extensions></trkpt><trkpt lat="56.638842" lon="38.099877"><ele>137.2</ele><time>2026-07-06T10:45:09Z</time><extensions><gpxtpx:TrackPointExtension><gpxtpx:hr>143</gpxtpx:hr></gpxtpx:TrackPointExtension></extensions></trkpt><trkpt lat="56.638865" lon="38.099867"><ele>137.2</ele><time>2026-07-06T10:45:10Z</time><extensions><gpxtpx:TrackPointExtension><gpxtpx:hr>143</gpxtpx:hr></gpxtpx:TrackPointExtension></extensions></trkpt><trkpt lat="56.638892" lon="38.099855"><ele>137.2</ele><time>2026-07-06T10:45:11Z</time><extensions><gpxtpx:TrackPointExtension><gpxtpx:hr>143</gpxtpx:hr></gpxtpx:TrackPointExtension></extensions></trkpt><trkpt lat="56.638913" lon="38.099845"><ele>137.2</ele><time>2026-07-06T10:45:12Z</time><extensions><gpxtpx:TrackPointExtension><gpxtpx:hr>143</gpxtpx:hr></gpxtpx:TrackPointExtension></extensions></trkpt><trkpt lat="56.638937" lon="38.099835"><ele>137.2</ele><time>2026-07-06T10:45:13Z</time><extensions><gpxtpx:TrackPointExtension><gpxtpx:hr>143</gpxtpx:hr></gpxtpx:TrackPointExtension></extensions></trkpt><trkpt lat="56.638962" lon="38.099825"><ele>137.2</ele><time>2026-07-06T10:45:14Z</time><extensions><gpxtpx:TrackPointExtension><gpxtpx:hr>143</gpxtpx:hr></gpxtpx:TrackPointExtension></extensions></trkpt><trkpt lat="56.638983" lon="38.099817"><ele>137.4</ele><time>2026-07-06T10:45:15Z</time><extensions><gpxtpx:TrackPointExtension><gpxtpx:hr>143</gpxtpx:hr></gpxtpx:TrackPointExtension></extensions></trkpt><trkpt lat="56.639012" lon="38.09981"><ele>137.4</ele><time>2026-07-06T10:45:16Z</time><extensions><gpxtpx:TrackPointExtension><gpxtpx:hr>143</gpxtpx:hr></gpxtpx:TrackPointExtension></extensions></trkpt><trkpt lat="56.639037" lon="38.099797"><ele>137.4</ele><time>2026-07-06T10:45:17Z</time><extensions><gpxtpx:TrackPointExtension><gpxtpx:hr>143</gpxtpx:hr></gpxtpx:TrackPointExtension></extensions></trkpt><trkpt lat="56.63906" lon="38.099787"><ele>137.4</ele><time>2026-07-06T10:45:18Z</time><extensions><gpxtpx:TrackPointExtension><gpxtpx:hr>143</gpxtpx:hr></gpxtpx:TrackPointExtension></extensions></trkpt><trkpt lat="56.639082" lon="38.09978"><ele>137.4</ele><time>2026-07-06T10:45:19Z</time><extensions><gpxtpx:TrackPointExtension><gpxtpx:hr>143</gpxtpx:hr></gpxtpx:TrackPointExtension></extensions></trkpt><trkpt lat="56.639107" lon="38.09977"><ele>137.4</ele><time>2026-07-06T10:45:20Z</time><extensions><gpxtpx:TrackPointExtension><gpxtpx:hr>144</gpxtpx:hr></gpxtpx:TrackPointExtension></extensions></trkpt><trkpt lat="56.63913" lon="38.099757"><ele>137.4</ele><time>2026-07-06T10:45:21Z</time><extensions><gpxtpx:TrackPointExtension><gpxtpx:hr>143</gpxtpx:hr></gpxtpx:TrackPointExtension></extensions></trkpt><trkpt lat="56.639155" lon="38.099747"><ele>137.6</ele><time>2026-07-06T10:45:22Z</time><extensions><gpxtpx:TrackPointExtension><gpxtpx:hr>143</gpxtpx:hr></gpxtpx:TrackPointExtension></extensions></trkpt><trkpt lat="56.639177" lon="38.099735"><ele>137.6</ele><time>2026-07-06T10:45:23Z</time><extensions><gpxtpx:TrackPointExtension><gpxtpx:hr>143</gpxtpx:hr></gpxtpx:TrackPointExtension></extensions></trkpt><trkpt lat="56.6392" lon="38.099725"><ele>137.6</ele><time>2026-07-06T10:45:24Z</time><extensions><gpxtpx:TrackPointExtension><gpxtpx:hr>143</gpxtpx:hr></gpxtpx:TrackPointExtension></extensions></trkpt><trkpt lat="56.639227" lon="38.099715"><ele>137.6</ele><time>2026-07-06T10:45:25Z</time><extensions><gpxtpx:TrackPointExtension><gpxtpx:hr>144</gpxtpx:hr></gpxtpx:TrackPointExtension></extensions></trkpt><trkpt lat="56.63925" lon="38.099702"><ele>137.6</ele><time>2026-07-06T10:45:26Z</time><extensions><gpxtpx:TrackPointExtension><gpxtpx:hr>143</gpxtpx:hr></gpxtpx:TrackPointExtension></extensions></trkpt><trkpt lat="56.639272" lon="38.099692"><ele>137.6</ele><time>2026-07-06T10:45:27Z</time><extensions><gpxtpx:TrackPointExtension><gpxtpx:hr>143</gpxtpx:hr></gpxtpx:TrackPointExtension></extensions></trkpt><trkpt lat="56.639297" lon="38.099682"><ele>137.6</ele><time>2026-07-06T10:45:28Z</time><extensions><gpxtpx:TrackPointExtension><gpxtpx:hr>144</gpxtpx:hr></gpxtpx:TrackPointExtension></extensions></trkpt><trkpt lat="56.63932" lon="38.099677"><ele>137.6</ele><time>2026-07-06T10:45:29Z</time><extensions><gpxtpx:TrackPointExtension><gpxtpx:hr>143</gpxtpx:hr></gpxtpx:TrackPointExtension></extensions></trkpt><trkpt lat="56.639345" lon="38.099667"><ele>137.6</ele><time>2026-07-06T10:45:30Z</time><extensions><gpxtpx:TrackPointExtension><gpxtpx:hr>144</gpxtpx:hr></gpxtpx:TrackPointExtension></extensions></trkpt><trkpt lat="56.639367" lon="38.099662"><ele>137.6</ele><time>2026-07-06T10:45:31Z</time><extensions><gpxtpx:TrackPointExtension><gpxtpx:hr>143</gpxtpx:hr></gpxtpx:TrackPointExtension></extensions></trkpt><trkpt lat="56.639392" lon="38.099655"><ele>137.6</ele><time>2026-07-06T10:45:32Z</time><extensions><gpxtpx:TrackPointExtension><gpxtpx:hr>143</gpxtpx:hr></gpxtpx:TrackPointExtension></extensions></trkpt><trkpt lat="56.639415" lon="38.099647"><ele>137.6</ele><time>2026-07-06T10:45:33Z</time><extensions><gpxtpx:TrackPointExtension><gpxtpx:hr>143</gpxtpx:hr></gpxtpx:TrackPointExtension></extensions></trkpt><trkpt lat="56.639437" lon="38.099637"><ele>137.8</ele><time>2026-07-06T10:45:34Z</time><extensions><gpxtpx:TrackPointExtension><gpxtpx:hr>143</gpxtpx:hr></gpxtpx:TrackPointExtension></extensions></trkpt><trkpt lat="56.639462" lon="38.09963"><ele>137.8</ele><time>2026-07-06T10:45:35Z</time><extensions><gpxtpx:TrackPointExtension><gpxtpx:hr>144</gpxtpx:hr></gpxtpx:TrackPointExtension></extensions></trkpt><trkpt lat="56.639485" lon="38.099622"><ele>137.8</ele><time>2026-07-06T10:45:36Z</time><extensions><gpxtpx:TrackPointExtension><gpxtpx:hr>144</gpxtpx:hr></gpxtpx:TrackPointExtension></extensions></trkpt><trkpt lat="56.639507" lon="38.099607"><ele>137.8</ele><time>2026-07-06T10:45:37Z</time><extensions><gpxtpx:TrackPointExtension><gpxtpx:hr>143</gpxtpx:hr></gpxtpx:TrackPointExtension></extensions></trkpt><trkpt lat="56.63953" lon="38.099597"><ele>138.0</ele><time>2026-07-06T10:45:38Z</time><extensions><gpxtpx:TrackPointExtension><gpxtpx:hr>144</gpxtpx:hr></gpxtpx:TrackPointExtension></extensions></trkpt><trkpt lat="56.639552" lon="38.09959"><ele>138.0</ele><time>2026-07-06T10:45:39Z</time><extensions><gpxtpx:TrackPointExtension><gpxtpx:hr>144</gpxtpx:hr></gpxtpx:TrackPointExtension></extensions></trkpt><trkpt lat="56.639577" lon="38.09958"><ele>138.0</ele><time>2026-07-06T10:45:40Z</time><extensions><gpxtpx:TrackPointExtension><gpxtpx:hr>144</gpxtpx:hr></gpxtpx:TrackPointExtension></extensions></trkpt><trkpt lat="56.639602" lon="38.099572"><ele>138.0</ele><time>2026-07-06T10:45:41Z</time><extensions><gpxtpx:TrackPointExtension><gpxtpx:hr>144</gpxtpx:hr></gpxtpx:TrackPointExtension></extensions></trkpt><trkpt lat="56.639622" lon="38.099565"><ele>138.0</ele><time>2026-07-06T10:45:42Z</time><extensions><gpxtpx:TrackPointExtension><gpxtpx:hr>144</gpxtpx:hr></gpxtpx:TrackPointExtension></extensions></trkpt><trkpt lat="56.639647" lon="38.099552"><ele>138.2</ele><time>2026-07-06T10:45:43Z</time><extensions><gpxtpx:TrackPointExtension><gpxtpx:hr>144</gpxtpx:hr></gpxtpx:TrackPointExtension></extensions></trkpt><trkpt lat="56.63967" lon="38.099547"><ele>138.2</ele><time>2026-07-06T10:45:44Z</time><extensions><gpxtpx:TrackPointExtension><gpxtpx:hr>144</gpxtpx:hr></gpxtpx:TrackPointExtension></extensions></trkpt><trkpt lat="56.639695" lon="38.099542"><ele>138.2</ele><time>2026-07-06T10:45:45Z</time><extensions><gpxtpx:TrackPointExtension><gpxtpx:hr>143</gpxtpx:hr></gpxtpx:TrackPointExtension></extensions></trkpt><trkpt lat="56.63972" lon="38.099537"><ele>138.2</ele><time>2026-07-06T10:45:46Z</time><extensions><gpxtpx:TrackPointExtension><gpxtpx:hr>143</gpxtpx:hr></gpxtpx:TrackPointExtension></extensions></trkpt><trkpt lat="56.639743" lon="38.099535"><ele>138.2</ele><time>2026-07-06T10:45:47Z</time><extensions><gpxtpx:TrackPointExtension><gpxtpx:hr>143</gpxtpx:hr></gpxtpx:TrackPointExtension></extensions></trkpt><trkpt lat="56.639767" lon="38.099532"><ele>138.2</ele><time>2026-07-06T10:45:48Z</time><extensions><gpxtpx:TrackPointExtension><gpxtpx:hr>143</gpxtpx:hr></gpxtpx:TrackPointExtension></extensions></trkpt><trkpt lat="56.63979" lon="38.099527"><ele>138.2</ele><time>2026-07-06T10:45:49Z</time><extensions><gpxtpx:TrackPointExtension><gpxtpx:hr>143</gpxtpx:hr></gpxtpx:TrackPointExtension></extensions></trkpt><trkpt lat="56.639812" lon="38.099517"><ele>138.4</ele><time>2026-07-06T10:45:50Z</time><extensions><gpxtpx:TrackPointExtension><gpxtpx:hr>143</gpxtpx:hr></gpxtpx:TrackPointExtension></extensions></trkpt><trkpt lat="56.639837" lon="38.099505"><ele>138.4</ele><time>2026-07-06T10:45:51Z</time><extensions><gpxtpx:TrackPointExtension><gpxtpx:hr>143</gpxtpx:hr></gpxtpx:TrackPointExtension></extensions></trkpt><trkpt lat="56.63986" lon="38.099492"><ele>138.4</ele><time>2026-07-06T10:45:52Z</time><extensions><gpxtpx:TrackPointExtension><gpxtpx:hr>143</gpxtpx:hr></gpxtpx:TrackPointExtension></extensions></trkpt><trkpt lat="56.639885" lon="38.099485"><ele>138.6</ele><time>2026-07-06T10:45:53Z</time><extensions><gpxtpx:TrackPointExtension><gpxtpx:hr>143</gpxtpx:hr></gpxtpx:TrackPointExtension></extensions></trkpt><trkpt lat="56.639907" lon="38.099475"><ele>138.6</ele><time>2026-07-06T10:45:54Z</time><extensions><gpxtpx:TrackPointExtension><gpxtpx:hr>143</gpxtpx:hr></gpxtpx:TrackPointExtension></extensions></trkpt><trkpt lat="56.63993" lon="38.099462"><ele>138.6</ele><time>2026-07-06T10:45:55Z</time><extensions><gpxtpx:TrackPointExtension><gpxtpx:hr>143</gpxtpx:hr></gpxtpx:TrackPointExtension></extensions></trkpt><trkpt lat="56.639952" lon="38.099452"><ele>138.6</ele><time>2026-07-06T10:45:56Z</time><extensions><gpxtpx:TrackPointExtension><gpxtpx:hr>143</gpxtpx:hr></gpxtpx:TrackPointExtension></extensions></trkpt><trkpt lat="56.639977" lon="38.09944"><ele>138.6</ele><time>2026-07-06T10:45:57Z</time><extensions><gpxtpx:TrackPointExtension><gpxtpx:hr>144</gpxtpx:hr></gpxtpx:TrackPointExtension></extensions></trkpt><trkpt lat="56.640002" lon="38.099427"><ele>138.8</ele><time>2026-07-06T10:45:58Z</time><extensions><gpxtpx:TrackPointExtension><gpxtpx:hr>144</gpxtpx:hr></gpxtpx:TrackPointExtension></extensions></trkpt><trkpt lat="56.640022" lon="38.099412"><ele>138.8</ele><time>2026-07-06T10:45:59Z</time><extensions><gpxtpx:TrackPointExtension><gpxtpx:hr>144</gpxtpx:hr></gpxtpx:TrackPointExtension></extensions></trkpt><trkpt lat="56.640045" lon="38.099402"><ele>138.8</ele><time>2026-07-06T10:46:00Z</time><extensions><gpxtpx:TrackPointExtension><gpxtpx:hr>144</gpxtpx:hr></gpxtpx:TrackPointExtension></extensions></trkpt><trkpt lat="56.64007" lon="38.099392"><ele>138.8</ele><time>2026-07-06T10:46:01Z</time><extensions><gpxtpx:TrackPointExtension><gpxtpx:hr>143</gpxtpx:hr></gpxtpx:TrackPointExtension></extensions></trkpt><trkpt lat="56.640095" lon="38.09938"><ele>138.8</ele><time>2026-07-06T10:46:02Z</time><extensions><gpxtpx:TrackPointExtension><gpxtpx:hr>143</gpxtpx:hr></gpxtpx:TrackPointExtension></extensions></trkpt><trkpt lat="56.640117" lon="38.099372"><ele>138.8</ele><time>2026-07-06T10:46:03Z</time><extensions><gpxtpx:TrackPointExtension><gpxtpx:hr>143</gpxtpx:hr></gpxtpx:TrackPointExtension></extensions></trkpt><trkpt lat="56.640137" lon="38.099362"><ele>139.0</ele><time>2026-07-06T10:46:04Z</time><extensions><gpxtpx:TrackPointExtension><gpxtpx:hr>143</gpxtpx:hr></gpxtpx:TrackPointExtension></extensions></trkpt><trkpt lat="56.64016" lon="38.099352"><ele>139.0</ele><time>2026-07-06T10:46:05Z</time><extensions><gpxtpx:TrackPointExtension><gpxtpx:hr>143</gpxtpx:hr></gpxtpx:TrackPointExtension></extensions></trkpt><trkpt lat="56.640185" lon="38.099347"><ele>138.8</ele><time>2026-07-06T10:46:06Z</time><extensions><gpxtpx:TrackPointExtension><gpxtpx:hr>144</gpxtpx:hr></gpxtpx:TrackPointExtension></extensions></trkpt><trkpt lat="56.640207" lon="38.099337"><ele>138.8</ele><time>2026-07-06T10:46:07Z</time><extensions><gpxtpx:TrackPointExtension><gpxtpx:hr>144</gpxtpx:hr></gpxtpx:TrackPointExtension></extensions></trkpt><trkpt lat="56.640232" lon="38.099325"><ele>138.8</ele><time>2026-07-06T10:46:08Z</time><extensions><gpxtpx:TrackPointExtension><gpxtpx:hr>144</gpxtpx:hr></gpxtpx:TrackPointExtension></extensions></trkpt><trkpt lat="56.640255" lon="38.099312"><ele>138.6</ele><time>2026-07-06T10:46:09Z</time><extensions><gpxtpx:TrackPointExtension><gpxtpx:hr>144</gpxtpx:hr></gpxtpx:TrackPointExtension></extensions></trkpt><trkpt lat="56.640277" lon="38.0993"><ele>138.6</ele><time>2026-07-06T10:46:10Z</time><extensions><gpxtpx:TrackPointExtension><gpxtpx:hr>144</gpxtpx:hr></gpxtpx:TrackPointExtension></extensions></trkpt><trkpt lat="56.640302" lon="38.099292"><ele>138.6</ele><time>2026-07-06T10:46:11Z</time><extensions><gpxtpx:TrackPointExtension><gpxtpx:hr>144</gpxtpx:hr></gpxtpx:TrackPointExtension></extensions></trkpt><trkpt lat="56.640325" lon="38.099282"><ele>138.6</ele><time>2026-07-06T10:46:12Z</time><extensions><gpxtpx:TrackPointExtension><gpxtpx:hr>144</gpxtpx:hr></gpxtpx:TrackPointExtension></extensions></trkpt><trkpt lat="56.640347" lon="38.099277"><ele>138.8</ele><time>2026-07-06T10:46:13Z</time><extensions><gpxtpx:TrackPointExtension><gpxtpx:hr>144</gpxtpx:hr></gpxtpx:TrackPointExtension></extensions></trkpt><trkpt lat="56.64037" lon="38.099267"><ele>138.6</ele><time>2026-07-06T10:46:14Z</time><extensions><gpxtpx:TrackPointExtension><gpxtpx:hr>144</gpxtpx:hr></gpxtpx:TrackPointExtension></extensions></trkpt><trkpt lat="56.640392" lon="38.099257"><ele>138.8</ele><time>2026-07-06T10:46:15Z</time><extensions><gpxtpx:TrackPointExtension><gpxtpx:hr>144</gpxtpx:hr></gpxtpx:TrackPointExtension></extensions></trkpt><trkpt lat="56.640415" lon="38.09925"><ele>138.8</ele><time>2026-07-06T10:46:16Z</time><extensions><gpxtpx:TrackPointExtension><gpxtpx:hr>145</gpxtpx:hr></gpxtpx:TrackPointExtension></extensions></trkpt><trkpt lat="56.64044" lon="38.099242"><ele>138.8</ele><time>2026-07-06T10:46:17Z</time><extensions><gpxtpx:TrackPointExtension><gpxtpx:hr>145</gpxtpx:hr></gpxtpx:TrackPointExtension></extensions></trkpt><trkpt lat="56.640462" lon="38.09923"><ele>138.8</ele><time>2026-07-06T10:46:18Z</time><extensions><gpxtpx:TrackPointExtension><gpxtpx:hr>145</gpxtpx:hr></gpxtpx:TrackPointExtension></extensions></trkpt><trkpt lat="56.640482" lon="38.099217"><ele>139.0</ele><time>2026-07-06T10:46:19Z</time><extensions><gpxtpx:TrackPointExtension><gpxtpx:hr>145</gpxtpx:hr></gpxtpx:TrackPointExtension></extensions></trkpt><trkpt lat="56.640507" lon="38.099207"><ele>139.0</ele><time>2026-07-06T10:46:20Z</time><extensions><gpxtpx:TrackPointExtension><gpxtpx:hr>144</gpxtpx:hr></gpxtpx:TrackPointExtension></extensions></trkpt><trkpt lat="56.64053" lon="38.099202"><ele>139.2</ele><time>2026-07-06T10:46:21Z</time><extensions><gpxtpx:TrackPointExtension><gpxtpx:hr>145</gpxtpx:hr></gpxtpx:TrackPointExtension></extensions></trkpt><trkpt lat="56.640552" lon="38.099192"><ele>139.2</ele><time>2026-07-06T10:46:22Z</time><extensions><gpxtpx:TrackPointExtension><gpxtpx:hr>145</gpxtpx:hr></gpxtpx:TrackPointExtension></extensions></trkpt><trkpt lat="56.64058" lon="38.099182"><ele>139.2</ele><time>2026-07-06T10:46:23Z</time><extensions><gpxtpx:TrackPointExtension><gpxtpx:hr>145</gpxtpx:hr></gpxtpx:TrackPointExtension></extensions></trkpt><trkpt lat="56.640602" lon="38.099172"><ele>139.2</ele><time>2026-07-06T10:46:24Z</time><extensions><gpxtpx:TrackPointExtension><gpxtpx:hr>145</gpxtpx:hr></gpxtpx:TrackPointExtension></extensions></trkpt><trkpt lat="56.640627" lon="38.099162"><ele>139.2</ele><time>2026-07-06T10:46:25Z</time><extensions><gpxtpx:TrackPointExtension><gpxtpx:hr>145</gpxtpx:hr></gpxtpx:TrackPointExtension></extensions></trkpt><trkpt lat="56.64065" lon="38.099152"><ele>139.2</ele><time>2026-07-06T10:46:26Z</time><extensions><gpxtpx:TrackPointExtension><gpxtpx:hr>144</gpxtpx:hr></gpxtpx:TrackPointExtension></extensions></trkpt><trkpt lat="56.640672" lon="38.099147"><ele>139.2</ele><time>2026-07-06T10:46:27Z</time><extensions><gpxtpx:TrackPointExtension><gpxtpx:hr>145</gpxtpx:hr></gpxtpx:TrackPointExtension></extensions></trkpt><trkpt lat="56.640697" lon="38.099137"><ele>139.2</ele><time>2026-07-06T10:46:28Z</time><extensions><gpxtpx:TrackPointExtension><gpxtpx:hr>145</gpxtpx:hr></gpxtpx:TrackPointExtension></extensions></trkpt><trkpt lat="56.64072" lon="38.099127"><ele>139.2</ele><time>2026-07-06T10:46:29Z</time><extensions><gpxtpx:TrackPointExtension><gpxtpx:hr>145</gpxtpx:hr></gpxtpx:TrackPointExtension></extensions></trkpt><trkpt lat="56.640742" lon="38.099117"><ele>139.2</ele><time>2026-07-06T10:46:30Z</time><extensions><gpxtpx:TrackPointExtension><gpxtpx:hr>145</gpxtpx:hr></gpxtpx:TrackPointExtension></extensions></trkpt><trkpt lat="56.640765" lon="38.099105"><ele>139.4</ele><time>2026-07-06T10:46:31Z</time><extensions><gpxtpx:TrackPointExtension><gpxtpx:hr>145</gpxtpx:hr></gpxtpx:TrackPointExtension></extensions></trkpt><trkpt lat="56.640787" lon="38.099092"><ele>139.4</ele><time>2026-07-06T10:46:32Z</time><extensions><gpxtpx:TrackPointExtension><gpxtpx:hr>144</gpxtpx:hr></gpxtpx:TrackPointExtension></extensions></trkpt><trkpt lat="56.64081" lon="38.09908"><ele>139.4</ele><time>2026-07-06T10:46:33Z</time><extensions><gpxtpx:TrackPointExtension><gpxtpx:hr>144</gpxtpx:hr></gpxtpx:TrackPointExtension></extensions></trkpt><trkpt lat="56.640832" lon="38.09907"><ele>139.4</ele><time>2026-07-06T10:46:34Z</time><extensions><gpxtpx:TrackPointExtension><gpxtpx:hr>144</gpxtpx:hr></gpxtpx:TrackPointExtension></extensions></trkpt><trkpt lat="56.640855" lon="38.09906"><ele>139.4</ele><time>2026-07-06T10:46:35Z</time><extensions><gpxtpx:TrackPointExtension><gpxtpx:hr>144</gpxtpx:hr></gpxtpx:TrackPointExtension></extensions></trkpt><trkpt lat="56.640877" lon="38.09905"><ele>139.4</ele><time>2026-07-06T10:46:36Z</time><extensions><gpxtpx:TrackPointExtension><gpxtpx:hr>144</gpxtpx:hr></gpxtpx:TrackPointExtension></extensions></trkpt><trkpt lat="56.640907" lon="38.099042"><ele>139.6</ele><time>2026-07-06T10:46:37Z</time><extensions><gpxtpx:TrackPointExtension><gpxtpx:hr>144</gpxtpx:hr></gpxtpx:TrackPointExtension></extensions></trkpt><trkpt lat="56.640932" lon="38.099032"><ele>139.8</ele><time>2026-07-06T10:46:38Z</time><extensions><gpxtpx:TrackPointExtension><gpxtpx:hr>144</gpxtpx:hr></gpxtpx:TrackPointExtension></extensions></trkpt><trkpt lat="56.640957" lon="38.099017"><ele>139.8</ele><time>2026-07-06T10:46:39Z</time><extensions><gpxtpx:TrackPointExtension><gpxtpx:hr>144</gpxtpx:hr></gpxtpx:TrackPointExtension></extensions></trkpt><trkpt lat="56.640982" lon="38.099007"><ele>139.8</ele><time>2026-07-06T10:46:40Z</time><extensions><gpxtpx:TrackPointExtension><gpxtpx:hr>144</gpxtpx:hr></gpxtpx:TrackPointExtension></extensions></trkpt><trkpt lat="56.641002" lon="38.098997"><ele>139.8</ele><time>2026-07-06T10:46:41Z</time><extensions><gpxtpx:TrackPointExtension><gpxtpx:hr>144</gpxtpx:hr></gpxtpx:TrackPointExtension></extensions></trkpt><trkpt lat="56.641027" lon="38.098985"><ele>140.0</ele><time>2026-07-06T10:46:42Z</time><extensions><gpxtpx:TrackPointExtension><gpxtpx:hr>143</gpxtpx:hr></gpxtpx:TrackPointExtension></extensions></trkpt><trkpt lat="56.641052" lon="38.098977"><ele>140.2</ele><time>2026-07-06T10:46:43Z</time><extensions><gpxtpx:TrackPointExtension><gpxtpx:hr>143</gpxtpx:hr></gpxtpx:TrackPointExtension></extensions></trkpt><trkpt lat="56.641077" lon="38.098967"><ele>140.2</ele><time>2026-07-06T10:46:44Z</time><extensions><gpxtpx:TrackPointExtension><gpxtpx:hr>143</gpxtpx:hr></gpxtpx:TrackPointExtension></extensions></trkpt><trkpt lat="56.641102" lon="38.098957"><ele>140.0</ele><time>2026-07-06T10:46:45Z</time><extensions><gpxtpx:TrackPointExtension><gpxtpx:hr>143</gpxtpx:hr></gpxtpx:TrackPointExtension></extensions></trkpt><trkpt lat="56.641127" lon="38.09895"><ele>140.0</ele><time>2026-07-06T10:46:46Z</time><extensions><gpxtpx:TrackPointExtension><gpxtpx:hr>142</gpxtpx:hr></gpxtpx:TrackPointExtension></extensions></trkpt><trkpt lat="56.641152" lon="38.098937"><ele>139.8</ele><time>2026-07-06T10:46:47Z</time><extensions><gpxtpx:TrackPointExtension><gpxtpx:hr>142</gpxtpx:hr></gpxtpx:TrackPointExtension></extensions></trkpt><trkpt lat="56.641172" lon="38.098927"><ele>139.8</ele><time>2026-07-06T10:46:48Z</time><extensions><gpxtpx:TrackPointExtension><gpxtpx:hr>141</gpxtpx:hr></gpxtpx:TrackPointExtension></extensions></trkpt><trkpt lat="56.641197" lon="38.09892"><ele>139.8</ele><time>2026-07-06T10:46:49Z</time><extensions><gpxtpx:TrackPointExtension><gpxtpx:hr>142</gpxtpx:hr></gpxtpx:TrackPointExtension></extensions></trkpt><trkpt lat="56.64122" lon="38.09891"><ele>139.8</ele><time>2026-07-06T10:46:50Z</time><extensions><gpxtpx:TrackPointExtension><gpxtpx:hr>142</gpxtpx:hr></gpxtpx:TrackPointExtension></extensions></trkpt><trkpt lat="56.641242" lon="38.098902"><ele>139.8</ele><time>2026-07-06T10:46:51Z</time><extensions><gpxtpx:TrackPointExtension><gpxtpx:hr>141</gpxtpx:hr></gpxtpx:TrackPointExtension></extensions></trkpt><trkpt lat="56.641267" lon="38.098892"><ele>139.8</ele><time>2026-07-06T10:46:52Z</time><extensions><gpxtpx:TrackPointExtension><gpxtpx:hr>141</gpxtpx:hr></gpxtpx:TrackPointExtension></extensions></trkpt><trkpt lat="56.64129" lon="38.098882"><ele>139.8</ele><time>2026-07-06T10:46:53Z</time><extensions><gpxtpx:TrackPointExtension><gpxtpx:hr>141</gpxtpx:hr></gpxtpx:TrackPointExtension></extensions></trkpt><trkpt lat="56.641317" lon="38.098872"><ele>139.8</ele><time>2026-07-06T10:46:54Z</time><extensions><gpxtpx:TrackPointExtension><gpxtpx:hr>141</gpxtpx:hr></gpxtpx:TrackPointExtension></extensions></trkpt><trkpt lat="56.641342" lon="38.09886"><ele>139.8</ele><time>2026-07-06T10:46:55Z</time><extensions><gpxtpx:TrackPointExtension><gpxtpx:hr>141</gpxtpx:hr></gpxtpx:TrackPointExtension></extensions></trkpt><trkpt lat="56.641365" lon="38.09885"><ele>139.8</ele><time>2026-07-06T10:46:56Z</time><extensions><gpxtpx:TrackPointExtension><gpxtpx:hr>141</gpxtpx:hr></gpxtpx:TrackPointExtension></extensions></trkpt><trkpt lat="56.641392" lon="38.09884"><ele>139.8</ele><time>2026-07-06T10:46:57Z</time><extensions><gpxtpx:TrackPointExtension><gpxtpx:hr>141</gpxtpx:hr></gpxtpx:TrackPointExtension></extensions></trkpt><trkpt lat="56.641412" lon="38.09883"><ele>139.8</ele><time>2026-07-06T10:46:58Z</time><extensions><gpxtpx:TrackPointExtension><gpxtpx:hr>142</gpxtpx:hr></gpxtpx:TrackPointExtension></extensions></trkpt><trkpt lat="56.641437" lon="38.09882"><ele>139.8</ele><time>2026-07-06T10:46:59Z</time><extensions><gpxtpx:TrackPointExtension><gpxtpx:hr>142</gpxtpx:hr></gpxtpx:TrackPointExtension></extensions></trkpt><trkpt lat="56.641462" lon="38.098807"><ele>139.8</ele><time>2026-07-06T10:47:00Z</time><extensions><gpxtpx:TrackPointExtension><gpxtpx:hr>142</gpxtpx:hr></gpxtpx:TrackPointExtension></extensions></trkpt><trkpt lat="56.641485" lon="38.098797"><ele>139.8</ele><time>2026-07-06T10:47:01Z</time><extensions><gpxtpx:TrackPointExtension><gpxtpx:hr>141</gpxtpx:hr></gpxtpx:TrackPointExtension></extensions></trkpt><trkpt lat="56.641507" lon="38.098785"><ele>139.8</ele><time>2026-07-06T10:47:02Z</time><extensions><gpxtpx:TrackPointExtension><gpxtpx:hr>141</gpxtpx:hr></gpxtpx:TrackPointExtension></extensions></trkpt><trkpt lat="56.641532" lon="38.098772"><ele>139.8</ele><time>2026-07-06T10:47:03Z</time><extensions><gpxtpx:TrackPointExtension><gpxtpx:hr>142</gpxtpx:hr></gpxtpx:TrackPointExtension></extensions></trkpt><trkpt lat="56.641557" lon="38.098762"><ele>139.8</ele><time>2026-07-06T10:47:04Z</time><extensions><gpxtpx:TrackPointExtension><gpxtpx:hr>142</gpxtpx:hr></gpxtpx:TrackPointExtension></extensions></trkpt><trkpt lat="56.641582" lon="38.09875"><ele>140.0</ele><time>2026-07-06T10:47:05Z</time><extensions><gpxtpx:TrackPointExtension><gpxtpx:hr>142</gpxtpx:hr></gpxtpx:TrackPointExtension></extensions></trkpt><trkpt lat="56.641607" lon="38.09874"><ele>140.0</ele><time>2026-07-06T10:47:06Z</time><extensions><gpxtpx:TrackPointExtension><gpxtpx:hr>143</gpxtpx:hr></gpxtpx:TrackPointExtension></extensions></trkpt><trkpt lat="56.64163" lon="38.098732"><ele>140.0</ele><time>2026-07-06T10:47:07Z</time><extensions><gpxtpx:TrackPointExtension><gpxtpx:hr>142</gpxtpx:hr></gpxtpx:TrackPointExtension></extensions></trkpt><trkpt lat="56.641652" lon="38.098722"><ele>140.0</ele><time>2026-07-06T10:47:08Z</time><extensions><gpxtpx:TrackPointExtension><gpxtpx:hr>142</gpxtpx:hr></gpxtpx:TrackPointExtension></extensions></trkpt><trkpt lat="56.641675" lon="38.098712"><ele>139.8</ele><time>2026-07-06T10:47:09Z</time><extensions><gpxtpx:TrackPointExtension><gpxtpx:hr>143</gpxtpx:hr></gpxtpx:TrackPointExtension></extensions></trkpt><trkpt lat="56.641697" lon="38.098705"><ele>139.8</ele><time>2026-07-06T10:47:10Z</time><extensions><gpxtpx:TrackPointExtension><gpxtpx:hr>143</gpxtpx:hr></gpxtpx:TrackPointExtension></extensions></trkpt><trkpt lat="56.641722" lon="38.098692"><ele>139.8</ele><time>2026-07-06T10:47:11Z</time><extensions><gpxtpx:TrackPointExtension><gpxtpx:hr>143</gpxtpx:hr></gpxtpx:TrackPointExtension></extensions></trkpt><trkpt lat="56.641747" lon="38.098682"><ele>139.8</ele><time>2026-07-06T10:47:12Z</time><extensions><gpxtpx:TrackPointExtension><gpxtpx:hr>143</gpxtpx:hr></gpxtpx:TrackPointExtension></extensions></trkpt><trkpt lat="56.641772" lon="38.098672"><ele>139.8</ele><time>2026-07-06T10:47:13Z</time><extensions><gpxtpx:TrackPointExtension><gpxtpx:hr>143</gpxtpx:hr></gpxtpx:TrackPointExtension></extensions></trkpt><trkpt lat="56.641795" lon="38.098662"><ele>140.0</ele><time>2026-07-06T10:47:14Z</time><extensions><gpxtpx:TrackPointExtension><gpxtpx:hr>143</gpxtpx:hr></gpxtpx:TrackPointExtension></extensions></trkpt><trkpt lat="56.64182" lon="38.098652"><ele>140.0</ele><time>2026-07-06T10:47:15Z</time><extensions><gpxtpx:TrackPointExtension><gpxtpx:hr>143</gpxtpx:hr></gpxtpx:TrackPointExtension></extensions></trkpt><trkpt lat="56.641845" lon="38.098642"><ele>140.0</ele><time>2026-07-06T10:47:16Z</time><extensions><gpxtpx:TrackPointExtension><gpxtpx:hr>143</gpxtpx:hr></gpxtpx:TrackPointExtension></extensions></trkpt><trkpt lat="56.641867" lon="38.098632"><ele>140.0</ele><time>2026-07-06T10:47:17Z</time><extensions><gpxtpx:TrackPointExtension><gpxtpx:hr>144</gpxtpx:hr></gpxtpx:TrackPointExtension></extensions></trkpt><trkpt lat="56.641892" lon="38.098617"><ele>140.2</ele><time>2026-07-06T10:47:18Z</time><extensions><gpxtpx:TrackPointExtension><gpxtpx:hr>144</gpxtpx:hr></gpxtpx:TrackPointExtension></extensions></trkpt><trkpt lat="56.641915" lon="38.098607"><ele>140.2</ele><time>2026-07-06T10:47:19Z</time><extensions><gpxtpx:TrackPointExtension><gpxtpx:hr>144</gpxtpx:hr></gpxtpx:TrackPointExtension></extensions></trkpt><trkpt lat="56.641937" lon="38.098597"><ele>140.2</ele><time>2026-07-06T10:47:20Z</time><extensions><gpxtpx:TrackPointExtension><gpxtpx:hr>144</gpxtpx:hr></gpxtpx:TrackPointExtension></extensions></trkpt><trkpt lat="56.641962" lon="38.098587"><ele>140.2</ele><time>2026-07-06T10:47:21Z</time><extensions><gpxtpx:TrackPointExtension><gpxtpx:hr>144</gpxtpx:hr></gpxtpx:TrackPointExtension></extensions></trkpt><trkpt lat="56.641982" lon="38.098577"><ele>140.2</ele><time>2026-07-06T10:47:22Z</time><extensions><gpxtpx:TrackPointExtension><gpxtpx:hr>144</gpxtpx:hr></gpxtpx:TrackPointExtension></extensions></trkpt><trkpt lat="56.642007" lon="38.098572"><ele>140.2</ele><time>2026-07-06T10:47:23Z</time><extensions><gpxtpx:TrackPointExtension><gpxtpx:hr>144</gpxtpx:hr></gpxtpx:TrackPointExtension></extensions></trkpt><trkpt lat="56.642032" lon="38.09856"><ele>140.2</ele><time>2026-07-06T10:47:24Z</time><extensions><gpxtpx:TrackPointExtension><gpxtpx:hr>144</gpxtpx:hr></gpxtpx:TrackPointExtension></extensions></trkpt><trkpt lat="56.642052" lon="38.098552"><ele>140.2</ele><time>2026-07-06T10:47:25Z</time><extensions><gpxtpx:TrackPointExtension><gpxtpx:hr>145</gpxtpx:hr></gpxtpx:TrackPointExtension></extensions></trkpt><trkpt lat="56.64208" lon="38.098547"><ele>140.4</ele><time>2026-07-06T10:47:26Z</time><extensions><gpxtpx:TrackPointExtension><gpxtpx:hr>145</gpxtpx:hr></gpxtpx:TrackPointExtension></extensions></trkpt><trkpt lat="56.642102" lon="38.098537"><ele>140.4</ele><time>2026-07-06T10:47:27Z</time><extensions><gpxtpx:TrackPointExtension><gpxtpx:hr>145</gpxtpx:hr></gpxtpx:TrackPointExtension></extensions></trkpt><trkpt lat="56.642127" lon="38.098527"><ele>140.4</ele><time>2026-07-06T10:47:28Z</time><extensions><gpxtpx:TrackPointExtension><gpxtpx:hr>145</gpxtpx:hr></gpxtpx:TrackPointExtension></extensions></trkpt><trkpt lat="56.642152" lon="38.098517"><ele>140.4</ele><time>2026-07-06T10:47:29Z</time><extensions><gpxtpx:TrackPointExtension><gpxtpx:hr>145</gpxtpx:hr></gpxtpx:TrackPointExtension></extensions></trkpt><trkpt lat="56.642177" lon="38.098507"><ele>140.6</ele><time>2026-07-06T10:47:30Z</time><extensions><gpxtpx:TrackPointExtension><gpxtpx:hr>145</gpxtpx:hr></gpxtpx:TrackPointExtension></extensions></trkpt><trkpt lat="56.642202" lon="38.098502"><ele>140.6</ele><time>2026-07-06T10:47:31Z</time><extensions><gpxtpx:TrackPointExtension><gpxtpx:hr>145</gpxtpx:hr></gpxtpx:TrackPointExtension></extensions></trkpt><trkpt lat="56.642225" lon="38.098495"><ele>140.6</ele><time>2026-07-06T10:47:32Z</time><extensions><gpxtpx:TrackPointExtension><gpxtpx:hr>145</gpxtpx:hr></gpxtpx:TrackPointExtension></extensions></trkpt><trkpt lat="56.642247" lon="38.098487"><ele>140.4</ele><time>2026-07-06T10:47:33Z</time><extensions><gpxtpx:TrackPointExtension><gpxtpx:hr>145</gpxtpx:hr></gpxtpx:TrackPointExtension></extensions></trkpt><trkpt lat="56.642267" lon="38.098477"><ele>140.4</ele><time>2026-07-06T10:47:34Z</time><extensions><gpxtpx:TrackPointExtension><gpxtpx:hr>144</gpxtpx:hr></gpxtpx:TrackPointExtension></extensions></trkpt><trkpt lat="56.642292" lon="38.098462"><ele>140.4</ele><time>2026-07-06T10:47:35Z</time><extensions><gpxtpx:TrackPointExtension><gpxtpx:hr>144</gpxtpx:hr></gpxtpx:TrackPointExtension></extensions></trkpt><trkpt lat="56.642315" lon="38.098452"><ele>140.6</ele><time>2026-07-06T10:47:36Z</time><extensions><gpxtpx:TrackPointExtension><gpxtpx:hr>144</gpxtpx:hr></gpxtpx:TrackPointExtension></extensions></trkpt><trkpt lat="56.642337" lon="38.098442"><ele>140.6</ele><time>2026-07-06T10:47:37Z</time><extensions><gpxtpx:TrackPointExtension><gpxtpx:hr>144</gpxtpx:hr></gpxtpx:TrackPointExtension></extensions></trkpt><trkpt lat="56.642357" lon="38.09843"><ele>140.6</ele><time>2026-07-06T10:47:38Z</time><extensions><gpxtpx:TrackPointExtension><gpxtpx:hr>145</gpxtpx:hr></gpxtpx:TrackPointExtension></extensions></trkpt><trkpt lat="56.642382" lon="38.098422"><ele>140.6</ele><time>2026-07-06T10:47:39Z</time><extensions><gpxtpx:TrackPointExtension><gpxtpx:hr>145</gpxtpx:hr></gpxtpx:TrackPointExtension></extensions></trkpt><trkpt lat="56.642403" lon="38.09841"><ele>140.6</ele><time>2026-07-06T10:47:40Z</time><extensions><gpxtpx:TrackPointExtension><gpxtpx:hr>145</gpxtpx:hr></gpxtpx:TrackPointExtension></extensions></trkpt><trkpt lat="56.642425" lon="38.098397"><ele>140.8</ele><time>2026-07-06T10:47:41Z</time><extensions><gpxtpx:TrackPointExtension><gpxtpx:hr>145</gpxtpx:hr></gpxtpx:TrackPointExtension></extensions></trkpt><trkpt lat="56.642447" lon="38.098385"><ele>140.8</ele><time>2026-07-06T10:47:42Z</time><extensions><gpxtpx:TrackPointExtension><gpxtpx:hr>145</gpxtpx:hr></gpxtpx:TrackPointExtension></extensions></trkpt><trkpt lat="56.642472" lon="38.098377"><ele>140.8</ele><time>2026-07-06T10:47:43Z</time><extensions><gpxtpx:TrackPointExtension><gpxtpx:hr>145</gpxtpx:hr></gpxtpx:TrackPointExtension></extensions></trkpt><trkpt lat="56.642492" lon="38.09837"><ele>140.8</ele><time>2026-07-06T10:47:44Z</time><extensions><gpxtpx:TrackPointExtension><gpxtpx:hr>145</gpxtpx:hr></gpxtpx:TrackPointExtension></extensions></trkpt><trkpt lat="56.642515" lon="38.098362"><ele>140.8</ele><time>2026-07-06T10:47:45Z</time><extensions><gpxtpx:TrackPointExtension><gpxtpx:hr>145</gpxtpx:hr></gpxtpx:TrackPointExtension></extensions></trkpt><trkpt lat="56.642537" lon="38.098355"><ele>140.8</ele><time>2026-07-06T10:47:46Z</time><extensions><gpxtpx:TrackPointExtension><gpxtpx:hr>145</gpxtpx:hr></gpxtpx:TrackPointExtension></extensions></trkpt><trkpt lat="56.642562" lon="38.098345"><ele>141.0</ele><time>2026-07-06T10:47:47Z</time><extensions><gpxtpx:TrackPointExtension><gpxtpx:hr>144</gpxtpx:hr></gpxtpx:TrackPointExtension></extensions></trkpt><trkpt lat="56.642585" lon="38.098335"><ele>141.0</ele><time>2026-07-06T10:47:48Z</time><extensions><gpxtpx:TrackPointExtension><gpxtpx:hr>145</gpxtpx:hr></gpxtpx:TrackPointExtension></extensions></trkpt><trkpt lat="56.64261" lon="38.098322"><ele>141.0</ele><time>2026-07-06T10:47:49Z</time><extensions><gpxtpx:TrackPointExtension><gpxtpx:hr>145</gpxtpx:hr></gpxtpx:TrackPointExtension></extensions></trkpt><trkpt lat="56.642635" lon="38.098312"><ele>141.0</ele><time>2026-07-06T10:47:50Z</time><extensions><gpxtpx:TrackPointExtension><gpxtpx:hr>146</gpxtpx:hr></gpxtpx:TrackPointExtension></extensions></trkpt><trkpt lat="56.64266" lon="38.0983"><ele>141.0</ele><time>2026-07-06T10:47:51Z</time><extensions><gpxtpx:TrackPointExtension><gpxtpx:hr>146</gpxtpx:hr></gpxtpx:TrackPointExtension></extensions></trkpt><trkpt lat="56.642682" lon="38.09829"><ele>141.2</ele><time>2026-07-06T10:47:52Z</time><extensions><gpxtpx:TrackPointExtension><gpxtpx:hr>145</gpxtpx:hr></gpxtpx:TrackPointExtension></extensions></trkpt><trkpt lat="56.642707" lon="38.098282"><ele>141.2</ele><time>2026-07-06T10:47:53Z</time><extensions><gpxtpx:TrackPointExtension><gpxtpx:hr>145</gpxtpx:hr></gpxtpx:TrackPointExtension></extensions></trkpt><trkpt lat="56.642732" lon="38.098272"><ele>141.4</ele><time>2026-07-06T10:47:54Z</time><extensions><gpxtpx:TrackPointExtension><gpxtpx:hr>145</gpxtpx:hr></gpxtpx:TrackPointExtension></extensions></trkpt><trkpt lat="56.642757" lon="38.09826"><ele>141.4</ele><time>2026-07-06T10:47:55Z</time><extensions><gpxtpx:TrackPointExtension><gpxtpx:hr>144</gpxtpx:hr></gpxtpx:TrackPointExtension></extensions></trkpt><trkpt lat="56.642782" lon="38.098247"><ele>141.4</ele><time>2026-07-06T10:47:56Z</time><extensions><gpxtpx:TrackPointExtension><gpxtpx:hr>145</gpxtpx:hr></gpxtpx:TrackPointExtension></extensions></trkpt><trkpt lat="56.642807" lon="38.098232"><ele>141.4</ele><time>2026-07-06T10:47:57Z</time><extensions><gpxtpx:TrackPointExtension><gpxtpx:hr>145</gpxtpx:hr></gpxtpx:TrackPointExtension></extensions></trkpt><trkpt lat="56.64283" lon="38.098222"><ele>141.4</ele><time>2026-07-06T10:47:58Z</time><extensions><gpxtpx:TrackPointExtension><gpxtpx:hr>145</gpxtpx:hr></gpxtpx:TrackPointExtension></extensions></trkpt><trkpt lat="56.642853" lon="38.098215"><ele>141.4</ele><time>2026-07-06T10:47:59Z</time><extensions><gpxtpx:TrackPointExtension><gpxtpx:hr>145</gpxtpx:hr></gpxtpx:TrackPointExtension></extensions></trkpt><trkpt lat="56.642877" lon="38.098207"><ele>141.4</ele><time>2026-07-06T10:48:00Z</time><extensions><gpxtpx:TrackPointExtension><gpxtpx:hr>145</gpxtpx:hr></gpxtpx:TrackPointExtension></extensions></trkpt><trkpt lat="56.6429" lon="38.098195"><ele>141.4</ele><time>2026-07-06T10:48:01Z</time><extensions><gpxtpx:TrackPointExtension><gpxtpx:hr>145</gpxtpx:hr></gpxtpx:TrackPointExtension></extensions></trkpt><trkpt lat="56.642922" lon="38.098182"><ele>141.4</ele><time>2026-07-06T10:48:02Z</time><extensions><gpxtpx:TrackPointExtension><gpxtpx:hr>144</gpxtpx:hr></gpxtpx:TrackPointExtension></extensions></trkpt><trkpt lat="56.642945" lon="38.09817"><ele>141.4</ele><time>2026-07-06T10:48:03Z</time><extensions><gpxtpx:TrackPointExtension><gpxtpx:hr>144</gpxtpx:hr></gpxtpx:TrackPointExtension></extensions></trkpt><trkpt lat="56.642967" lon="38.098157"><ele>141.4</ele><time>2026-07-06T10:48:04Z</time><extensions><gpxtpx:TrackPointExtension><gpxtpx:hr>144</gpxtpx:hr></gpxtpx:TrackPointExtension></extensions></trkpt><trkpt lat="56.642992" lon="38.098147"><ele>141.4</ele><time>2026-07-06T10:48:05Z</time><extensions><gpxtpx:TrackPointExtension><gpxtpx:hr>144</gpxtpx:hr></gpxtpx:TrackPointExtension></extensions></trkpt><trkpt lat="56.643012" lon="38.098135"><ele>141.4</ele><time>2026-07-06T10:48:06Z</time><extensions><gpxtpx:TrackPointExtension><gpxtpx:hr>144</gpxtpx:hr></gpxtpx:TrackPointExtension></extensions></trkpt><trkpt lat="56.643035" lon="38.098125"><ele>141.6</ele><time>2026-07-06T10:48:07Z</time><extensions><gpxtpx:TrackPointExtension><gpxtpx:hr>144</gpxtpx:hr></gpxtpx:TrackPointExtension></extensions></trkpt><trkpt lat="56.643057" lon="38.098117"><ele>141.6</ele><time>2026-07-06T10:48:08Z</time><extensions><gpxtpx:TrackPointExtension><gpxtpx:hr>144</gpxtpx:hr></gpxtpx:TrackPointExtension></extensions></trkpt><trkpt lat="56.643082" lon="38.098107"><ele>141.6</ele><time>2026-07-06T10:48:09Z</time><extensions><gpxtpx:TrackPointExtension><gpxtpx:hr>143</gpxtpx:hr></gpxtpx:TrackPointExtension></extensions></trkpt><trkpt lat="56.643105" lon="38.098097"><ele>141.6</ele><time>2026-07-06T10:48:10Z</time><extensions><gpxtpx:TrackPointExtension><gpxtpx:hr>144</gpxtpx:hr></gpxtpx:TrackPointExtension></extensions></trkpt><trkpt lat="56.643127" lon="38.098087"><ele>141.8</ele><time>2026-07-06T10:48:11Z</time><extensions><gpxtpx:TrackPointExtension><gpxtpx:hr>143</gpxtpx:hr></gpxtpx:TrackPointExtension></extensions></trkpt><trkpt lat="56.643152" lon="38.098075"><ele>141.8</ele><time>2026-07-06T10:48:12Z</time><extensions><gpxtpx:TrackPointExtension><gpxtpx:hr>143</gpxtpx:hr></gpxtpx:TrackPointExtension></extensions></trkpt><trkpt lat="56.643175" lon="38.098057"><ele>141.8</ele><time>2026-07-06T10:48:13Z</time><extensions><gpxtpx:TrackPointExtension><gpxtpx:hr>143</gpxtpx:hr></gpxtpx:TrackPointExtension></extensions></trkpt><trkpt lat="56.643195" lon="38.098042"><ele>141.8</ele><time>2026-07-06T10:48:14Z</time><extensions><gpxtpx:TrackPointExtension><gpxtpx:hr>143</gpxtpx:hr></gpxtpx:TrackPointExtension></extensions></trkpt><trkpt lat="56.643217" lon="38.098027"><ele>141.8</ele><time>2026-07-06T10:48:15Z</time><extensions><gpxtpx:TrackPointExtension><gpxtpx:hr>143</gpxtpx:hr></gpxtpx:TrackPointExtension></extensions></trkpt><trkpt lat="56.643242" lon="38.098015"><ele>141.8</ele><time>2026-07-06T10:48:16Z</time><extensions><gpxtpx:TrackPointExtension><gpxtpx:hr>143</gpxtpx:hr></gpxtpx:TrackPointExtension></extensions></trkpt><trkpt lat="56.643262" lon="38.098002"><ele>141.8</ele><time>2026-07-06T10:48:17Z</time><extensions><gpxtpx:TrackPointExtension><gpxtpx:hr>143</gpxtpx:hr></gpxtpx:TrackPointExtension></extensions></trkpt><trkpt lat="56.643287" lon="38.097992"><ele>142.0</ele><time>2026-07-06T10:48:18Z</time><extensions><gpxtpx:TrackPointExtension><gpxtpx:hr>143</gpxtpx:hr></gpxtpx:TrackPointExtension></extensions></trkpt><trkpt lat="56.643312" lon="38.097982"><ele>142.0</ele><time>2026-07-06T10:48:19Z</time><extensions><gpxtpx:TrackPointExtension><gpxtpx:hr>143</gpxtpx:hr></gpxtpx:TrackPointExtension></extensions></trkpt><trkpt lat="56.643335" lon="38.097972"><ele>142.2</ele><time>2026-07-06T10:48:20Z</time><extensions><gpxtpx:TrackPointExtension><gpxtpx:hr>144</gpxtpx:hr></gpxtpx:TrackPointExtension></extensions></trkpt><trkpt lat="56.643357" lon="38.097962"><ele>142.2</ele><time>2026-07-06T10:48:21Z</time><extensions><gpxtpx:TrackPointExtension><gpxtpx:hr>144</gpxtpx:hr></gpxtpx:TrackPointExtension></extensions></trkpt><trkpt lat="56.64338" lon="38.097952"><ele>142.2</ele><time>2026-07-06T10:48:22Z</time><extensions><gpxtpx:TrackPointExtension><gpxtpx:hr>144</gpxtpx:hr></gpxtpx:TrackPointExtension></extensions></trkpt><trkpt lat="56.643405" lon="38.097945"><ele>142.2</ele><time>2026-07-06T10:48:23Z</time><extensions><gpxtpx:TrackPointExtension><gpxtpx:hr>144</gpxtpx:hr></gpxtpx:TrackPointExtension></extensions></trkpt><trkpt lat="56.643427" lon="38.097935"><ele>142.2</ele><time>2026-07-06T10:48:24Z</time><extensions><gpxtpx:TrackPointExtension><gpxtpx:hr>144</gpxtpx:hr></gpxtpx:TrackPointExtension></extensions></trkpt><trkpt lat="56.643452" lon="38.097925"><ele>142.2</ele><time>2026-07-06T10:48:25Z</time><extensions><gpxtpx:TrackPointExtension><gpxtpx:hr>144</gpxtpx:hr></gpxtpx:TrackPointExtension></extensions></trkpt><trkpt lat="56.643477" lon="38.097915"><ele>142.2</ele><time>2026-07-06T10:48:26Z</time><extensions><gpxtpx:TrackPointExtension><gpxtpx:hr>144</gpxtpx:hr></gpxtpx:TrackPointExtension></extensions></trkpt><trkpt lat="56.643502" lon="38.097902"><ele>142.2</ele><time>2026-07-06T10:48:27Z</time><extensions><gpxtpx:TrackPointExtension><gpxtpx:hr>144</gpxtpx:hr></gpxtpx:TrackPointExtension></extensions></trkpt><trkpt lat="56.643525" lon="38.097892"><ele>142.2</ele><time>2026-07-06T10:48:28Z</time><extensions><gpxtpx:TrackPointExtension><gpxtpx:hr>144</gpxtpx:hr></gpxtpx:TrackPointExtension></extensions></trkpt><trkpt lat="56.643547" lon="38.097887"><ele>142.2</ele><time>2026-07-06T10:48:29Z</time><extensions><gpxtpx:TrackPointExtension><gpxtpx:hr>144</gpxtpx:hr></gpxtpx:TrackPointExtension></extensions></trkpt><trkpt lat="56.643572" lon="38.09788"><ele>142.2</ele><time>2026-07-06T10:48:30Z</time><extensions><gpxtpx:TrackPointExtension><gpxtpx:hr>144</gpxtpx:hr></gpxtpx:TrackPointExtension></extensions></trkpt><trkpt lat="56.6436" lon="38.097872"><ele>142.2</ele><time>2026-07-06T10:48:31Z</time><extensions><gpxtpx:TrackPointExtension><gpxtpx:hr>144</gpxtpx:hr></gpxtpx:TrackPointExtension></extensions></trkpt><trkpt lat="56.643622" lon="38.097867"><ele>142.2</ele><time>2026-07-06T10:48:32Z</time><extensions><gpxtpx:TrackPointExtension><gpxtpx:hr>144</gpxtpx:hr></gpxtpx:TrackPointExtension></extensions></trkpt><trkpt lat="56.643647" lon="38.097855"><ele>142.2</ele><time>2026-07-06T10:48:33Z</time><extensions><gpxtpx:TrackPointExtension><gpxtpx:hr>144</gpxtpx:hr></gpxtpx:TrackPointExtension></extensions></trkpt><trkpt lat="56.64367" lon="38.097842"><ele>142.0</ele><time>2026-07-06T10:48:34Z</time><extensions><gpxtpx:TrackPointExtension><gpxtpx:hr>144</gpxtpx:hr></gpxtpx:TrackPointExtension></extensions></trkpt><trkpt lat="56.643692" lon="38.09783"><ele>142.0</ele><time>2026-07-06T10:48:35Z</time><extensions><gpxtpx:TrackPointExtension><gpxtpx:hr>144</gpxtpx:hr></gpxtpx:TrackPointExtension></extensions></trkpt><trkpt lat="56.643717" lon="38.097817"><ele>142.0</ele><time>2026-07-06T10:48:36Z</time><extensions><gpxtpx:TrackPointExtension><gpxtpx:hr>145</gpxtpx:hr></gpxtpx:TrackPointExtension></extensions></trkpt><trkpt lat="56.643742" lon="38.09781"><ele>142.0</ele><time>2026-07-06T10:48:37Z</time><extensions><gpxtpx:TrackPointExtension><gpxtpx:hr>145</gpxtpx:hr></gpxtpx:TrackPointExtension></extensions></trkpt><trkpt lat="56.643767" lon="38.097797"><ele>142.0</ele><time>2026-07-06T10:48:38Z</time><extensions><gpxtpx:TrackPointExtension><gpxtpx:hr>144</gpxtpx:hr></gpxtpx:TrackPointExtension></extensions></trkpt><trkpt lat="56.643792" lon="38.097787"><ele>142.0</ele><time>2026-07-06T10:48:39Z</time><extensions><gpxtpx:TrackPointExtension><gpxtpx:hr>145</gpxtpx:hr></gpxtpx:TrackPointExtension></extensions></trkpt><trkpt lat="56.643817" lon="38.09778"><ele>142.0</ele><time>2026-07-06T10:48:40Z</time><extensions><gpxtpx:TrackPointExtension><gpxtpx:hr>145</gpxtpx:hr></gpxtpx:TrackPointExtension></extensions></trkpt><trkpt lat="56.643845" lon="38.097772"><ele>142.0</ele><time>2026-07-06T10:48:41Z</time><extensions><gpxtpx:TrackPointExtension><gpxtpx:hr>145</gpxtpx:hr></gpxtpx:TrackPointExtension></extensions></trkpt><trkpt lat="56.64387" lon="38.097765"><ele>142.0</ele><time>2026-07-06T10:48:42Z</time><extensions><gpxtpx:TrackPointExtension><gpxtpx:hr>145</gpxtpx:hr></gpxtpx:TrackPointExtension></extensions></trkpt><trkpt lat="56.643895" lon="38.097752"><ele>142.0</ele><time>2026-07-06T10:48:43Z</time><extensions><gpxtpx:TrackPointExtension><gpxtpx:hr>145</gpxtpx:hr></gpxtpx:TrackPointExtension></extensions></trkpt><trkpt lat="56.643917" lon="38.09774"><ele>142.2</ele><time>2026-07-06T10:48:44Z</time><extensions><gpxtpx:TrackPointExtension><gpxtpx:hr>145</gpxtpx:hr></gpxtpx:TrackPointExtension></extensions></trkpt><trkpt lat="56.643942" lon="38.097727"><ele>142.2</ele><time>2026-07-06T10:48:45Z</time><extensions><gpxtpx:TrackPointExtension><gpxtpx:hr>145</gpxtpx:hr></gpxtpx:TrackPointExtension></extensions></trkpt><trkpt lat="56.643967" lon="38.097717"><ele>142.2</ele><time>2026-07-06T10:48:46Z</time><extensions><gpxtpx:TrackPointExtension><gpxtpx:hr>145</gpxtpx:hr></gpxtpx:TrackPointExtension></extensions></trkpt><trkpt lat="56.64399" lon="38.097707"><ele>142.2</ele><time>2026-07-06T10:48:47Z</time><extensions><gpxtpx:TrackPointExtension><gpxtpx:hr>145</gpxtpx:hr></gpxtpx:TrackPointExtension></extensions></trkpt><trkpt lat="56.644015" lon="38.097697"><ele>142.2</ele><time>2026-07-06T10:48:48Z</time><extensions><gpxtpx:TrackPointExtension><gpxtpx:hr>144</gpxtpx:hr></gpxtpx:TrackPointExtension></extensions></trkpt><trkpt lat="56.64404" lon="38.097687"><ele>142.2</ele><time>2026-07-06T10:48:49Z</time><extensions><gpxtpx:TrackPointExtension><gpxtpx:hr>144</gpxtpx:hr></gpxtpx:TrackPointExtension></extensions></trkpt><trkpt lat="56.644067" lon="38.097677"><ele>142.2</ele><time>2026-07-06T10:48:50Z</time><extensions><gpxtpx:TrackPointExtension><gpxtpx:hr>144</gpxtpx:hr></gpxtpx:TrackPointExtension></extensions></trkpt><trkpt lat="56.644092" lon="38.097665"><ele>142.2</ele><time>2026-07-06T10:48:51Z</time><extensions><gpxtpx:TrackPointExtension><gpxtpx:hr>144</gpxtpx:hr></gpxtpx:TrackPointExtension></extensions></trkpt><trkpt lat="56.644117" lon="38.097655"><ele>142.2</ele><time>2026-07-06T10:48:52Z</time><extensions><gpxtpx:TrackPointExtension><gpxtpx:hr>144</gpxtpx:hr></gpxtpx:TrackPointExtension></extensions></trkpt><trkpt lat="56.64414" lon="38.097645"><ele>142.2</ele><time>2026-07-06T10:48:53Z</time><extensions><gpxtpx:TrackPointExtension><gpxtpx:hr>145</gpxtpx:hr></gpxtpx:TrackPointExtension></extensions></trkpt><trkpt lat="56.644162" lon="38.097635"><ele>142.2</ele><time>2026-07-06T10:48:54Z</time><extensions><gpxtpx:TrackPointExtension><gpxtpx:hr>145</gpxtpx:hr></gpxtpx:TrackPointExtension></extensions></trkpt><trkpt lat="56.644187" lon="38.097627"><ele>142.0</ele><time>2026-07-06T10:48:55Z</time><extensions><gpxtpx:TrackPointExtension><gpxtpx:hr>145</gpxtpx:hr></gpxtpx:TrackPointExtension></extensions></trkpt><trkpt lat="56.644212" lon="38.097617"><ele>142.2</ele><time>2026-07-06T10:48:56Z</time><extensions><gpxtpx:TrackPointExtension><gpxtpx:hr>145</gpxtpx:hr></gpxtpx:TrackPointExtension></extensions></trkpt><trkpt lat="56.644235" lon="38.097607"><ele>142.2</ele><time>2026-07-06T10:48:57Z</time><extensions><gpxtpx:TrackPointExtension><gpxtpx:hr>145</gpxtpx:hr></gpxtpx:TrackPointExtension></extensions></trkpt><trkpt lat="56.64426" lon="38.097602"><ele>142.2</ele><time>2026-07-06T10:48:58Z</time><extensions><gpxtpx:TrackPointExtension><gpxtpx:hr>144</gpxtpx:hr></gpxtpx:TrackPointExtension></extensions></trkpt><trkpt lat="56.644282" lon="38.097587"><ele>142.2</ele><time>2026-07-06T10:48:59Z</time><extensions><gpxtpx:TrackPointExtension><gpxtpx:hr>144</gpxtpx:hr></gpxtpx:TrackPointExtension></extensions></trkpt><trkpt lat="56.644307" lon="38.09758"><ele>142.2</ele><time>2026-07-06T10:49:00Z</time><extensions><gpxtpx:TrackPointExtension><gpxtpx:hr>144</gpxtpx:hr></gpxtpx:TrackPointExtension></extensions></trkpt><trkpt lat="56.644332" lon="38.097567"><ele>142.0</ele><time>2026-07-06T10:49:01Z</time><extensions><gpxtpx:TrackPointExtension><gpxtpx:hr>144</gpxtpx:hr></gpxtpx:TrackPointExtension></extensions></trkpt><trkpt lat="56.644355" lon="38.097557"><ele>141.8</ele><time>2026-07-06T10:49:02Z</time><extensions><gpxtpx:TrackPointExtension><gpxtpx:hr>144</gpxtpx:hr></gpxtpx:TrackPointExtension></extensions></trkpt><trkpt lat="56.64438" lon="38.09755"><ele>141.8</ele><time>2026-07-06T10:49:03Z</time><extensions><gpxtpx:TrackPointExtension><gpxtpx:hr>144</gpxtpx:hr></gpxtpx:TrackPointExtension></extensions></trkpt><trkpt lat="56.644402" lon="38.09754"><ele>141.8</ele><time>2026-07-06T10:49:04Z</time><extensions><gpxtpx:TrackPointExtension><gpxtpx:hr>144</gpxtpx:hr></gpxtpx:TrackPointExtension></extensions></trkpt><trkpt lat="56.644427" lon="38.09753"><ele>141.8</ele><time>2026-07-06T10:49:05Z</time><extensions><gpxtpx:TrackPointExtension><gpxtpx:hr>144</gpxtpx:hr></gpxtpx:TrackPointExtension></extensions></trkpt><trkpt lat="56.644452" lon="38.097517"><ele>141.8</ele><time>2026-07-06T10:49:06Z</time><extensions><gpxtpx:TrackPointExtension><gpxtpx:hr>144</gpxtpx:hr></gpxtpx:TrackPointExtension></extensions></trkpt><trkpt lat="56.644475" lon="38.097505"><ele>141.8</ele><time>2026-07-06T10:49:07Z</time><extensions><gpxtpx:TrackPointExtension><gpxtpx:hr>144</gpxtpx:hr></gpxtpx:TrackPointExtension></extensions></trkpt><trkpt lat="56.644502" lon="38.097497"><ele>141.6</ele><time>2026-07-06T10:49:08Z</time><extensions><gpxtpx:TrackPointExtension><gpxtpx:hr>145</gpxtpx:hr></gpxtpx:TrackPointExtension></extensions></trkpt><trkpt lat="56.644527" lon="38.097492"><ele>141.6</ele><time>2026-07-06T10:49:09Z</time><extensions><gpxtpx:TrackPointExtension><gpxtpx:hr>145</gpxtpx:hr></gpxtpx:TrackPointExtension></extensions></trkpt><trkpt lat="56.644552" lon="38.097485"><ele>141.6</ele><time>2026-07-06T10:49:10Z</time><extensions><gpxtpx:TrackPointExtension><gpxtpx:hr>145</gpxtpx:hr></gpxtpx:TrackPointExtension></extensions></trkpt><trkpt lat="56.644577" lon="38.097472"><ele>141.6</ele><time>2026-07-06T10:49:11Z</time><extensions><gpxtpx:TrackPointExtension><gpxtpx:hr>145</gpxtpx:hr></gpxtpx:TrackPointExtension></extensions></trkpt><trkpt lat="56.644597" lon="38.097462"><ele>141.4</ele><time>2026-07-06T10:49:12Z</time><extensions><gpxtpx:TrackPointExtension><gpxtpx:hr>145</gpxtpx:hr></gpxtpx:TrackPointExtension></extensions></trkpt><trkpt lat="56.644625" lon="38.097457"><ele>141.4</ele><time>2026-07-06T10:49:13Z</time><extensions><gpxtpx:TrackPointExtension><gpxtpx:hr>145</gpxtpx:hr></gpxtpx:TrackPointExtension></extensions></trkpt><trkpt lat="56.64465" lon="38.097452"><ele>141.2</ele><time>2026-07-06T10:49:14Z</time><extensions><gpxtpx:TrackPointExtension><gpxtpx:hr>145</gpxtpx:hr></gpxtpx:TrackPointExtension></extensions></trkpt><trkpt lat="56.644672" lon="38.097445"><ele>141.2</ele><time>2026-07-06T10:49:15Z</time><extensions><gpxtpx:TrackPointExtension><gpxtpx:hr>145</gpxtpx:hr></gpxtpx:TrackPointExtension></extensions></trkpt><trkpt lat="56.644697" lon="38.097432"><ele>141.2</ele><time>2026-07-06T10:49:16Z</time><extensions><gpxtpx:TrackPointExtension><gpxtpx:hr>145</gpxtpx:hr></gpxtpx:TrackPointExtension></extensions></trkpt><trkpt lat="56.64472" lon="38.09742"><ele>141.2</ele><time>2026-07-06T10:49:17Z</time><extensions><gpxtpx:TrackPointExtension><gpxtpx:hr>145</gpxtpx:hr></gpxtpx:TrackPointExtension></extensions></trkpt><trkpt lat="56.644742" lon="38.097407"><ele>141.2</ele><time>2026-07-06T10:49:18Z</time><extensions><gpxtpx:TrackPointExtension><gpxtpx:hr>145</gpxtpx:hr></gpxtpx:TrackPointExtension></extensions></trkpt><trkpt lat="56.644767" lon="38.097397"><ele>141.2</ele><time>2026-07-06T10:49:19Z</time><extensions><gpxtpx:TrackPointExtension><gpxtpx:hr>145</gpxtpx:hr></gpxtpx:TrackPointExtension></extensions></trkpt><trkpt lat="56.64479" lon="38.097387"><ele>141.2</ele><time>2026-07-06T10:49:20Z</time><extensions><gpxtpx:TrackPointExtension><gpxtpx:hr>146</gpxtpx:hr></gpxtpx:TrackPointExtension></extensions></trkpt><trkpt lat="56.644815" lon="38.097377"><ele>141.2</ele><time>2026-07-06T10:49:21Z</time><extensions><gpxtpx:TrackPointExtension><gpxtpx:hr>146</gpxtpx:hr></gpxtpx:TrackPointExtension></extensions></trkpt><trkpt lat="56.644842" lon="38.097367"><ele>141.2</ele><time>2026-07-06T10:49:22Z</time><extensions><gpxtpx:TrackPointExtension><gpxtpx:hr>146</gpxtpx:hr></gpxtpx:TrackPointExtension></extensions></trkpt><trkpt lat="56.644865" lon="38.097357"><ele>141.4</ele><time>2026-07-06T10:49:23Z</time><extensions><gpxtpx:TrackPointExtension><gpxtpx:hr>145</gpxtpx:hr></gpxtpx:TrackPointExtension></extensions></trkpt><trkpt lat="56.644892" lon="38.097352"><ele>141.4</ele><time>2026-07-06T10:49:24Z</time><extensions><gpxtpx:TrackPointExtension><gpxtpx:hr>145</gpxtpx:hr></gpxtpx:TrackPointExtension></extensions></trkpt><trkpt lat="56.644917" lon="38.097347"><ele>141.4</ele><time>2026-07-06T10:49:25Z</time><extensions><gpxtpx:TrackPointExtension><gpxtpx:hr>145</gpxtpx:hr></gpxtpx:TrackPointExtension></extensions></trkpt><trkpt lat="56.644937" lon="38.097337"><ele>141.4</ele><time>2026-07-06T10:49:26Z</time><extensions><gpxtpx:TrackPointExtension><gpxtpx:hr>144</gpxtpx:hr></gpxtpx:TrackPointExtension></extensions></trkpt><trkpt lat="56.644965" lon="38.097325"><ele>141.4</ele><time>2026-07-06T10:49:27Z</time><extensions><gpxtpx:TrackPointExtension><gpxtpx:hr>144</gpxtpx:hr></gpxtpx:TrackPointExtension></extensions></trkpt><trkpt lat="56.644987" lon="38.097312"><ele>141.4</ele><time>2026-07-06T10:49:28Z</time><extensions><gpxtpx:TrackPointExtension><gpxtpx:hr>144</gpxtpx:hr></gpxtpx:TrackPointExtension></extensions></trkpt><trkpt lat="56.64501" lon="38.097297"><ele>141.4</ele><time>2026-07-06T10:49:29Z</time><extensions><gpxtpx:TrackPointExtension><gpxtpx:hr>144</gpxtpx:hr></gpxtpx:TrackPointExtension></extensions></trkpt><trkpt lat="56.645035" lon="38.097282"><ele>141.6</ele><time>2026-07-06T10:49:30Z</time><extensions><gpxtpx:TrackPointExtension><gpxtpx:hr>143</gpxtpx:hr></gpxtpx:TrackPointExtension></extensions></trkpt><trkpt lat="56.645055" lon="38.097275"><ele>141.6</ele><time>2026-07-06T10:49:31Z</time><extensions><gpxtpx:TrackPointExtension><gpxtpx:hr>143</gpxtpx:hr></gpxtpx:TrackPointExtension></extensions></trkpt><trkpt lat="56.645077" lon="38.097267"><ele>141.6</ele><time>2026-07-06T10:49:32Z</time><extensions><gpxtpx:TrackPointExtension><gpxtpx:hr>143</gpxtpx:hr></gpxtpx:TrackPointExtension></extensions></trkpt><trkpt lat="56.645097" lon="38.097255"><ele>141.6</ele><time>2026-07-06T10:49:33Z</time><extensions><gpxtpx:TrackPointExtension><gpxtpx:hr>143</gpxtpx:hr></gpxtpx:TrackPointExtension></extensions></trkpt><trkpt lat="56.645122" lon="38.097242"><ele>141.6</ele><time>2026-07-06T10:49:34Z</time><extensions><gpxtpx:TrackPointExtension><gpxtpx:hr>142</gpxtpx:hr></gpxtpx:TrackPointExtension></extensions></trkpt><trkpt lat="56.645145" lon="38.097232"><ele>141.6</ele><time>2026-07-06T10:49:35Z</time><extensions><gpxtpx:TrackPointExtension><gpxtpx:hr>142</gpxtpx:hr></gpxtpx:TrackPointExtension></extensions></trkpt><trkpt lat="56.645167" lon="38.097222"><ele>141.8</ele><time>2026-07-06T10:49:36Z</time><extensions><gpxtpx:TrackPointExtension><gpxtpx:hr>142</gpxtpx:hr></gpxtpx:TrackPointExtension></extensions></trkpt><trkpt lat="56.645192" lon="38.09721"><ele>141.8</ele><time>2026-07-06T10:49:37Z</time><extensions><gpxtpx:TrackPointExtension><gpxtpx:hr>142</gpxtpx:hr></gpxtpx:TrackPointExtension></extensions></trkpt><trkpt lat="56.645217" lon="38.097197"><ele>141.8</ele><time>2026-07-06T10:49:38Z</time><extensions><gpxtpx:TrackPointExtension><gpxtpx:hr>142</gpxtpx:hr></gpxtpx:TrackPointExtension></extensions></trkpt><trkpt lat="56.645242" lon="38.097185"><ele>141.8</ele><time>2026-07-06T10:49:39Z</time><extensions><gpxtpx:TrackPointExtension><gpxtpx:hr>142</gpxtpx:hr></gpxtpx:TrackPointExtension></extensions></trkpt><trkpt lat="56.645267" lon="38.097172"><ele>141.8</ele><time>2026-07-06T10:49:40Z</time><extensions><gpxtpx:TrackPointExtension><gpxtpx:hr>142</gpxtpx:hr></gpxtpx:TrackPointExtension></extensions></trkpt><trkpt lat="56.64529" lon="38.097162"><ele>141.8</ele><time>2026-07-06T10:49:41Z</time><extensions><gpxtpx:TrackPointExtension><gpxtpx:hr>142</gpxtpx:hr></gpxtpx:TrackPointExtension></extensions></trkpt><trkpt lat="56.645312" lon="38.097152"><ele>141.8</ele><time>2026-07-06T10:49:42Z</time><extensions><gpxtpx:TrackPointExtension><gpxtpx:hr>142</gpxtpx:hr></gpxtpx:TrackPointExtension></extensions></trkpt><trkpt lat="56.645337" lon="38.097142"><ele>141.8</ele><time>2026-07-06T10:49:43Z</time><extensions><gpxtpx:TrackPointExtension><gpxtpx:hr>142</gpxtpx:hr></gpxtpx:TrackPointExtension></extensions></trkpt><trkpt lat="56.645362" lon="38.097132"><ele>141.8</ele><time>2026-07-06T10:49:44Z</time><extensions><gpxtpx:TrackPointExtension><gpxtpx:hr>142</gpxtpx:hr></gpxtpx:TrackPointExtension></extensions></trkpt><trkpt lat="56.645382" lon="38.097117"><ele>141.8</ele><time>2026-07-06T10:49:45Z</time><extensions><gpxtpx:TrackPointExtension><gpxtpx:hr>142</gpxtpx:hr></gpxtpx:TrackPointExtension></extensions></trkpt><trkpt lat="56.64541" lon="38.097105"><ele>141.8</ele><time>2026-07-06T10:49:46Z</time><extensions><gpxtpx:TrackPointExtension><gpxtpx:hr>142</gpxtpx:hr></gpxtpx:TrackPointExtension></extensions></trkpt><trkpt lat="56.645435" lon="38.097095"><ele>141.8</ele><time>2026-07-06T10:49:47Z</time><extensions><gpxtpx:TrackPointExtension><gpxtpx:hr>142</gpxtpx:hr></gpxtpx:TrackPointExtension></extensions></trkpt><trkpt lat="56.645457" lon="38.097087"><ele>141.8</ele><time>2026-07-06T10:49:48Z</time><extensions><gpxtpx:TrackPointExtension><gpxtpx:hr>142</gpxtpx:hr></gpxtpx:TrackPointExtension></extensions></trkpt><trkpt lat="56.645482" lon="38.097075"><ele>142.0</ele><time>2026-07-06T10:49:49Z</time><extensions><gpxtpx:TrackPointExtension><gpxtpx:hr>142</gpxtpx:hr></gpxtpx:TrackPointExtension></extensions></trkpt><trkpt lat="56.645505" lon="38.097065"><ele>142.0</ele><time>2026-07-06T10:49:50Z</time><extensions><gpxtpx:TrackPointExtension><gpxtpx:hr>141</gpxtpx:hr></gpxtpx:TrackPointExtension></extensions></trkpt><trkpt lat="56.645532" lon="38.097052"><ele>142.0</ele><time>2026-07-06T10:49:51Z</time><extensions><gpxtpx:TrackPointExtension><gpxtpx:hr>141</gpxtpx:hr></gpxtpx:TrackPointExtension></extensions></trkpt><trkpt lat="56.645557" lon="38.09704"><ele>141.8</ele><time>2026-07-06T10:49:52Z</time><extensions><gpxtpx:TrackPointExtension><gpxtpx:hr>141</gpxtpx:hr></gpxtpx:TrackPointExtension></extensions></trkpt><trkpt lat="56.645577" lon="38.097027"><ele>141.8</ele><time>2026-07-06T10:49:53Z</time><extensions><gpxtpx:TrackPointExtension><gpxtpx:hr>141</gpxtpx:hr></gpxtpx:TrackPointExtension></extensions></trkpt><trkpt lat="56.645602" lon="38.097017"><ele>142.0</ele><time>2026-07-06T10:49:54Z</time><extensions><gpxtpx:TrackPointExtension><gpxtpx:hr>141</gpxtpx:hr></gpxtpx:TrackPointExtension></extensions></trkpt><trkpt lat="56.645627" lon="38.097007"><ele>142.0</ele><time>2026-07-06T10:49:55Z</time><extensions><gpxtpx:TrackPointExtension><gpxtpx:hr>142</gpxtpx:hr></gpxtpx:TrackPointExtension></extensions></trkpt><trkpt lat="56.645652" lon="38.096995"><ele>142.0</ele><time>2026-07-06T10:49:56Z</time><extensions><gpxtpx:TrackPointExtension><gpxtpx:hr>141</gpxtpx:hr></gpxtpx:TrackPointExtension></extensions></trkpt><trkpt lat="56.645677" lon="38.096985"><ele>141.8</ele><time>2026-07-06T10:49:57Z</time><extensions><gpxtpx:TrackPointExtension><gpxtpx:hr>142</gpxtpx:hr></gpxtpx:TrackPointExtension></extensions></trkpt><trkpt lat="56.645702" lon="38.096975"><ele>141.8</ele><time>2026-07-06T10:49:58Z</time><extensions><gpxtpx:TrackPointExtension><gpxtpx:hr>141</gpxtpx:hr></gpxtpx:TrackPointExtension></extensions></trkpt><trkpt lat="56.645725" lon="38.096962"><ele>141.8</ele><time>2026-07-06T10:49:59Z</time><extensions><gpxtpx:TrackPointExtension><gpxtpx:hr>141</gpxtpx:hr></gpxtpx:TrackPointExtension></extensions></trkpt><trkpt lat="56.64575" lon="38.096952"><ele>141.8</ele><time>2026-07-06T10:50:00Z</time><extensions><gpxtpx:TrackPointExtension><gpxtpx:hr>141</gpxtpx:hr></gpxtpx:TrackPointExtension></extensions></trkpt><trkpt lat="56.645772" lon="38.096942"><ele>142.0</ele><time>2026-07-06T10:50:01Z</time><extensions><gpxtpx:TrackPointExtension><gpxtpx:hr>142</gpxtpx:hr></gpxtpx:TrackPointExtension></extensions></trkpt><trkpt lat="56.6458" lon="38.096927"><ele>142.0</ele><time>2026-07-06T10:50:02Z</time><extensions><gpxtpx:TrackPointExtension><gpxtpx:hr>142</gpxtpx:hr></gpxtpx:TrackPointExtension></extensions></trkpt><trkpt lat="56.645822" lon="38.096915"><ele>142.0</ele><time>2026-07-06T10:50:03Z</time><extensions><gpxtpx:TrackPointExtension><gpxtpx:hr>142</gpxtpx:hr></gpxtpx:TrackPointExtension></extensions></trkpt><trkpt lat="56.645845" lon="38.096905"><ele>141.8</ele><time>2026-07-06T10:50:04Z</time><extensions><gpxtpx:TrackPointExtension><gpxtpx:hr>142</gpxtpx:hr></gpxtpx:TrackPointExtension></extensions></trkpt><trkpt lat="56.64587" lon="38.096892"><ele>141.8</ele><time>2026-07-06T10:50:05Z</time><extensions><gpxtpx:TrackPointExtension><gpxtpx:hr>142</gpxtpx:hr></gpxtpx:TrackPointExtension></extensions></trkpt><trkpt lat="56.645892" lon="38.096882"><ele>141.6</ele><time>2026-07-06T10:50:06Z</time><extensions><gpxtpx:TrackPointExtension><gpxtpx:hr>143</gpxtpx:hr></gpxtpx:TrackPointExtension></extensions></trkpt><trkpt lat="56.645917" lon="38.09687"><ele>141.6</ele><time>2026-07-06T10:50:07Z</time><extensions><gpxtpx:TrackPointExtension><gpxtpx:hr>143</gpxtpx:hr></gpxtpx:TrackPointExtension></extensions></trkpt><trkpt lat="56.64594" lon="38.096862"><ele>141.6</ele><time>2026-07-06T10:50:08Z</time><extensions><gpxtpx:TrackPointExtension><gpxtpx:hr>143</gpxtpx:hr></gpxtpx:TrackPointExtension></extensions></trkpt><trkpt lat="56.645962" lon="38.096855"><ele>141.6</ele><time>2026-07-06T10:50:09Z</time><extensions><gpxtpx:TrackPointExtension><gpxtpx:hr>142</gpxtpx:hr></gpxtpx:TrackPointExtension></extensions></trkpt><trkpt lat="56.645987" lon="38.096847"><ele>141.6</ele><time>2026-07-06T10:50:10Z</time><extensions><gpxtpx:TrackPointExtension><gpxtpx:hr>142</gpxtpx:hr></gpxtpx:TrackPointExtension></extensions></trkpt><trkpt lat="56.64601" lon="38.09684"><ele>141.6</ele><time>2026-07-06T10:50:11Z</time><extensions><gpxtpx:TrackPointExtension><gpxtpx:hr>142</gpxtpx:hr></gpxtpx:TrackPointExtension></extensions></trkpt><trkpt lat="56.646032" lon="38.09683"><ele>141.4</ele><time>2026-07-06T10:50:12Z</time><extensions><gpxtpx:TrackPointExtension><gpxtpx:hr>141</gpxtpx:hr></gpxtpx:TrackPointExtension></extensions></trkpt><trkpt lat="56.646057" lon="38.096817"><ele>141.6</ele><time>2026-07-06T10:50:13Z</time><extensions><gpxtpx:TrackPointExtension><gpxtpx:hr>141</gpxtpx:hr></gpxtpx:TrackPointExtension></extensions></trkpt><trkpt lat="56.64608" lon="38.096802"><ele>141.4</ele><time>2026-07-06T10:50:14Z</time><extensions><gpxtpx:TrackPointExtension><gpxtpx:hr>141</gpxtpx:hr></gpxtpx:TrackPointExtension></extensions></trkpt><trkpt lat="56.646102" lon="38.096787"><ele>141.4</ele><time>2026-07-06T10:50:15Z</time><extensions><gpxtpx:TrackPointExtension><gpxtpx:hr>141</gpxtpx:hr></gpxtpx:TrackPointExtension></extensions></trkpt><trkpt lat="56.646125" lon="38.096772"><ele>141.4</ele><time>2026-07-06T10:50:16Z</time><extensions><gpxtpx:TrackPointExtension><gpxtpx:hr>140</gpxtpx:hr></gpxtpx:TrackPointExtension></extensions></trkpt><trkpt lat="56.646147" lon="38.09676"><ele>141.4</ele><time>2026-07-06T10:50:17Z</time><extensions><gpxtpx:TrackPointExtension><gpxtpx:hr>140</gpxtpx:hr></gpxtpx:TrackPointExtension></extensions></trkpt><trkpt lat="56.646172" lon="38.096747"><ele>141.4</ele><time>2026-07-06T10:50:18Z</time><extensions><gpxtpx:TrackPointExtension><gpxtpx:hr>140</gpxtpx:hr></gpxtpx:TrackPointExtension></extensions></trkpt><trkpt lat="56.646195" lon="38.096737"><ele>141.4</ele><time>2026-07-06T10:50:19Z</time><extensions><gpxtpx:TrackPointExtension><gpxtpx:hr>140</gpxtpx:hr></gpxtpx:TrackPointExtension></extensions></trkpt><trkpt lat="56.646217" lon="38.096727"><ele>141.6</ele><time>2026-07-06T10:50:20Z</time><extensions><gpxtpx:TrackPointExtension><gpxtpx:hr>140</gpxtpx:hr></gpxtpx:TrackPointExtension></extensions></trkpt><trkpt lat="56.646242" lon="38.09672"><ele>141.6</ele><time>2026-07-06T10:50:21Z</time><extensions><gpxtpx:TrackPointExtension><gpxtpx:hr>141</gpxtpx:hr></gpxtpx:TrackPointExtension></extensions></trkpt><trkpt lat="56.646267" lon="38.09671"><ele>141.6</ele><time>2026-07-06T10:50:22Z</time><extensions><gpxtpx:TrackPointExtension><gpxtpx:hr>141</gpxtpx:hr></gpxtpx:TrackPointExtension></extensions></trkpt><trkpt lat="56.646292" lon="38.096705"><ele>141.6</ele><time>2026-07-06T10:50:23Z</time><extensions><gpxtpx:TrackPointExtension><gpxtpx:hr>140</gpxtpx:hr></gpxtpx:TrackPointExtension></extensions></trkpt><trkpt lat="56.646317" lon="38.096697"><ele>141.6</ele><time>2026-07-06T10:50:24Z</time><extensions><gpxtpx:TrackPointExtension><gpxtpx:hr>140</gpxtpx:hr></gpxtpx:TrackPointExtension></extensions></trkpt><trkpt lat="56.646343" lon="38.09669"><ele>141.6</ele><time>2026-07-06T10:50:25Z</time><extensions><gpxtpx:TrackPointExtension><gpxtpx:hr>140</gpxtpx:hr></gpxtpx:TrackPointExtension></extensions></trkpt><trkpt lat="56.64637" lon="38.096685"><ele>141.6</ele><time>2026-07-06T10:50:26Z</time><extensions><gpxtpx:TrackPointExtension><gpxtpx:hr>140</gpxtpx:hr></gpxtpx:TrackPointExtension></extensions></trkpt><trkpt lat="56.646392" lon="38.096675"><ele>141.6</ele><time>2026-07-06T10:50:27Z</time><extensions><gpxtpx:TrackPointExtension><gpxtpx:hr>140</gpxtpx:hr></gpxtpx:TrackPointExtension></extensions></trkpt><trkpt lat="56.646412" lon="38.096667"><ele>141.6</ele><time>2026-07-06T10:50:28Z</time><extensions><gpxtpx:TrackPointExtension><gpxtpx:hr>139</gpxtpx:hr></gpxtpx:TrackPointExtension></extensions></trkpt><trkpt lat="56.646437" lon="38.096657"><ele>141.6</ele><time>2026-07-06T10:50:29Z</time><extensions><gpxtpx:TrackPointExtension><gpxtpx:hr>139</gpxtpx:hr></gpxtpx:TrackPointExtension></extensions></trkpt><trkpt lat="56.646457" lon="38.09665"><ele>141.6</ele><time>2026-07-06T10:50:30Z</time><extensions><gpxtpx:TrackPointExtension><gpxtpx:hr>139</gpxtpx:hr></gpxtpx:TrackPointExtension></extensions></trkpt><trkpt lat="56.646482" lon="38.096645"><ele>141.6</ele><time>2026-07-06T10:50:31Z</time><extensions><gpxtpx:TrackPointExtension><gpxtpx:hr>139</gpxtpx:hr></gpxtpx:TrackPointExtension></extensions></trkpt><trkpt lat="56.646507" lon="38.096637"><ele>141.6</ele><time>2026-07-06T10:50:32Z</time><extensions><gpxtpx:TrackPointExtension><gpxtpx:hr>139</gpxtpx:hr></gpxtpx:TrackPointExtension></extensions></trkpt><trkpt lat="56.64653" lon="38.096627"><ele>141.6</ele><time>2026-07-06T10:50:33Z</time><extensions><gpxtpx:TrackPointExtension><gpxtpx:hr>140</gpxtpx:hr></gpxtpx:TrackPointExtension></extensions></trkpt><trkpt lat="56.646552" lon="38.09662"><ele>141.6</ele><time>2026-07-06T10:50:34Z</time><extensions><gpxtpx:TrackPointExtension><gpxtpx:hr>140</gpxtpx:hr></gpxtpx:TrackPointExtension></extensions></trkpt><trkpt lat="56.646577" lon="38.096607"><ele>141.6</ele><time>2026-07-06T10:50:35Z</time><extensions><gpxtpx:TrackPointExtension><gpxtpx:hr>140</gpxtpx:hr></gpxtpx:TrackPointExtension></extensions></trkpt><trkpt lat="56.6466" lon="38.096597"><ele>141.6</ele><time>2026-07-06T10:50:36Z</time><extensions><gpxtpx:TrackPointExtension><gpxtpx:hr>139</gpxtpx:hr></gpxtpx:TrackPointExtension></extensions></trkpt><trkpt lat="56.646627" lon="38.096587"><ele>141.6</ele><time>2026-07-06T10:50:37Z</time><extensions><gpxtpx:TrackPointExtension><gpxtpx:hr>139</gpxtpx:hr></gpxtpx:TrackPointExtension></extensions></trkpt><trkpt lat="56.64665" lon="38.096575"><ele>141.6</ele><time>2026-07-06T10:50:38Z</time><extensions><gpxtpx:TrackPointExtension><gpxtpx:hr>140</gpxtpx:hr></gpxtpx:TrackPointExtension></extensions></trkpt><trkpt lat="56.646672" lon="38.096562"><ele>141.6</ele><time>2026-07-06T10:50:39Z</time><extensions><gpxtpx:TrackPointExtension><gpxtpx:hr>140</gpxtpx:hr></gpxtpx:TrackPointExtension></extensions></trkpt><trkpt lat="56.646697" lon="38.096547"><ele>141.6</ele><time>2026-07-06T10:50:40Z</time><extensions><gpxtpx:TrackPointExtension><gpxtpx:hr>141</gpxtpx:hr></gpxtpx:TrackPointExtension></extensions></trkpt><trkpt lat="56.646722" lon="38.096537"><ele>141.4</ele><time>2026-07-06T10:50:41Z</time><extensions><gpxtpx:TrackPointExtension><gpxtpx:hr>141</gpxtpx:hr></gpxtpx:TrackPointExtension></extensions></trkpt><trkpt lat="56.646745" lon="38.096522"><ele>141.4</ele><time>2026-07-06T10:50:42Z</time><extensions><gpxtpx:TrackPointExtension><gpxtpx:hr>141</gpxtpx:hr></gpxtpx:TrackPointExtension></extensions></trkpt><trkpt lat="56.646767" lon="38.096512"><ele>141.2</ele><time>2026-07-06T10:50:43Z</time><extensions><gpxtpx:TrackPointExtension><gpxtpx:hr>141</gpxtpx:hr></gpxtpx:TrackPointExtension></extensions></trkpt><trkpt lat="56.646792" lon="38.096502"><ele>141.2</ele><time>2026-07-06T10:50:44Z</time><extensions><gpxtpx:TrackPointExtension><gpxtpx:hr>141</gpxtpx:hr></gpxtpx:TrackPointExtension></extensions></trkpt><trkpt lat="56.64682" lon="38.096495"><ele>141.2</ele><time>2026-07-06T10:50:45Z</time><extensions><gpxtpx:TrackPointExtension><gpxtpx:hr>141</gpxtpx:hr></gpxtpx:TrackPointExtension></extensions></trkpt><trkpt lat="56.646842" lon="38.096482"><ele>141.2</ele><time>2026-07-06T10:50:46Z</time><extensions><gpxtpx:TrackPointExtension><gpxtpx:hr>142</gpxtpx:hr></gpxtpx:TrackPointExtension></extensions></trkpt><trkpt lat="56.646867" lon="38.096472"><ele>141.2</ele><time>2026-07-06T10:50:47Z</time><extensions><gpxtpx:TrackPointExtension><gpxtpx:hr>141</gpxtpx:hr></gpxtpx:TrackPointExtension></extensions></trkpt><trkpt lat="56.64689" lon="38.09646"><ele>141.2</ele><time>2026-07-06T10:50:48Z</time><extensions><gpxtpx:TrackPointExtension><gpxtpx:hr>142</gpxtpx:hr></gpxtpx:TrackPointExtension></extensions></trkpt><trkpt lat="56.646912" lon="38.096447"><ele>141.2</ele><time>2026-07-06T10:50:49Z</time><extensions><gpxtpx:TrackPointExtension><gpxtpx:hr>142</gpxtpx:hr></gpxtpx:TrackPointExtension></extensions></trkpt><trkpt lat="56.646935" lon="38.096435"><ele>141.2</ele><time>2026-07-06T10:50:50Z</time><extensions><gpxtpx:TrackPointExtension><gpxtpx:hr>141</gpxtpx:hr></gpxtpx:TrackPointExtension></extensions></trkpt><trkpt lat="56.64696" lon="38.096425"><ele>141.2</ele><time>2026-07-06T10:50:51Z</time><extensions><gpxtpx:TrackPointExtension><gpxtpx:hr>142</gpxtpx:hr></gpxtpx:TrackPointExtension></extensions></trkpt><trkpt lat="56.646985" lon="38.096412"><ele>141.2</ele><time>2026-07-06T10:50:52Z</time><extensions><gpxtpx:TrackPointExtension><gpxtpx:hr>141</gpxtpx:hr></gpxtpx:TrackPointExtension></extensions></trkpt><trkpt lat="56.64701" lon="38.096395"><ele>141.2</ele><time>2026-07-06T10:50:53Z</time><extensions><gpxtpx:TrackPointExtension><gpxtpx:hr>141</gpxtpx:hr></gpxtpx:TrackPointExtension></extensions></trkpt><trkpt lat="56.647032" lon="38.096377"><ele>141.2</ele><time>2026-07-06T10:50:54Z</time><extensions><gpxtpx:TrackPointExtension><gpxtpx:hr>141</gpxtpx:hr></gpxtpx:TrackPointExtension></extensions></trkpt><trkpt lat="56.647057" lon="38.096367"><ele>141.2</ele><time>2026-07-06T10:50:55Z</time><extensions><gpxtpx:TrackPointExtension><gpxtpx:hr>141</gpxtpx:hr></gpxtpx:TrackPointExtension></extensions></trkpt><trkpt lat="56.647082" lon="38.096357"><ele>141.2</ele><time>2026-07-06T10:50:56Z</time><extensions><gpxtpx:TrackPointExtension><gpxtpx:hr>142</gpxtpx:hr></gpxtpx:TrackPointExtension></extensions></trkpt><trkpt lat="56.64717" lon="38.096255"><ele>141.4</ele><time>2026-07-06T10:51:43Z</time><extensions><gpxtpx:TrackPointExtension><gpxtpx:hr>120</gpxtpx:hr></gpxtpx:TrackPointExtension></extensions></trkpt><trkpt lat="56.647195" lon="38.096252"><ele>141.4</ele><time>2026-07-06T10:51:44Z</time><extensions><gpxtpx:TrackPointExtension><gpxtpx:hr>120</gpxtpx:hr></gpxtpx:TrackPointExtension></extensions></trkpt><trkpt lat="56.647227" lon="38.09625"><ele>141.4</ele><time>2026-07-06T10:51:45Z</time><extensions><gpxtpx:TrackPointExtension><gpxtpx:hr>120</gpxtpx:hr></gpxtpx:TrackPointExtension></extensions></trkpt><trkpt lat="56.647267" lon="38.096242"><ele>141.6</ele><time>2026-07-06T10:51:46Z</time><extensions><gpxtpx:TrackPointExtension><gpxtpx:hr>121</gpxtpx:hr></gpxtpx:TrackPointExtension></extensions></trkpt><trkpt lat="56.647305" lon="38.096232"><ele>141.8</ele><time>2026-07-06T10:51:47Z</time><extensions><gpxtpx:TrackPointExtension><gpxtpx:hr>120</gpxtpx:hr></gpxtpx:TrackPointExtension></extensions></trkpt><trkpt lat="56.647342" lon="38.09622"><ele>141.8</ele><time>2026-07-06T10:51:48Z</time><extensions><gpxtpx:TrackPointExtension><gpxtpx:hr>121</gpxtpx:hr></gpxtpx:TrackPointExtension></extensions></trkpt><trkpt lat="56.647382" lon="38.096207"><ele>142.0</ele><time>2026-07-06T10:51:49Z</time><extensions><gpxtpx:TrackPointExtension><gpxtpx:hr>123</gpxtpx:hr></gpxtpx:TrackPointExtension></extensions></trkpt><trkpt lat="56.64742" lon="38.096192"><ele>141.8</ele><time>2026-07-06T10:51:50Z</time><extensions><gpxtpx:TrackPointExtension><gpxtpx:hr>124</gpxtpx:hr></gpxtpx:TrackPointExtension></extensions></trkpt><trkpt lat="56.647452" lon="38.096175"><ele>141.6</ele><time>2026-07-06T10:51:51Z</time><extensions><gpxtpx:TrackPointExtension><gpxtpx:hr>125</gpxtpx:hr></gpxtpx:TrackPointExtension></extensions></trkpt><trkpt lat="56.647487" lon="38.096162"><ele>141.6</ele><time>2026-07-06T10:51:52Z</time><extensions><gpxtpx:TrackPointExtension><gpxtpx:hr>128</gpxtpx:hr></gpxtpx:TrackPointExtension></extensions></trkpt><trkpt lat="56.647517" lon="38.096147"><ele>141.4</ele><time>2026-07-06T10:51:53Z</time><extensions><gpxtpx:TrackPointExtension><gpxtpx:hr>129</gpxtpx:hr></gpxtpx:TrackPointExtension></extensions></trkpt><trkpt lat="56.64755" lon="38.096132"><ele>141.4</ele><time>2026-07-06T10:51:54Z</time><extensions><gpxtpx:TrackPointExtension><gpxtpx:hr>130</gpxtpx:hr></gpxtpx:TrackPointExtension></extensions></trkpt><trkpt lat="56.647582" lon="38.096122"><ele>141.2</ele><time>2026-07-06T10:51:55Z</time><extensions><gpxtpx:TrackPointExtension><gpxtpx:hr>130</gpxtpx:hr></gpxtpx:TrackPointExtension></extensions></trkpt><trkpt lat="56.647612" lon="38.096107"><ele>141.2</ele><time>2026-07-06T10:51:56Z</time><extensions><gpxtpx:TrackPointExtension><gpxtpx:hr>131</gpxtpx:hr></gpxtpx:TrackPointExtension></extensions></trkpt><trkpt lat="56.647645" lon="38.096097"><ele>141.2</ele><time>2026-07-06T10:51:57Z</time><extensions><gpxtpx:TrackPointExtension><gpxtpx:hr>132</gpxtpx:hr></gpxtpx:TrackPointExtension></extensions></trkpt><trkpt lat="56.647677" lon="38.096087"><ele>141.2</ele><time>2026-07-06T10:51:58Z</time><extensions><gpxtpx:TrackPointExtension><gpxtpx:hr>132</gpxtpx:hr></gpxtpx:TrackPointExtension></extensions></trkpt><trkpt lat="56.647708" lon="38.096077"><ele>141.2</ele><time>2026-07-06T10:51:59Z</time><extensions><gpxtpx:TrackPointExtension><gpxtpx:hr>132</gpxtpx:hr></gpxtpx:TrackPointExtension></extensions></trkpt><trkpt lat="56.647745" lon="38.096067"><ele>141.0</ele><time>2026-07-06T10:52:00Z</time><extensions><gpxtpx:TrackPointExtension><gpxtpx:hr>132</gpxtpx:hr></gpxtpx:TrackPointExtension></extensions></trkpt><trkpt lat="56.647775" lon="38.096057"><ele>141.0</ele><time>2026-07-06T10:52:01Z</time><extensions><gpxtpx:TrackPointExtension><gpxtpx:hr>133</gpxtpx:hr></gpxtpx:TrackPointExtension></extensions></trkpt><trkpt lat="56.647807" lon="38.096047"><ele>141.0</ele><time>2026-07-06T10:52:02Z</time><extensions><gpxtpx:TrackPointExtension><gpxtpx:hr>133</gpxtpx:hr></gpxtpx:TrackPointExtension></extensions></trkpt><trkpt lat="56.647832" lon="38.096037"><ele>141.0</ele><time>2026-07-06T10:52:03Z</time><extensions><gpxtpx:TrackPointExtension><gpxtpx:hr>135</gpxtpx:hr></gpxtpx:TrackPointExtension></extensions></trkpt><trkpt lat="56.647867" lon="38.09603"><ele>141.0</ele><time>2026-07-06T10:52:04Z</time><extensions><gpxtpx:TrackPointExtension><gpxtpx:hr>135</gpxtpx:hr></gpxtpx:TrackPointExtension></extensions></trkpt><trkpt lat="56.647897" lon="38.096022"><ele>141.0</ele><time>2026-07-06T10:52:05Z</time><extensions><gpxtpx:TrackPointExtension><gpxtpx:hr>134</gpxtpx:hr></gpxtpx:TrackPointExtension></extensions></trkpt><trkpt lat="56.647932" lon="38.09602"><ele>141.0</ele><time>2026-07-06T10:52:06Z</time><extensions><gpxtpx:TrackPointExtension><gpxtpx:hr>135</gpxtpx:hr></gpxtpx:TrackPointExtension></extensions></trkpt><trkpt lat="56.647962" lon="38.096012"><ele>141.0</ele><time>2026-07-06T10:52:07Z</time><extensions><gpxtpx:TrackPointExtension><gpxtpx:hr>136</gpxtpx:hr></gpxtpx:TrackPointExtension></extensions></trkpt><trkpt lat="56.647997" lon="38.096007"><ele>140.8</ele><time>2026-07-06T10:52:08Z</time><extensions><gpxtpx:TrackPointExtension><gpxtpx:hr>137</gpxtpx:hr></gpxtpx:TrackPointExtension></extensions></trkpt><trkpt lat="56.648027" lon="38.096002"><ele>140.8</ele><time>2026-07-06T10:52:09Z</time><extensions><gpxtpx:TrackPointExtension><gpxtpx:hr>138</gpxtpx:hr></gpxtpx:TrackPointExtension></extensions></trkpt><trkpt lat="56.648062" lon="38.096"><ele>140.8</ele><time>2026-07-06T10:52:10Z</time><extensions><gpxtpx:TrackPointExtension><gpxtpx:hr>138</gpxtpx:hr></gpxtpx:TrackPointExtension></extensions></trkpt><trkpt lat="56.648097" lon="38.096002"><ele>140.6</ele><time>2026-07-06T10:52:11Z</time><extensions><gpxtpx:TrackPointExtension><gpxtpx:hr>138</gpxtpx:hr></gpxtpx:TrackPointExtension></extensions></trkpt><trkpt lat="56.64813" lon="38.095995"><ele>140.6</ele><time>2026-07-06T10:52:12Z</time><extensions><gpxtpx:TrackPointExtension><gpxtpx:hr>139</gpxtpx:hr></gpxtpx:TrackPointExtension></extensions></trkpt><trkpt lat="56.648158" lon="38.095985"><ele>140.6</ele><time>2026-07-06T10:52:13Z</time><extensions><gpxtpx:TrackPointExtension><gpxtpx:hr>140</gpxtpx:hr></gpxtpx:TrackPointExtension></extensions></trkpt><trkpt lat="56.648187" lon="38.095985"><ele>140.6</ele><time>2026-07-06T10:52:14Z</time><extensions><gpxtpx:TrackPointExtension><gpxtpx:hr>140</gpxtpx:hr></gpxtpx:TrackPointExtension></extensions></trkpt><trkpt lat="56.648222" lon="38.095982"><ele>140.6</ele><time>2026-07-06T10:52:15Z</time><extensions><gpxtpx:TrackPointExtension><gpxtpx:hr>140</gpxtpx:hr></gpxtpx:TrackPointExtension></extensions></trkpt><trkpt lat="56.648255" lon="38.095982"><ele>140.6</ele><time>2026-07-06T10:52:16Z</time><extensions><gpxtpx:TrackPointExtension><gpxtpx:hr>140</gpxtpx:hr></gpxtpx:TrackPointExtension></extensions></trkpt><trkpt lat="56.648287" lon="38.095985"><ele>140.6</ele><time>2026-07-06T10:52:17Z</time><extensions><gpxtpx:TrackPointExtension><gpxtpx:hr>141</gpxtpx:hr></gpxtpx:TrackPointExtension></extensions></trkpt><trkpt lat="56.648317" lon="38.09599"><ele>140.6</ele><time>2026-07-06T10:52:18Z</time><extensions><gpxtpx:TrackPointExtension><gpxtpx:hr>141</gpxtpx:hr></gpxtpx:TrackPointExtension></extensions></trkpt><trkpt lat="56.64835" lon="38.095987"><ele>140.6</ele><time>2026-07-06T10:52:19Z</time><extensions><gpxtpx:TrackPointExtension><gpxtpx:hr>141</gpxtpx:hr></gpxtpx:TrackPointExtension></extensions></trkpt><trkpt lat="56.648382" lon="38.095982"><ele>140.6</ele><time>2026-07-06T10:52:20Z</time><extensions><gpxtpx:TrackPointExtension><gpxtpx:hr>142</gpxtpx:hr></gpxtpx:TrackPointExtension></extensions></trkpt><trkpt lat="56.648412" lon="38.095982"><ele>140.6</ele><time>2026-07-06T10:52:21Z</time><extensions><gpxtpx:TrackPointExtension><gpxtpx:hr>142</gpxtpx:hr></gpxtpx:TrackPointExtension></extensions></trkpt><trkpt lat="56.648442" lon="38.095977"><ele>140.6</ele><time>2026-07-06T10:52:22Z</time><extensions><gpxtpx:TrackPointExtension><gpxtpx:hr>142</gpxtpx:hr></gpxtpx:TrackPointExtension></extensions></trkpt><trkpt lat="56.648472" lon="38.095972"><ele>140.6</ele><time>2026-07-06T10:52:23Z</time><extensions><gpxtpx:TrackPointExtension><gpxtpx:hr>142</gpxtpx:hr></gpxtpx:TrackPointExtension></extensions></trkpt><trkpt lat="56.648505" lon="38.095967"><ele>140.6</ele><time>2026-07-06T10:52:24Z</time><extensions><gpxtpx:TrackPointExtension><gpxtpx:hr>143</gpxtpx:hr></gpxtpx:TrackPointExtension></extensions></trkpt><trkpt lat="56.648535" lon="38.09596"><ele>140.6</ele><time>2026-07-06T10:52:25Z</time><extensions><gpxtpx:TrackPointExtension><gpxtpx:hr>143</gpxtpx:hr></gpxtpx:TrackPointExtension></extensions></trkpt><trkpt lat="56.64857" lon="38.095952"><ele>140.6</ele><time>2026-07-06T10:52:26Z</time><extensions><gpxtpx:TrackPointExtension><gpxtpx:hr>144</gpxtpx:hr></gpxtpx:TrackPointExtension></extensions></trkpt><trkpt lat="56.648602" lon="38.095952"><ele>140.6</ele><time>2026-07-06T10:52:27Z</time><extensions><gpxtpx:TrackPointExtension><gpxtpx:hr>144</gpxtpx:hr></gpxtpx:TrackPointExtension></extensions></trkpt><trkpt lat="56.648632" lon="38.09595"><ele>140.8</ele><time>2026-07-06T10:52:28Z</time><extensions><gpxtpx:TrackPointExtension><gpxtpx:hr>145</gpxtpx:hr></gpxtpx:TrackPointExtension></extensions></trkpt><trkpt lat="56.648667" lon="38.095945"><ele>140.8</ele><time>2026-07-06T10:52:29Z</time><extensions><gpxtpx:TrackPointExtension><gpxtpx:hr>145</gpxtpx:hr></gpxtpx:TrackPointExtension></extensions></trkpt><trkpt lat="56.648697" lon="38.09594"><ele>140.8</ele><time>2026-07-06T10:52:30Z</time><extensions><gpxtpx:TrackPointExtension><gpxtpx:hr>146</gpxtpx:hr></gpxtpx:TrackPointExtension></extensions></trkpt><trkpt lat="56.648732" lon="38.09593"><ele>140.8</ele><time>2026-07-06T10:52:31Z</time><extensions><gpxtpx:TrackPointExtension><gpxtpx:hr>147</gpxtpx:hr></gpxtpx:TrackPointExtension></extensions></trkpt><trkpt lat="56.648763" lon="38.095922"><ele>140.8</ele><time>2026-07-06T10:52:32Z</time><extensions><gpxtpx:TrackPointExtension><gpxtpx:hr>147</gpxtpx:hr></gpxtpx:TrackPointExtension></extensions></trkpt><trkpt lat="56.6488" lon="38.09591"><ele>140.8</ele><time>2026-07-06T10:52:33Z</time><extensions><gpxtpx:TrackPointExtension><gpxtpx:hr>147</gpxtpx:hr></gpxtpx:TrackPointExtension></extensions></trkpt><trkpt lat="56.648833" lon="38.095897"><ele>140.8</ele><time>2026-07-06T10:52:34Z</time><extensions><gpxtpx:TrackPointExtension><gpxtpx:hr>147</gpxtpx:hr></gpxtpx:TrackPointExtension></extensions></trkpt><trkpt lat="56.648867" lon="38.095882"><ele>140.8</ele><time>2026-07-06T10:52:35Z</time><extensions><gpxtpx:TrackPointExtension><gpxtpx:hr>148</gpxtpx:hr></gpxtpx:TrackPointExtension></extensions></trkpt><trkpt lat="56.648897" lon="38.095867"><ele>140.8</ele><time>2026-07-06T10:52:36Z</time><extensions><gpxtpx:TrackPointExtension><gpxtpx:hr>148</gpxtpx:hr></gpxtpx:TrackPointExtension></extensions></trkpt><trkpt lat="56.648932" lon="38.095862"><ele>140.8</ele><time>2026-07-06T10:52:37Z</time><extensions><gpxtpx:TrackPointExtension><gpxtpx:hr>148</gpxtpx:hr></gpxtpx:TrackPointExtension></extensions></trkpt><trkpt lat="56.648965" lon="38.095855"><ele>140.8</ele><time>2026-07-06T10:52:38Z</time><extensions><gpxtpx:TrackPointExtension><gpxtpx:hr>149</gpxtpx:hr></gpxtpx:TrackPointExtension></extensions></trkpt><trkpt lat="56.648997" lon="38.095847"><ele>141.0</ele><time>2026-07-06T10:52:39Z</time><extensions><gpxtpx:TrackPointExtension><gpxtpx:hr>149</gpxtpx:hr></gpxtpx:TrackPointExtension></extensions></trkpt><trkpt lat="56.649032" lon="38.095842"><ele>141.0</ele><time>2026-07-06T10:52:40Z</time><extensions><gpxtpx:TrackPointExtension><gpxtpx:hr>149</gpxtpx:hr></gpxtpx:TrackPointExtension></extensions></trkpt><trkpt lat="56.649067" lon="38.095837"><ele>141.0</ele><time>2026-07-06T10:52:41Z</time><extensions><gpxtpx:TrackPointExtension><gpxtpx:hr>149</gpxtpx:hr></gpxtpx:TrackPointExtension></extensions></trkpt><trkpt lat="56.6491" lon="38.09583"><ele>141.0</ele><time>2026-07-06T10:52:42Z</time><extensions><gpxtpx:TrackPointExtension><gpxtpx:hr>149</gpxtpx:hr></gpxtpx:TrackPointExtension></extensions></trkpt><trkpt lat="56.649132" lon="38.095822"><ele>141.0</ele><time>2026-07-06T10:52:43Z</time><extensions><gpxtpx:TrackPointExtension><gpxtpx:hr>150</gpxtpx:hr></gpxtpx:TrackPointExtension></extensions></trkpt><trkpt lat="56.649167" lon="38.095817"><ele>141.0</ele><time>2026-07-06T10:52:44Z</time><extensions><gpxtpx:TrackPointExtension><gpxtpx:hr>150</gpxtpx:hr></gpxtpx:TrackPointExtension></extensions></trkpt><trkpt lat="56.649197" lon="38.095812"><ele>141.2</ele><time>2026-07-06T10:52:45Z</time><extensions><gpxtpx:TrackPointExtension><gpxtpx:hr>150</gpxtpx:hr></gpxtpx:TrackPointExtension></extensions></trkpt><trkpt lat="56.649232" lon="38.095805"><ele>141.0</ele><time>2026-07-06T10:52:46Z</time><extensions><gpxtpx:TrackPointExtension><gpxtpx:hr>150</gpxtpx:hr></gpxtpx:TrackPointExtension></extensions></trkpt><trkpt lat="56.649265" lon="38.095802"><ele>141.2</ele><time>2026-07-06T10:52:47Z</time><extensions><gpxtpx:TrackPointExtension><gpxtpx:hr>151</gpxtpx:hr></gpxtpx:TrackPointExtension></extensions></trkpt><trkpt lat="56.649297" lon="38.0958"><ele>141.2</ele><time>2026-07-06T10:52:48Z</time><extensions><gpxtpx:TrackPointExtension><gpxtpx:hr>151</gpxtpx:hr></gpxtpx:TrackPointExtension></extensions></trkpt><trkpt lat="56.64933" lon="38.09579"><ele>141.2</ele><time>2026-07-06T10:52:49Z</time><extensions><gpxtpx:TrackPointExtension><gpxtpx:hr>151</gpxtpx:hr></gpxtpx:TrackPointExtension></extensions></trkpt><trkpt lat="56.649365" lon="38.095787"><ele>141.2</ele><time>2026-07-06T10:52:50Z</time><extensions><gpxtpx:TrackPointExtension><gpxtpx:hr>150</gpxtpx:hr></gpxtpx:TrackPointExtension></extensions></trkpt><trkpt lat="56.649402" lon="38.095782"><ele>141.2</ele><time>2026-07-06T10:52:51Z</time><extensions><gpxtpx:TrackPointExtension><gpxtpx:hr>150</gpxtpx:hr></gpxtpx:TrackPointExtension></extensions></trkpt><trkpt lat="56.649432" lon="38.095772"><ele>141.2</ele><time>2026-07-06T10:52:52Z</time><extensions><gpxtpx:TrackPointExtension><gpxtpx:hr>150</gpxtpx:hr></gpxtpx:TrackPointExtension></extensions></trkpt><trkpt lat="56.649467" lon="38.095762"><ele>141.2</ele><time>2026-07-06T10:52:53Z</time><extensions><gpxtpx:TrackPointExtension><gpxtpx:hr>151</gpxtpx:hr></gpxtpx:TrackPointExtension></extensions></trkpt><trkpt lat="56.649502" lon="38.095757"><ele>141.2</ele><time>2026-07-06T10:52:54Z</time><extensions><gpxtpx:TrackPointExtension><gpxtpx:hr>151</gpxtpx:hr></gpxtpx:TrackPointExtension></extensions></trkpt><trkpt lat="56.649537" lon="38.095752"><ele>141.2</ele><time>2026-07-06T10:52:55Z</time><extensions><gpxtpx:TrackPointExtension><gpxtpx:hr>151</gpxtpx:hr></gpxtpx:TrackPointExtension></extensions></trkpt><trkpt lat="56.649567" lon="38.09575"><ele>141.2</ele><time>2026-07-06T10:52:56Z</time><extensions><gpxtpx:TrackPointExtension><gpxtpx:hr>151</gpxtpx:hr></gpxtpx:TrackPointExtension></extensions></trkpt><trkpt lat="56.649602" lon="38.095752"><ele>141.2</ele><time>2026-07-06T10:52:57Z</time><extensions><gpxtpx:TrackPointExtension><gpxtpx:hr>152</gpxtpx:hr></gpxtpx:TrackPointExtension></extensions></trkpt><trkpt lat="56.649635" lon="38.095757"><ele>141.0</ele><time>2026-07-06T10:52:58Z</time><extensions><gpxtpx:TrackPointExtension><gpxtpx:hr>152</gpxtpx:hr></gpxtpx:TrackPointExtension></extensions></trkpt><trkpt lat="56.649667" lon="38.095753"><ele>141.0</ele><time>2026-07-06T10:52:59Z</time><extensions><gpxtpx:TrackPointExtension><gpxtpx:hr>153</gpxtpx:hr></gpxtpx:TrackPointExtension></extensions></trkpt><trkpt lat="56.649697" lon="38.095747"><ele>141.0</ele><time>2026-07-06T10:53:00Z</time><extensions><gpxtpx:TrackPointExtension><gpxtpx:hr>153</gpxtpx:hr></gpxtpx:TrackPointExtension></extensions></trkpt><trkpt lat="56.649727" lon="38.095737"><ele>141.0</ele><time>2026-07-06T10:53:01Z</time><extensions><gpxtpx:TrackPointExtension><gpxtpx:hr>154</gpxtpx:hr></gpxtpx:TrackPointExtension></extensions></trkpt><trkpt lat="56.649757" lon="38.095735"><ele>141.0</ele><time>2026-07-06T10:53:02Z</time><extensions><gpxtpx:TrackPointExtension><gpxtpx:hr>154</gpxtpx:hr></gpxtpx:TrackPointExtension></extensions></trkpt><trkpt lat="56.649787" lon="38.095727"><ele>141.0</ele><time>2026-07-06T10:53:03Z</time><extensions><gpxtpx:TrackPointExtension><gpxtpx:hr>155</gpxtpx:hr></gpxtpx:TrackPointExtension></extensions></trkpt><trkpt lat="56.649817" lon="38.095725"><ele>141.0</ele><time>2026-07-06T10:53:04Z</time><extensions><gpxtpx:TrackPointExtension><gpxtpx:hr>155</gpxtpx:hr></gpxtpx:TrackPointExtension></extensions></trkpt><trkpt lat="56.649847" lon="38.095722"><ele>140.8</ele><time>2026-07-06T10:53:05Z</time><extensions><gpxtpx:TrackPointExtension><gpxtpx:hr>155</gpxtpx:hr></gpxtpx:TrackPointExtension></extensions></trkpt><trkpt lat="56.649877" lon="38.09572"><ele>141.0</ele><time>2026-07-06T10:53:06Z</time><extensions><gpxtpx:TrackPointExtension><gpxtpx:hr>154</gpxtpx:hr></gpxtpx:TrackPointExtension></extensions></trkpt><trkpt lat="56.64991" lon="38.095717"><ele>141.0</ele><time>2026-07-06T10:53:07Z</time><extensions><gpxtpx:TrackPointExtension><gpxtpx:hr>154</gpxtpx:hr></gpxtpx:TrackPointExtension></extensions></trkpt><trkpt lat="56.649942" lon="38.095712"><ele>141.0</ele><time>2026-07-06T10:53:08Z</time><extensions><gpxtpx:TrackPointExtension><gpxtpx:hr>154</gpxtpx:hr></gpxtpx:TrackPointExtension></extensions></trkpt><trkpt lat="56.649972" lon="38.095707"><ele>140.8</ele><time>2026-07-06T10:53:09Z</time><extensions><gpxtpx:TrackPointExtension><gpxtpx:hr>154</gpxtpx:hr></gpxtpx:TrackPointExtension></extensions></trkpt><trkpt lat="56.650007" lon="38.095697"><ele>140.8</ele><time>2026-07-06T10:53:10Z</time><extensions><gpxtpx:TrackPointExtension><gpxtpx:hr>154</gpxtpx:hr></gpxtpx:TrackPointExtension></extensions></trkpt><trkpt lat="56.650037" lon="38.095692"><ele>140.8</ele><time>2026-07-06T10:53:11Z</time><extensions><gpxtpx:TrackPointExtension><gpxtpx:hr>154</gpxtpx:hr></gpxtpx:TrackPointExtension></extensions></trkpt><trkpt lat="56.65007" lon="38.095687"><ele>140.8</ele><time>2026-07-06T10:53:12Z</time><extensions><gpxtpx:TrackPointExtension><gpxtpx:hr>155</gpxtpx:hr></gpxtpx:TrackPointExtension></extensions></trkpt><trkpt lat="56.650105" lon="38.095685"><ele>140.8</ele><time>2026-07-06T10:53:13Z</time><extensions><gpxtpx:TrackPointExtension><gpxtpx:hr>155</gpxtpx:hr></gpxtpx:TrackPointExtension></extensions></trkpt><trkpt lat="56.650132" lon="38.095682"><ele>140.8</ele><time>2026-07-06T10:53:14Z</time><extensions><gpxtpx:TrackPointExtension><gpxtpx:hr>155</gpxtpx:hr></gpxtpx:TrackPointExtension></extensions></trkpt><trkpt lat="56.650165" lon="38.095675"><ele>140.8</ele><time>2026-07-06T10:53:15Z</time><extensions><gpxtpx:TrackPointExtension><gpxtpx:hr>155</gpxtpx:hr></gpxtpx:TrackPointExtension></extensions></trkpt><trkpt lat="56.650195" lon="38.095667"><ele>140.8</ele><time>2026-07-06T10:53:16Z</time><extensions><gpxtpx:TrackPointExtension><gpxtpx:hr>155</gpxtpx:hr></gpxtpx:TrackPointExtension></extensions></trkpt><trkpt lat="56.650227" lon="38.095662"><ele>140.8</ele><time>2026-07-06T10:53:17Z</time><extensions><gpxtpx:TrackPointExtension><gpxtpx:hr>155</gpxtpx:hr></gpxtpx:TrackPointExtension></extensions></trkpt><trkpt lat="56.650257" lon="38.095657"><ele>140.8</ele><time>2026-07-06T10:53:18Z</time><extensions><gpxtpx:TrackPointExtension><gpxtpx:hr>155</gpxtpx:hr></gpxtpx:TrackPointExtension></extensions></trkpt><trkpt lat="56.650287" lon="38.09565"><ele>140.8</ele><time>2026-07-06T10:53:19Z</time><extensions><gpxtpx:TrackPointExtension><gpxtpx:hr>155</gpxtpx:hr></gpxtpx:TrackPointExtension></extensions></trkpt><trkpt lat="56.65032" lon="38.095642"><ele>140.8</ele><time>2026-07-06T10:53:20Z</time><extensions><gpxtpx:TrackPointExtension><gpxtpx:hr>155</gpxtpx:hr></gpxtpx:TrackPointExtension></extensions></trkpt><trkpt lat="56.65035" lon="38.095632"><ele>140.8</ele><time>2026-07-06T10:53:21Z</time><extensions><gpxtpx:TrackPointExtension><gpxtpx:hr>155</gpxtpx:hr></gpxtpx:TrackPointExtension></extensions></trkpt><trkpt lat="56.650382" lon="38.095627"><ele>140.8</ele><time>2026-07-06T10:53:22Z</time><extensions><gpxtpx:TrackPointExtension><gpxtpx:hr>156</gpxtpx:hr></gpxtpx:TrackPointExtension></extensions></trkpt><trkpt lat="56.650412" lon="38.095622"><ele>140.8</ele><time>2026-07-06T10:53:23Z</time><extensions><gpxtpx:TrackPointExtension><gpxtpx:hr>156</gpxtpx:hr></gpxtpx:TrackPointExtension></extensions></trkpt><trkpt lat="56.650442" lon="38.095617"><ele>140.8</ele><time>2026-07-06T10:53:24Z</time><extensions><gpxtpx:TrackPointExtension><gpxtpx:hr>157</gpxtpx:hr></gpxtpx:TrackPointExtension></extensions></trkpt><trkpt lat="56.650477" lon="38.095612"><ele>140.8</ele><time>2026-07-06T10:53:25Z</time><extensions><gpxtpx:TrackPointExtension><gpxtpx:hr>157</gpxtpx:hr></gpxtpx:TrackPointExtension></extensions></trkpt><trkpt lat="56.650508" lon="38.09561"><ele>140.8</ele><time>2026-07-06T10:53:26Z</time><extensions><gpxtpx:TrackPointExtension><gpxtpx:hr>157</gpxtpx:hr></gpxtpx:TrackPointExtension></extensions></trkpt><trkpt lat="56.650542" lon="38.095605"><ele>140.8</ele><time>2026-07-06T10:53:27Z</time><extensions><gpxtpx:TrackPointExtension><gpxtpx:hr>157</gpxtpx:hr></gpxtpx:TrackPointExtension></extensions></trkpt><trkpt lat="56.650572" lon="38.095597"><ele>140.8</ele><time>2026-07-06T10:53:28Z</time><extensions><gpxtpx:TrackPointExtension><gpxtpx:hr>157</gpxtpx:hr></gpxtpx:TrackPointExtension></extensions></trkpt><trkpt lat="56.650605" lon="38.095592"><ele>140.8</ele><time>2026-07-06T10:53:29Z</time><extensions><gpxtpx:TrackPointExtension><gpxtpx:hr>157</gpxtpx:hr></gpxtpx:TrackPointExtension></extensions></trkpt><trkpt lat="56.65064" lon="38.09559"><ele>140.8</ele><time>2026-07-06T10:53:30Z</time><extensions><gpxtpx:TrackPointExtension><gpxtpx:hr>158</gpxtpx:hr></gpxtpx:TrackPointExtension></extensions></trkpt><trkpt lat="56.65067" lon="38.095587"><ele>140.8</ele><time>2026-07-06T10:53:31Z</time><extensions><gpxtpx:TrackPointExtension><gpxtpx:hr>158</gpxtpx:hr></gpxtpx:TrackPointExtension></extensions></trkpt><trkpt lat="56.650705" lon="38.095585"><ele>140.8</ele><time>2026-07-06T10:53:32Z</time><extensions><gpxtpx:TrackPointExtension><gpxtpx:hr>158</gpxtpx:hr></gpxtpx:TrackPointExtension></extensions></trkpt><trkpt lat="56.650737" lon="38.095585"><ele>140.8</ele><time>2026-07-06T10:53:33Z</time><extensions><gpxtpx:TrackPointExtension><gpxtpx:hr>159</gpxtpx:hr></gpxtpx:TrackPointExtension></extensions></trkpt><trkpt lat="56.650767" lon="38.095582"><ele>140.8</ele><time>2026-07-06T10:53:34Z</time><extensions><gpxtpx:TrackPointExtension><gpxtpx:hr>160</gpxtpx:hr></gpxtpx:TrackPointExtension></extensions></trkpt><trkpt lat="56.650802" lon="38.09558"><ele>140.8</ele><time>2026-07-06T10:53:35Z</time><extensions><gpxtpx:TrackPointExtension><gpxtpx:hr>159</gpxtpx:hr></gpxtpx:TrackPointExtension></extensions></trkpt><trkpt lat="56.650832" lon="38.095575"><ele>140.8</ele><time>2026-07-06T10:53:36Z</time><extensions><gpxtpx:TrackPointExtension><gpxtpx:hr>159</gpxtpx:hr></gpxtpx:TrackPointExtension></extensions></trkpt><trkpt lat="56.650865" lon="38.095567"><ele>140.8</ele><time>2026-07-06T10:53:37Z</time><extensions><gpxtpx:TrackPointExtension><gpxtpx:hr>159</gpxtpx:hr></gpxtpx:TrackPointExtension></extensions></trkpt><trkpt lat="56.650895" lon="38.095562"><ele>140.8</ele><time>2026-07-06T10:53:38Z</time><extensions><gpxtpx:TrackPointExtension><gpxtpx:hr>159</gpxtpx:hr></gpxtpx:TrackPointExtension></extensions></trkpt><trkpt lat="56.650927" lon="38.09556"><ele>140.6</ele><time>2026-07-06T10:53:39Z</time><extensions><gpxtpx:TrackPointExtension><gpxtpx:hr>159</gpxtpx:hr></gpxtpx:TrackPointExtension></extensions></trkpt><trkpt lat="56.650962" lon="38.095557"><ele>140.6</ele><time>2026-07-06T10:53:40Z</time><extensions><gpxtpx:TrackPointExtension><gpxtpx:hr>159</gpxtpx:hr></gpxtpx:TrackPointExtension></extensions></trkpt><trkpt lat="56.650995" lon="38.095555"><ele>140.6</ele><time>2026-07-06T10:53:41Z</time><extensions><gpxtpx:TrackPointExtension><gpxtpx:hr>160</gpxtpx:hr></gpxtpx:TrackPointExtension></extensions></trkpt><trkpt lat="56.651027" lon="38.09555"><ele>140.6</ele><time>2026-07-06T10:53:42Z</time><extensions><gpxtpx:TrackPointExtension><gpxtpx:hr>159</gpxtpx:hr></gpxtpx:TrackPointExtension></extensions></trkpt><trkpt lat="56.65106" lon="38.095547"><ele>140.6</ele><time>2026-07-06T10:53:43Z</time><extensions><gpxtpx:TrackPointExtension><gpxtpx:hr>159</gpxtpx:hr></gpxtpx:TrackPointExtension></extensions></trkpt><trkpt lat="56.65109" lon="38.095542"><ele>140.6</ele><time>2026-07-06T10:53:44Z</time><extensions><gpxtpx:TrackPointExtension><gpxtpx:hr>159</gpxtpx:hr></gpxtpx:TrackPointExtension></extensions></trkpt><trkpt lat="56.651122" lon="38.095535"><ele>140.6</ele><time>2026-07-06T10:53:45Z</time><extensions><gpxtpx:TrackPointExtension><gpxtpx:hr>160</gpxtpx:hr></gpxtpx:TrackPointExtension></extensions></trkpt><trkpt lat="56.651157" lon="38.095528"><ele>140.6</ele><time>2026-07-06T10:53:46Z</time><extensions><gpxtpx:TrackPointExtension><gpxtpx:hr>160</gpxtpx:hr></gpxtpx:TrackPointExtension></extensions></trkpt><trkpt lat="56.651187" lon="38.095522"><ele>140.6</ele><time>2026-07-06T10:53:47Z</time><extensions><gpxtpx:TrackPointExtension><gpxtpx:hr>160</gpxtpx:hr></gpxtpx:TrackPointExtension></extensions></trkpt><trkpt lat="56.651217" lon="38.095517"><ele>140.6</ele><time>2026-07-06T10:53:48Z</time><extensions><gpxtpx:TrackPointExtension><gpxtpx:hr>161</gpxtpx:hr></gpxtpx:TrackPointExtension></extensions></trkpt><trkpt lat="56.651252" lon="38.095512"><ele>140.6</ele><time>2026-07-06T10:53:49Z</time><extensions><gpxtpx:TrackPointExtension><gpxtpx:hr>161</gpxtpx:hr></gpxtpx:TrackPointExtension></extensions></trkpt><trkpt lat="56.651287" lon="38.095507"><ele>140.6</ele><time>2026-07-06T10:53:50Z</time><extensions><gpxtpx:TrackPointExtension><gpxtpx:hr>161</gpxtpx:hr></gpxtpx:TrackPointExtension></extensions></trkpt><trkpt lat="56.651317" lon="38.0955"><ele>140.6</ele><time>2026-07-06T10:53:51Z</time><extensions><gpxtpx:TrackPointExtension><gpxtpx:hr>161</gpxtpx:hr></gpxtpx:TrackPointExtension></extensions></trkpt><trkpt lat="56.65135" lon="38.0955"><ele>140.6</ele><time>2026-07-06T10:53:52Z</time><extensions><gpxtpx:TrackPointExtension><gpxtpx:hr>161</gpxtpx:hr></gpxtpx:TrackPointExtension></extensions></trkpt><trkpt lat="56.65138" lon="38.095497"><ele>140.6</ele><time>2026-07-06T10:53:53Z</time><extensions><gpxtpx:TrackPointExtension><gpxtpx:hr>161</gpxtpx:hr></gpxtpx:TrackPointExtension></extensions></trkpt><trkpt lat="56.651412" lon="38.09549"><ele>140.6</ele><time>2026-07-06T10:53:54Z</time><extensions><gpxtpx:TrackPointExtension><gpxtpx:hr>161</gpxtpx:hr></gpxtpx:TrackPointExtension></extensions></trkpt><trkpt lat="56.651442" lon="38.095487"><ele>140.6</ele><time>2026-07-06T10:53:55Z</time><extensions><gpxtpx:TrackPointExtension><gpxtpx:hr>161</gpxtpx:hr></gpxtpx:TrackPointExtension></extensions></trkpt><trkpt lat="56.651472" lon="38.09548"><ele>140.6</ele><time>2026-07-06T10:53:56Z</time><extensions><gpxtpx:TrackPointExtension><gpxtpx:hr>161</gpxtpx:hr></gpxtpx:TrackPointExtension></extensions></trkpt><trkpt lat="56.651502" lon="38.095475"><ele>140.6</ele><time>2026-07-06T10:53:57Z</time><extensions><gpxtpx:TrackPointExtension><gpxtpx:hr>161</gpxtpx:hr></gpxtpx:TrackPointExtension></extensions></trkpt><trkpt lat="56.651532" lon="38.095467"><ele>140.6</ele><time>2026-07-06T10:53:58Z</time><extensions><gpxtpx:TrackPointExtension><gpxtpx:hr>161</gpxtpx:hr></gpxtpx:TrackPointExtension></extensions></trkpt><trkpt lat="56.651562" lon="38.095462"><ele>140.6</ele><time>2026-07-06T10:53:59Z</time><extensions><gpxtpx:TrackPointExtension><gpxtpx:hr>161</gpxtpx:hr></gpxtpx:TrackPointExtension></extensions></trkpt><trkpt lat="56.651592" lon="38.095457"><ele>140.6</ele><time>2026-07-06T10:54:00Z</time><extensions><gpxtpx:TrackPointExtension><gpxtpx:hr>161</gpxtpx:hr></gpxtpx:TrackPointExtension></extensions></trkpt><trkpt lat="56.651622" lon="38.09545"><ele>140.6</ele><time>2026-07-06T10:54:01Z</time><extensions><gpxtpx:TrackPointExtension><gpxtpx:hr>162</gpxtpx:hr></gpxtpx:TrackPointExtension></extensions></trkpt><trkpt lat="56.651655" lon="38.095442"><ele>140.6</ele><time>2026-07-06T10:54:02Z</time><extensions><gpxtpx:TrackPointExtension><gpxtpx:hr>162</gpxtpx:hr></gpxtpx:TrackPointExtension></extensions></trkpt><trkpt lat="56.651687" lon="38.095437"><ele>140.4</ele><time>2026-07-06T10:54:03Z</time><extensions><gpxtpx:TrackPointExtension><gpxtpx:hr>162</gpxtpx:hr></gpxtpx:TrackPointExtension></extensions></trkpt><trkpt lat="56.651722" lon="38.095427"><ele>140.6</ele><time>2026-07-06T10:54:04Z</time><extensions><gpxtpx:TrackPointExtension><gpxtpx:hr>162</gpxtpx:hr></gpxtpx:TrackPointExtension></extensions></trkpt><trkpt lat="56.65175" lon="38.095427"><ele>140.4</ele><time>2026-07-06T10:54:05Z</time><extensions><gpxtpx:TrackPointExtension><gpxtpx:hr>162</gpxtpx:hr></gpxtpx:TrackPointExtension></extensions></trkpt><trkpt lat="56.651782" lon="38.095425"><ele>140.4</ele><time>2026-07-06T10:54:06Z</time><extensions><gpxtpx:TrackPointExtension><gpxtpx:hr>162</gpxtpx:hr></gpxtpx:TrackPointExtension></extensions></trkpt><trkpt lat="56.651812" lon="38.095427"><ele>140.4</ele><time>2026-07-06T10:54:07Z</time><extensions><gpxtpx:TrackPointExtension><gpxtpx:hr>162</gpxtpx:hr></gpxtpx:TrackPointExtension></extensions></trkpt><trkpt lat="56.651842" lon="38.095422"><ele>140.4</ele><time>2026-07-06T10:54:08Z</time><extensions><gpxtpx:TrackPointExtension><gpxtpx:hr>162</gpxtpx:hr></gpxtpx:TrackPointExtension></extensions></trkpt><trkpt lat="56.651873" lon="38.095417"><ele>140.4</ele><time>2026-07-06T10:54:09Z</time><extensions><gpxtpx:TrackPointExtension><gpxtpx:hr>162</gpxtpx:hr></gpxtpx:TrackPointExtension></extensions></trkpt><trkpt lat="56.651907" lon="38.095412"><ele>140.4</ele><time>2026-07-06T10:54:10Z</time><extensions><gpxtpx:TrackPointExtension><gpxtpx:hr>163</gpxtpx:hr></gpxtpx:TrackPointExtension></extensions></trkpt><trkpt lat="56.651937" lon="38.095405"><ele>140.6</ele><time>2026-07-06T10:54:11Z</time><extensions><gpxtpx:TrackPointExtension><gpxtpx:hr>162</gpxtpx:hr></gpxtpx:TrackPointExtension></extensions></trkpt><trkpt lat="56.651972" lon="38.095395"><ele>140.6</ele><time>2026-07-06T10:54:12Z</time><extensions><gpxtpx:TrackPointExtension><gpxtpx:hr>162</gpxtpx:hr></gpxtpx:TrackPointExtension></extensions></trkpt><trkpt lat="56.652002" lon="38.095387"><ele>140.6</ele><time>2026-07-06T10:54:13Z</time><extensions><gpxtpx:TrackPointExtension><gpxtpx:hr>160</gpxtpx:hr></gpxtpx:TrackPointExtension></extensions></trkpt><trkpt lat="56.652035" lon="38.095382"><ele>140.6</ele><time>2026-07-06T10:54:14Z</time><extensions><gpxtpx:TrackPointExtension><gpxtpx:hr>160</gpxtpx:hr></gpxtpx:TrackPointExtension></extensions></trkpt><trkpt lat="56.652067" lon="38.095377"><ele>140.6</ele><time>2026-07-06T10:54:15Z</time><extensions><gpxtpx:TrackPointExtension><gpxtpx:hr>160</gpxtpx:hr></gpxtpx:TrackPointExtension></extensions></trkpt><trkpt lat="56.652097" lon="38.095373"><ele>140.6</ele><time>2026-07-06T10:54:16Z</time><extensions><gpxtpx:TrackPointExtension><gpxtpx:hr>160</gpxtpx:hr></gpxtpx:TrackPointExtension></extensions></trkpt><trkpt lat="56.65213" lon="38.095367"><ele>140.4</ele><time>2026-07-06T10:54:17Z</time><extensions><gpxtpx:TrackPointExtension><gpxtpx:hr>160</gpxtpx:hr></gpxtpx:TrackPointExtension></extensions></trkpt><trkpt lat="56.652162" lon="38.095362"><ele>140.4</ele><time>2026-07-06T10:54:18Z</time><extensions><gpxtpx:TrackPointExtension><gpxtpx:hr>160</gpxtpx:hr></gpxtpx:TrackPointExtension></extensions></trkpt><trkpt lat="56.652195" lon="38.095352"><ele>140.2</ele><time>2026-07-06T10:54:19Z</time><extensions><gpxtpx:TrackPointExtension><gpxtpx:hr>160</gpxtpx:hr></gpxtpx:TrackPointExtension></extensions></trkpt><trkpt lat="56.652227" lon="38.095352"><ele>140.2</ele><time>2026-07-06T10:54:20Z</time><extensions><gpxtpx:TrackPointExtension><gpxtpx:hr>160</gpxtpx:hr></gpxtpx:TrackPointExtension></extensions></trkpt><trkpt lat="56.65226" lon="38.095347"><ele>140.2</ele><time>2026-07-06T10:54:21Z</time><extensions><gpxtpx:TrackPointExtension><gpxtpx:hr>160</gpxtpx:hr></gpxtpx:TrackPointExtension></extensions></trkpt><trkpt lat="56.652292" lon="38.095347"><ele>140.2</ele><time>2026-07-06T10:54:22Z</time><extensions><gpxtpx:TrackPointExtension><gpxtpx:hr>160</gpxtpx:hr></gpxtpx:TrackPointExtension></extensions></trkpt><trkpt lat="56.652327" lon="38.095342"><ele>140.0</ele><time>2026-07-06T10:54:23Z</time><extensions><gpxtpx:TrackPointExtension><gpxtpx:hr>160</gpxtpx:hr></gpxtpx:TrackPointExtension></extensions></trkpt><trkpt lat="56.652362" lon="38.095337"><ele>140.0</ele><time>2026-07-06T10:54:24Z</time><extensions><gpxtpx:TrackPointExtension><gpxtpx:hr>160</gpxtpx:hr></gpxtpx:TrackPointExtension></extensions></trkpt><trkpt lat="56.652392" lon="38.095327"><ele>140.0</ele><time>2026-07-06T10:54:25Z</time><extensions><gpxtpx:TrackPointExtension><gpxtpx:hr>160</gpxtpx:hr></gpxtpx:TrackPointExtension></extensions></trkpt><trkpt lat="56.652425" lon="38.095325"><ele>140.0</ele><time>2026-07-06T10:54:26Z</time><extensions><gpxtpx:TrackPointExtension><gpxtpx:hr>160</gpxtpx:hr></gpxtpx:TrackPointExtension></extensions></trkpt><trkpt lat="56.65246" lon="38.09532"><ele>140.0</ele><time>2026-07-06T10:54:27Z</time><extensions><gpxtpx:TrackPointExtension><gpxtpx:hr>161</gpxtpx:hr></gpxtpx:TrackPointExtension></extensions></trkpt><trkpt lat="56.65249" lon="38.095315"><ele>140.0</ele><time>2026-07-06T10:54:28Z</time><extensions><gpxtpx:TrackPointExtension><gpxtpx:hr>160</gpxtpx:hr></gpxtpx:TrackPointExtension></extensions></trkpt><trkpt lat="56.652525" lon="38.095307"><ele>140.0</ele><time>2026-07-06T10:54:29Z</time><extensions><gpxtpx:TrackPointExtension><gpxtpx:hr>160</gpxtpx:hr></gpxtpx:TrackPointExtension></extensions></trkpt><trkpt lat="56.652555" lon="38.095295"><ele>140.0</ele><time>2026-07-06T10:54:30Z</time><extensions><gpxtpx:TrackPointExtension><gpxtpx:hr>161</gpxtpx:hr></gpxtpx:TrackPointExtension></extensions></trkpt><trkpt lat="56.652585" lon="38.09528"><ele>140.0</ele><time>2026-07-06T10:54:31Z</time><extensions><gpxtpx:TrackPointExtension><gpxtpx:hr>161</gpxtpx:hr></gpxtpx:TrackPointExtension></extensions></trkpt><trkpt lat="56.652617" lon="38.095267"><ele>140.0</ele><time>2026-07-06T10:54:32Z</time><extensions><gpxtpx:TrackPointExtension><gpxtpx:hr>161</gpxtpx:hr></gpxtpx:TrackPointExtension></extensions></trkpt><trkpt lat="56.652647" lon="38.095255"><ele>140.0</ele><time>2026-07-06T10:54:33Z</time><extensions><gpxtpx:TrackPointExtension><gpxtpx:hr>161</gpxtpx:hr></gpxtpx:TrackPointExtension></extensions></trkpt><trkpt lat="56.652682" lon="38.09524"><ele>139.8</ele><time>2026-07-06T10:54:34Z</time><extensions><gpxtpx:TrackPointExtension><gpxtpx:hr>161</gpxtpx:hr></gpxtpx:TrackPointExtension></extensions></trkpt><trkpt lat="56.652715" lon="38.095227"><ele>139.8</ele><time>2026-07-06T10:54:35Z</time><extensions><gpxtpx:TrackPointExtension><gpxtpx:hr>161</gpxtpx:hr></gpxtpx:TrackPointExtension></extensions></trkpt><trkpt lat="56.652745" lon="38.095222"><ele>139.8</ele><time>2026-07-06T10:54:36Z</time><extensions><gpxtpx:TrackPointExtension><gpxtpx:hr>161</gpxtpx:hr></gpxtpx:TrackPointExtension></extensions></trkpt><trkpt lat="56.652777" lon="38.09521"><ele>140.0</ele><time>2026-07-06T10:54:37Z</time><extensions><gpxtpx:TrackPointExtension><gpxtpx:hr>160</gpxtpx:hr></gpxtpx:TrackPointExtension></extensions></trkpt><trkpt lat="56.652807" lon="38.0952"><ele>140.0</ele><time>2026-07-06T10:54:38Z</time><extensions><gpxtpx:TrackPointExtension><gpxtpx:hr>160</gpxtpx:hr></gpxtpx:TrackPointExtension></extensions></trkpt><trkpt lat="56.652842" lon="38.095192"><ele>139.8</ele><time>2026-07-06T10:54:39Z</time><extensions><gpxtpx:TrackPointExtension><gpxtpx:hr>160</gpxtpx:hr></gpxtpx:TrackPointExtension></extensions></trkpt><trkpt lat="56.652872" lon="38.095177"><ele>139.8</ele><time>2026-07-06T10:54:40Z</time><extensions><gpxtpx:TrackPointExtension><gpxtpx:hr>161</gpxtpx:hr></gpxtpx:TrackPointExtension></extensions></trkpt><trkpt lat="56.652897" lon="38.095162"><ele>139.8</ele><time>2026-07-06T10:54:41Z</time><extensions><gpxtpx:TrackPointExtension><gpxtpx:hr>161</gpxtpx:hr></gpxtpx:TrackPointExtension></extensions></trkpt><trkpt lat="56.652928" lon="38.095152"><ele>139.8</ele><time>2026-07-06T10:54:42Z</time><extensions><gpxtpx:TrackPointExtension><gpxtpx:hr>161</gpxtpx:hr></gpxtpx:TrackPointExtension></extensions></trkpt><trkpt lat="56.652962" lon="38.095145"><ele>139.8</ele><time>2026-07-06T10:54:43Z</time><extensions><gpxtpx:TrackPointExtension><gpxtpx:hr>161</gpxtpx:hr></gpxtpx:TrackPointExtension></extensions></trkpt><trkpt lat="56.652997" lon="38.095135"><ele>139.8</ele><time>2026-07-06T10:54:44Z</time><extensions><gpxtpx:TrackPointExtension><gpxtpx:hr>161</gpxtpx:hr></gpxtpx:TrackPointExtension></extensions></trkpt><trkpt lat="56.653027" lon="38.095122"><ele>139.8</ele><time>2026-07-06T10:54:45Z</time><extensions><gpxtpx:TrackPointExtension><gpxtpx:hr>161</gpxtpx:hr></gpxtpx:TrackPointExtension></extensions></trkpt><trkpt lat="56.653057" lon="38.095112"><ele>139.8</ele><time>2026-07-06T10:54:46Z</time><extensions><gpxtpx:TrackPointExtension><gpxtpx:hr>161</gpxtpx:hr></gpxtpx:TrackPointExtension></extensions></trkpt><trkpt lat="56.653092" lon="38.0951"><ele>139.8</ele><time>2026-07-06T10:54:47Z</time><extensions><gpxtpx:TrackPointExtension><gpxtpx:hr>161</gpxtpx:hr></gpxtpx:TrackPointExtension></extensions></trkpt><trkpt lat="56.653122" lon="38.095092"><ele>139.8</ele><time>2026-07-06T10:54:48Z</time><extensions><gpxtpx:TrackPointExtension><gpxtpx:hr>161</gpxtpx:hr></gpxtpx:TrackPointExtension></extensions></trkpt><trkpt lat="56.653157" lon="38.095082"><ele>139.8</ele><time>2026-07-06T10:54:49Z</time><extensions><gpxtpx:TrackPointExtension><gpxtpx:hr>161</gpxtpx:hr></gpxtpx:TrackPointExtension></extensions></trkpt><trkpt lat="56.653187" lon="38.095075"><ele>139.8</ele><time>2026-07-06T10:54:50Z</time><extensions><gpxtpx:TrackPointExtension><gpxtpx:hr>161</gpxtpx:hr></gpxtpx:TrackPointExtension></extensions></trkpt><trkpt lat="56.65322" lon="38.095067"><ele>140.0</ele><time>2026-07-06T10:54:51Z</time><extensions><gpxtpx:TrackPointExtension><gpxtpx:hr>161</gpxtpx:hr></gpxtpx:TrackPointExtension></extensions></trkpt><trkpt lat="56.653252" lon="38.095057"><ele>140.0</ele><time>2026-07-06T10:54:52Z</time><extensions><gpxtpx:TrackPointExtension><gpxtpx:hr>161</gpxtpx:hr></gpxtpx:TrackPointExtension></extensions></trkpt><trkpt lat="56.653282" lon="38.095047"><ele>140.0</ele><time>2026-07-06T10:54:53Z</time><extensions><gpxtpx:TrackPointExtension><gpxtpx:hr>161</gpxtpx:hr></gpxtpx:TrackPointExtension></extensions></trkpt><trkpt lat="56.653317" lon="38.095037"><ele>140.2</ele><time>2026-07-06T10:54:54Z</time><extensions><gpxtpx:TrackPointExtension><gpxtpx:hr>161</gpxtpx:hr></gpxtpx:TrackPointExtension></extensions></trkpt><trkpt lat="56.653352" lon="38.095025"><ele>140.2</ele><time>2026-07-06T10:54:55Z</time><extensions><gpxtpx:TrackPointExtension><gpxtpx:hr>161</gpxtpx:hr></gpxtpx:TrackPointExtension></extensions></trkpt><trkpt lat="56.653387" lon="38.09502"><ele>140.2</ele><time>2026-07-06T10:54:56Z</time><extensions><gpxtpx:TrackPointExtension><gpxtpx:hr>161</gpxtpx:hr></gpxtpx:TrackPointExtension></extensions></trkpt><trkpt lat="56.653417" lon="38.095012"><ele>140.4</ele><time>2026-07-06T10:54:57Z</time><extensions><gpxtpx:TrackPointExtension><gpxtpx:hr>162</gpxtpx:hr></gpxtpx:TrackPointExtension></extensions></trkpt><trkpt lat="56.65345" lon="38.095"><ele>140.4</ele><time>2026-07-06T10:54:58Z</time><extensions><gpxtpx:TrackPointExtension><gpxtpx:hr>162</gpxtpx:hr></gpxtpx:TrackPointExtension></extensions></trkpt><trkpt lat="56.653482" lon="38.094987"><ele>140.2</ele><time>2026-07-06T10:54:59Z</time><extensions><gpxtpx:TrackPointExtension><gpxtpx:hr>162</gpxtpx:hr></gpxtpx:TrackPointExtension></extensions></trkpt><trkpt lat="56.653515" lon="38.094975"><ele>140.2</ele><time>2026-07-06T10:55:00Z</time><extensions><gpxtpx:TrackPointExtension><gpxtpx:hr>162</gpxtpx:hr></gpxtpx:TrackPointExtension></extensions></trkpt><trkpt lat="56.653547" lon="38.094962"><ele>140.2</ele><time>2026-07-06T10:55:01Z</time><extensions><gpxtpx:TrackPointExtension><gpxtpx:hr>162</gpxtpx:hr></gpxtpx:TrackPointExtension></extensions></trkpt><trkpt lat="56.65358" lon="38.094955"><ele>140.2</ele><time>2026-07-06T10:55:02Z</time><extensions><gpxtpx:TrackPointExtension><gpxtpx:hr>162</gpxtpx:hr></gpxtpx:TrackPointExtension></extensions></trkpt><trkpt lat="56.653612" lon="38.094947"><ele>140.2</ele><time>2026-07-06T10:55:03Z</time><extensions><gpxtpx:TrackPointExtension><gpxtpx:hr>162</gpxtpx:hr></gpxtpx:TrackPointExtension></extensions></trkpt><trkpt lat="56.653645" lon="38.094935"><ele>140.0</ele><time>2026-07-06T10:55:04Z</time><extensions><gpxtpx:TrackPointExtension><gpxtpx:hr>162</gpxtpx:hr></gpxtpx:TrackPointExtension></extensions></trkpt><trkpt lat="56.653675" lon="38.094925"><ele>140.0</ele><time>2026-07-06T10:55:05Z</time><extensions><gpxtpx:TrackPointExtension><gpxtpx:hr>162</gpxtpx:hr></gpxtpx:TrackPointExtension></extensions></trkpt><trkpt lat="56.653707" lon="38.094912"><ele>140.0</ele><time>2026-07-06T10:55:06Z</time><extensions><gpxtpx:TrackPointExtension><gpxtpx:hr>162</gpxtpx:hr></gpxtpx:TrackPointExtension></extensions></trkpt><trkpt lat="56.653737" lon="38.094902"><ele>140.0</ele><time>2026-07-06T10:55:07Z</time><extensions><gpxtpx:TrackPointExtension><gpxtpx:hr>162</gpxtpx:hr></gpxtpx:TrackPointExtension></extensions></trkpt><trkpt lat="56.653767" lon="38.094895"><ele>140.0</ele><time>2026-07-06T10:55:08Z</time><extensions><gpxtpx:TrackPointExtension><gpxtpx:hr>162</gpxtpx:hr></gpxtpx:TrackPointExtension></extensions></trkpt><trkpt lat="56.653802" lon="38.094887"><ele>140.0</ele><time>2026-07-06T10:55:09Z</time><extensions><gpxtpx:TrackPointExtension><gpxtpx:hr>163</gpxtpx:hr></gpxtpx:TrackPointExtension></extensions></trkpt><trkpt lat="56.653832" lon="38.094882"><ele>140.0</ele><time>2026-07-06T10:55:10Z</time><extensions><gpxtpx:TrackPointExtension><gpxtpx:hr>163</gpxtpx:hr></gpxtpx:TrackPointExtension></extensions></trkpt><trkpt lat="56.653867" lon="38.094877"><ele>140.0</ele><time>2026-07-06T10:55:11Z</time><extensions><gpxtpx:TrackPointExtension><gpxtpx:hr>163</gpxtpx:hr></gpxtpx:TrackPointExtension></extensions></trkpt><trkpt lat="56.653902" lon="38.09487"><ele>140.0</ele><time>2026-07-06T10:55:12Z</time><extensions><gpxtpx:TrackPointExtension><gpxtpx:hr>163</gpxtpx:hr></gpxtpx:TrackPointExtension></extensions></trkpt><trkpt lat="56.653932" lon="38.094862"><ele>140.0</ele><time>2026-07-06T10:55:13Z</time><extensions><gpxtpx:TrackPointExtension><gpxtpx:hr>163</gpxtpx:hr></gpxtpx:TrackPointExtension></extensions></trkpt><trkpt lat="56.653965" lon="38.094852"><ele>140.0</ele><time>2026-07-06T10:55:14Z</time><extensions><gpxtpx:TrackPointExtension><gpxtpx:hr>163</gpxtpx:hr></gpxtpx:TrackPointExtension></extensions></trkpt><trkpt lat="56.653995" lon="38.094838"><ele>140.0</ele><time>2026-07-06T10:55:15Z</time><extensions><gpxtpx:TrackPointExtension><gpxtpx:hr>163</gpxtpx:hr></gpxtpx:TrackPointExtension></extensions></trkpt><trkpt lat="56.654027" lon="38.094832"><ele>140.0</ele><time>2026-07-06T10:55:16Z</time><extensions><gpxtpx:TrackPointExtension><gpxtpx:hr>163</gpxtpx:hr></gpxtpx:TrackPointExtension></extensions></trkpt><trkpt lat="56.65406" lon="38.094822"><ele>140.0</ele><time>2026-07-06T10:55:17Z</time><extensions><gpxtpx:TrackPointExtension><gpxtpx:hr>163</gpxtpx:hr></gpxtpx:TrackPointExtension></extensions></trkpt><trkpt lat="56.65409" lon="38.09481"><ele>140.0</ele><time>2026-07-06T10:55:18Z</time><extensions><gpxtpx:TrackPointExtension><gpxtpx:hr>163</gpxtpx:hr></gpxtpx:TrackPointExtension></extensions></trkpt><trkpt lat="56.654122" lon="38.094797"><ele>140.0</ele><time>2026-07-06T10:55:19Z</time><extensions><gpxtpx:TrackPointExtension><gpxtpx:hr>163</gpxtpx:hr></gpxtpx:TrackPointExtension></extensions></trkpt><trkpt lat="56.654155" lon="38.094787"><ele>140.0</ele><time>2026-07-06T10:55:20Z</time><extensions><gpxtpx:TrackPointExtension><gpxtpx:hr>163</gpxtpx:hr></gpxtpx:TrackPointExtension></extensions></trkpt><trkpt lat="56.654187" lon="38.094775"><ele>140.2</ele><time>2026-07-06T10:55:21Z</time><extensions><gpxtpx:TrackPointExtension><gpxtpx:hr>163</gpxtpx:hr></gpxtpx:TrackPointExtension></extensions></trkpt><trkpt lat="56.654217" lon="38.094765"><ele>140.2</ele><time>2026-07-06T10:55:22Z</time><extensions><gpxtpx:TrackPointExtension><gpxtpx:hr>163</gpxtpx:hr></gpxtpx:TrackPointExtension></extensions></trkpt><trkpt lat="56.65425" lon="38.094757"><ele>140.2</ele><time>2026-07-06T10:55:23Z</time><extensions><gpxtpx:TrackPointExtension><gpxtpx:hr>163</gpxtpx:hr></gpxtpx:TrackPointExtension></extensions></trkpt><trkpt lat="56.654282" lon="38.094742"><ele>140.4</ele><time>2026-07-06T10:55:24Z</time><extensions><gpxtpx:TrackPointExtension><gpxtpx:hr>163</gpxtpx:hr></gpxtpx:TrackPointExtension></extensions></trkpt><trkpt lat="56.654312" lon="38.094727"><ele>140.4</ele><time>2026-07-06T10:55:25Z</time><extensions><gpxtpx:TrackPointExtension><gpxtpx:hr>163</gpxtpx:hr></gpxtpx:TrackPointExtension></extensions></trkpt><trkpt lat="56.654342" lon="38.094715"><ele>140.4</ele><time>2026-07-06T10:55:26Z</time><extensions><gpxtpx:TrackPointExtension><gpxtpx:hr>163</gpxtpx:hr></gpxtpx:TrackPointExtension></extensions></trkpt><trkpt lat="56.654372" lon="38.094705"><ele>140.4</ele><time>2026-07-06T10:55:27Z</time><extensions><gpxtpx:TrackPointExtension><gpxtpx:hr>163</gpxtpx:hr></gpxtpx:TrackPointExtension></extensions></trkpt><trkpt lat="56.654402" lon="38.094695"><ele>140.4</ele><time>2026-07-06T10:55:28Z</time><extensions><gpxtpx:TrackPointExtension><gpxtpx:hr>163</gpxtpx:hr></gpxtpx:TrackPointExtension></extensions></trkpt><trkpt lat="56.654435" lon="38.094682"><ele>140.4</ele><time>2026-07-06T10:55:29Z</time><extensions><gpxtpx:TrackPointExtension><gpxtpx:hr>162</gpxtpx:hr></gpxtpx:TrackPointExtension></extensions></trkpt><trkpt lat="56.654462" lon="38.09467"><ele>140.4</ele><time>2026-07-06T10:55:30Z</time><extensions><gpxtpx:TrackPointExtension><gpxtpx:hr>162</gpxtpx:hr></gpxtpx:TrackPointExtension></extensions></trkpt><trkpt lat="56.654492" lon="38.094657"><ele>140.4</ele><time>2026-07-06T10:55:31Z</time><extensions><gpxtpx:TrackPointExtension><gpxtpx:hr>162</gpxtpx:hr></gpxtpx:TrackPointExtension></extensions></trkpt><trkpt lat="56.654522" lon="38.094645"><ele>140.4</ele><time>2026-07-06T10:55:32Z</time><extensions><gpxtpx:TrackPointExtension><gpxtpx:hr>163</gpxtpx:hr></gpxtpx:TrackPointExtension></extensions></trkpt><trkpt lat="56.654552" lon="38.094632"><ele>140.4</ele><time>2026-07-06T10:55:33Z</time><extensions><gpxtpx:TrackPointExtension><gpxtpx:hr>163</gpxtpx:hr></gpxtpx:TrackPointExtension></extensions></trkpt><trkpt lat="56.654582" lon="38.094617"><ele>140.4</ele><time>2026-07-06T10:55:34Z</time><extensions><gpxtpx:TrackPointExtension><gpxtpx:hr>163</gpxtpx:hr></gpxtpx:TrackPointExtension></extensions></trkpt><trkpt lat="56.65461" lon="38.09461"><ele>140.4</ele><time>2026-07-06T10:55:35Z</time><extensions><gpxtpx:TrackPointExtension><gpxtpx:hr>162</gpxtpx:hr></gpxtpx:TrackPointExtension></extensions></trkpt><trkpt lat="56.654637" lon="38.094597"><ele>140.4</ele><time>2026-07-06T10:55:36Z</time><extensions><gpxtpx:TrackPointExtension><gpxtpx:hr>163</gpxtpx:hr></gpxtpx:TrackPointExtension></extensions></trkpt><trkpt lat="56.65467" lon="38.094585"><ele>140.6</ele><time>2026-07-06T10:55:37Z</time><extensions><gpxtpx:TrackPointExtension><gpxtpx:hr>163</gpxtpx:hr></gpxtpx:TrackPointExtension></extensions></trkpt><trkpt lat="56.6547" lon="38.094572"><ele>140.6</ele><time>2026-07-06T10:55:38Z</time><extensions><gpxtpx:TrackPointExtension><gpxtpx:hr>163</gpxtpx:hr></gpxtpx:TrackPointExtension></extensions></trkpt><trkpt lat="56.654732" lon="38.094557"><ele>140.6</ele><time>2026-07-06T10:55:39Z</time><extensions><gpxtpx:TrackPointExtension><gpxtpx:hr>162</gpxtpx:hr></gpxtpx:TrackPointExtension></extensions></trkpt><trkpt lat="56.654757" lon="38.094542"><ele>140.8</ele><time>2026-07-06T10:55:40Z</time><extensions><gpxtpx:TrackPointExtension><gpxtpx:hr>162</gpxtpx:hr></gpxtpx:TrackPointExtension></extensions></trkpt><trkpt lat="56.654782" lon="38.094527"><ele>140.8</ele><time>2026-07-06T10:55:41Z</time><extensions><gpxtpx:TrackPointExtension><gpxtpx:hr>162</gpxtpx:hr></gpxtpx:TrackPointExtension></extensions></trkpt><trkpt lat="56.654812" lon="38.09451"><ele>140.8</ele><time>2026-07-06T10:55:42Z</time><extensions><gpxtpx:TrackPointExtension><gpxtpx:hr>162</gpxtpx:hr></gpxtpx:TrackPointExtension></extensions></trkpt><trkpt lat="56.654837" lon="38.094497"><ele>140.8</ele><time>2026-07-06T10:55:43Z</time><extensions><gpxtpx:TrackPointExtension><gpxtpx:hr>163</gpxtpx:hr></gpxtpx:TrackPointExtension></extensions></trkpt><trkpt lat="56.65487" lon="38.09449"><ele>140.8</ele><time>2026-07-06T10:55:44Z</time><extensions><gpxtpx:TrackPointExtension><gpxtpx:hr>163</gpxtpx:hr></gpxtpx:TrackPointExtension></extensions></trkpt><trkpt lat="56.654902" lon="38.094482"><ele>140.8</ele><time>2026-07-06T10:55:45Z</time><extensions><gpxtpx:TrackPointExtension><gpxtpx:hr>163</gpxtpx:hr></gpxtpx:TrackPointExtension></extensions></trkpt><trkpt lat="56.654935" lon="38.094475"><ele>140.8</ele><time>2026-07-06T10:55:46Z</time><extensions><gpxtpx:TrackPointExtension><gpxtpx:hr>163</gpxtpx:hr></gpxtpx:TrackPointExtension></extensions></trkpt><trkpt lat="56.654967" lon="38.094467"><ele>141.0</ele><time>2026-07-06T10:55:47Z</time><extensions><gpxtpx:TrackPointExtension><gpxtpx:hr>163</gpxtpx:hr></gpxtpx:TrackPointExtension></extensions></trkpt><trkpt lat="56.654997" lon="38.094457"><ele>141.0</ele><time>2026-07-06T10:55:48Z</time><extensions><gpxtpx:TrackPointExtension><gpxtpx:hr>163</gpxtpx:hr></gpxtpx:TrackPointExtension></extensions></trkpt><trkpt lat="56.655032" lon="38.094445"><ele>141.0</ele><time>2026-07-06T10:55:49Z</time><extensions><gpxtpx:TrackPointExtension><gpxtpx:hr>163</gpxtpx:hr></gpxtpx:TrackPointExtension></extensions></trkpt><trkpt lat="56.655067" lon="38.094432"><ele>141.0</ele><time>2026-07-06T10:55:50Z</time><extensions><gpxtpx:TrackPointExtension><gpxtpx:hr>163</gpxtpx:hr></gpxtpx:TrackPointExtension></extensions></trkpt><trkpt lat="56.655097" lon="38.094425"><ele>141.0</ele><time>2026-07-06T10:55:51Z</time><extensions><gpxtpx:TrackPointExtension><gpxtpx:hr>163</gpxtpx:hr></gpxtpx:TrackPointExtension></extensions></trkpt><trkpt lat="56.65513" lon="38.094412"><ele>141.0</ele><time>2026-07-06T10:55:52Z</time><extensions><gpxtpx:TrackPointExtension><gpxtpx:hr>163</gpxtpx:hr></gpxtpx:TrackPointExtension></extensions></trkpt><trkpt lat="56.655157" lon="38.094397"><ele>141.0</ele><time>2026-07-06T10:55:53Z</time><extensions><gpxtpx:TrackPointExtension><gpxtpx:hr>163</gpxtpx:hr></gpxtpx:TrackPointExtension></extensions></trkpt><trkpt lat="56.655187" lon="38.094385"><ele>141.0</ele><time>2026-07-06T10:55:54Z</time><extensions><gpxtpx:TrackPointExtension><gpxtpx:hr>163</gpxtpx:hr></gpxtpx:TrackPointExtension></extensions></trkpt><trkpt lat="56.655217" lon="38.094372"><ele>141.2</ele><time>2026-07-06T10:55:55Z</time><extensions><gpxtpx:TrackPointExtension><gpxtpx:hr>163</gpxtpx:hr></gpxtpx:TrackPointExtension></extensions></trkpt><trkpt lat="56.655247" lon="38.094362"><ele>141.2</ele><time>2026-07-06T10:55:56Z</time><extensions><gpxtpx:TrackPointExtension><gpxtpx:hr>163</gpxtpx:hr></gpxtpx:TrackPointExtension></extensions></trkpt><trkpt lat="56.655278" lon="38.094347"><ele>141.2</ele><time>2026-07-06T10:55:57Z</time><extensions><gpxtpx:TrackPointExtension><gpxtpx:hr>163</gpxtpx:hr></gpxtpx:TrackPointExtension></extensions></trkpt><trkpt lat="56.65531" lon="38.094337"><ele>141.2</ele><time>2026-07-06T10:55:58Z</time><extensions><gpxtpx:TrackPointExtension><gpxtpx:hr>163</gpxtpx:hr></gpxtpx:TrackPointExtension></extensions></trkpt><trkpt lat="56.655342" lon="38.094325"><ele>141.2</ele><time>2026-07-06T10:55:59Z</time><extensions><gpxtpx:TrackPointExtension><gpxtpx:hr>163</gpxtpx:hr></gpxtpx:TrackPointExtension></extensions></trkpt><trkpt lat="56.655375" lon="38.09431"><ele>141.2</ele><time>2026-07-06T10:56:00Z</time><extensions><gpxtpx:TrackPointExtension><gpxtpx:hr>163</gpxtpx:hr></gpxtpx:TrackPointExtension></extensions></trkpt><trkpt lat="56.655402" lon="38.094297"><ele>141.2</ele><time>2026-07-06T10:56:01Z</time><extensions><gpxtpx:TrackPointExtension><gpxtpx:hr>163</gpxtpx:hr></gpxtpx:TrackPointExtension></extensions></trkpt><trkpt lat="56.655433" lon="38.094287"><ele>141.2</ele><time>2026-07-06T10:56:02Z</time><extensions><gpxtpx:TrackPointExtension><gpxtpx:hr>163</gpxtpx:hr></gpxtpx:TrackPointExtension></extensions></trkpt><trkpt lat="56.655465" lon="38.094277"><ele>141.2</ele><time>2026-07-06T10:56:03Z</time><extensions><gpxtpx:TrackPointExtension><gpxtpx:hr>163</gpxtpx:hr></gpxtpx:TrackPointExtension></extensions></trkpt><trkpt lat="56.655497" lon="38.094267"><ele>141.2</ele><time>2026-07-06T10:56:04Z</time><extensions><gpxtpx:TrackPointExtension><gpxtpx:hr>163</gpxtpx:hr></gpxtpx:TrackPointExtension></extensions></trkpt><trkpt lat="56.655527" lon="38.094255"><ele>141.2</ele><time>2026-07-06T10:56:05Z</time><extensions><gpxtpx:TrackPointExtension><gpxtpx:hr>163</gpxtpx:hr></gpxtpx:TrackPointExtension></extensions></trkpt><trkpt lat="56.655557" lon="38.094242"><ele>141.2</ele><time>2026-07-06T10:56:06Z</time><extensions><gpxtpx:TrackPointExtension><gpxtpx:hr>163</gpxtpx:hr></gpxtpx:TrackPointExtension></extensions></trkpt><trkpt lat="56.655588" lon="38.094232"><ele>141.4</ele><time>2026-07-06T10:56:07Z</time><extensions><gpxtpx:TrackPointExtension><gpxtpx:hr>163</gpxtpx:hr></gpxtpx:TrackPointExtension></extensions></trkpt><trkpt lat="56.655617" lon="38.09422"><ele>141.4</ele><time>2026-07-06T10:56:08Z</time><extensions><gpxtpx:TrackPointExtension><gpxtpx:hr>163</gpxtpx:hr></gpxtpx:TrackPointExtension></extensions></trkpt><trkpt lat="56.65565" lon="38.094205"><ele>141.4</ele><time>2026-07-06T10:56:09Z</time><extensions><gpxtpx:TrackPointExtension><gpxtpx:hr>163</gpxtpx:hr></gpxtpx:TrackPointExtension></extensions></trkpt><trkpt lat="56.655682" lon="38.09419"><ele>141.4</ele><time>2026-07-06T10:56:10Z</time><extensions><gpxtpx:TrackPointExtension><gpxtpx:hr>163</gpxtpx:hr></gpxtpx:TrackPointExtension></extensions></trkpt><trkpt lat="56.655712" lon="38.094177"><ele>141.4</ele><time>2026-07-06T10:56:11Z</time><extensions><gpxtpx:TrackPointExtension><gpxtpx:hr>163</gpxtpx:hr></gpxtpx:TrackPointExtension></extensions></trkpt><trkpt lat="56.655742" lon="38.094162"><ele>141.4</ele><time>2026-07-06T10:56:12Z</time><extensions><gpxtpx:TrackPointExtension><gpxtpx:hr>162</gpxtpx:hr></gpxtpx:TrackPointExtension></extensions></trkpt><trkpt lat="56.655772" lon="38.09415"><ele>141.4</ele><time>2026-07-06T10:56:13Z</time><extensions><gpxtpx:TrackPointExtension><gpxtpx:hr>162</gpxtpx:hr></gpxtpx:TrackPointExtension></extensions></trkpt><trkpt lat="56.655802" lon="38.094137"><ele>141.4</ele><time>2026-07-06T10:56:14Z</time><extensions><gpxtpx:TrackPointExtension><gpxtpx:hr>162</gpxtpx:hr></gpxtpx:TrackPointExtension></extensions></trkpt><trkpt lat="56.655832" lon="38.094122"><ele>141.4</ele><time>2026-07-06T10:56:15Z</time><extensions><gpxtpx:TrackPointExtension><gpxtpx:hr>161</gpxtpx:hr></gpxtpx:TrackPointExtension></extensions></trkpt><trkpt lat="56.655862" lon="38.09411"><ele>141.4</ele><time>2026-07-06T10:56:16Z</time><extensions><gpxtpx:TrackPointExtension><gpxtpx:hr>162</gpxtpx:hr></gpxtpx:TrackPointExtension></extensions></trkpt><trkpt lat="56.655897" lon="38.094097"><ele>141.4</ele><time>2026-07-06T10:56:17Z</time><extensions><gpxtpx:TrackPointExtension><gpxtpx:hr>161</gpxtpx:hr></gpxtpx:TrackPointExtension></extensions></trkpt><trkpt lat="56.655925" lon="38.094087"><ele>141.2</ele><time>2026-07-06T10:56:18Z</time><extensions><gpxtpx:TrackPointExtension><gpxtpx:hr>161</gpxtpx:hr></gpxtpx:TrackPointExtension></extensions></trkpt><trkpt lat="56.655957" lon="38.094077"><ele>141.2</ele><time>2026-07-06T10:56:19Z</time><extensions><gpxtpx:TrackPointExtension><gpxtpx:hr>162</gpxtpx:hr></gpxtpx:TrackPointExtension></extensions></trkpt><trkpt lat="56.655987" lon="38.09407"><ele>141.2</ele><time>2026-07-06T10:56:20Z</time><extensions><gpxtpx:TrackPointExtension><gpxtpx:hr>162</gpxtpx:hr></gpxtpx:TrackPointExtension></extensions></trkpt><trkpt lat="56.656017" lon="38.094062"><ele>141.2</ele><time>2026-07-06T10:56:21Z</time><extensions><gpxtpx:TrackPointExtension><gpxtpx:hr>162</gpxtpx:hr></gpxtpx:TrackPointExtension></extensions></trkpt><trkpt lat="56.65605" lon="38.094052"><ele>141.2</ele><time>2026-07-06T10:56:22Z</time><extensions><gpxtpx:TrackPointExtension><gpxtpx:hr>162</gpxtpx:hr></gpxtpx:TrackPointExtension></extensions></trkpt><trkpt lat="56.656077" lon="38.094037"><ele>141.0</ele><time>2026-07-06T10:56:23Z</time><extensions><gpxtpx:TrackPointExtension><gpxtpx:hr>162</gpxtpx:hr></gpxtpx:TrackPointExtension></extensions></trkpt><trkpt lat="56.656107" lon="38.094025"><ele>141.0</ele><time>2026-07-06T10:56:24Z</time><extensions><gpxtpx:TrackPointExtension><gpxtpx:hr>162</gpxtpx:hr></gpxtpx:TrackPointExtension></extensions></trkpt><trkpt lat="56.656137" lon="38.094012"><ele>141.0</ele><time>2026-07-06T10:56:25Z</time><extensions><gpxtpx:TrackPointExtension><gpxtpx:hr>162</gpxtpx:hr></gpxtpx:TrackPointExtension></extensions></trkpt><trkpt lat="56.656167" lon="38.094002"><ele>141.0</ele><time>2026-07-06T10:56:26Z</time><extensions><gpxtpx:TrackPointExtension><gpxtpx:hr>162</gpxtpx:hr></gpxtpx:TrackPointExtension></extensions></trkpt><trkpt lat="56.656197" lon="38.09399"><ele>141.0</ele><time>2026-07-06T10:56:27Z</time><extensions><gpxtpx:TrackPointExtension><gpxtpx:hr>162</gpxtpx:hr></gpxtpx:TrackPointExtension></extensions></trkpt><trkpt lat="56.656227" lon="38.093977"><ele>141.0</ele><time>2026-07-06T10:56:28Z</time><extensions><gpxtpx:TrackPointExtension><gpxtpx:hr>163</gpxtpx:hr></gpxtpx:TrackPointExtension></extensions></trkpt><trkpt lat="56.65626" lon="38.093962"><ele>141.0</ele><time>2026-07-06T10:56:29Z</time><extensions><gpxtpx:TrackPointExtension><gpxtpx:hr>163</gpxtpx:hr></gpxtpx:TrackPointExtension></extensions></trkpt><trkpt lat="56.656292" lon="38.093952"><ele>141.0</ele><time>2026-07-06T10:56:30Z</time><extensions><gpxtpx:TrackPointExtension><gpxtpx:hr>163</gpxtpx:hr></gpxtpx:TrackPointExtension></extensions></trkpt><trkpt lat="56.656322" lon="38.093937"><ele>141.2</ele><time>2026-07-06T10:56:31Z</time><extensions><gpxtpx:TrackPointExtension><gpxtpx:hr>162</gpxtpx:hr></gpxtpx:TrackPointExtension></extensions></trkpt><trkpt lat="56.656355" lon="38.093937"><ele>141.2</ele><time>2026-07-06T10:56:32Z</time><extensions><gpxtpx:TrackPointExtension><gpxtpx:hr>162</gpxtpx:hr></gpxtpx:TrackPointExtension></extensions></trkpt><trkpt lat="56.656382" lon="38.093955"><ele>141.2</ele><time>2026-07-06T10:56:33Z</time><extensions><gpxtpx:TrackPointExtension><gpxtpx:hr>162</gpxtpx:hr></gpxtpx:TrackPointExtension></extensions></trkpt><trkpt lat="56.656407" lon="38.093985"><ele>141.2</ele><time>2026-07-06T10:56:34Z</time><extensions><gpxtpx:TrackPointExtension><gpxtpx:hr>162</gpxtpx:hr></gpxtpx:TrackPointExtension></extensions></trkpt><trkpt lat="56.656418" lon="38.094032"><ele>141.4</ele><time>2026-07-06T10:56:35Z</time><extensions><gpxtpx:TrackPointExtension><gpxtpx:hr>163</gpxtpx:hr></gpxtpx:TrackPointExtension></extensions></trkpt><trkpt lat="56.656427" lon="38.094087"><ele>141.4</ele><time>2026-07-06T10:56:36Z</time><extensions><gpxtpx:TrackPointExtension><gpxtpx:hr>163</gpxtpx:hr></gpxtpx:TrackPointExtension></extensions></trkpt><trkpt lat="56.656422" lon="38.094152"><ele>141.6</ele><time>2026-07-06T10:56:37Z</time><extensions><gpxtpx:TrackPointExtension><gpxtpx:hr>162</gpxtpx:hr></gpxtpx:TrackPointExtension></extensions></trkpt><trkpt lat="56.656417" lon="38.094222"><ele>141.6</ele><time>2026-07-06T10:56:38Z</time><extensions><gpxtpx:TrackPointExtension><gpxtpx:hr>162</gpxtpx:hr></gpxtpx:TrackPointExtension></extensions></trkpt><trkpt lat="56.656405" lon="38.094282"><ele>141.6</ele><time>2026-07-06T10:56:39Z</time><extensions><gpxtpx:TrackPointExtension><gpxtpx:hr>162</gpxtpx:hr></gpxtpx:TrackPointExtension></extensions></trkpt><trkpt lat="56.656392" lon="38.094347"><ele>141.6</ele><time>2026-07-06T10:56:40Z</time><extensions><gpxtpx:TrackPointExtension><gpxtpx:hr>162</gpxtpx:hr></gpxtpx:TrackPointExtension></extensions></trkpt><trkpt lat="56.656382" lon="38.094412"><ele>141.4</ele><time>2026-07-06T10:56:41Z</time><extensions><gpxtpx:TrackPointExtension><gpxtpx:hr>162</gpxtpx:hr></gpxtpx:TrackPointExtension></extensions></trkpt><trkpt lat="56.656365" lon="38.094472"><ele>141.2</ele><time>2026-07-06T10:56:42Z</time><extensions><gpxtpx:TrackPointExtension><gpxtpx:hr>162</gpxtpx:hr></gpxtpx:TrackPointExtension></extensions></trkpt><trkpt lat="56.656347" lon="38.094532"><ele>141.2</ele><time>2026-07-06T10:56:43Z</time><extensions><gpxtpx:TrackPointExtension><gpxtpx:hr>162</gpxtpx:hr></gpxtpx:TrackPointExtension></extensions></trkpt><trkpt lat="56.656335" lon="38.09459"><ele>140.8</ele><time>2026-07-06T10:56:44Z</time><extensions><gpxtpx:TrackPointExtension><gpxtpx:hr>162</gpxtpx:hr></gpxtpx:TrackPointExtension></extensions></trkpt><trkpt lat="56.656322" lon="38.094647"><ele>140.6</ele><time>2026-07-06T10:56:45Z</time><extensions><gpxtpx:TrackPointExtension><gpxtpx:hr>162</gpxtpx:hr></gpxtpx:TrackPointExtension></extensions></trkpt><trkpt lat="56.656312" lon="38.094705"><ele>140.4</ele><time>2026-07-06T10:56:46Z</time><extensions><gpxtpx:TrackPointExtension><gpxtpx:hr>162</gpxtpx:hr></gpxtpx:TrackPointExtension></extensions></trkpt><trkpt lat="56.656297" lon="38.094762"><ele>140.4</ele><time>2026-07-06T10:56:47Z</time><extensions><gpxtpx:TrackPointExtension><gpxtpx:hr>163</gpxtpx:hr></gpxtpx:TrackPointExtension></extensions></trkpt><trkpt lat="56.656287" lon="38.094817"><ele>140.4</ele><time>2026-07-06T10:56:48Z</time><extensions><gpxtpx:TrackPointExtension><gpxtpx:hr>163</gpxtpx:hr></gpxtpx:TrackPointExtension></extensions></trkpt><trkpt lat="56.65628" lon="38.09487"><ele>140.4</ele><time>2026-07-06T10:56:49Z</time><extensions><gpxtpx:TrackPointExtension><gpxtpx:hr>163</gpxtpx:hr></gpxtpx:TrackPointExtension></extensions></trkpt><trkpt lat="56.656277" lon="38.094927"><ele>140.4</ele><time>2026-07-06T10:56:50Z</time><extensions><gpxtpx:TrackPointExtension><gpxtpx:hr>163</gpxtpx:hr></gpxtpx:TrackPointExtension></extensions></trkpt><trkpt lat="56.656272" lon="38.09498"><ele>140.4</ele><time>2026-07-06T10:56:51Z</time><extensions><gpxtpx:TrackPointExtension><gpxtpx:hr>163</gpxtpx:hr></gpxtpx:TrackPointExtension></extensions></trkpt><trkpt lat="56.656267" lon="38.095037"><ele>140.6</ele><time>2026-07-06T10:56:52Z</time><extensions><gpxtpx:TrackPointExtension><gpxtpx:hr>163</gpxtpx:hr></gpxtpx:TrackPointExtension></extensions></trkpt><trkpt lat="56.656262" lon="38.095092"><ele>140.6</ele><time>2026-07-06T10:56:53Z</time><extensions><gpxtpx:TrackPointExtension><gpxtpx:hr>163</gpxtpx:hr></gpxtpx:TrackPointExtension></extensions></trkpt><trkpt lat="56.656252" lon="38.095148"><ele>140.6</ele><time>2026-07-06T10:56:54Z</time><extensions><gpxtpx:TrackPointExtension><gpxtpx:hr>163</gpxtpx:hr></gpxtpx:TrackPointExtension></extensions></trkpt><trkpt lat="56.656247" lon="38.095207"><ele>140.8</ele><time>2026-07-06T10:56:55Z</time><extensions><gpxtpx:TrackPointExtension><gpxtpx:hr>163</gpxtpx:hr></gpxtpx:TrackPointExtension></extensions></trkpt><trkpt lat="56.656235" lon="38.095272"><ele>140.8</ele><time>2026-07-06T10:56:56Z</time><extensions><gpxtpx:TrackPointExtension><gpxtpx:hr>163</gpxtpx:hr></gpxtpx:TrackPointExtension></extensions></trkpt><trkpt lat="56.656225" lon="38.095337"><ele>140.8</ele><time>2026-07-06T10:56:57Z</time><extensions><gpxtpx:TrackPointExtension><gpxtpx:hr>163</gpxtpx:hr></gpxtpx:TrackPointExtension></extensions></trkpt><trkpt lat="56.656212" lon="38.095397"><ele>140.6</ele><time>2026-07-06T10:56:58Z</time><extensions><gpxtpx:TrackPointExtension><gpxtpx:hr>163</gpxtpx:hr></gpxtpx:TrackPointExtension></extensions></trkpt><trkpt lat="56.656205" lon="38.095452"><ele>140.6</ele><time>2026-07-06T10:56:59Z</time><extensions><gpxtpx:TrackPointExtension><gpxtpx:hr>163</gpxtpx:hr></gpxtpx:TrackPointExtension></extensions></trkpt><trkpt lat="56.656192" lon="38.095507"><ele>140.6</ele><time>2026-07-06T10:57:00Z</time><extensions><gpxtpx:TrackPointExtension><gpxtpx:hr>163</gpxtpx:hr></gpxtpx:TrackPointExtension></extensions></trkpt><trkpt lat="56.656182" lon="38.095565"><ele>140.6</ele><time>2026-07-06T10:57:01Z</time><extensions><gpxtpx:TrackPointExtension><gpxtpx:hr>163</gpxtpx:hr></gpxtpx:TrackPointExtension></extensions></trkpt><trkpt lat="56.656172" lon="38.095625"><ele>140.4</ele><time>2026-07-06T10:57:02Z</time><extensions><gpxtpx:TrackPointExtension><gpxtpx:hr>163</gpxtpx:hr></gpxtpx:TrackPointExtension></extensions></trkpt><trkpt lat="56.656157" lon="38.095687"><ele>140.4</ele><time>2026-07-06T10:57:03Z</time><extensions><gpxtpx:TrackPointExtension><gpxtpx:hr>163</gpxtpx:hr></gpxtpx:TrackPointExtension></extensions></trkpt><trkpt lat="56.656147" lon="38.095747"><ele>140.4</ele><time>2026-07-06T10:57:04Z</time><extensions><gpxtpx:TrackPointExtension><gpxtpx:hr>163</gpxtpx:hr></gpxtpx:TrackPointExtension></extensions></trkpt><trkpt lat="56.656137" lon="38.095802"><ele>140.4</ele><time>2026-07-06T10:57:05Z</time><extensions><gpxtpx:TrackPointExtension><gpxtpx:hr>163</gpxtpx:hr></gpxtpx:TrackPointExtension></extensions></trkpt><trkpt lat="56.656127" lon="38.095862"><ele>140.4</ele><time>2026-07-06T10:57:06Z</time><extensions><gpxtpx:TrackPointExtension><gpxtpx:hr>164</gpxtpx:hr></gpxtpx:TrackPointExtension></extensions></trkpt><trkpt lat="56.656117" lon="38.095922"><ele>140.4</ele><time>2026-07-06T10:57:07Z</time><extensions><gpxtpx:TrackPointExtension><gpxtpx:hr>164</gpxtpx:hr></gpxtpx:TrackPointExtension></extensions></trkpt><trkpt lat="56.656108" lon="38.095977"><ele>140.4</ele><time>2026-07-06T10:57:08Z</time><extensions><gpxtpx:TrackPointExtension><gpxtpx:hr>163</gpxtpx:hr></gpxtpx:TrackPointExtension></extensions></trkpt><trkpt lat="56.656102" lon="38.096032"><ele>140.2</ele><time>2026-07-06T10:57:09Z</time><extensions><gpxtpx:TrackPointExtension><gpxtpx:hr>164</gpxtpx:hr></gpxtpx:TrackPointExtension></extensions></trkpt><trkpt lat="56.656092" lon="38.096087"><ele>140.2</ele><time>2026-07-06T10:57:10Z</time><extensions><gpxtpx:TrackPointExtension><gpxtpx:hr>163</gpxtpx:hr></gpxtpx:TrackPointExtension></extensions></trkpt><trkpt lat="56.656082" lon="38.096142"><ele>140.0</ele><time>2026-07-06T10:57:11Z</time><extensions><gpxtpx:TrackPointExtension><gpxtpx:hr>163</gpxtpx:hr></gpxtpx:TrackPointExtension></extensions></trkpt><trkpt lat="56.656075" lon="38.096195"><ele>140.0</ele><time>2026-07-06T10:57:12Z</time><extensions><gpxtpx:TrackPointExtension><gpxtpx:hr>163</gpxtpx:hr></gpxtpx:TrackPointExtension></extensions></trkpt><trkpt lat="56.656065" lon="38.09625"><ele>139.8</ele><time>2026-07-06T10:57:13Z</time><extensions><gpxtpx:TrackPointExtension><gpxtpx:hr>163</gpxtpx:hr></gpxtpx:TrackPointExtension></extensions></trkpt><trkpt lat="56.656057" lon="38.096307"><ele>139.8</ele><time>2026-07-06T10:57:14Z</time><extensions><gpxtpx:TrackPointExtension><gpxtpx:hr>162</gpxtpx:hr></gpxtpx:TrackPointExtension></extensions></trkpt><trkpt lat="56.656047" lon="38.096367"><ele>139.8</ele><time>2026-07-06T10:57:15Z</time><extensions><gpxtpx:TrackPointExtension><gpxtpx:hr>162</gpxtpx:hr></gpxtpx:TrackPointExtension></extensions></trkpt><trkpt lat="56.656038" lon="38.096422"><ele>139.8</ele><time>2026-07-06T10:57:16Z</time><extensions><gpxtpx:TrackPointExtension><gpxtpx:hr>162</gpxtpx:hr></gpxtpx:TrackPointExtension></extensions></trkpt><trkpt lat="56.656032" lon="38.096482"><ele>139.8</ele><time>2026-07-06T10:57:17Z</time><extensions><gpxtpx:TrackPointExtension><gpxtpx:hr>163</gpxtpx:hr></gpxtpx:TrackPointExtension></extensions></trkpt><trkpt lat="56.65602" lon="38.096542"><ele>139.6</ele><time>2026-07-06T10:57:18Z</time><extensions><gpxtpx:TrackPointExtension><gpxtpx:hr>163</gpxtpx:hr></gpxtpx:TrackPointExtension></extensions></trkpt><trkpt lat="56.65601" lon="38.096602"><ele>139.6</ele><time>2026-07-06T10:57:19Z</time><extensions><gpxtpx:TrackPointExtension><gpxtpx:hr>163</gpxtpx:hr></gpxtpx:TrackPointExtension></extensions></trkpt><trkpt lat="56.656002" lon="38.096653"><ele>139.6</ele><time>2026-07-06T10:57:20Z</time><extensions><gpxtpx:TrackPointExtension><gpxtpx:hr>163</gpxtpx:hr></gpxtpx:TrackPointExtension></extensions></trkpt><trkpt lat="56.655992" lon="38.096712"><ele>139.6</ele><time>2026-07-06T10:57:21Z</time><extensions><gpxtpx:TrackPointExtension><gpxtpx:hr>163</gpxtpx:hr></gpxtpx:TrackPointExtension></extensions></trkpt><trkpt lat="56.655982" lon="38.09677"><ele>139.6</ele><time>2026-07-06T10:57:22Z</time><extensions><gpxtpx:TrackPointExtension><gpxtpx:hr>163</gpxtpx:hr></gpxtpx:TrackPointExtension></extensions></trkpt><trkpt lat="56.65597" lon="38.09683"><ele>139.6</ele><time>2026-07-06T10:57:23Z</time><extensions><gpxtpx:TrackPointExtension><gpxtpx:hr>163</gpxtpx:hr></gpxtpx:TrackPointExtension></extensions></trkpt><trkpt lat="56.65596" lon="38.09689"><ele>139.6</ele><time>2026-07-06T10:57:24Z</time><extensions><gpxtpx:TrackPointExtension><gpxtpx:hr>163</gpxtpx:hr></gpxtpx:TrackPointExtension></extensions></trkpt><trkpt lat="56.65595" lon="38.09695"><ele>139.8</ele><time>2026-07-06T10:57:25Z</time><extensions><gpxtpx:TrackPointExtension><gpxtpx:hr>163</gpxtpx:hr></gpxtpx:TrackPointExtension></extensions></trkpt><trkpt lat="56.655942" lon="38.097012"><ele>139.6</ele><time>2026-07-06T10:57:26Z</time><extensions><gpxtpx:TrackPointExtension><gpxtpx:hr>163</gpxtpx:hr></gpxtpx:TrackPointExtension></extensions></trkpt><trkpt lat="56.655932" lon="38.09707"><ele>139.4</ele><time>2026-07-06T10:57:27Z</time><extensions><gpxtpx:TrackPointExtension><gpxtpx:hr>163</gpxtpx:hr></gpxtpx:TrackPointExtension></extensions></trkpt><trkpt lat="56.655925" lon="38.097127"><ele>139.4</ele><time>2026-07-06T10:57:28Z</time><extensions><gpxtpx:TrackPointExtension><gpxtpx:hr>163</gpxtpx:hr></gpxtpx:TrackPointExtension></extensions></trkpt><trkpt lat="56.655915" lon="38.097187"><ele>139.4</ele><time>2026-07-06T10:57:29Z</time><extensions><gpxtpx:TrackPointExtension><gpxtpx:hr>163</gpxtpx:hr></gpxtpx:TrackPointExtension></extensions></trkpt><trkpt lat="56.655905" lon="38.097245"><ele>139.2</ele><time>2026-07-06T10:57:30Z</time><extensions><gpxtpx:TrackPointExtension><gpxtpx:hr>163</gpxtpx:hr></gpxtpx:TrackPointExtension></extensions></trkpt><trkpt lat="56.655892" lon="38.097302"><ele>139.2</ele><time>2026-07-06T10:57:31Z</time><extensions><gpxtpx:TrackPointExtension><gpxtpx:hr>163</gpxtpx:hr></gpxtpx:TrackPointExtension></extensions></trkpt><trkpt lat="56.65588" lon="38.097362"><ele>139.4</ele><time>2026-07-06T10:57:32Z</time><extensions><gpxtpx:TrackPointExtension><gpxtpx:hr>163</gpxtpx:hr></gpxtpx:TrackPointExtension></extensions></trkpt><trkpt lat="56.655872" lon="38.097412"><ele>139.4</ele><time>2026-07-06T10:57:33Z</time><extensions><gpxtpx:TrackPointExtension><gpxtpx:hr>163</gpxtpx:hr></gpxtpx:TrackPointExtension></extensions></trkpt><trkpt lat="56.655865" lon="38.097465"><ele>139.4</ele><time>2026-07-06T10:57:34Z</time><extensions><gpxtpx:TrackPointExtension><gpxtpx:hr>163</gpxtpx:hr></gpxtpx:TrackPointExtension></extensions></trkpt><trkpt lat="56.655857" lon="38.097517"><ele>139.4</ele><time>2026-07-06T10:57:35Z</time><extensions><gpxtpx:TrackPointExtension><gpxtpx:hr>163</gpxtpx:hr></gpxtpx:TrackPointExtension></extensions></trkpt><trkpt lat="56.655845" lon="38.097565"><ele>139.4</ele><time>2026-07-06T10:57:36Z</time><extensions><gpxtpx:TrackPointExtension><gpxtpx:hr>163</gpxtpx:hr></gpxtpx:TrackPointExtension></extensions></trkpt><trkpt lat="56.655835" lon="38.097607"><ele>139.4</ele><time>2026-07-06T10:57:37Z</time><extensions><gpxtpx:TrackPointExtension><gpxtpx:hr>163</gpxtpx:hr></gpxtpx:TrackPointExtension></extensions></trkpt><trkpt lat="56.655827" lon="38.097647"><ele>139.2</ele><time>2026-07-06T10:57:38Z</time><extensions><gpxtpx:TrackPointExtension><gpxtpx:hr>163</gpxtpx:hr></gpxtpx:TrackPointExtension></extensions></trkpt><trkpt lat="56.655822" lon="38.097687"><ele>139.2</ele><time>2026-07-06T10:57:39Z</time><extensions><gpxtpx:TrackPointExtension><gpxtpx:hr>163</gpxtpx:hr></gpxtpx:TrackPointExtension></extensions></trkpt><trkpt lat="56.655812" lon="38.097723"><ele>139.2</ele><time>2026-07-06T10:57:40Z</time><extensions><gpxtpx:TrackPointExtension><gpxtpx:hr>163</gpxtpx:hr></gpxtpx:TrackPointExtension></extensions></trkpt><trkpt lat="56.6558" lon="38.097757"><ele>139.2</ele><time>2026-07-06T10:57:41Z</time><extensions><gpxtpx:TrackPointExtension><gpxtpx:hr>163</gpxtpx:hr></gpxtpx:TrackPointExtension></extensions></trkpt><trkpt lat="56.65579" lon="38.097787"><ele>139.2</ele><time>2026-07-06T10:57:42Z</time><extensions><gpxtpx:TrackPointExtension><gpxtpx:hr>163</gpxtpx:hr></gpxtpx:TrackPointExtension></extensions></trkpt><trkpt lat="56.65578" lon="38.097822"><ele>139.2</ele><time>2026-07-06T10:57:43Z</time><extensions><gpxtpx:TrackPointExtension><gpxtpx:hr>163</gpxtpx:hr></gpxtpx:TrackPointExtension></extensions></trkpt><trkpt lat="56.655772" lon="38.09786"><ele>139.2</ele><time>2026-07-06T10:57:44Z</time><extensions><gpxtpx:TrackPointExtension><gpxtpx:hr>163</gpxtpx:hr></gpxtpx:TrackPointExtension></extensions></trkpt><trkpt lat="56.655767" lon="38.097897"><ele>139.0</ele><time>2026-07-06T10:57:45Z</time><extensions><gpxtpx:TrackPointExtension><gpxtpx:hr>163</gpxtpx:hr></gpxtpx:TrackPointExtension></extensions></trkpt><trkpt lat="56.65576" lon="38.097927"><ele>138.8</ele><time>2026-07-06T10:57:46Z</time><extensions><gpxtpx:TrackPointExtension><gpxtpx:hr>163</gpxtpx:hr></gpxtpx:TrackPointExtension></extensions></trkpt><trkpt lat="56.65575" lon="38.09799"><ele>138.4</ele><time>2026-07-06T10:57:48Z</time><extensions><gpxtpx:TrackPointExtension><gpxtpx:hr>163</gpxtpx:hr></gpxtpx:TrackPointExtension></extensions></trkpt><trkpt lat="56.655742" lon="38.098022"><ele>138.4</ele><time>2026-07-06T10:57:49Z</time><extensions><gpxtpx:TrackPointExtension><gpxtpx:hr>163</gpxtpx:hr></gpxtpx:TrackPointExtension></extensions></trkpt><trkpt lat="56.655732" lon="38.098057"><ele>138.4</ele><time>2026-07-06T10:57:50Z</time><extensions><gpxtpx:TrackPointExtension><gpxtpx:hr>162</gpxtpx:hr></gpxtpx:TrackPointExtension></extensions></trkpt><trkpt lat="56.655727" lon="38.09809"><ele>138.4</ele><time>2026-07-06T10:57:51Z</time><extensions><gpxtpx:TrackPointExtension><gpxtpx:hr>162</gpxtpx:hr></gpxtpx:TrackPointExtension></extensions></trkpt><trkpt lat="56.655715" lon="38.098152"><ele>138.6</ele><time>2026-07-06T10:57:53Z</time><extensions><gpxtpx:TrackPointExtension><gpxtpx:hr>163</gpxtpx:hr></gpxtpx:TrackPointExtension></extensions></trkpt><trkpt lat="56.655707" lon="38.098182"><ele>138.8</ele><time>2026-07-06T10:57:54Z</time><extensions><gpxtpx:TrackPointExtension><gpxtpx:hr>163</gpxtpx:hr></gpxtpx:TrackPointExtension></extensions></trkpt><trkpt lat="56.655702" lon="38.098217"><ele>138.8</ele><time>2026-07-06T10:57:55Z</time><extensions><gpxtpx:TrackPointExtension><gpxtpx:hr>163</gpxtpx:hr></gpxtpx:TrackPointExtension></extensions></trkpt><trkpt lat="56.65569" lon="38.09828"><ele>138.8</ele><time>2026-07-06T10:57:57Z</time><extensions><gpxtpx:TrackPointExtension><gpxtpx:hr>163</gpxtpx:hr></gpxtpx:TrackPointExtension></extensions></trkpt><trkpt lat="56.655675" lon="38.09834"><ele>138.8</ele><time>2026-07-06T10:57:59Z</time><extensions><gpxtpx:TrackPointExtension><gpxtpx:hr>163</gpxtpx:hr></gpxtpx:TrackPointExtension></extensions></trkpt><trkpt lat="56.655662" lon="38.098397"><ele>139.0</ele><time>2026-07-06T10:58:01Z</time><extensions><gpxtpx:TrackPointExtension><gpxtpx:hr>163</gpxtpx:hr></gpxtpx:TrackPointExtension></extensions></trkpt><trkpt lat="56.655655" lon="38.098427"><ele>139.0</ele><time>2026-07-06T10:58:02Z</time><extensions><gpxtpx:TrackPointExtension><gpxtpx:hr>162</gpxtpx:hr></gpxtpx:TrackPointExtension></extensions></trkpt><trkpt lat="56.65564" lon="38.098492"><ele>139.2</ele><time>2026-07-06T10:58:04Z</time><extensions><gpxtpx:TrackPointExtension><gpxtpx:hr>162</gpxtpx:hr></gpxtpx:TrackPointExtension></extensions></trkpt><trkpt lat="56.655627" lon="38.098547"><ele>139.2</ele><time>2026-07-06T10:58:06Z</time><extensions><gpxtpx:TrackPointExtension><gpxtpx:hr>161</gpxtpx:hr></gpxtpx:TrackPointExtension></extensions></trkpt><trkpt lat="56.65562" lon="38.09858"><ele>139.2</ele><time>2026-07-06T10:58:07Z</time><extensions><gpxtpx:TrackPointExtension><gpxtpx:hr>161</gpxtpx:hr></gpxtpx:TrackPointExtension></extensions></trkpt><trkpt lat="56.65561" lon="38.098637"><ele>139.2</ele><time>2026-07-06T10:58:09Z</time><extensions><gpxtpx:TrackPointExtension><gpxtpx:hr>161</gpxtpx:hr></gpxtpx:TrackPointExtension></extensions></trkpt><trkpt lat="56.655602" lon="38.098672"><ele>139.2</ele><time>2026-07-06T10:58:10Z</time><extensions><gpxtpx:TrackPointExtension><gpxtpx:hr>160</gpxtpx:hr></gpxtpx:TrackPointExtension></extensions></trkpt><trkpt lat="56.655592" lon="38.098702"><ele>139.2</ele><time>2026-07-06T10:58:11Z</time><extensions><gpxtpx:TrackPointExtension><gpxtpx:hr>160</gpxtpx:hr></gpxtpx:TrackPointExtension></extensions></trkpt><trkpt lat="56.655587" lon="38.098735"><ele>139.2</ele><time>2026-07-06T10:58:12Z</time><extensions><gpxtpx:TrackPointExtension><gpxtpx:hr>160</gpxtpx:hr></gpxtpx:TrackPointExtension></extensions></trkpt><trkpt lat="56.655577" lon="38.098767"><ele>139.2</ele><time>2026-07-06T10:58:13Z</time><extensions><gpxtpx:TrackPointExtension><gpxtpx:hr>159</gpxtpx:hr></gpxtpx:TrackPointExtension></extensions></trkpt><trkpt lat="56.65557" lon="38.098802"><ele>139.2</ele><time>2026-07-06T10:58:14Z</time><extensions><gpxtpx:TrackPointExtension><gpxtpx:hr>158</gpxtpx:hr></gpxtpx:TrackPointExtension></extensions></trkpt><trkpt lat="56.655562" lon="38.098842"><ele>139.2</ele><time>2026-07-06T10:58:15Z</time><extensions><gpxtpx:TrackPointExtension><gpxtpx:hr>157</gpxtpx:hr></gpxtpx:TrackPointExtension></extensions></trkpt><trkpt lat="56.65555" lon="38.098902"><ele>139.2</ele><time>2026-07-06T10:58:17Z</time><extensions><gpxtpx:TrackPointExtension><gpxtpx:hr>156</gpxtpx:hr></gpxtpx:TrackPointExtension></extensions></trkpt><trkpt lat="56.655535" lon="38.098967"><ele>139.2</ele><time>2026-07-06T10:58:19Z</time><extensions><gpxtpx:TrackPointExtension><gpxtpx:hr>155</gpxtpx:hr></gpxtpx:TrackPointExtension></extensions></trkpt><trkpt lat="56.655525" lon="38.099003"><ele>139.2</ele><time>2026-07-06T10:58:20Z</time><extensions><gpxtpx:TrackPointExtension><gpxtpx:hr>155</gpxtpx:hr></gpxtpx:TrackPointExtension></extensions></trkpt><trkpt lat="56.655517" lon="38.099042"><ele>139.2</ele><time>2026-07-06T10:58:21Z</time><extensions><gpxtpx:TrackPointExtension><gpxtpx:hr>155</gpxtpx:hr></gpxtpx:TrackPointExtension></extensions></trkpt><trkpt lat="56.655507" lon="38.099077"><ele>139.2</ele><time>2026-07-06T10:58:22Z</time><extensions><gpxtpx:TrackPointExtension><gpxtpx:hr>154</gpxtpx:hr></gpxtpx:TrackPointExtension></extensions></trkpt><trkpt lat="56.655497" lon="38.099117"><ele>139.2</ele><time>2026-07-06T10:58:23Z</time><extensions><gpxtpx:TrackPointExtension><gpxtpx:hr>154</gpxtpx:hr></gpxtpx:TrackPointExtension></extensions></trkpt><trkpt lat="56.655492" lon="38.099152"><ele>139.2</ele><time>2026-07-06T10:58:24Z</time><extensions><gpxtpx:TrackPointExtension><gpxtpx:hr>155</gpxtpx:hr></gpxtpx:TrackPointExtension></extensions></trkpt><trkpt lat="56.655485" lon="38.099192"><ele>139.2</ele><time>2026-07-06T10:58:25Z</time><extensions><gpxtpx:TrackPointExtension><gpxtpx:hr>154</gpxtpx:hr></gpxtpx:TrackPointExtension></extensions></trkpt><trkpt lat="56.655477" lon="38.099227"><ele>139.2</ele><time>2026-07-06T10:58:26Z</time><extensions><gpxtpx:TrackPointExtension><gpxtpx:hr>153</gpxtpx:hr></gpxtpx:TrackPointExtension></extensions></trkpt><trkpt lat="56.655472" lon="38.09926"><ele>139.0</ele><time>2026-07-06T10:58:27Z</time><extensions><gpxtpx:TrackPointExtension><gpxtpx:hr>153</gpxtpx:hr></gpxtpx:TrackPointExtension></extensions></trkpt><trkpt lat="56.655462" lon="38.0993"><ele>139.0</ele><time>2026-07-06T10:58:28Z</time><extensions><gpxtpx:TrackPointExtension><gpxtpx:hr>153</gpxtpx:hr></gpxtpx:TrackPointExtension></extensions></trkpt><trkpt lat="56.655457" lon="38.09934"><ele>139.0</ele><time>2026-07-06T10:58:29Z</time><extensions><gpxtpx:TrackPointExtension><gpxtpx:hr>153</gpxtpx:hr></gpxtpx:TrackPointExtension></extensions></trkpt><trkpt lat="56.65545" lon="38.099377"><ele>139.0</ele><time>2026-07-06T10:58:30Z</time><extensions><gpxtpx:TrackPointExtension><gpxtpx:hr>152</gpxtpx:hr></gpxtpx:TrackPointExtension></extensions></trkpt><trkpt lat="56.655445" lon="38.099412"><ele>139.0</ele><time>2026-07-06T10:58:31Z</time><extensions><gpxtpx:TrackPointExtension><gpxtpx:hr>152</gpxtpx:hr></gpxtpx:TrackPointExtension></extensions></trkpt><trkpt lat="56.655437" lon="38.09945"><ele>139.0</ele><time>2026-07-06T10:58:32Z</time><extensions><gpxtpx:TrackPointExtension><gpxtpx:hr>151</gpxtpx:hr></gpxtpx:TrackPointExtension></extensions></trkpt><trkpt lat="56.65543" lon="38.099482"><ele>139.2</ele><time>2026-07-06T10:58:33Z</time><extensions><gpxtpx:TrackPointExtension><gpxtpx:hr>151</gpxtpx:hr></gpxtpx:TrackPointExtension></extensions></trkpt><trkpt lat="56.655422" lon="38.099517"><ele>139.2</ele><time>2026-07-06T10:58:34Z</time><extensions><gpxtpx:TrackPointExtension><gpxtpx:hr>151</gpxtpx:hr></gpxtpx:TrackPointExtension></extensions></trkpt><trkpt lat="56.655415" lon="38.09955"><ele>139.2</ele><time>2026-07-06T10:58:35Z</time><extensions><gpxtpx:TrackPointExtension><gpxtpx:hr>151</gpxtpx:hr></gpxtpx:TrackPointExtension></extensions></trkpt><trkpt lat="56.65541" lon="38.099585"><ele>139.2</ele><time>2026-07-06T10:58:36Z</time><extensions><gpxtpx:TrackPointExtension><gpxtpx:hr>151</gpxtpx:hr></gpxtpx:TrackPointExtension></extensions></trkpt><trkpt lat="56.655402" lon="38.099617"><ele>139.0</ele><time>2026-07-06T10:58:37Z</time><extensions><gpxtpx:TrackPointExtension><gpxtpx:hr>150</gpxtpx:hr></gpxtpx:TrackPointExtension></extensions></trkpt><trkpt lat="56.655395" lon="38.099657"><ele>139.0</ele><time>2026-07-06T10:58:38Z</time><extensions><gpxtpx:TrackPointExtension><gpxtpx:hr>150</gpxtpx:hr></gpxtpx:TrackPointExtension></extensions></trkpt><trkpt lat="56.65539" lon="38.09969"><ele>139.0</ele><time>2026-07-06T10:58:39Z</time><extensions><gpxtpx:TrackPointExtension><gpxtpx:hr>149</gpxtpx:hr></gpxtpx:TrackPointExtension></extensions></trkpt><trkpt lat="56.655377" lon="38.099752"><ele>139.0</ele><time>2026-07-06T10:58:41Z</time><extensions><gpxtpx:TrackPointExtension><gpxtpx:hr>148</gpxtpx:hr></gpxtpx:TrackPointExtension></extensions></trkpt><trkpt lat="56.655372" lon="38.099787"><ele>139.0</ele><time>2026-07-06T10:58:42Z</time><extensions><gpxtpx:TrackPointExtension><gpxtpx:hr>148</gpxtpx:hr></gpxtpx:TrackPointExtension></extensions></trkpt><trkpt lat="56.655362" lon="38.099847"><ele>139.2</ele><time>2026-07-06T10:58:44Z</time><extensions><gpxtpx:TrackPointExtension><gpxtpx:hr>149</gpxtpx:hr></gpxtpx:TrackPointExtension></extensions></trkpt><trkpt lat="56.655355" lon="38.099882"><ele>139.0</ele><time>2026-07-06T10:58:45Z</time><extensions><gpxtpx:TrackPointExtension><gpxtpx:hr>148</gpxtpx:hr></gpxtpx:TrackPointExtension></extensions></trkpt><trkpt lat="56.655347" lon="38.099917"><ele>139.0</ele><time>2026-07-06T10:58:46Z</time><extensions><gpxtpx:TrackPointExtension><gpxtpx:hr>148</gpxtpx:hr></gpxtpx:TrackPointExtension></extensions></trkpt><trkpt lat="56.655342" lon="38.099952"><ele>138.8</ele><time>2026-07-06T10:58:47Z</time><extensions><gpxtpx:TrackPointExtension><gpxtpx:hr>148</gpxtpx:hr></gpxtpx:TrackPointExtension></extensions></trkpt><trkpt lat="56.655335" lon="38.099987"><ele>138.6</ele><time>2026-07-06T10:58:48Z</time><extensions><gpxtpx:TrackPointExtension><gpxtpx:hr>148</gpxtpx:hr></gpxtpx:TrackPointExtension></extensions></trkpt><trkpt lat="56.65533" lon="38.100022"><ele>138.6</ele><time>2026-07-06T10:58:49Z</time><extensions><gpxtpx:TrackPointExtension><gpxtpx:hr>148</gpxtpx:hr></gpxtpx:TrackPointExtension></extensions></trkpt><trkpt lat="56.655322" lon="38.100057"><ele>138.4</ele><time>2026-07-06T10:58:50Z</time><extensions><gpxtpx:TrackPointExtension><gpxtpx:hr>148</gpxtpx:hr></gpxtpx:TrackPointExtension></extensions></trkpt><trkpt lat="56.655315" lon="38.100097"><ele>138.4</ele><time>2026-07-06T10:58:51Z</time><extensions><gpxtpx:TrackPointExtension><gpxtpx:hr>147</gpxtpx:hr></gpxtpx:TrackPointExtension></extensions></trkpt><trkpt lat="56.655307" lon="38.100132"><ele>138.6</ele><time>2026-07-06T10:58:52Z</time><extensions><gpxtpx:TrackPointExtension><gpxtpx:hr>147</gpxtpx:hr></gpxtpx:TrackPointExtension></extensions></trkpt><trkpt lat="56.655302" lon="38.100162"><ele>138.6</ele><time>2026-07-06T10:58:53Z</time><extensions><gpxtpx:TrackPointExtension><gpxtpx:hr>147</gpxtpx:hr></gpxtpx:TrackPointExtension></extensions></trkpt><trkpt lat="56.655295" lon="38.1002"><ele>138.6</ele><time>2026-07-06T10:58:54Z</time><extensions><gpxtpx:TrackPointExtension><gpxtpx:hr>146</gpxtpx:hr></gpxtpx:TrackPointExtension></extensions></trkpt><trkpt lat="56.655287" lon="38.100235"><ele>138.6</ele><time>2026-07-06T10:58:55Z</time><extensions><gpxtpx:TrackPointExtension><gpxtpx:hr>146</gpxtpx:hr></gpxtpx:TrackPointExtension></extensions></trkpt><trkpt lat="56.655277" lon="38.100267"><ele>138.8</ele><time>2026-07-06T10:58:56Z</time><extensions><gpxtpx:TrackPointExtension><gpxtpx:hr>146</gpxtpx:hr></gpxtpx:TrackPointExtension></extensions></trkpt><trkpt lat="56.655272" lon="38.100305"><ele>138.8</ele><time>2026-07-06T10:58:57Z</time><extensions><gpxtpx:TrackPointExtension><gpxtpx:hr>145</gpxtpx:hr></gpxtpx:TrackPointExtension></extensions></trkpt><trkpt lat="56.655267" lon="38.10034"><ele>139.0</ele><time>2026-07-06T10:58:58Z</time><extensions><gpxtpx:TrackPointExtension><gpxtpx:hr>145</gpxtpx:hr></gpxtpx:TrackPointExtension></extensions></trkpt><trkpt lat="56.65526" lon="38.100377"><ele>139.0</ele><time>2026-07-06T10:58:59Z</time><extensions><gpxtpx:TrackPointExtension><gpxtpx:hr>145</gpxtpx:hr></gpxtpx:TrackPointExtension></extensions></trkpt><trkpt lat="56.65525" lon="38.100415"><ele>139.0</ele><time>2026-07-06T10:59:00Z</time><extensions><gpxtpx:TrackPointExtension><gpxtpx:hr>145</gpxtpx:hr></gpxtpx:TrackPointExtension></extensions></trkpt><trkpt lat="56.655242" lon="38.100452"><ele>139.2</ele><time>2026-07-06T10:59:01Z</time><extensions><gpxtpx:TrackPointExtension><gpxtpx:hr>145</gpxtpx:hr></gpxtpx:TrackPointExtension></extensions></trkpt><trkpt lat="56.655237" lon="38.100487"><ele>139.2</ele><time>2026-07-06T10:59:02Z</time><extensions><gpxtpx:TrackPointExtension><gpxtpx:hr>145</gpxtpx:hr></gpxtpx:TrackPointExtension></extensions></trkpt><trkpt lat="56.65523" lon="38.100522"><ele>139.2</ele><time>2026-07-06T10:59:03Z</time><extensions><gpxtpx:TrackPointExtension><gpxtpx:hr>145</gpxtpx:hr></gpxtpx:TrackPointExtension></extensions></trkpt><trkpt lat="56.655225" lon="38.10056"><ele>139.2</ele><time>2026-07-06T10:59:04Z</time><extensions><gpxtpx:TrackPointExtension><gpxtpx:hr>145</gpxtpx:hr></gpxtpx:TrackPointExtension></extensions></trkpt><trkpt lat="56.655217" lon="38.100593"><ele>139.2</ele><time>2026-07-06T10:59:05Z</time><extensions><gpxtpx:TrackPointExtension><gpxtpx:hr>145</gpxtpx:hr></gpxtpx:TrackPointExtension></extensions></trkpt><trkpt lat="56.655208" lon="38.100632"><ele>139.2</ele><time>2026-07-06T10:59:06Z</time><extensions><gpxtpx:TrackPointExtension><gpxtpx:hr>145</gpxtpx:hr></gpxtpx:TrackPointExtension></extensions></trkpt><trkpt lat="56.655202" lon="38.100672"><ele>139.2</ele><time>2026-07-06T10:59:07Z</time><extensions><gpxtpx:TrackPointExtension><gpxtpx:hr>145</gpxtpx:hr></gpxtpx:TrackPointExtension></extensions></trkpt><trkpt lat="56.655192" lon="38.10071"><ele>139.2</ele><time>2026-07-06T10:59:08Z</time><extensions><gpxtpx:TrackPointExtension><gpxtpx:hr>145</gpxtpx:hr></gpxtpx:TrackPointExtension></extensions></trkpt><trkpt lat="56.655185" lon="38.100747"><ele>139.2</ele><time>2026-07-06T10:59:09Z</time><extensions><gpxtpx:TrackPointExtension><gpxtpx:hr>145</gpxtpx:hr></gpxtpx:TrackPointExtension></extensions></trkpt><trkpt lat="56.655177" lon="38.100787"><ele>139.2</ele><time>2026-07-06T10:59:10Z</time><extensions><gpxtpx:TrackPointExtension><gpxtpx:hr>144</gpxtpx:hr></gpxtpx:TrackPointExtension></extensions></trkpt><trkpt lat="56.655167" lon="38.100825"><ele>139.2</ele><time>2026-07-06T10:59:11Z</time><extensions><gpxtpx:TrackPointExtension><gpxtpx:hr>144</gpxtpx:hr></gpxtpx:TrackPointExtension></extensions></trkpt><trkpt lat="56.65516" lon="38.10086"><ele>139.2</ele><time>2026-07-06T10:59:12Z</time><extensions><gpxtpx:TrackPointExtension><gpxtpx:hr>144</gpxtpx:hr></gpxtpx:TrackPointExtension></extensions></trkpt><trkpt lat="56.65515" lon="38.100897"><ele>139.2</ele><time>2026-07-06T10:59:13Z</time><extensions><gpxtpx:TrackPointExtension><gpxtpx:hr>144</gpxtpx:hr></gpxtpx:TrackPointExtension></extensions></trkpt><trkpt lat="56.655142" lon="38.100932"><ele>139.2</ele><time>2026-07-06T10:59:14Z</time><extensions><gpxtpx:TrackPointExtension><gpxtpx:hr>145</gpxtpx:hr></gpxtpx:TrackPointExtension></extensions></trkpt><trkpt lat="56.655135" lon="38.10097"><ele>139.2</ele><time>2026-07-06T10:59:15Z</time><extensions><gpxtpx:TrackPointExtension><gpxtpx:hr>144</gpxtpx:hr></gpxtpx:TrackPointExtension></extensions></trkpt><trkpt lat="56.655127" lon="38.101007"><ele>139.2</ele><time>2026-07-06T10:59:16Z</time><extensions><gpxtpx:TrackPointExtension><gpxtpx:hr>144</gpxtpx:hr></gpxtpx:TrackPointExtension></extensions></trkpt><trkpt lat="56.655122" lon="38.101042"><ele>139.2</ele><time>2026-07-06T10:59:17Z</time><extensions><gpxtpx:TrackPointExtension><gpxtpx:hr>143</gpxtpx:hr></gpxtpx:TrackPointExtension></extensions></trkpt><trkpt lat="56.655115" lon="38.101077"><ele>139.2</ele><time>2026-07-06T10:59:18Z</time><extensions><gpxtpx:TrackPointExtension><gpxtpx:hr>144</gpxtpx:hr></gpxtpx:TrackPointExtension></extensions></trkpt><trkpt lat="56.655107" lon="38.101112"><ele>139.2</ele><time>2026-07-06T10:59:19Z</time><extensions><gpxtpx:TrackPointExtension><gpxtpx:hr>144</gpxtpx:hr></gpxtpx:TrackPointExtension></extensions></trkpt><trkpt lat="56.655102" lon="38.101147"><ele>139.2</ele><time>2026-07-06T10:59:20Z</time><extensions><gpxtpx:TrackPointExtension><gpxtpx:hr>144</gpxtpx:hr></gpxtpx:TrackPointExtension></extensions></trkpt><trkpt lat="56.655097" lon="38.101182"><ele>139.2</ele><time>2026-07-06T10:59:21Z</time><extensions><gpxtpx:TrackPointExtension><gpxtpx:hr>144</gpxtpx:hr></gpxtpx:TrackPointExtension></extensions></trkpt><trkpt lat="56.65509" lon="38.101222"><ele>139.2</ele><time>2026-07-06T10:59:22Z</time><extensions><gpxtpx:TrackPointExtension><gpxtpx:hr>144</gpxtpx:hr></gpxtpx:TrackPointExtension></extensions></trkpt><trkpt lat="56.655082" lon="38.101262"><ele>139.4</ele><time>2026-07-06T10:59:23Z</time><extensions><gpxtpx:TrackPointExtension><gpxtpx:hr>144</gpxtpx:hr></gpxtpx:TrackPointExtension></extensions></trkpt><trkpt lat="56.655075" lon="38.101297"><ele>139.4</ele><time>2026-07-06T10:59:24Z</time><extensions><gpxtpx:TrackPointExtension><gpxtpx:hr>143</gpxtpx:hr></gpxtpx:TrackPointExtension></extensions></trkpt><trkpt lat="56.655067" lon="38.101332"><ele>139.2</ele><time>2026-07-06T10:59:25Z</time><extensions><gpxtpx:TrackPointExtension><gpxtpx:hr>143</gpxtpx:hr></gpxtpx:TrackPointExtension></extensions></trkpt><trkpt lat="56.655057" lon="38.10137"><ele>139.2</ele><time>2026-07-06T10:59:26Z</time><extensions><gpxtpx:TrackPointExtension><gpxtpx:hr>143</gpxtpx:hr></gpxtpx:TrackPointExtension></extensions></trkpt><trkpt lat="56.65505" lon="38.101407"><ele>139.2</ele><time>2026-07-06T10:59:27Z</time><extensions><gpxtpx:TrackPointExtension><gpxtpx:hr>142</gpxtpx:hr></gpxtpx:TrackPointExtension></extensions></trkpt><trkpt lat="56.655042" lon="38.101447"><ele>139.2</ele><time>2026-07-06T10:59:28Z</time><extensions><gpxtpx:TrackPointExtension><gpxtpx:hr>142</gpxtpx:hr></gpxtpx:TrackPointExtension></extensions></trkpt><trkpt lat="56.655037" lon="38.101485"><ele>139.2</ele><time>2026-07-06T10:59:29Z</time><extensions><gpxtpx:TrackPointExtension><gpxtpx:hr>142</gpxtpx:hr></gpxtpx:TrackPointExtension></extensions></trkpt><trkpt lat="56.655027" lon="38.101522"><ele>139.2</ele><time>2026-07-06T10:59:30Z</time><extensions><gpxtpx:TrackPointExtension><gpxtpx:hr>141</gpxtpx:hr></gpxtpx:TrackPointExtension></extensions></trkpt><trkpt lat="56.655022" lon="38.101557"><ele>139.2</ele><time>2026-07-06T10:59:31Z</time><extensions><gpxtpx:TrackPointExtension><gpxtpx:hr>141</gpxtpx:hr></gpxtpx:TrackPointExtension></extensions></trkpt><trkpt lat="56.655012" lon="38.101595"><ele>139.4</ele><time>2026-07-06T10:59:32Z</time><extensions><gpxtpx:TrackPointExtension><gpxtpx:hr>141</gpxtpx:hr></gpxtpx:TrackPointExtension></extensions></trkpt><trkpt lat="56.655002" lon="38.101625"><ele>139.4</ele><time>2026-07-06T10:59:33Z</time><extensions><gpxtpx:TrackPointExtension><gpxtpx:hr>141</gpxtpx:hr></gpxtpx:TrackPointExtension></extensions></trkpt><trkpt lat="56.654995" lon="38.10166"><ele>139.4</ele><time>2026-07-06T10:59:34Z</time><extensions><gpxtpx:TrackPointExtension><gpxtpx:hr>142</gpxtpx:hr></gpxtpx:TrackPointExtension></extensions></trkpt><trkpt lat="56.654987" lon="38.101692"><ele>139.4</ele><time>2026-07-06T10:59:35Z</time><extensions><gpxtpx:TrackPointExtension><gpxtpx:hr>142</gpxtpx:hr></gpxtpx:TrackPointExtension></extensions></trkpt><trkpt lat="56.654982" lon="38.101732"><ele>139.4</ele><time>2026-07-06T10:59:36Z</time><extensions><gpxtpx:TrackPointExtension><gpxtpx:hr>142</gpxtpx:hr></gpxtpx:TrackPointExtension></extensions></trkpt><trkpt lat="56.654975" lon="38.101772"><ele>139.4</ele><time>2026-07-06T10:59:37Z</time><extensions><gpxtpx:TrackPointExtension><gpxtpx:hr>141</gpxtpx:hr></gpxtpx:TrackPointExtension></extensions></trkpt><trkpt lat="56.654967" lon="38.10181"><ele>139.4</ele><time>2026-07-06T10:59:38Z</time><extensions><gpxtpx:TrackPointExtension><gpxtpx:hr>142</gpxtpx:hr></gpxtpx:TrackPointExtension></extensions></trkpt><trkpt lat="56.654957" lon="38.101852"><ele>139.4</ele><time>2026-07-06T10:59:39Z</time><extensions><gpxtpx:TrackPointExtension><gpxtpx:hr>142</gpxtpx:hr></gpxtpx:TrackPointExtension></extensions></trkpt><trkpt lat="56.65495" lon="38.101892"><ele>139.4</ele><time>2026-07-06T10:59:40Z</time><extensions><gpxtpx:TrackPointExtension><gpxtpx:hr>142</gpxtpx:hr></gpxtpx:TrackPointExtension></extensions></trkpt><trkpt lat="56.65494" lon="38.101942"><ele>139.4</ele><time>2026-07-06T10:59:41Z</time><extensions><gpxtpx:TrackPointExtension><gpxtpx:hr>142</gpxtpx:hr></gpxtpx:TrackPointExtension></extensions></trkpt><trkpt lat="56.65493" lon="38.101997"><ele>139.6</ele><time>2026-07-06T10:59:42Z</time><extensions><gpxtpx:TrackPointExtension><gpxtpx:hr>142</gpxtpx:hr></gpxtpx:TrackPointExtension></extensions></trkpt><trkpt lat="56.65492" lon="38.102052"><ele>139.4</ele><time>2026-07-06T10:59:43Z</time><extensions><gpxtpx:TrackPointExtension><gpxtpx:hr>142</gpxtpx:hr></gpxtpx:TrackPointExtension></extensions></trkpt><trkpt lat="56.654907" lon="38.102102"><ele>139.2</ele><time>2026-07-06T10:59:44Z</time><extensions><gpxtpx:TrackPointExtension><gpxtpx:hr>143</gpxtpx:hr></gpxtpx:TrackPointExtension></extensions></trkpt><trkpt lat="56.654897" lon="38.102155"><ele>139.0</ele><time>2026-07-06T10:59:45Z</time><extensions><gpxtpx:TrackPointExtension><gpxtpx:hr>143</gpxtpx:hr></gpxtpx:TrackPointExtension></extensions></trkpt><trkpt lat="56.654882" lon="38.102207"><ele>139.0</ele><time>2026-07-06T10:59:46Z</time><extensions><gpxtpx:TrackPointExtension><gpxtpx:hr>142</gpxtpx:hr></gpxtpx:TrackPointExtension></extensions></trkpt><trkpt lat="56.65487" lon="38.102252"><ele>139.0</ele><time>2026-07-06T10:59:47Z</time><extensions><gpxtpx:TrackPointExtension><gpxtpx:hr>142</gpxtpx:hr></gpxtpx:TrackPointExtension></extensions></trkpt><trkpt lat="56.654852" lon="38.1023"><ele>139.0</ele><time>2026-07-06T10:59:48Z</time><extensions><gpxtpx:TrackPointExtension><gpxtpx:hr>142</gpxtpx:hr></gpxtpx:TrackPointExtension></extensions></trkpt><trkpt lat="56.654837" lon="38.10235"><ele>139.0</ele><time>2026-07-06T10:59:49Z</time><extensions><gpxtpx:TrackPointExtension><gpxtpx:hr>143</gpxtpx:hr></gpxtpx:TrackPointExtension></extensions></trkpt><trkpt lat="56.654817" lon="38.102402"><ele>138.8</ele><time>2026-07-06T10:59:50Z</time><extensions><gpxtpx:TrackPointExtension><gpxtpx:hr>144</gpxtpx:hr></gpxtpx:TrackPointExtension></extensions></trkpt><trkpt lat="56.6548" lon="38.102457"><ele>138.8</ele><time>2026-07-06T10:59:51Z</time><extensions><gpxtpx:TrackPointExtension><gpxtpx:hr>146</gpxtpx:hr></gpxtpx:TrackPointExtension></extensions></trkpt><trkpt lat="56.654785" lon="38.102515"><ele>138.8</ele><time>2026-07-06T10:59:52Z</time><extensions><gpxtpx:TrackPointExtension><gpxtpx:hr>147</gpxtpx:hr></gpxtpx:TrackPointExtension></extensions></trkpt><trkpt lat="56.654767" lon="38.102563"><ele>138.8</ele><time>2026-07-06T10:59:53Z</time><extensions><gpxtpx:TrackPointExtension><gpxtpx:hr>147</gpxtpx:hr></gpxtpx:TrackPointExtension></extensions></trkpt><trkpt lat="56.65475" lon="38.102615"><ele>138.6</ele><time>2026-07-06T10:59:54Z</time><extensions><gpxtpx:TrackPointExtension><gpxtpx:hr>147</gpxtpx:hr></gpxtpx:TrackPointExtension></extensions></trkpt><trkpt lat="56.65473" lon="38.102667"><ele>138.8</ele><time>2026-07-06T10:59:55Z</time><extensions><gpxtpx:TrackPointExtension><gpxtpx:hr>147</gpxtpx:hr></gpxtpx:TrackPointExtension></extensions></trkpt><trkpt lat="56.654707" lon="38.102712"><ele>138.8</ele><time>2026-07-06T10:59:56Z</time><extensions><gpxtpx:TrackPointExtension><gpxtpx:hr>148</gpxtpx:hr></gpxtpx:TrackPointExtension></extensions></trkpt><trkpt lat="56.654687" lon="38.102765"><ele>138.8</ele><time>2026-07-06T10:59:57Z</time><extensions><gpxtpx:TrackPointExtension><gpxtpx:hr>149</gpxtpx:hr></gpxtpx:TrackPointExtension></extensions></trkpt><trkpt lat="56.654667" lon="38.10281"><ele>138.8</ele><time>2026-07-06T10:59:58Z</time><extensions><gpxtpx:TrackPointExtension><gpxtpx:hr>149</gpxtpx:hr></gpxtpx:TrackPointExtension></extensions></trkpt><trkpt lat="56.654642" lon="38.102857"><ele>138.8</ele><time>2026-07-06T10:59:59Z</time><extensions><gpxtpx:TrackPointExtension><gpxtpx:hr>149</gpxtpx:hr></gpxtpx:TrackPointExtension></extensions></trkpt><trkpt lat="56.65462" lon="38.1029"><ele>138.8</ele><time>2026-07-06T11:00:00Z</time><extensions><gpxtpx:TrackPointExtension><gpxtpx:hr>149</gpxtpx:hr></gpxtpx:TrackPointExtension></extensions></trkpt><trkpt lat="56.654597" lon="38.10294"><ele>138.6</ele><time>2026-07-06T11:00:01Z</time><extensions><gpxtpx:TrackPointExtension><gpxtpx:hr>150</gpxtpx:hr></gpxtpx:TrackPointExtension></extensions></trkpt><trkpt lat="56.654572" lon="38.102982"><ele>138.6</ele><time>2026-07-06T11:00:02Z</time><extensions><gpxtpx:TrackPointExtension><gpxtpx:hr>150</gpxtpx:hr></gpxtpx:TrackPointExtension></extensions></trkpt><trkpt lat="56.654547" lon="38.103022"><ele>138.6</ele><time>2026-07-06T11:00:03Z</time><extensions><gpxtpx:TrackPointExtension><gpxtpx:hr>150</gpxtpx:hr></gpxtpx:TrackPointExtension></extensions></trkpt><trkpt lat="56.654518" lon="38.103065"><ele>138.6</ele><time>2026-07-06T11:00:04Z</time><extensions><gpxtpx:TrackPointExtension><gpxtpx:hr>150</gpxtpx:hr></gpxtpx:TrackPointExtension></extensions></trkpt><trkpt lat="56.654492" lon="38.103102"><ele>138.6</ele><time>2026-07-06T11:00:05Z</time><extensions><gpxtpx:TrackPointExtension><gpxtpx:hr>151</gpxtpx:hr></gpxtpx:TrackPointExtension></extensions></trkpt><trkpt lat="56.654465" lon="38.103137"><ele>138.6</ele><time>2026-07-06T11:00:06Z</time><extensions><gpxtpx:TrackPointExtension><gpxtpx:hr>152</gpxtpx:hr></gpxtpx:TrackPointExtension></extensions></trkpt><trkpt lat="56.654437" lon="38.103175"><ele>138.6</ele><time>2026-07-06T11:00:07Z</time><extensions><gpxtpx:TrackPointExtension><gpxtpx:hr>153</gpxtpx:hr></gpxtpx:TrackPointExtension></extensions></trkpt><trkpt lat="56.654412" lon="38.103207"><ele>138.6</ele><time>2026-07-06T11:00:08Z</time><extensions><gpxtpx:TrackPointExtension><gpxtpx:hr>153</gpxtpx:hr></gpxtpx:TrackPointExtension></extensions></trkpt><trkpt lat="56.654382" lon="38.103242"><ele>138.6</ele><time>2026-07-06T11:00:09Z</time><extensions><gpxtpx:TrackPointExtension><gpxtpx:hr>154</gpxtpx:hr></gpxtpx:TrackPointExtension></extensions></trkpt><trkpt lat="56.654352" lon="38.103272"><ele>138.4</ele><time>2026-07-06T11:00:10Z</time><extensions><gpxtpx:TrackPointExtension><gpxtpx:hr>154</gpxtpx:hr></gpxtpx:TrackPointExtension></extensions></trkpt><trkpt lat="56.654325" lon="38.103312"><ele>138.4</ele><time>2026-07-06T11:00:11Z</time><extensions><gpxtpx:TrackPointExtension><gpxtpx:hr>154</gpxtpx:hr></gpxtpx:TrackPointExtension></extensions></trkpt><trkpt lat="56.654297" lon="38.103352"><ele>138.4</ele><time>2026-07-06T11:00:12Z</time><extensions><gpxtpx:TrackPointExtension><gpxtpx:hr>155</gpxtpx:hr></gpxtpx:TrackPointExtension></extensions></trkpt><trkpt lat="56.654275" lon="38.103387"><ele>138.6</ele><time>2026-07-06T11:00:13Z</time><extensions><gpxtpx:TrackPointExtension><gpxtpx:hr>155</gpxtpx:hr></gpxtpx:TrackPointExtension></extensions></trkpt><trkpt lat="56.65425" lon="38.103425"><ele>138.6</ele><time>2026-07-06T11:00:14Z</time><extensions><gpxtpx:TrackPointExtension><gpxtpx:hr>155</gpxtpx:hr></gpxtpx:TrackPointExtension></extensions></trkpt><trkpt lat="56.654223" lon="38.103462"><ele>138.4</ele><time>2026-07-06T11:00:15Z</time><extensions><gpxtpx:TrackPointExtension><gpxtpx:hr>156</gpxtpx:hr></gpxtpx:TrackPointExtension></extensions></trkpt><trkpt lat="56.654197" lon="38.103502"><ele>138.4</ele><time>2026-07-06T11:00:16Z</time><extensions><gpxtpx:TrackPointExtension><gpxtpx:hr>156</gpxtpx:hr></gpxtpx:TrackPointExtension></extensions></trkpt><trkpt lat="56.654172" lon="38.103537"><ele>138.4</ele><time>2026-07-06T11:00:17Z</time><extensions><gpxtpx:TrackPointExtension><gpxtpx:hr>156</gpxtpx:hr></gpxtpx:TrackPointExtension></extensions></trkpt><trkpt lat="56.654145" lon="38.103572"><ele>138.4</ele><time>2026-07-06T11:00:18Z</time><extensions><gpxtpx:TrackPointExtension><gpxtpx:hr>157</gpxtpx:hr></gpxtpx:TrackPointExtension></extensions></trkpt><trkpt lat="56.654115" lon="38.103605"><ele>138.6</ele><time>2026-07-06T11:00:19Z</time><extensions><gpxtpx:TrackPointExtension><gpxtpx:hr>157</gpxtpx:hr></gpxtpx:TrackPointExtension></extensions></trkpt><trkpt lat="56.654087" lon="38.103642"><ele>138.6</ele><time>2026-07-06T11:00:20Z</time><extensions><gpxtpx:TrackPointExtension><gpxtpx:hr>158</gpxtpx:hr></gpxtpx:TrackPointExtension></extensions></trkpt><trkpt lat="56.654057" lon="38.103677"><ele>138.4</ele><time>2026-07-06T11:00:21Z</time><extensions><gpxtpx:TrackPointExtension><gpxtpx:hr>157</gpxtpx:hr></gpxtpx:TrackPointExtension></extensions></trkpt><trkpt lat="56.654027" lon="38.103717"><ele>138.4</ele><time>2026-07-06T11:00:22Z</time><extensions><gpxtpx:TrackPointExtension><gpxtpx:hr>157</gpxtpx:hr></gpxtpx:TrackPointExtension></extensions></trkpt><trkpt lat="56.654" lon="38.103757"><ele>138.4</ele><time>2026-07-06T11:00:23Z</time><extensions><gpxtpx:TrackPointExtension><gpxtpx:hr>158</gpxtpx:hr></gpxtpx:TrackPointExtension></extensions></trkpt><trkpt lat="56.653972" lon="38.103795"><ele>138.4</ele><time>2026-07-06T11:00:24Z</time><extensions><gpxtpx:TrackPointExtension><gpxtpx:hr>158</gpxtpx:hr></gpxtpx:TrackPointExtension></extensions></trkpt><trkpt lat="56.653947" lon="38.103827"><ele>138.4</ele><time>2026-07-06T11:00:25Z</time><extensions><gpxtpx:TrackPointExtension><gpxtpx:hr>159</gpxtpx:hr></gpxtpx:TrackPointExtension></extensions></trkpt><trkpt lat="56.653917" lon="38.103865"><ele>138.4</ele><time>2026-07-06T11:00:26Z</time><extensions><gpxtpx:TrackPointExtension><gpxtpx:hr>160</gpxtpx:hr></gpxtpx:TrackPointExtension></extensions></trkpt><trkpt lat="56.653892" lon="38.103902"><ele>138.4</ele><time>2026-07-06T11:00:27Z</time><extensions><gpxtpx:TrackPointExtension><gpxtpx:hr>160</gpxtpx:hr></gpxtpx:TrackPointExtension></extensions></trkpt><trkpt lat="56.653862" lon="38.103937"><ele>138.4</ele><time>2026-07-06T11:00:28Z</time><extensions><gpxtpx:TrackPointExtension><gpxtpx:hr>160</gpxtpx:hr></gpxtpx:TrackPointExtension></extensions></trkpt><trkpt lat="56.653835" lon="38.103977"><ele>138.4</ele><time>2026-07-06T11:00:29Z</time><extensions><gpxtpx:TrackPointExtension><gpxtpx:hr>160</gpxtpx:hr></gpxtpx:TrackPointExtension></extensions></trkpt><trkpt lat="56.653807" lon="38.10401"><ele>138.2</ele><time>2026-07-06T11:00:30Z</time><extensions><gpxtpx:TrackPointExtension><gpxtpx:hr>161</gpxtpx:hr></gpxtpx:TrackPointExtension></extensions></trkpt><trkpt lat="56.65378" lon="38.104045"><ele>138.2</ele><time>2026-07-06T11:00:31Z</time><extensions><gpxtpx:TrackPointExtension><gpxtpx:hr>161</gpxtpx:hr></gpxtpx:TrackPointExtension></extensions></trkpt><trkpt lat="56.653755" lon="38.104077"><ele>138.2</ele><time>2026-07-06T11:00:32Z</time><extensions><gpxtpx:TrackPointExtension><gpxtpx:hr>161</gpxtpx:hr></gpxtpx:TrackPointExtension></extensions></trkpt><trkpt lat="56.653727" lon="38.104115"><ele>138.2</ele><time>2026-07-06T11:00:33Z</time><extensions><gpxtpx:TrackPointExtension><gpxtpx:hr>161</gpxtpx:hr></gpxtpx:TrackPointExtension></extensions></trkpt><trkpt lat="56.653702" lon="38.104147"><ele>138.2</ele><time>2026-07-06T11:00:34Z</time><extensions><gpxtpx:TrackPointExtension><gpxtpx:hr>162</gpxtpx:hr></gpxtpx:TrackPointExtension></extensions></trkpt><trkpt lat="56.653675" lon="38.10418"><ele>138.2</ele><time>2026-07-06T11:00:35Z</time><extensions><gpxtpx:TrackPointExtension><gpxtpx:hr>162</gpxtpx:hr></gpxtpx:TrackPointExtension></extensions></trkpt><trkpt lat="56.653652" lon="38.104212"><ele>138.2</ele><time>2026-07-06T11:00:36Z</time><extensions><gpxtpx:TrackPointExtension><gpxtpx:hr>162</gpxtpx:hr></gpxtpx:TrackPointExtension></extensions></trkpt><trkpt lat="56.653625" lon="38.104242"><ele>138.2</ele><time>2026-07-06T11:00:37Z</time><extensions><gpxtpx:TrackPointExtension><gpxtpx:hr>162</gpxtpx:hr></gpxtpx:TrackPointExtension></extensions></trkpt><trkpt lat="56.6536" lon="38.104277"><ele>138.2</ele><time>2026-07-06T11:00:38Z</time><extensions><gpxtpx:TrackPointExtension><gpxtpx:hr>163</gpxtpx:hr></gpxtpx:TrackPointExtension></extensions></trkpt><trkpt lat="56.653575" lon="38.104307"><ele>138.2</ele><time>2026-07-06T11:00:39Z</time><extensions><gpxtpx:TrackPointExtension><gpxtpx:hr>163</gpxtpx:hr></gpxtpx:TrackPointExtension></extensions></trkpt><trkpt lat="56.653547" lon="38.104347"><ele>138.2</ele><time>2026-07-06T11:00:40Z</time><extensions><gpxtpx:TrackPointExtension><gpxtpx:hr>163</gpxtpx:hr></gpxtpx:TrackPointExtension></extensions></trkpt><trkpt lat="56.653527" lon="38.104382"><ele>138.2</ele><time>2026-07-06T11:00:41Z</time><extensions><gpxtpx:TrackPointExtension><gpxtpx:hr>163</gpxtpx:hr></gpxtpx:TrackPointExtension></extensions></trkpt><trkpt lat="56.653497" lon="38.104415"><ele>138.4</ele><time>2026-07-06T11:00:42Z</time><extensions><gpxtpx:TrackPointExtension><gpxtpx:hr>163</gpxtpx:hr></gpxtpx:TrackPointExtension></extensions></trkpt><trkpt lat="56.65347" lon="38.104447"><ele>138.4</ele><time>2026-07-06T11:00:43Z</time><extensions><gpxtpx:TrackPointExtension><gpxtpx:hr>162</gpxtpx:hr></gpxtpx:TrackPointExtension></extensions></trkpt><trkpt lat="56.653442" lon="38.104477"><ele>138.4</ele><time>2026-07-06T11:00:44Z</time><extensions><gpxtpx:TrackPointExtension><gpxtpx:hr>162</gpxtpx:hr></gpxtpx:TrackPointExtension></extensions></trkpt><trkpt lat="56.653412" lon="38.104512"><ele>138.4</ele><time>2026-07-06T11:00:45Z</time><extensions><gpxtpx:TrackPointExtension><gpxtpx:hr>162</gpxtpx:hr></gpxtpx:TrackPointExtension></extensions></trkpt><trkpt lat="56.653387" lon="38.104547"><ele>138.4</ele><time>2026-07-06T11:00:46Z</time><extensions><gpxtpx:TrackPointExtension><gpxtpx:hr>162</gpxtpx:hr></gpxtpx:TrackPointExtension></extensions></trkpt><trkpt lat="56.653362" lon="38.104582"><ele>138.2</ele><time>2026-07-06T11:00:47Z</time><extensions><gpxtpx:TrackPointExtension><gpxtpx:hr>163</gpxtpx:hr></gpxtpx:TrackPointExtension></extensions></trkpt><trkpt lat="56.653332" lon="38.104617"><ele>138.2</ele><time>2026-07-06T11:00:48Z</time><extensions><gpxtpx:TrackPointExtension><gpxtpx:hr>163</gpxtpx:hr></gpxtpx:TrackPointExtension></extensions></trkpt><trkpt lat="56.653305" lon="38.104652"><ele>138.4</ele><time>2026-07-06T11:00:49Z</time><extensions><gpxtpx:TrackPointExtension><gpxtpx:hr>163</gpxtpx:hr></gpxtpx:TrackPointExtension></extensions></trkpt><trkpt lat="56.653277" lon="38.104697"><ele>138.2</ele><time>2026-07-06T11:00:50Z</time><extensions><gpxtpx:TrackPointExtension><gpxtpx:hr>164</gpxtpx:hr></gpxtpx:TrackPointExtension></extensions></trkpt><trkpt lat="56.653252" lon="38.104735"><ele>138.2</ele><time>2026-07-06T11:00:51Z</time><extensions><gpxtpx:TrackPointExtension><gpxtpx:hr>164</gpxtpx:hr></gpxtpx:TrackPointExtension></extensions></trkpt><trkpt lat="56.653227" lon="38.104777"><ele>138.2</ele><time>2026-07-06T11:00:52Z</time><extensions><gpxtpx:TrackPointExtension><gpxtpx:hr>163</gpxtpx:hr></gpxtpx:TrackPointExtension></extensions></trkpt><trkpt lat="56.653197" lon="38.104812"><ele>138.2</ele><time>2026-07-06T11:00:53Z</time><extensions><gpxtpx:TrackPointExtension><gpxtpx:hr>163</gpxtpx:hr></gpxtpx:TrackPointExtension></extensions></trkpt><trkpt lat="56.653172" lon="38.10485"><ele>138.2</ele><time>2026-07-06T11:00:54Z</time><extensions><gpxtpx:TrackPointExtension><gpxtpx:hr>163</gpxtpx:hr></gpxtpx:TrackPointExtension></extensions></trkpt><trkpt lat="56.653147" lon="38.104887"><ele>138.2</ele><time>2026-07-06T11:00:55Z</time><extensions><gpxtpx:TrackPointExtension><gpxtpx:hr>164</gpxtpx:hr></gpxtpx:TrackPointExtension></extensions></trkpt><trkpt lat="56.653125" lon="38.104927"><ele>138.0</ele><time>2026-07-06T11:00:56Z</time><extensions><gpxtpx:TrackPointExtension><gpxtpx:hr>163</gpxtpx:hr></gpxtpx:TrackPointExtension></extensions></trkpt><trkpt lat="56.653097" lon="38.104967"><ele>138.0</ele><time>2026-07-06T11:00:57Z</time><extensions><gpxtpx:TrackPointExtension><gpxtpx:hr>164</gpxtpx:hr></gpxtpx:TrackPointExtension></extensions></trkpt><trkpt lat="56.653072" lon="38.105012"><ele>137.8</ele><time>2026-07-06T11:00:58Z</time><extensions><gpxtpx:TrackPointExtension><gpxtpx:hr>163</gpxtpx:hr></gpxtpx:TrackPointExtension></extensions></trkpt><trkpt lat="56.653052" lon="38.105055"><ele>137.8</ele><time>2026-07-06T11:00:59Z</time><extensions><gpxtpx:TrackPointExtension><gpxtpx:hr>163</gpxtpx:hr></gpxtpx:TrackPointExtension></extensions></trkpt><trkpt lat="56.653027" lon="38.105102"><ele>137.6</ele><time>2026-07-06T11:01:00Z</time><extensions><gpxtpx:TrackPointExtension><gpxtpx:hr>163</gpxtpx:hr></gpxtpx:TrackPointExtension></extensions></trkpt><trkpt lat="56.653007" lon="38.105142"><ele>137.6</ele><time>2026-07-06T11:01:01Z</time><extensions><gpxtpx:TrackPointExtension><gpxtpx:hr>163</gpxtpx:hr></gpxtpx:TrackPointExtension></extensions></trkpt><trkpt lat="56.652987" lon="38.105185"><ele>137.6</ele><time>2026-07-06T11:01:02Z</time><extensions><gpxtpx:TrackPointExtension><gpxtpx:hr>163</gpxtpx:hr></gpxtpx:TrackPointExtension></extensions></trkpt><trkpt lat="56.652965" lon="38.105223"><ele>137.6</ele><time>2026-07-06T11:01:03Z</time><extensions><gpxtpx:TrackPointExtension><gpxtpx:hr>164</gpxtpx:hr></gpxtpx:TrackPointExtension></extensions></trkpt><trkpt lat="56.652942" lon="38.105265"><ele>137.8</ele><time>2026-07-06T11:01:04Z</time><extensions><gpxtpx:TrackPointExtension><gpxtpx:hr>164</gpxtpx:hr></gpxtpx:TrackPointExtension></extensions></trkpt><trkpt lat="56.652917" lon="38.105307"><ele>137.8</ele><time>2026-07-06T11:01:05Z</time><extensions><gpxtpx:TrackPointExtension><gpxtpx:hr>164</gpxtpx:hr></gpxtpx:TrackPointExtension></extensions></trkpt><trkpt lat="56.652897" lon="38.105342"><ele>137.8</ele><time>2026-07-06T11:01:06Z</time><extensions><gpxtpx:TrackPointExtension><gpxtpx:hr>164</gpxtpx:hr></gpxtpx:TrackPointExtension></extensions></trkpt><trkpt lat="56.652872" lon="38.105385"><ele>137.8</ele><time>2026-07-06T11:01:07Z</time><extensions><gpxtpx:TrackPointExtension><gpxtpx:hr>164</gpxtpx:hr></gpxtpx:TrackPointExtension></extensions></trkpt><trkpt lat="56.652852" lon="38.105427"><ele>137.8</ele><time>2026-07-06T11:01:08Z</time><extensions><gpxtpx:TrackPointExtension><gpxtpx:hr>163</gpxtpx:hr></gpxtpx:TrackPointExtension></extensions></trkpt><trkpt lat="56.652832" lon="38.105472"><ele>137.8</ele><time>2026-07-06T11:01:09Z</time><extensions><gpxtpx:TrackPointExtension><gpxtpx:hr>163</gpxtpx:hr></gpxtpx:TrackPointExtension></extensions></trkpt><trkpt lat="56.65281" lon="38.105518"><ele>137.8</ele><time>2026-07-06T11:01:10Z</time><extensions><gpxtpx:TrackPointExtension><gpxtpx:hr>163</gpxtpx:hr></gpxtpx:TrackPointExtension></extensions></trkpt><trkpt lat="56.652787" lon="38.105567"><ele>137.8</ele><time>2026-07-06T11:01:11Z</time><extensions><gpxtpx:TrackPointExtension><gpxtpx:hr>163</gpxtpx:hr></gpxtpx:TrackPointExtension></extensions></trkpt><trkpt lat="56.65277" lon="38.105612"><ele>137.8</ele><time>2026-07-06T11:01:12Z</time><extensions><gpxtpx:TrackPointExtension><gpxtpx:hr>162</gpxtpx:hr></gpxtpx:TrackPointExtension></extensions></trkpt><trkpt lat="56.652747" lon="38.105657"><ele>137.8</ele><time>2026-07-06T11:01:13Z</time><extensions><gpxtpx:TrackPointExtension><gpxtpx:hr>163</gpxtpx:hr></gpxtpx:TrackPointExtension></extensions></trkpt><trkpt lat="56.652727" lon="38.105707"><ele>137.8</ele><time>2026-07-06T11:01:14Z</time><extensions><gpxtpx:TrackPointExtension><gpxtpx:hr>164</gpxtpx:hr></gpxtpx:TrackPointExtension></extensions></trkpt><trkpt lat="56.652707" lon="38.105757"><ele>137.8</ele><time>2026-07-06T11:01:15Z</time><extensions><gpxtpx:TrackPointExtension><gpxtpx:hr>163</gpxtpx:hr></gpxtpx:TrackPointExtension></extensions></trkpt><trkpt lat="56.652687" lon="38.105805"><ele>137.8</ele><time>2026-07-06T11:01:16Z</time><extensions><gpxtpx:TrackPointExtension><gpxtpx:hr>164</gpxtpx:hr></gpxtpx:TrackPointExtension></extensions></trkpt><trkpt lat="56.652667" lon="38.105852"><ele>137.8</ele><time>2026-07-06T11:01:17Z</time><extensions><gpxtpx:TrackPointExtension><gpxtpx:hr>165</gpxtpx:hr></gpxtpx:TrackPointExtension></extensions></trkpt><trkpt lat="56.652647" lon="38.105895"><ele>137.8</ele><time>2026-07-06T11:01:18Z</time><extensions><gpxtpx:TrackPointExtension><gpxtpx:hr>165</gpxtpx:hr></gpxtpx:TrackPointExtension></extensions></trkpt><trkpt lat="56.652627" lon="38.105937"><ele>137.8</ele><time>2026-07-06T11:01:19Z</time><extensions><gpxtpx:TrackPointExtension><gpxtpx:hr>166</gpxtpx:hr></gpxtpx:TrackPointExtension></extensions></trkpt><trkpt lat="56.652607" lon="38.10598"><ele>137.8</ele><time>2026-07-06T11:01:20Z</time><extensions><gpxtpx:TrackPointExtension><gpxtpx:hr>165</gpxtpx:hr></gpxtpx:TrackPointExtension></extensions></trkpt><trkpt lat="56.652585" lon="38.106022"><ele>137.8</ele><time>2026-07-06T11:01:21Z</time><extensions><gpxtpx:TrackPointExtension><gpxtpx:hr>165</gpxtpx:hr></gpxtpx:TrackPointExtension></extensions></trkpt><trkpt lat="56.652562" lon="38.106067"><ele>137.8</ele><time>2026-07-06T11:01:22Z</time><extensions><gpxtpx:TrackPointExtension><gpxtpx:hr>165</gpxtpx:hr></gpxtpx:TrackPointExtension></extensions></trkpt><trkpt lat="56.652542" lon="38.106115"><ele>137.8</ele><time>2026-07-06T11:01:23Z</time><extensions><gpxtpx:TrackPointExtension><gpxtpx:hr>165</gpxtpx:hr></gpxtpx:TrackPointExtension></extensions></trkpt><trkpt lat="56.652525" lon="38.106167"><ele>137.6</ele><time>2026-07-06T11:01:24Z</time><extensions><gpxtpx:TrackPointExtension><gpxtpx:hr>165</gpxtpx:hr></gpxtpx:TrackPointExtension></extensions></trkpt><trkpt lat="56.652505" lon="38.106208"><ele>137.6</ele><time>2026-07-06T11:01:25Z</time><extensions><gpxtpx:TrackPointExtension><gpxtpx:hr>165</gpxtpx:hr></gpxtpx:TrackPointExtension></extensions></trkpt><trkpt lat="56.652478" lon="38.106247"><ele>137.6</ele><time>2026-07-06T11:01:26Z</time><extensions><gpxtpx:TrackPointExtension><gpxtpx:hr>165</gpxtpx:hr></gpxtpx:TrackPointExtension></extensions></trkpt><trkpt lat="56.652457" lon="38.106292"><ele>137.6</ele><time>2026-07-06T11:01:27Z</time><extensions><gpxtpx:TrackPointExtension><gpxtpx:hr>165</gpxtpx:hr></gpxtpx:TrackPointExtension></extensions></trkpt><trkpt lat="56.652447" lon="38.106337"><ele>137.4</ele><time>2026-07-06T11:01:28Z</time><extensions><gpxtpx:TrackPointExtension><gpxtpx:hr>165</gpxtpx:hr></gpxtpx:TrackPointExtension></extensions></trkpt><trkpt lat="56.652447" lon="38.106377"><ele>137.6</ele><time>2026-07-06T11:01:29Z</time><extensions><gpxtpx:TrackPointExtension><gpxtpx:hr>165</gpxtpx:hr></gpxtpx:TrackPointExtension></extensions></trkpt><trkpt lat="56.652462" lon="38.106322"><ele>137.4</ele><time>2026-07-06T11:01:32Z</time><extensions><gpxtpx:TrackPointExtension><gpxtpx:hr>164</gpxtpx:hr></gpxtpx:TrackPointExtension></extensions></trkpt><trkpt lat="56.652477" lon="38.10627"><ele>137.4</ele><time>2026-07-06T11:01:33Z</time><extensions><gpxtpx:TrackPointExtension><gpxtpx:hr>164</gpxtpx:hr></gpxtpx:TrackPointExtension></extensions></trkpt><trkpt lat="56.652492" lon="38.106217"><ele>137.6</ele><time>2026-07-06T11:01:34Z</time><extensions><gpxtpx:TrackPointExtension><gpxtpx:hr>164</gpxtpx:hr></gpxtpx:TrackPointExtension></extensions></trkpt><trkpt lat="56.652512" lon="38.106152"><ele>137.6</ele><time>2026-07-06T11:01:35Z</time><extensions><gpxtpx:TrackPointExtension><gpxtpx:hr>164</gpxtpx:hr></gpxtpx:TrackPointExtension></extensions></trkpt><trkpt lat="56.652537" lon="38.106092"><ele>137.6</ele><time>2026-07-06T11:01:36Z</time><extensions><gpxtpx:TrackPointExtension><gpxtpx:hr>164</gpxtpx:hr></gpxtpx:TrackPointExtension></extensions></trkpt><trkpt lat="56.65256" lon="38.106035"><ele>137.6</ele><time>2026-07-06T11:01:37Z</time><extensions><gpxtpx:TrackPointExtension><gpxtpx:hr>164</gpxtpx:hr></gpxtpx:TrackPointExtension></extensions></trkpt><trkpt lat="56.652585" lon="38.10598"><ele>137.6</ele><time>2026-07-06T11:01:38Z</time><extensions><gpxtpx:TrackPointExtension><gpxtpx:hr>164</gpxtpx:hr></gpxtpx:TrackPointExtension></extensions></trkpt><trkpt lat="56.652607" lon="38.105932"><ele>137.6</ele><time>2026-07-06T11:01:39Z</time><extensions><gpxtpx:TrackPointExtension><gpxtpx:hr>164</gpxtpx:hr></gpxtpx:TrackPointExtension></extensions></trkpt><trkpt lat="56.652632" lon="38.105882"><ele>137.6</ele><time>2026-07-06T11:01:40Z</time><extensions><gpxtpx:TrackPointExtension><gpxtpx:hr>164</gpxtpx:hr></gpxtpx:TrackPointExtension></extensions></trkpt><trkpt lat="56.652657" lon="38.105837"><ele>137.8</ele><time>2026-07-06T11:01:41Z</time><extensions><gpxtpx:TrackPointExtension><gpxtpx:hr>163</gpxtpx:hr></gpxtpx:TrackPointExtension></extensions></trkpt><trkpt lat="56.65268" lon="38.105787"><ele>137.8</ele><time>2026-07-06T11:01:42Z</time><extensions><gpxtpx:TrackPointExtension><gpxtpx:hr>163</gpxtpx:hr></gpxtpx:TrackPointExtension></extensions></trkpt><trkpt lat="56.652702" lon="38.105737"><ele>137.8</ele><time>2026-07-06T11:01:43Z</time><extensions><gpxtpx:TrackPointExtension><gpxtpx:hr>163</gpxtpx:hr></gpxtpx:TrackPointExtension></extensions></trkpt><trkpt lat="56.652727" lon="38.105692"><ele>137.6</ele><time>2026-07-06T11:01:44Z</time><extensions><gpxtpx:TrackPointExtension><gpxtpx:hr>163</gpxtpx:hr></gpxtpx:TrackPointExtension></extensions></trkpt><trkpt lat="56.65275" lon="38.105642"><ele>137.6</ele><time>2026-07-06T11:01:45Z</time><extensions><gpxtpx:TrackPointExtension><gpxtpx:hr>162</gpxtpx:hr></gpxtpx:TrackPointExtension></extensions></trkpt><trkpt lat="56.652772" lon="38.1056"><ele>137.8</ele><time>2026-07-06T11:01:46Z</time><extensions><gpxtpx:TrackPointExtension><gpxtpx:hr>162</gpxtpx:hr></gpxtpx:TrackPointExtension></extensions></trkpt><trkpt lat="56.6528" lon="38.105557"><ele>137.8</ele><time>2026-07-06T11:01:47Z</time><extensions><gpxtpx:TrackPointExtension><gpxtpx:hr>163</gpxtpx:hr></gpxtpx:TrackPointExtension></extensions></trkpt><trkpt lat="56.652827" lon="38.105512"><ele>137.6</ele><time>2026-07-06T11:01:48Z</time><extensions><gpxtpx:TrackPointExtension><gpxtpx:hr>163</gpxtpx:hr></gpxtpx:TrackPointExtension></extensions></trkpt><trkpt lat="56.652852" lon="38.105472"><ele>137.6</ele><time>2026-07-06T11:01:49Z</time><extensions><gpxtpx:TrackPointExtension><gpxtpx:hr>163</gpxtpx:hr></gpxtpx:TrackPointExtension></extensions></trkpt><trkpt lat="56.652877" lon="38.105435"><ele>137.8</ele><time>2026-07-06T11:01:50Z</time><extensions><gpxtpx:TrackPointExtension><gpxtpx:hr>163</gpxtpx:hr></gpxtpx:TrackPointExtension></extensions></trkpt><trkpt lat="56.652905" lon="38.105397"><ele>137.8</ele><time>2026-07-06T11:01:51Z</time><extensions><gpxtpx:TrackPointExtension><gpxtpx:hr>163</gpxtpx:hr></gpxtpx:TrackPointExtension></extensions></trkpt><trkpt lat="56.652928" lon="38.105357"><ele>137.8</ele><time>2026-07-06T11:01:52Z</time><extensions><gpxtpx:TrackPointExtension><gpxtpx:hr>164</gpxtpx:hr></gpxtpx:TrackPointExtension></extensions></trkpt><trkpt lat="56.652952" lon="38.105315"><ele>137.8</ele><time>2026-07-06T11:01:53Z</time><extensions><gpxtpx:TrackPointExtension><gpxtpx:hr>164</gpxtpx:hr></gpxtpx:TrackPointExtension></extensions></trkpt><trkpt lat="56.652977" lon="38.105277"><ele>137.8</ele><time>2026-07-06T11:01:54Z</time><extensions><gpxtpx:TrackPointExtension><gpxtpx:hr>164</gpxtpx:hr></gpxtpx:TrackPointExtension></extensions></trkpt><trkpt lat="56.653002" lon="38.10523"><ele>137.6</ele><time>2026-07-06T11:01:55Z</time><extensions><gpxtpx:TrackPointExtension><gpxtpx:hr>164</gpxtpx:hr></gpxtpx:TrackPointExtension></extensions></trkpt><trkpt lat="56.653027" lon="38.105192"><ele>137.6</ele><time>2026-07-06T11:01:56Z</time><extensions><gpxtpx:TrackPointExtension><gpxtpx:hr>164</gpxtpx:hr></gpxtpx:TrackPointExtension></extensions></trkpt><trkpt lat="56.653052" lon="38.10515"><ele>137.8</ele><time>2026-07-06T11:01:57Z</time><extensions><gpxtpx:TrackPointExtension><gpxtpx:hr>165</gpxtpx:hr></gpxtpx:TrackPointExtension></extensions></trkpt><trkpt lat="56.653075" lon="38.105107"><ele>137.8</ele><time>2026-07-06T11:01:58Z</time><extensions><gpxtpx:TrackPointExtension><gpxtpx:hr>164</gpxtpx:hr></gpxtpx:TrackPointExtension></extensions></trkpt><trkpt lat="56.653097" lon="38.105065"><ele>137.6</ele><time>2026-07-06T11:01:59Z</time><extensions><gpxtpx:TrackPointExtension><gpxtpx:hr>165</gpxtpx:hr></gpxtpx:TrackPointExtension></extensions></trkpt><trkpt lat="56.653122" lon="38.10502"><ele>137.6</ele><time>2026-07-06T11:02:00Z</time><extensions><gpxtpx:TrackPointExtension><gpxtpx:hr>164</gpxtpx:hr></gpxtpx:TrackPointExtension></extensions></trkpt><trkpt lat="56.653147" lon="38.104977"><ele>137.8</ele><time>2026-07-06T11:02:01Z</time><extensions><gpxtpx:TrackPointExtension><gpxtpx:hr>164</gpxtpx:hr></gpxtpx:TrackPointExtension></extensions></trkpt><trkpt lat="56.653172" lon="38.10494"><ele>137.8</ele><time>2026-07-06T11:02:02Z</time><extensions><gpxtpx:TrackPointExtension><gpxtpx:hr>164</gpxtpx:hr></gpxtpx:TrackPointExtension></extensions></trkpt><trkpt lat="56.653195" lon="38.104902"><ele>137.8</ele><time>2026-07-06T11:02:03Z</time><extensions><gpxtpx:TrackPointExtension><gpxtpx:hr>164</gpxtpx:hr></gpxtpx:TrackPointExtension></extensions></trkpt><trkpt lat="56.65322" lon="38.104865"><ele>137.8</ele><time>2026-07-06T11:02:04Z</time><extensions><gpxtpx:TrackPointExtension><gpxtpx:hr>164</gpxtpx:hr></gpxtpx:TrackPointExtension></extensions></trkpt><trkpt lat="56.653247" lon="38.104825"><ele>138.0</ele><time>2026-07-06T11:02:05Z</time><extensions><gpxtpx:TrackPointExtension><gpxtpx:hr>165</gpxtpx:hr></gpxtpx:TrackPointExtension></extensions></trkpt><trkpt lat="56.653272" lon="38.104787"><ele>138.0</ele><time>2026-07-06T11:02:06Z</time><extensions><gpxtpx:TrackPointExtension><gpxtpx:hr>165</gpxtpx:hr></gpxtpx:TrackPointExtension></extensions></trkpt><trkpt lat="56.6533" lon="38.104755"><ele>138.2</ele><time>2026-07-06T11:02:07Z</time><extensions><gpxtpx:TrackPointExtension><gpxtpx:hr>164</gpxtpx:hr></gpxtpx:TrackPointExtension></extensions></trkpt><trkpt lat="56.653327" lon="38.104722"><ele>138.2</ele><time>2026-07-06T11:02:08Z</time><extensions><gpxtpx:TrackPointExtension><gpxtpx:hr>165</gpxtpx:hr></gpxtpx:TrackPointExtension></extensions></trkpt><trkpt lat="56.653352" lon="38.104682"><ele>138.0</ele><time>2026-07-06T11:02:09Z</time><extensions><gpxtpx:TrackPointExtension><gpxtpx:hr>165</gpxtpx:hr></gpxtpx:TrackPointExtension></extensions></trkpt><trkpt lat="56.653378" lon="38.104645"><ele>138.2</ele><time>2026-07-06T11:02:10Z</time><extensions><gpxtpx:TrackPointExtension><gpxtpx:hr>165</gpxtpx:hr></gpxtpx:TrackPointExtension></extensions></trkpt><trkpt lat="56.653407" lon="38.104607"><ele>138.2</ele><time>2026-07-06T11:02:11Z</time><extensions><gpxtpx:TrackPointExtension><gpxtpx:hr>165</gpxtpx:hr></gpxtpx:TrackPointExtension></extensions></trkpt><trkpt lat="56.653437" lon="38.104572"><ele>138.2</ele><time>2026-07-06T11:02:12Z</time><extensions><gpxtpx:TrackPointExtension><gpxtpx:hr>165</gpxtpx:hr></gpxtpx:TrackPointExtension></extensions></trkpt><trkpt lat="56.653462" lon="38.104537"><ele>138.2</ele><time>2026-07-06T11:02:13Z</time><extensions><gpxtpx:TrackPointExtension><gpxtpx:hr>166</gpxtpx:hr></gpxtpx:TrackPointExtension></extensions></trkpt><trkpt lat="56.65349" lon="38.104505"><ele>138.2</ele><time>2026-07-06T11:02:14Z</time><extensions><gpxtpx:TrackPointExtension><gpxtpx:hr>166</gpxtpx:hr></gpxtpx:TrackPointExtension></extensions></trkpt><trkpt lat="56.653515" lon="38.104472"><ele>138.2</ele><time>2026-07-06T11:02:15Z</time><extensions><gpxtpx:TrackPointExtension><gpxtpx:hr>165</gpxtpx:hr></gpxtpx:TrackPointExtension></extensions></trkpt><trkpt lat="56.65354" lon="38.104437"><ele>138.2</ele><time>2026-07-06T11:02:16Z</time><extensions><gpxtpx:TrackPointExtension><gpxtpx:hr>165</gpxtpx:hr></gpxtpx:TrackPointExtension></extensions></trkpt><trkpt lat="56.653567" lon="38.104402"><ele>138.2</ele><time>2026-07-06T11:02:17Z</time><extensions><gpxtpx:TrackPointExtension><gpxtpx:hr>165</gpxtpx:hr></gpxtpx:TrackPointExtension></extensions></trkpt><trkpt lat="56.653592" lon="38.10437"><ele>138.2</ele><time>2026-07-06T11:02:18Z</time><extensions><gpxtpx:TrackPointExtension><gpxtpx:hr>165</gpxtpx:hr></gpxtpx:TrackPointExtension></extensions></trkpt><trkpt lat="56.653617" lon="38.104332"><ele>138.4</ele><time>2026-07-06T11:02:19Z</time><extensions><gpxtpx:TrackPointExtension><gpxtpx:hr>166</gpxtpx:hr></gpxtpx:TrackPointExtension></extensions></trkpt><trkpt lat="56.653645" lon="38.1043"><ele>138.4</ele><time>2026-07-06T11:02:20Z</time><extensions><gpxtpx:TrackPointExtension><gpxtpx:hr>166</gpxtpx:hr></gpxtpx:TrackPointExtension></extensions></trkpt><trkpt lat="56.653672" lon="38.104267"><ele>138.4</ele><time>2026-07-06T11:02:21Z</time><extensions><gpxtpx:TrackPointExtension><gpxtpx:hr>165</gpxtpx:hr></gpxtpx:TrackPointExtension></extensions></trkpt><trkpt lat="56.653695" lon="38.104232"><ele>138.4</ele><time>2026-07-06T11:02:22Z</time><extensions><gpxtpx:TrackPointExtension><gpxtpx:hr>165</gpxtpx:hr></gpxtpx:TrackPointExtension></extensions></trkpt><trkpt lat="56.65372" lon="38.104202"><ele>138.4</ele><time>2026-07-06T11:02:23Z</time><extensions><gpxtpx:TrackPointExtension><gpxtpx:hr>164</gpxtpx:hr></gpxtpx:TrackPointExtension></extensions></trkpt><trkpt lat="56.653747" lon="38.104167"><ele>138.4</ele><time>2026-07-06T11:02:24Z</time><extensions><gpxtpx:TrackPointExtension><gpxtpx:hr>164</gpxtpx:hr></gpxtpx:TrackPointExtension></extensions></trkpt><trkpt lat="56.653775" lon="38.10413"><ele>138.2</ele><time>2026-07-06T11:02:25Z</time><extensions><gpxtpx:TrackPointExtension><gpxtpx:hr>164</gpxtpx:hr></gpxtpx:TrackPointExtension></extensions></trkpt><trkpt lat="56.653802" lon="38.104092"><ele>138.2</ele><time>2026-07-06T11:02:26Z</time><extensions><gpxtpx:TrackPointExtension><gpxtpx:hr>164</gpxtpx:hr></gpxtpx:TrackPointExtension></extensions></trkpt><trkpt lat="56.653827" lon="38.104057"><ele>138.4</ele><time>2026-07-06T11:02:27Z</time><extensions><gpxtpx:TrackPointExtension><gpxtpx:hr>164</gpxtpx:hr></gpxtpx:TrackPointExtension></extensions></trkpt><trkpt lat="56.653855" lon="38.104025"><ele>138.4</ele><time>2026-07-06T11:02:28Z</time><extensions><gpxtpx:TrackPointExtension><gpxtpx:hr>164</gpxtpx:hr></gpxtpx:TrackPointExtension></extensions></trkpt><trkpt lat="56.653882" lon="38.103992"><ele>138.4</ele><time>2026-07-06T11:02:29Z</time><extensions><gpxtpx:TrackPointExtension><gpxtpx:hr>165</gpxtpx:hr></gpxtpx:TrackPointExtension></extensions></trkpt><trkpt lat="56.653907" lon="38.103957"><ele>138.4</ele><time>2026-07-06T11:02:30Z</time><extensions><gpxtpx:TrackPointExtension><gpxtpx:hr>165</gpxtpx:hr></gpxtpx:TrackPointExtension></extensions></trkpt><trkpt lat="56.653932" lon="38.103917"><ele>138.4</ele><time>2026-07-06T11:02:31Z</time><extensions><gpxtpx:TrackPointExtension><gpxtpx:hr>165</gpxtpx:hr></gpxtpx:TrackPointExtension></extensions></trkpt><trkpt lat="56.65396" lon="38.103887"><ele>138.6</ele><time>2026-07-06T11:02:32Z</time><extensions><gpxtpx:TrackPointExtension><gpxtpx:hr>166</gpxtpx:hr></gpxtpx:TrackPointExtension></extensions></trkpt><trkpt lat="56.653985" lon="38.103855"><ele>138.6</ele><time>2026-07-06T11:02:33Z</time><extensions><gpxtpx:TrackPointExtension><gpxtpx:hr>166</gpxtpx:hr></gpxtpx:TrackPointExtension></extensions></trkpt><trkpt lat="56.65401" lon="38.103817"><ele>138.6</ele><time>2026-07-06T11:02:34Z</time><extensions><gpxtpx:TrackPointExtension><gpxtpx:hr>166</gpxtpx:hr></gpxtpx:TrackPointExtension></extensions></trkpt><trkpt lat="56.654037" lon="38.103787"><ele>138.6</ele><time>2026-07-06T11:02:35Z</time><extensions><gpxtpx:TrackPointExtension><gpxtpx:hr>165</gpxtpx:hr></gpxtpx:TrackPointExtension></extensions></trkpt><trkpt lat="56.654062" lon="38.103752"><ele>138.6</ele><time>2026-07-06T11:02:36Z</time><extensions><gpxtpx:TrackPointExtension><gpxtpx:hr>166</gpxtpx:hr></gpxtpx:TrackPointExtension></extensions></trkpt><trkpt lat="56.65409" lon="38.103722"><ele>138.8</ele><time>2026-07-06T11:02:37Z</time><extensions><gpxtpx:TrackPointExtension><gpxtpx:hr>166</gpxtpx:hr></gpxtpx:TrackPointExtension></extensions></trkpt><trkpt lat="56.654117" lon="38.103685"><ele>138.8</ele><time>2026-07-06T11:02:38Z</time><extensions><gpxtpx:TrackPointExtension><gpxtpx:hr>166</gpxtpx:hr></gpxtpx:TrackPointExtension></extensions></trkpt><trkpt lat="56.654142" lon="38.10365"><ele>138.8</ele><time>2026-07-06T11:02:39Z</time><extensions><gpxtpx:TrackPointExtension><gpxtpx:hr>166</gpxtpx:hr></gpxtpx:TrackPointExtension></extensions></trkpt><trkpt lat="56.654167" lon="38.103615"><ele>138.8</ele><time>2026-07-06T11:02:40Z</time><extensions><gpxtpx:TrackPointExtension><gpxtpx:hr>166</gpxtpx:hr></gpxtpx:TrackPointExtension></extensions></trkpt><trkpt lat="56.654195" lon="38.103577"><ele>139.0</ele><time>2026-07-06T11:02:41Z</time><extensions><gpxtpx:TrackPointExtension><gpxtpx:hr>166</gpxtpx:hr></gpxtpx:TrackPointExtension></extensions></trkpt><trkpt lat="56.654217" lon="38.103545"><ele>139.0</ele><time>2026-07-06T11:02:42Z</time><extensions><gpxtpx:TrackPointExtension><gpxtpx:hr>166</gpxtpx:hr></gpxtpx:TrackPointExtension></extensions></trkpt><trkpt lat="56.654242" lon="38.103507"><ele>139.2</ele><time>2026-07-06T11:02:43Z</time><extensions><gpxtpx:TrackPointExtension><gpxtpx:hr>166</gpxtpx:hr></gpxtpx:TrackPointExtension></extensions></trkpt><trkpt lat="56.654267" lon="38.103472"><ele>139.2</ele><time>2026-07-06T11:02:44Z</time><extensions><gpxtpx:TrackPointExtension><gpxtpx:hr>166</gpxtpx:hr></gpxtpx:TrackPointExtension></extensions></trkpt><trkpt lat="56.654292" lon="38.103435"><ele>139.6</ele><time>2026-07-06T11:02:45Z</time><extensions><gpxtpx:TrackPointExtension><gpxtpx:hr>166</gpxtpx:hr></gpxtpx:TrackPointExtension></extensions></trkpt><trkpt lat="56.654315" lon="38.103397"><ele>139.6</ele><time>2026-07-06T11:02:46Z</time><extensions><gpxtpx:TrackPointExtension><gpxtpx:hr>166</gpxtpx:hr></gpxtpx:TrackPointExtension></extensions></trkpt><trkpt lat="56.654342" lon="38.103362"><ele>139.6</ele><time>2026-07-06T11:02:47Z</time><extensions><gpxtpx:TrackPointExtension><gpxtpx:hr>166</gpxtpx:hr></gpxtpx:TrackPointExtension></extensions></trkpt><trkpt lat="56.654367" lon="38.10333"><ele>139.6</ele><time>2026-07-06T11:02:48Z</time><extensions><gpxtpx:TrackPointExtension><gpxtpx:hr>166</gpxtpx:hr></gpxtpx:TrackPointExtension></extensions></trkpt><trkpt lat="56.654395" lon="38.103297"><ele>139.6</ele><time>2026-07-06T11:02:49Z</time><extensions><gpxtpx:TrackPointExtension><gpxtpx:hr>166</gpxtpx:hr></gpxtpx:TrackPointExtension></extensions></trkpt><trkpt lat="56.654422" lon="38.103265"><ele>139.6</ele><time>2026-07-06T11:02:50Z</time><extensions><gpxtpx:TrackPointExtension><gpxtpx:hr>166</gpxtpx:hr></gpxtpx:TrackPointExtension></extensions></trkpt><trkpt lat="56.654447" lon="38.103232"><ele>139.4</ele><time>2026-07-06T11:02:51Z</time><extensions><gpxtpx:TrackPointExtension><gpxtpx:hr>166</gpxtpx:hr></gpxtpx:TrackPointExtension></extensions></trkpt><trkpt lat="56.654472" lon="38.103197"><ele>139.4</ele><time>2026-07-06T11:02:52Z</time><extensions><gpxtpx:TrackPointExtension><gpxtpx:hr>167</gpxtpx:hr></gpxtpx:TrackPointExtension></extensions></trkpt><trkpt lat="56.654497" lon="38.10316"><ele>139.4</ele><time>2026-07-06T11:02:53Z</time><extensions><gpxtpx:TrackPointExtension><gpxtpx:hr>167</gpxtpx:hr></gpxtpx:TrackPointExtension></extensions></trkpt><trkpt lat="56.654518" lon="38.103127"><ele>139.4</ele><time>2026-07-06T11:02:54Z</time><extensions><gpxtpx:TrackPointExtension><gpxtpx:hr>167</gpxtpx:hr></gpxtpx:TrackPointExtension></extensions></trkpt><trkpt lat="56.654542" lon="38.103087"><ele>139.4</ele><time>2026-07-06T11:02:55Z</time><extensions><gpxtpx:TrackPointExtension><gpxtpx:hr>168</gpxtpx:hr></gpxtpx:TrackPointExtension></extensions></trkpt><trkpt lat="56.654562" lon="38.10305"><ele>139.4</ele><time>2026-07-06T11:02:56Z</time><extensions><gpxtpx:TrackPointExtension><gpxtpx:hr>167</gpxtpx:hr></gpxtpx:TrackPointExtension></extensions></trkpt><trkpt lat="56.654582" lon="38.103015"><ele>139.4</ele><time>2026-07-06T11:02:57Z</time><extensions><gpxtpx:TrackPointExtension><gpxtpx:hr>167</gpxtpx:hr></gpxtpx:TrackPointExtension></extensions></trkpt><trkpt lat="56.654607" lon="38.102977"><ele>139.4</ele><time>2026-07-06T11:02:58Z</time><extensions><gpxtpx:TrackPointExtension><gpxtpx:hr>166</gpxtpx:hr></gpxtpx:TrackPointExtension></extensions></trkpt><trkpt lat="56.654632" lon="38.102942"><ele>139.4</ele><time>2026-07-06T11:02:59Z</time><extensions><gpxtpx:TrackPointExtension><gpxtpx:hr>166</gpxtpx:hr></gpxtpx:TrackPointExtension></extensions></trkpt><trkpt lat="56.654652" lon="38.102902"><ele>139.4</ele><time>2026-07-06T11:03:00Z</time><extensions><gpxtpx:TrackPointExtension><gpxtpx:hr>166</gpxtpx:hr></gpxtpx:TrackPointExtension></extensions></trkpt><trkpt lat="56.654672" lon="38.102862"><ele>139.4</ele><time>2026-07-06T11:03:01Z</time><extensions><gpxtpx:TrackPointExtension><gpxtpx:hr>166</gpxtpx:hr></gpxtpx:TrackPointExtension></extensions></trkpt><trkpt lat="56.654692" lon="38.102822"><ele>139.6</ele><time>2026-07-06T11:03:02Z</time><extensions><gpxtpx:TrackPointExtension><gpxtpx:hr>166</gpxtpx:hr></gpxtpx:TrackPointExtension></extensions></trkpt><trkpt lat="56.654712" lon="38.10278"><ele>139.8</ele><time>2026-07-06T11:03:03Z</time><extensions><gpxtpx:TrackPointExtension><gpxtpx:hr>166</gpxtpx:hr></gpxtpx:TrackPointExtension></extensions></trkpt><trkpt lat="56.654732" lon="38.102742"><ele>139.8</ele><time>2026-07-06T11:03:04Z</time><extensions><gpxtpx:TrackPointExtension><gpxtpx:hr>166</gpxtpx:hr></gpxtpx:TrackPointExtension></extensions></trkpt><trkpt lat="56.65475" lon="38.102697"><ele>140.0</ele><time>2026-07-06T11:03:05Z</time><extensions><gpxtpx:TrackPointExtension><gpxtpx:hr>167</gpxtpx:hr></gpxtpx:TrackPointExtension></extensions></trkpt><trkpt lat="56.654767" lon="38.102652"><ele>140.0</ele><time>2026-07-06T11:03:06Z</time><extensions><gpxtpx:TrackPointExtension><gpxtpx:hr>166</gpxtpx:hr></gpxtpx:TrackPointExtension></extensions></trkpt><trkpt lat="56.654785" lon="38.102617"><ele>140.0</ele><time>2026-07-06T11:03:07Z</time><extensions><gpxtpx:TrackPointExtension><gpxtpx:hr>166</gpxtpx:hr></gpxtpx:TrackPointExtension></extensions></trkpt><trkpt lat="56.654802" lon="38.102575"><ele>140.0</ele><time>2026-07-06T11:03:08Z</time><extensions><gpxtpx:TrackPointExtension><gpxtpx:hr>166</gpxtpx:hr></gpxtpx:TrackPointExtension></extensions></trkpt><trkpt lat="56.654822" lon="38.102532"><ele>140.2</ele><time>2026-07-06T11:03:09Z</time><extensions><gpxtpx:TrackPointExtension><gpxtpx:hr>167</gpxtpx:hr></gpxtpx:TrackPointExtension></extensions></trkpt><trkpt lat="56.654837" lon="38.102487"><ele>140.2</ele><time>2026-07-06T11:03:10Z</time><extensions><gpxtpx:TrackPointExtension><gpxtpx:hr>167</gpxtpx:hr></gpxtpx:TrackPointExtension></extensions></trkpt><trkpt lat="56.654857" lon="38.10244"><ele>140.0</ele><time>2026-07-06T11:03:11Z</time><extensions><gpxtpx:TrackPointExtension><gpxtpx:hr>167</gpxtpx:hr></gpxtpx:TrackPointExtension></extensions></trkpt><trkpt lat="56.65487" lon="38.102392"><ele>140.2</ele><time>2026-07-06T11:03:12Z</time><extensions><gpxtpx:TrackPointExtension><gpxtpx:hr>167</gpxtpx:hr></gpxtpx:TrackPointExtension></extensions></trkpt><trkpt lat="56.654882" lon="38.102338"><ele>140.2</ele><time>2026-07-06T11:03:13Z</time><extensions><gpxtpx:TrackPointExtension><gpxtpx:hr>167</gpxtpx:hr></gpxtpx:TrackPointExtension></extensions></trkpt><trkpt lat="56.654895" lon="38.102292"><ele>140.2</ele><time>2026-07-06T11:03:14Z</time><extensions><gpxtpx:TrackPointExtension><gpxtpx:hr>167</gpxtpx:hr></gpxtpx:TrackPointExtension></extensions></trkpt><trkpt lat="56.654907" lon="38.10224"><ele>140.2</ele><time>2026-07-06T11:03:15Z</time><extensions><gpxtpx:TrackPointExtension><gpxtpx:hr>167</gpxtpx:hr></gpxtpx:TrackPointExtension></extensions></trkpt><trkpt lat="56.65492" lon="38.102187"><ele>140.4</ele><time>2026-07-06T11:03:16Z</time><extensions><gpxtpx:TrackPointExtension><gpxtpx:hr>167</gpxtpx:hr></gpxtpx:TrackPointExtension></extensions></trkpt><trkpt lat="56.65493" lon="38.102137"><ele>140.4</ele><time>2026-07-06T11:03:17Z</time><extensions><gpxtpx:TrackPointExtension><gpxtpx:hr>167</gpxtpx:hr></gpxtpx:TrackPointExtension></extensions></trkpt><trkpt lat="56.654942" lon="38.102087"><ele>140.4</ele><time>2026-07-06T11:03:18Z</time><extensions><gpxtpx:TrackPointExtension><gpxtpx:hr>167</gpxtpx:hr></gpxtpx:TrackPointExtension></extensions></trkpt><trkpt lat="56.654955" lon="38.10204"><ele>140.4</ele><time>2026-07-06T11:03:19Z</time><extensions><gpxtpx:TrackPointExtension><gpxtpx:hr>167</gpxtpx:hr></gpxtpx:TrackPointExtension></extensions></trkpt><trkpt lat="56.654967" lon="38.101987"><ele>140.4</ele><time>2026-07-06T11:03:20Z</time><extensions><gpxtpx:TrackPointExtension><gpxtpx:hr>167</gpxtpx:hr></gpxtpx:TrackPointExtension></extensions></trkpt><trkpt lat="56.654977" lon="38.101937"><ele>140.4</ele><time>2026-07-06T11:03:21Z</time><extensions><gpxtpx:TrackPointExtension><gpxtpx:hr>167</gpxtpx:hr></gpxtpx:TrackPointExtension></extensions></trkpt><trkpt lat="56.654992" lon="38.101888"><ele>140.4</ele><time>2026-07-06T11:03:22Z</time><extensions><gpxtpx:TrackPointExtension><gpxtpx:hr>167</gpxtpx:hr></gpxtpx:TrackPointExtension></extensions></trkpt><trkpt lat="56.655002" lon="38.10184"><ele>140.4</ele><time>2026-07-06T11:03:23Z</time><extensions><gpxtpx:TrackPointExtension><gpxtpx:hr>167</gpxtpx:hr></gpxtpx:TrackPointExtension></extensions></trkpt><trkpt lat="56.655012" lon="38.10179"><ele>140.2</ele><time>2026-07-06T11:03:24Z</time><extensions><gpxtpx:TrackPointExtension><gpxtpx:hr>167</gpxtpx:hr></gpxtpx:TrackPointExtension></extensions></trkpt><trkpt lat="56.655022" lon="38.10174"><ele>140.2</ele><time>2026-07-06T11:03:25Z</time><extensions><gpxtpx:TrackPointExtension><gpxtpx:hr>167</gpxtpx:hr></gpxtpx:TrackPointExtension></extensions></trkpt><trkpt lat="56.655032" lon="38.101687"><ele>140.2</ele><time>2026-07-06T11:03:26Z</time><extensions><gpxtpx:TrackPointExtension><gpxtpx:hr>167</gpxtpx:hr></gpxtpx:TrackPointExtension></extensions></trkpt><trkpt lat="56.655042" lon="38.101637"><ele>140.2</ele><time>2026-07-06T11:03:27Z</time><extensions><gpxtpx:TrackPointExtension><gpxtpx:hr>167</gpxtpx:hr></gpxtpx:TrackPointExtension></extensions></trkpt><trkpt lat="56.655052" lon="38.101582"><ele>140.2</ele><time>2026-07-06T11:03:28Z</time><extensions><gpxtpx:TrackPointExtension><gpxtpx:hr>167</gpxtpx:hr></gpxtpx:TrackPointExtension></extensions></trkpt><trkpt lat="56.65506" lon="38.101532"><ele>140.4</ele><time>2026-07-06T11:03:29Z</time><extensions><gpxtpx:TrackPointExtension><gpxtpx:hr>167</gpxtpx:hr></gpxtpx:TrackPointExtension></extensions></trkpt><trkpt lat="56.65507" lon="38.10148"><ele>140.4</ele><time>2026-07-06T11:03:30Z</time><extensions><gpxtpx:TrackPointExtension><gpxtpx:hr>166</gpxtpx:hr></gpxtpx:TrackPointExtension></extensions></trkpt><trkpt lat="56.655077" lon="38.101432"><ele>140.4</ele><time>2026-07-06T11:03:31Z</time><extensions><gpxtpx:TrackPointExtension><gpxtpx:hr>166</gpxtpx:hr></gpxtpx:TrackPointExtension></extensions></trkpt><trkpt lat="56.65509" lon="38.101382"><ele>140.6</ele><time>2026-07-06T11:03:32Z</time><extensions><gpxtpx:TrackPointExtension><gpxtpx:hr>166</gpxtpx:hr></gpxtpx:TrackPointExtension></extensions></trkpt><trkpt lat="56.6551" lon="38.101327"><ele>140.8</ele><time>2026-07-06T11:03:33Z</time><extensions><gpxtpx:TrackPointExtension><gpxtpx:hr>165</gpxtpx:hr></gpxtpx:TrackPointExtension></extensions></trkpt><trkpt lat="56.655107" lon="38.101272"><ele>140.8</ele><time>2026-07-06T11:03:34Z</time><extensions><gpxtpx:TrackPointExtension><gpxtpx:hr>166</gpxtpx:hr></gpxtpx:TrackPointExtension></extensions></trkpt><trkpt lat="56.65512" lon="38.101222"><ele>140.8</ele><time>2026-07-06T11:03:35Z</time><extensions><gpxtpx:TrackPointExtension><gpxtpx:hr>165</gpxtpx:hr></gpxtpx:TrackPointExtension></extensions></trkpt><trkpt lat="56.655132" lon="38.10117"><ele>140.8</ele><time>2026-07-06T11:03:36Z</time><extensions><gpxtpx:TrackPointExtension><gpxtpx:hr>165</gpxtpx:hr></gpxtpx:TrackPointExtension></extensions></trkpt><trkpt lat="56.655142" lon="38.10112"><ele>140.8</ele><time>2026-07-06T11:03:37Z</time><extensions><gpxtpx:TrackPointExtension><gpxtpx:hr>165</gpxtpx:hr></gpxtpx:TrackPointExtension></extensions></trkpt><trkpt lat="56.655152" lon="38.101067"><ele>140.8</ele><time>2026-07-06T11:03:38Z</time><extensions><gpxtpx:TrackPointExtension><gpxtpx:hr>166</gpxtpx:hr></gpxtpx:TrackPointExtension></extensions></trkpt><trkpt lat="56.655162" lon="38.10102"><ele>140.8</ele><time>2026-07-06T11:03:39Z</time><extensions><gpxtpx:TrackPointExtension><gpxtpx:hr>165</gpxtpx:hr></gpxtpx:TrackPointExtension></extensions></trkpt><trkpt lat="56.655172" lon="38.100967"><ele>140.8</ele><time>2026-07-06T11:03:40Z</time><extensions><gpxtpx:TrackPointExtension><gpxtpx:hr>165</gpxtpx:hr></gpxtpx:TrackPointExtension></extensions></trkpt><trkpt lat="56.655182" lon="38.100915"><ele>140.8</ele><time>2026-07-06T11:03:41Z</time><extensions><gpxtpx:TrackPointExtension><gpxtpx:hr>165</gpxtpx:hr></gpxtpx:TrackPointExtension></extensions></trkpt><trkpt lat="56.655192" lon="38.100862"><ele>140.8</ele><time>2026-07-06T11:03:42Z</time><extensions><gpxtpx:TrackPointExtension><gpxtpx:hr>165</gpxtpx:hr></gpxtpx:TrackPointExtension></extensions></trkpt><trkpt lat="56.655202" lon="38.10081"><ele>140.8</ele><time>2026-07-06T11:03:43Z</time><extensions><gpxtpx:TrackPointExtension><gpxtpx:hr>165</gpxtpx:hr></gpxtpx:TrackPointExtension></extensions></trkpt><trkpt lat="56.655217" lon="38.100762"><ele>140.8</ele><time>2026-07-06T11:03:44Z</time><extensions><gpxtpx:TrackPointExtension><gpxtpx:hr>166</gpxtpx:hr></gpxtpx:TrackPointExtension></extensions></trkpt><trkpt lat="56.655227" lon="38.100712"><ele>140.8</ele><time>2026-07-06T11:03:45Z</time><extensions><gpxtpx:TrackPointExtension><gpxtpx:hr>166</gpxtpx:hr></gpxtpx:TrackPointExtension></extensions></trkpt><trkpt lat="56.65524" lon="38.100662"><ele>140.8</ele><time>2026-07-06T11:03:46Z</time><extensions><gpxtpx:TrackPointExtension><gpxtpx:hr>167</gpxtpx:hr></gpxtpx:TrackPointExtension></extensions></trkpt><trkpt lat="56.655252" lon="38.100617"><ele>140.8</ele><time>2026-07-06T11:03:47Z</time><extensions><gpxtpx:TrackPointExtension><gpxtpx:hr>167</gpxtpx:hr></gpxtpx:TrackPointExtension></extensions></trkpt><trkpt lat="56.655262" lon="38.100565"><ele>140.8</ele><time>2026-07-06T11:03:48Z</time><extensions><gpxtpx:TrackPointExtension><gpxtpx:hr>168</gpxtpx:hr></gpxtpx:TrackPointExtension></extensions></trkpt><trkpt lat="56.655275" lon="38.100517"><ele>140.8</ele><time>2026-07-06T11:03:49Z</time><extensions><gpxtpx:TrackPointExtension><gpxtpx:hr>168</gpxtpx:hr></gpxtpx:TrackPointExtension></extensions></trkpt><trkpt lat="56.655287" lon="38.100467"><ele>140.8</ele><time>2026-07-06T11:03:50Z</time><extensions><gpxtpx:TrackPointExtension><gpxtpx:hr>168</gpxtpx:hr></gpxtpx:TrackPointExtension></extensions></trkpt><trkpt lat="56.655297" lon="38.100417"><ele>140.8</ele><time>2026-07-06T11:03:51Z</time><extensions><gpxtpx:TrackPointExtension><gpxtpx:hr>168</gpxtpx:hr></gpxtpx:TrackPointExtension></extensions></trkpt><trkpt lat="56.655302" lon="38.100367"><ele>140.6</ele><time>2026-07-06T11:03:52Z</time><extensions><gpxtpx:TrackPointExtension><gpxtpx:hr>167</gpxtpx:hr></gpxtpx:TrackPointExtension></extensions></trkpt><trkpt lat="56.655307" lon="38.100312"><ele>140.6</ele><time>2026-07-06T11:03:53Z</time><extensions><gpxtpx:TrackPointExtension><gpxtpx:hr>168</gpxtpx:hr></gpxtpx:TrackPointExtension></extensions></trkpt><trkpt lat="56.655312" lon="38.100262"><ele>140.6</ele><time>2026-07-06T11:03:54Z</time><extensions><gpxtpx:TrackPointExtension><gpxtpx:hr>168</gpxtpx:hr></gpxtpx:TrackPointExtension></extensions></trkpt><trkpt lat="56.655322" lon="38.100212"><ele>140.4</ele><time>2026-07-06T11:03:55Z</time><extensions><gpxtpx:TrackPointExtension><gpxtpx:hr>168</gpxtpx:hr></gpxtpx:TrackPointExtension></extensions></trkpt><trkpt lat="56.65533" lon="38.100157"><ele>140.4</ele><time>2026-07-06T11:03:56Z</time><extensions><gpxtpx:TrackPointExtension><gpxtpx:hr>168</gpxtpx:hr></gpxtpx:TrackPointExtension></extensions></trkpt><trkpt lat="56.655337" lon="38.100107"><ele>140.4</ele><time>2026-07-06T11:03:57Z</time><extensions><gpxtpx:TrackPointExtension><gpxtpx:hr>168</gpxtpx:hr></gpxtpx:TrackPointExtension></extensions></trkpt><trkpt lat="56.655347" lon="38.100055"><ele>140.6</ele><time>2026-07-06T11:03:58Z</time><extensions><gpxtpx:TrackPointExtension><gpxtpx:hr>168</gpxtpx:hr></gpxtpx:TrackPointExtension></extensions></trkpt><trkpt lat="56.655357" lon="38.100002"><ele>140.4</ele><time>2026-07-06T11:03:59Z</time><extensions><gpxtpx:TrackPointExtension><gpxtpx:hr>168</gpxtpx:hr></gpxtpx:TrackPointExtension></extensions></trkpt><trkpt lat="56.655367" lon="38.099952"><ele>140.4</ele><time>2026-07-06T11:04:00Z</time><extensions><gpxtpx:TrackPointExtension><gpxtpx:hr>168</gpxtpx:hr></gpxtpx:TrackPointExtension></extensions></trkpt><trkpt lat="56.655377" lon="38.0999"><ele>140.4</ele><time>2026-07-06T11:04:01Z</time><extensions><gpxtpx:TrackPointExtension><gpxtpx:hr>168</gpxtpx:hr></gpxtpx:TrackPointExtension></extensions></trkpt><trkpt lat="56.655387" lon="38.09985"><ele>140.4</ele><time>2026-07-06T11:04:02Z</time><extensions><gpxtpx:TrackPointExtension><gpxtpx:hr>167</gpxtpx:hr></gpxtpx:TrackPointExtension></extensions></trkpt><trkpt lat="56.655397" lon="38.099797"><ele>140.6</ele><time>2026-07-06T11:04:03Z</time><extensions><gpxtpx:TrackPointExtension><gpxtpx:hr>167</gpxtpx:hr></gpxtpx:TrackPointExtension></extensions></trkpt><trkpt lat="56.655407" lon="38.099747"><ele>140.6</ele><time>2026-07-06T11:04:04Z</time><extensions><gpxtpx:TrackPointExtension><gpxtpx:hr>167</gpxtpx:hr></gpxtpx:TrackPointExtension></extensions></trkpt><trkpt lat="56.655417" lon="38.099697"><ele>140.4</ele><time>2026-07-06T11:04:05Z</time><extensions><gpxtpx:TrackPointExtension><gpxtpx:hr>167</gpxtpx:hr></gpxtpx:TrackPointExtension></extensions></trkpt><trkpt lat="56.655427" lon="38.099647"><ele>140.4</ele><time>2026-07-06T11:04:06Z</time><extensions><gpxtpx:TrackPointExtension><gpxtpx:hr>167</gpxtpx:hr></gpxtpx:TrackPointExtension></extensions></trkpt><trkpt lat="56.655437" lon="38.0996"><ele>140.4</ele><time>2026-07-06T11:04:07Z</time><extensions><gpxtpx:TrackPointExtension><gpxtpx:hr>167</gpxtpx:hr></gpxtpx:TrackPointExtension></extensions></trkpt><trkpt lat="56.65545" lon="38.099547"><ele>140.4</ele><time>2026-07-06T11:04:08Z</time><extensions><gpxtpx:TrackPointExtension><gpxtpx:hr>166</gpxtpx:hr></gpxtpx:TrackPointExtension></extensions></trkpt><trkpt lat="56.655462" lon="38.099497"><ele>140.6</ele><time>2026-07-06T11:04:09Z</time><extensions><gpxtpx:TrackPointExtension><gpxtpx:hr>166</gpxtpx:hr></gpxtpx:TrackPointExtension></extensions></trkpt><trkpt lat="56.655472" lon="38.099447"><ele>140.4</ele><time>2026-07-06T11:04:10Z</time><extensions><gpxtpx:TrackPointExtension><gpxtpx:hr>166</gpxtpx:hr></gpxtpx:TrackPointExtension></extensions></trkpt><trkpt lat="56.655482" lon="38.099392"><ele>140.4</ele><time>2026-07-06T11:04:11Z</time><extensions><gpxtpx:TrackPointExtension><gpxtpx:hr>166</gpxtpx:hr></gpxtpx:TrackPointExtension></extensions></trkpt><trkpt lat="56.655492" lon="38.099347"><ele>140.4</ele><time>2026-07-06T11:04:12Z</time><extensions><gpxtpx:TrackPointExtension><gpxtpx:hr>166</gpxtpx:hr></gpxtpx:TrackPointExtension></extensions></trkpt><trkpt lat="56.655502" lon="38.099295"><ele>140.4</ele><time>2026-07-06T11:04:13Z</time><extensions><gpxtpx:TrackPointExtension><gpxtpx:hr>166</gpxtpx:hr></gpxtpx:TrackPointExtension></extensions></trkpt><trkpt lat="56.65551" lon="38.099242"><ele>140.6</ele><time>2026-07-06T11:04:14Z</time><extensions><gpxtpx:TrackPointExtension><gpxtpx:hr>166</gpxtpx:hr></gpxtpx:TrackPointExtension></extensions></trkpt><trkpt lat="56.65552" lon="38.099192"><ele>140.6</ele><time>2026-07-06T11:04:15Z</time><extensions><gpxtpx:TrackPointExtension><gpxtpx:hr>166</gpxtpx:hr></gpxtpx:TrackPointExtension></extensions></trkpt><trkpt lat="56.65553" lon="38.099137"><ele>140.6</ele><time>2026-07-06T11:04:16Z</time><extensions><gpxtpx:TrackPointExtension><gpxtpx:hr>166</gpxtpx:hr></gpxtpx:TrackPointExtension></extensions></trkpt><trkpt lat="56.65554" lon="38.099085"><ele>140.6</ele><time>2026-07-06T11:04:17Z</time><extensions><gpxtpx:TrackPointExtension><gpxtpx:hr>166</gpxtpx:hr></gpxtpx:TrackPointExtension></extensions></trkpt><trkpt lat="56.655552" lon="38.09903"><ele>140.6</ele><time>2026-07-06T11:04:18Z</time><extensions><gpxtpx:TrackPointExtension><gpxtpx:hr>166</gpxtpx:hr></gpxtpx:TrackPointExtension></extensions></trkpt><trkpt lat="56.65556" lon="38.098977"><ele>140.6</ele><time>2026-07-06T11:04:19Z</time><extensions><gpxtpx:TrackPointExtension><gpxtpx:hr>166</gpxtpx:hr></gpxtpx:TrackPointExtension></extensions></trkpt><trkpt lat="56.65557" lon="38.098927"><ele>140.6</ele><time>2026-07-06T11:04:20Z</time><extensions><gpxtpx:TrackPointExtension><gpxtpx:hr>166</gpxtpx:hr></gpxtpx:TrackPointExtension></extensions></trkpt><trkpt lat="56.655577" lon="38.098872"><ele>140.6</ele><time>2026-07-06T11:04:21Z</time><extensions><gpxtpx:TrackPointExtension><gpxtpx:hr>166</gpxtpx:hr></gpxtpx:TrackPointExtension></extensions></trkpt><trkpt lat="56.655592" lon="38.098827"><ele>140.6</ele><time>2026-07-06T11:04:22Z</time><extensions><gpxtpx:TrackPointExtension><gpxtpx:hr>166</gpxtpx:hr></gpxtpx:TrackPointExtension></extensions></trkpt><trkpt lat="56.655602" lon="38.098777"><ele>140.4</ele><time>2026-07-06T11:04:23Z</time><extensions><gpxtpx:TrackPointExtension><gpxtpx:hr>166</gpxtpx:hr></gpxtpx:TrackPointExtension></extensions></trkpt><trkpt lat="56.655615" lon="38.098727"><ele>140.4</ele><time>2026-07-06T11:04:24Z</time><extensions><gpxtpx:TrackPointExtension><gpxtpx:hr>167</gpxtpx:hr></gpxtpx:TrackPointExtension></extensions></trkpt><trkpt lat="56.655627" lon="38.09868"><ele>140.4</ele><time>2026-07-06T11:04:25Z</time><extensions><gpxtpx:TrackPointExtension><gpxtpx:hr>166</gpxtpx:hr></gpxtpx:TrackPointExtension></extensions></trkpt><trkpt lat="56.655637" lon="38.098627"><ele>140.4</ele><time>2026-07-06T11:04:26Z</time><extensions><gpxtpx:TrackPointExtension><gpxtpx:hr>166</gpxtpx:hr></gpxtpx:TrackPointExtension></extensions></trkpt><trkpt lat="56.655647" lon="38.098575"><ele>140.4</ele><time>2026-07-06T11:04:27Z</time><extensions><gpxtpx:TrackPointExtension><gpxtpx:hr>166</gpxtpx:hr></gpxtpx:TrackPointExtension></extensions></trkpt><trkpt lat="56.655658" lon="38.098525"><ele>140.4</ele><time>2026-07-06T11:04:28Z</time><extensions><gpxtpx:TrackPointExtension><gpxtpx:hr>166</gpxtpx:hr></gpxtpx:TrackPointExtension></extensions></trkpt><trkpt lat="56.65567" lon="38.098477"><ele>140.4</ele><time>2026-07-06T11:04:29Z</time><extensions><gpxtpx:TrackPointExtension><gpxtpx:hr>166</gpxtpx:hr></gpxtpx:TrackPointExtension></extensions></trkpt><trkpt lat="56.655682" lon="38.098432"><ele>140.4</ele><time>2026-07-06T11:04:30Z</time><extensions><gpxtpx:TrackPointExtension><gpxtpx:hr>167</gpxtpx:hr></gpxtpx:TrackPointExtension></extensions></trkpt><trkpt lat="56.655692" lon="38.09838"><ele>140.4</ele><time>2026-07-06T11:04:31Z</time><extensions><gpxtpx:TrackPointExtension><gpxtpx:hr>166</gpxtpx:hr></gpxtpx:TrackPointExtension></extensions></trkpt><trkpt lat="56.655707" lon="38.098328"><ele>140.4</ele><time>2026-07-06T11:04:32Z</time><extensions><gpxtpx:TrackPointExtension><gpxtpx:hr>166</gpxtpx:hr></gpxtpx:TrackPointExtension></extensions></trkpt><trkpt lat="56.655717" lon="38.098277"><ele>140.4</ele><time>2026-07-06T11:04:33Z</time><extensions><gpxtpx:TrackPointExtension><gpxtpx:hr>166</gpxtpx:hr></gpxtpx:TrackPointExtension></extensions></trkpt><trkpt lat="56.655728" lon="38.098222"><ele>140.4</ele><time>2026-07-06T11:04:34Z</time><extensions><gpxtpx:TrackPointExtension><gpxtpx:hr>166</gpxtpx:hr></gpxtpx:TrackPointExtension></extensions></trkpt><trkpt lat="56.655742" lon="38.098173"><ele>140.4</ele><time>2026-07-06T11:04:35Z</time><extensions><gpxtpx:TrackPointExtension><gpxtpx:hr>167</gpxtpx:hr></gpxtpx:TrackPointExtension></extensions></trkpt><trkpt lat="56.655752" lon="38.098122"><ele>140.4</ele><time>2026-07-06T11:04:36Z</time><extensions><gpxtpx:TrackPointExtension><gpxtpx:hr>166</gpxtpx:hr></gpxtpx:TrackPointExtension></extensions></trkpt><trkpt lat="56.655765" lon="38.09807"><ele>140.4</ele><time>2026-07-06T11:04:37Z</time><extensions><gpxtpx:TrackPointExtension><gpxtpx:hr>166</gpxtpx:hr></gpxtpx:TrackPointExtension></extensions></trkpt><trkpt lat="56.655777" lon="38.098018"><ele>140.4</ele><time>2026-07-06T11:04:38Z</time><extensions><gpxtpx:TrackPointExtension><gpxtpx:hr>167</gpxtpx:hr></gpxtpx:TrackPointExtension></extensions></trkpt><trkpt lat="56.655787" lon="38.09797"><ele>140.4</ele><time>2026-07-06T11:04:39Z</time><extensions><gpxtpx:TrackPointExtension><gpxtpx:hr>167</gpxtpx:hr></gpxtpx:TrackPointExtension></extensions></trkpt><trkpt lat="56.655797" lon="38.097922"><ele>140.4</ele><time>2026-07-06T11:04:40Z</time><extensions><gpxtpx:TrackPointExtension><gpxtpx:hr>167</gpxtpx:hr></gpxtpx:TrackPointExtension></extensions></trkpt><trkpt lat="56.655807" lon="38.09787"><ele>140.4</ele><time>2026-07-06T11:04:41Z</time><extensions><gpxtpx:TrackPointExtension><gpxtpx:hr>167</gpxtpx:hr></gpxtpx:TrackPointExtension></extensions></trkpt><trkpt lat="56.655822" lon="38.09782"><ele>140.6</ele><time>2026-07-06T11:04:42Z</time><extensions><gpxtpx:TrackPointExtension><gpxtpx:hr>166</gpxtpx:hr></gpxtpx:TrackPointExtension></extensions></trkpt><trkpt lat="56.655832" lon="38.097767"><ele>140.6</ele><time>2026-07-06T11:04:43Z</time><extensions><gpxtpx:TrackPointExtension><gpxtpx:hr>166</gpxtpx:hr></gpxtpx:TrackPointExtension></extensions></trkpt><trkpt lat="56.655845" lon="38.097712"><ele>140.6</ele><time>2026-07-06T11:04:44Z</time><extensions><gpxtpx:TrackPointExtension><gpxtpx:hr>166</gpxtpx:hr></gpxtpx:TrackPointExtension></extensions></trkpt><trkpt lat="56.655855" lon="38.097662"><ele>140.6</ele><time>2026-07-06T11:04:45Z</time><extensions><gpxtpx:TrackPointExtension><gpxtpx:hr>166</gpxtpx:hr></gpxtpx:TrackPointExtension></extensions></trkpt><trkpt lat="56.655865" lon="38.097607"><ele>140.4</ele><time>2026-07-06T11:04:46Z</time><extensions><gpxtpx:TrackPointExtension><gpxtpx:hr>166</gpxtpx:hr></gpxtpx:TrackPointExtension></extensions></trkpt><trkpt lat="56.655875" lon="38.097557"><ele>140.4</ele><time>2026-07-06T11:04:47Z</time><extensions><gpxtpx:TrackPointExtension><gpxtpx:hr>166</gpxtpx:hr></gpxtpx:TrackPointExtension></extensions></trkpt><trkpt lat="56.655882" lon="38.097507"><ele>140.2</ele><time>2026-07-06T11:04:48Z</time><extensions><gpxtpx:TrackPointExtension><gpxtpx:hr>166</gpxtpx:hr></gpxtpx:TrackPointExtension></extensions></trkpt><trkpt lat="56.655892" lon="38.097455"><ele>140.0</ele><time>2026-07-06T11:04:49Z</time><extensions><gpxtpx:TrackPointExtension><gpxtpx:hr>167</gpxtpx:hr></gpxtpx:TrackPointExtension></extensions></trkpt><trkpt lat="56.655902" lon="38.097407"><ele>140.0</ele><time>2026-07-06T11:04:50Z</time><extensions><gpxtpx:TrackPointExtension><gpxtpx:hr>167</gpxtpx:hr></gpxtpx:TrackPointExtension></extensions></trkpt><trkpt lat="56.655912" lon="38.097355"><ele>140.0</ele><time>2026-07-06T11:04:51Z</time><extensions><gpxtpx:TrackPointExtension><gpxtpx:hr>167</gpxtpx:hr></gpxtpx:TrackPointExtension></extensions></trkpt><trkpt lat="56.655922" lon="38.097307"><ele>140.2</ele><time>2026-07-06T11:04:52Z</time><extensions><gpxtpx:TrackPointExtension><gpxtpx:hr>167</gpxtpx:hr></gpxtpx:TrackPointExtension></extensions></trkpt><trkpt lat="56.65593" lon="38.097257"><ele>140.2</ele><time>2026-07-06T11:04:53Z</time><extensions><gpxtpx:TrackPointExtension><gpxtpx:hr>167</gpxtpx:hr></gpxtpx:TrackPointExtension></extensions></trkpt><trkpt lat="56.655937" lon="38.097205"><ele>140.2</ele><time>2026-07-06T11:04:54Z</time><extensions><gpxtpx:TrackPointExtension><gpxtpx:hr>167</gpxtpx:hr></gpxtpx:TrackPointExtension></extensions></trkpt><trkpt lat="56.655947" lon="38.097152"><ele>140.2</ele><time>2026-07-06T11:04:55Z</time><extensions><gpxtpx:TrackPointExtension><gpxtpx:hr>167</gpxtpx:hr></gpxtpx:TrackPointExtension></extensions></trkpt><trkpt lat="56.655952" lon="38.0971"><ele>140.2</ele><time>2026-07-06T11:04:56Z</time><extensions><gpxtpx:TrackPointExtension><gpxtpx:hr>167</gpxtpx:hr></gpxtpx:TrackPointExtension></extensions></trkpt><trkpt lat="56.655962" lon="38.097047"><ele>140.2</ele><time>2026-07-06T11:04:57Z</time><extensions><gpxtpx:TrackPointExtension><gpxtpx:hr>167</gpxtpx:hr></gpxtpx:TrackPointExtension></extensions></trkpt><trkpt lat="56.655972" lon="38.096995"><ele>140.2</ele><time>2026-07-06T11:04:58Z</time><extensions><gpxtpx:TrackPointExtension><gpxtpx:hr>167</gpxtpx:hr></gpxtpx:TrackPointExtension></extensions></trkpt><trkpt lat="56.65598" lon="38.096942"><ele>140.4</ele><time>2026-07-06T11:04:59Z</time><extensions><gpxtpx:TrackPointExtension><gpxtpx:hr>167</gpxtpx:hr></gpxtpx:TrackPointExtension></extensions></trkpt><trkpt lat="56.65599" lon="38.096892"><ele>140.4</ele><time>2026-07-06T11:05:00Z</time><extensions><gpxtpx:TrackPointExtension><gpxtpx:hr>167</gpxtpx:hr></gpxtpx:TrackPointExtension></extensions></trkpt><trkpt lat="56.656" lon="38.096837"><ele>140.6</ele><time>2026-07-06T11:05:01Z</time><extensions><gpxtpx:TrackPointExtension><gpxtpx:hr>167</gpxtpx:hr></gpxtpx:TrackPointExtension></extensions></trkpt><trkpt lat="56.65601" lon="38.096785"><ele>140.6</ele><time>2026-07-06T11:05:02Z</time><extensions><gpxtpx:TrackPointExtension><gpxtpx:hr>167</gpxtpx:hr></gpxtpx:TrackPointExtension></extensions></trkpt><trkpt lat="56.656017" lon="38.096732"><ele>140.4</ele><time>2026-07-06T11:05:03Z</time><extensions><gpxtpx:TrackPointExtension><gpxtpx:hr>167</gpxtpx:hr></gpxtpx:TrackPointExtension></extensions></trkpt><trkpt lat="56.656025" lon="38.096672"><ele>140.6</ele><time>2026-07-06T11:05:04Z</time><extensions><gpxtpx:TrackPointExtension><gpxtpx:hr>167</gpxtpx:hr></gpxtpx:TrackPointExtension></extensions></trkpt><trkpt lat="56.656032" lon="38.09662"><ele>140.6</ele><time>2026-07-06T11:05:05Z</time><extensions><gpxtpx:TrackPointExtension><gpxtpx:hr>167</gpxtpx:hr></gpxtpx:TrackPointExtension></extensions></trkpt><trkpt lat="56.656042" lon="38.096565"><ele>140.6</ele><time>2026-07-06T11:05:06Z</time><extensions><gpxtpx:TrackPointExtension><gpxtpx:hr>167</gpxtpx:hr></gpxtpx:TrackPointExtension></extensions></trkpt><trkpt lat="56.656052" lon="38.096513"><ele>140.6</ele><time>2026-07-06T11:05:07Z</time><extensions><gpxtpx:TrackPointExtension><gpxtpx:hr>167</gpxtpx:hr></gpxtpx:TrackPointExtension></extensions></trkpt><trkpt lat="56.65606" lon="38.096462"><ele>140.6</ele><time>2026-07-06T11:05:08Z</time><extensions><gpxtpx:TrackPointExtension><gpxtpx:hr>167</gpxtpx:hr></gpxtpx:TrackPointExtension></extensions></trkpt><trkpt lat="56.656067" lon="38.096412"><ele>140.6</ele><time>2026-07-06T11:05:09Z</time><extensions><gpxtpx:TrackPointExtension><gpxtpx:hr>167</gpxtpx:hr></gpxtpx:TrackPointExtension></extensions></trkpt><trkpt lat="56.656077" lon="38.096362"><ele>140.6</ele><time>2026-07-06T11:05:10Z</time><extensions><gpxtpx:TrackPointExtension><gpxtpx:hr>166</gpxtpx:hr></gpxtpx:TrackPointExtension></extensions></trkpt><trkpt lat="56.656087" lon="38.096312"><ele>140.8</ele><time>2026-07-06T11:05:11Z</time><extensions><gpxtpx:TrackPointExtension><gpxtpx:hr>166</gpxtpx:hr></gpxtpx:TrackPointExtension></extensions></trkpt><trkpt lat="56.656095" lon="38.096262"><ele>140.6</ele><time>2026-07-06T11:05:12Z</time><extensions><gpxtpx:TrackPointExtension><gpxtpx:hr>166</gpxtpx:hr></gpxtpx:TrackPointExtension></extensions></trkpt><trkpt lat="56.656102" lon="38.096212"><ele>140.6</ele><time>2026-07-06T11:05:13Z</time><extensions><gpxtpx:TrackPointExtension><gpxtpx:hr>166</gpxtpx:hr></gpxtpx:TrackPointExtension></extensions></trkpt><trkpt lat="56.656112" lon="38.096162"><ele>140.6</ele><time>2026-07-06T11:05:14Z</time><extensions><gpxtpx:TrackPointExtension><gpxtpx:hr>166</gpxtpx:hr></gpxtpx:TrackPointExtension></extensions></trkpt><trkpt lat="56.656122" lon="38.096112"><ele>140.4</ele><time>2026-07-06T11:05:15Z</time><extensions><gpxtpx:TrackPointExtension><gpxtpx:hr>165</gpxtpx:hr></gpxtpx:TrackPointExtension></extensions></trkpt><trkpt lat="56.656132" lon="38.09606"><ele>140.4</ele><time>2026-07-06T11:05:16Z</time><extensions><gpxtpx:TrackPointExtension><gpxtpx:hr>165</gpxtpx:hr></gpxtpx:TrackPointExtension></extensions></trkpt><trkpt lat="56.656137" lon="38.09601"><ele>140.4</ele><time>2026-07-06T11:05:17Z</time><extensions><gpxtpx:TrackPointExtension><gpxtpx:hr>165</gpxtpx:hr></gpxtpx:TrackPointExtension></extensions></trkpt><trkpt lat="56.656145" lon="38.095962"><ele>140.4</ele><time>2026-07-06T11:05:18Z</time><extensions><gpxtpx:TrackPointExtension><gpxtpx:hr>166</gpxtpx:hr></gpxtpx:TrackPointExtension></extensions></trkpt><trkpt lat="56.656155" lon="38.095912"><ele>140.4</ele><time>2026-07-06T11:05:19Z</time><extensions><gpxtpx:TrackPointExtension><gpxtpx:hr>166</gpxtpx:hr></gpxtpx:TrackPointExtension></extensions></trkpt><trkpt lat="56.656165" lon="38.095865"><ele>140.2</ele><time>2026-07-06T11:05:20Z</time><extensions><gpxtpx:TrackPointExtension><gpxtpx:hr>165</gpxtpx:hr></gpxtpx:TrackPointExtension></extensions></trkpt><trkpt lat="56.656175" lon="38.095817"><ele>140.2</ele><time>2026-07-06T11:05:21Z</time><extensions><gpxtpx:TrackPointExtension><gpxtpx:hr>166</gpxtpx:hr></gpxtpx:TrackPointExtension></extensions></trkpt><trkpt lat="56.656182" lon="38.095762"><ele>140.4</ele><time>2026-07-06T11:05:22Z</time><extensions><gpxtpx:TrackPointExtension><gpxtpx:hr>166</gpxtpx:hr></gpxtpx:TrackPointExtension></extensions></trkpt><trkpt lat="56.656192" lon="38.095715"><ele>140.4</ele><time>2026-07-06T11:05:23Z</time><extensions><gpxtpx:TrackPointExtension><gpxtpx:hr>166</gpxtpx:hr></gpxtpx:TrackPointExtension></extensions></trkpt><trkpt lat="56.6562" lon="38.095662"><ele>140.4</ele><time>2026-07-06T11:05:24Z</time><extensions><gpxtpx:TrackPointExtension><gpxtpx:hr>166</gpxtpx:hr></gpxtpx:TrackPointExtension></extensions></trkpt><trkpt lat="56.656207" lon="38.095615"><ele>140.4</ele><time>2026-07-06T11:05:25Z</time><extensions><gpxtpx:TrackPointExtension><gpxtpx:hr>166</gpxtpx:hr></gpxtpx:TrackPointExtension></extensions></trkpt><trkpt lat="56.656217" lon="38.095567"><ele>140.6</ele><time>2026-07-06T11:05:26Z</time><extensions><gpxtpx:TrackPointExtension><gpxtpx:hr>165</gpxtpx:hr></gpxtpx:TrackPointExtension></extensions></trkpt><trkpt lat="56.656222" lon="38.09552"><ele>140.6</ele><time>2026-07-06T11:05:27Z</time><extensions><gpxtpx:TrackPointExtension><gpxtpx:hr>165</gpxtpx:hr></gpxtpx:TrackPointExtension></extensions></trkpt><trkpt lat="56.65623" lon="38.09547"><ele>140.8</ele><time>2026-07-06T11:05:28Z</time><extensions><gpxtpx:TrackPointExtension><gpxtpx:hr>166</gpxtpx:hr></gpxtpx:TrackPointExtension></extensions></trkpt><trkpt lat="56.656232" lon="38.09542"><ele>140.8</ele><time>2026-07-06T11:05:29Z</time><extensions><gpxtpx:TrackPointExtension><gpxtpx:hr>165</gpxtpx:hr></gpxtpx:TrackPointExtension></extensions></trkpt><trkpt lat="56.656242" lon="38.095367"><ele>140.8</ele><time>2026-07-06T11:05:30Z</time><extensions><gpxtpx:TrackPointExtension><gpxtpx:hr>164</gpxtpx:hr></gpxtpx:TrackPointExtension></extensions></trkpt><trkpt lat="56.65625" lon="38.095317"><ele>140.8</ele><time>2026-07-06T11:05:31Z</time><extensions><gpxtpx:TrackPointExtension><gpxtpx:hr>164</gpxtpx:hr></gpxtpx:TrackPointExtension></extensions></trkpt><trkpt lat="56.656257" lon="38.095267"><ele>141.0</ele><time>2026-07-06T11:05:32Z</time><extensions><gpxtpx:TrackPointExtension><gpxtpx:hr>164</gpxtpx:hr></gpxtpx:TrackPointExtension></extensions></trkpt><trkpt lat="56.656263" lon="38.095217"><ele>141.0</ele><time>2026-07-06T11:05:33Z</time><extensions><gpxtpx:TrackPointExtension><gpxtpx:hr>164</gpxtpx:hr></gpxtpx:TrackPointExtension></extensions></trkpt><trkpt lat="56.656272" lon="38.095175"><ele>140.8</ele><time>2026-07-06T11:05:34Z</time><extensions><gpxtpx:TrackPointExtension><gpxtpx:hr>164</gpxtpx:hr></gpxtpx:TrackPointExtension></extensions></trkpt><trkpt lat="56.656277" lon="38.095127"><ele>140.8</ele><time>2026-07-06T11:05:35Z</time><extensions><gpxtpx:TrackPointExtension><gpxtpx:hr>164</gpxtpx:hr></gpxtpx:TrackPointExtension></extensions></trkpt><trkpt lat="56.656282" lon="38.09508"><ele>140.8</ele><time>2026-07-06T11:05:36Z</time><extensions><gpxtpx:TrackPointExtension><gpxtpx:hr>164</gpxtpx:hr></gpxtpx:TrackPointExtension></extensions></trkpt><trkpt lat="56.656287" lon="38.09503"><ele>140.8</ele><time>2026-07-06T11:05:37Z</time><extensions><gpxtpx:TrackPointExtension><gpxtpx:hr>164</gpxtpx:hr></gpxtpx:TrackPointExtension></extensions></trkpt><trkpt lat="56.656297" lon="38.094975"><ele>140.8</ele><time>2026-07-06T11:05:38Z</time><extensions><gpxtpx:TrackPointExtension><gpxtpx:hr>164</gpxtpx:hr></gpxtpx:TrackPointExtension></extensions></trkpt><trkpt lat="56.656305" lon="38.094922"><ele>140.8</ele><time>2026-07-06T11:05:39Z</time><extensions><gpxtpx:TrackPointExtension><gpxtpx:hr>164</gpxtpx:hr></gpxtpx:TrackPointExtension></extensions></trkpt><trkpt lat="56.656317" lon="38.094877"><ele>140.8</ele><time>2026-07-06T11:05:40Z</time><extensions><gpxtpx:TrackPointExtension><gpxtpx:hr>164</gpxtpx:hr></gpxtpx:TrackPointExtension></extensions></trkpt><trkpt lat="56.656325" lon="38.094837"><ele>140.8</ele><time>2026-07-06T11:05:41Z</time><extensions><gpxtpx:TrackPointExtension><gpxtpx:hr>164</gpxtpx:hr></gpxtpx:TrackPointExtension></extensions></trkpt><trkpt lat="56.65633" lon="38.094802"><ele>141.0</ele><time>2026-07-06T11:05:42Z</time><extensions><gpxtpx:TrackPointExtension><gpxtpx:hr>164</gpxtpx:hr></gpxtpx:TrackPointExtension></extensions></trkpt><trkpt lat="56.656337" lon="38.094772"><ele>141.0</ele><time>2026-07-06T11:05:43Z</time><extensions><gpxtpx:TrackPointExtension><gpxtpx:hr>164</gpxtpx:hr></gpxtpx:TrackPointExtension></extensions></trkpt><trkpt lat="56.656347" lon="38.094735"><ele>141.0</ele><time>2026-07-06T11:05:44Z</time><extensions><gpxtpx:TrackPointExtension><gpxtpx:hr>164</gpxtpx:hr></gpxtpx:TrackPointExtension></extensions></trkpt><trkpt lat="56.656355" lon="38.09469"><ele>141.0</ele><time>2026-07-06T11:05:45Z</time><extensions><gpxtpx:TrackPointExtension><gpxtpx:hr>164</gpxtpx:hr></gpxtpx:TrackPointExtension></extensions></trkpt><trkpt lat="56.65636" lon="38.094655"><ele>141.0</ele><time>2026-07-06T11:05:46Z</time><extensions><gpxtpx:TrackPointExtension><gpxtpx:hr>164</gpxtpx:hr></gpxtpx:TrackPointExtension></extensions></trkpt><trkpt lat="56.656365" lon="38.094622"><ele>141.0</ele><time>2026-07-06T11:05:47Z</time><extensions><gpxtpx:TrackPointExtension><gpxtpx:hr>165</gpxtpx:hr></gpxtpx:TrackPointExtension></extensions></trkpt><trkpt lat="56.656372" lon="38.09459"><ele>141.0</ele><time>2026-07-06T11:05:48Z</time><extensions><gpxtpx:TrackPointExtension><gpxtpx:hr>166</gpxtpx:hr></gpxtpx:TrackPointExtension></extensions></trkpt><trkpt lat="56.656377" lon="38.094527"><ele>141.0</ele><time>2026-07-06T11:05:50Z</time><extensions><gpxtpx:TrackPointExtension><gpxtpx:hr>165</gpxtpx:hr></gpxtpx:TrackPointExtension></extensions></trkpt><trkpt lat="56.656385" lon="38.094492"><ele>141.0</ele><time>2026-07-06T11:05:51Z</time><extensions><gpxtpx:TrackPointExtension><gpxtpx:hr>164</gpxtpx:hr></gpxtpx:TrackPointExtension></extensions></trkpt><trkpt lat="56.656392" lon="38.094457"><ele>141.0</ele><time>2026-07-06T11:05:52Z</time><extensions><gpxtpx:TrackPointExtension><gpxtpx:hr>164</gpxtpx:hr></gpxtpx:TrackPointExtension></extensions></trkpt><trkpt lat="56.656397" lon="38.094427"><ele>141.0</ele><time>2026-07-06T11:05:53Z</time><extensions><gpxtpx:TrackPointExtension><gpxtpx:hr>163</gpxtpx:hr></gpxtpx:TrackPointExtension></extensions></trkpt><trkpt lat="56.656402" lon="38.094392"><ele>141.0</ele><time>2026-07-06T11:05:54Z</time><extensions><gpxtpx:TrackPointExtension><gpxtpx:hr>163</gpxtpx:hr></gpxtpx:TrackPointExtension></extensions></trkpt><trkpt lat="56.65641" lon="38.094362"><ele>141.0</ele><time>2026-07-06T11:05:55Z</time><extensions><gpxtpx:TrackPointExtension><gpxtpx:hr>163</gpxtpx:hr></gpxtpx:TrackPointExtension></extensions></trkpt><trkpt lat="56.656412" lon="38.094305"><ele>141.0</ele><time>2026-07-06T11:05:57Z</time><extensions><gpxtpx:TrackPointExtension><gpxtpx:hr>164</gpxtpx:hr></gpxtpx:TrackPointExtension></extensions></trkpt><trkpt lat="56.65639" lon="38.094292"><ele>141.0</ele><time>2026-07-06T11:05:59Z</time><extensions><gpxtpx:TrackPointExtension><gpxtpx:hr>163</gpxtpx:hr></gpxtpx:TrackPointExtension></extensions></trkpt><trkpt lat="56.656377" lon="38.094342"><ele>141.0</ele><time>2026-07-06T11:06:01Z</time><extensions><gpxtpx:TrackPointExtension><gpxtpx:hr>162</gpxtpx:hr></gpxtpx:TrackPointExtension></extensions></trkpt><trkpt lat="56.656372" lon="38.094377"><ele>141.0</ele><time>2026-07-06T11:06:02Z</time><extensions><gpxtpx:TrackPointExtension><gpxtpx:hr>161</gpxtpx:hr></gpxtpx:TrackPointExtension></extensions></trkpt><trkpt lat="56.656367" lon="38.094412"><ele>141.0</ele><time>2026-07-06T11:06:03Z</time><extensions><gpxtpx:TrackPointExtension><gpxtpx:hr>162</gpxtpx:hr></gpxtpx:TrackPointExtension></extensions></trkpt><trkpt lat="56.656362" lon="38.094447"><ele>141.0</ele><time>2026-07-06T11:06:04Z</time><extensions><gpxtpx:TrackPointExtension><gpxtpx:hr>161</gpxtpx:hr></gpxtpx:TrackPointExtension></extensions></trkpt><trkpt lat="56.65636" lon="38.094482"><ele>141.0</ele><time>2026-07-06T11:06:05Z</time><extensions><gpxtpx:TrackPointExtension><gpxtpx:hr>161</gpxtpx:hr></gpxtpx:TrackPointExtension></extensions></trkpt><trkpt lat="56.656352" lon="38.094517"><ele>141.0</ele><time>2026-07-06T11:06:06Z</time><extensions><gpxtpx:TrackPointExtension><gpxtpx:hr>160</gpxtpx:hr></gpxtpx:TrackPointExtension></extensions></trkpt><trkpt lat="56.65634" lon="38.094577"><ele>141.0</ele><time>2026-07-06T11:06:08Z</time><extensions><gpxtpx:TrackPointExtension><gpxtpx:hr>160</gpxtpx:hr></gpxtpx:TrackPointExtension></extensions></trkpt><trkpt lat="56.656337" lon="38.094613"><ele>141.0</ele><time>2026-07-06T11:06:09Z</time><extensions><gpxtpx:TrackPointExtension><gpxtpx:hr>159</gpxtpx:hr></gpxtpx:TrackPointExtension></extensions></trkpt><trkpt lat="56.65633" lon="38.09465"><ele>141.0</ele><time>2026-07-06T11:06:10Z</time><extensions><gpxtpx:TrackPointExtension><gpxtpx:hr>160</gpxtpx:hr></gpxtpx:TrackPointExtension></extensions></trkpt><trkpt lat="56.656322" lon="38.094682"><ele>140.8</ele><time>2026-07-06T11:06:11Z</time><extensions><gpxtpx:TrackPointExtension><gpxtpx:hr>160</gpxtpx:hr></gpxtpx:TrackPointExtension></extensions></trkpt><trkpt lat="56.656317" lon="38.094717"><ele>140.8</ele><time>2026-07-06T11:06:12Z</time><extensions><gpxtpx:TrackPointExtension><gpxtpx:hr>160</gpxtpx:hr></gpxtpx:TrackPointExtension></extensions></trkpt><trkpt lat="56.656312" lon="38.09475"><ele>141.0</ele><time>2026-07-06T11:06:13Z</time><extensions><gpxtpx:TrackPointExtension><gpxtpx:hr>161</gpxtpx:hr></gpxtpx:TrackPointExtension></extensions></trkpt><trkpt lat="56.656307" lon="38.094782"><ele>141.0</ele><time>2026-07-06T11:06:14Z</time><extensions><gpxtpx:TrackPointExtension><gpxtpx:hr>160</gpxtpx:hr></gpxtpx:TrackPointExtension></extensions></trkpt><trkpt lat="56.656302" lon="38.094815"><ele>140.8</ele><time>2026-07-06T11:06:15Z</time><extensions><gpxtpx:TrackPointExtension><gpxtpx:hr>160</gpxtpx:hr></gpxtpx:TrackPointExtension></extensions></trkpt><trkpt lat="56.656297" lon="38.094847"><ele>140.8</ele><time>2026-07-06T11:06:16Z</time><extensions><gpxtpx:TrackPointExtension><gpxtpx:hr>160</gpxtpx:hr></gpxtpx:TrackPointExtension></extensions></trkpt><trkpt lat="56.656292" lon="38.09488"><ele>140.8</ele><time>2026-07-06T11:06:17Z</time><extensions><gpxtpx:TrackPointExtension><gpxtpx:hr>160</gpxtpx:hr></gpxtpx:TrackPointExtension></extensions></trkpt><trkpt lat="56.656287" lon="38.094947"><ele>140.8</ele><time>2026-07-06T11:06:19Z</time><extensions><gpxtpx:TrackPointExtension><gpxtpx:hr>159</gpxtpx:hr></gpxtpx:TrackPointExtension></extensions></trkpt><trkpt lat="56.656285" lon="38.09498"><ele>140.8</ele><time>2026-07-06T11:06:20Z</time><extensions><gpxtpx:TrackPointExtension><gpxtpx:hr>159</gpxtpx:hr></gpxtpx:TrackPointExtension></extensions></trkpt><trkpt lat="56.656277" lon="38.095017"><ele>140.8</ele><time>2026-07-06T11:06:21Z</time><extensions><gpxtpx:TrackPointExtension><gpxtpx:hr>159</gpxtpx:hr></gpxtpx:TrackPointExtension></extensions></trkpt><trkpt lat="56.656272" lon="38.095057"><ele>140.8</ele><time>2026-07-06T11:06:22Z</time><extensions><gpxtpx:TrackPointExtension><gpxtpx:hr>159</gpxtpx:hr></gpxtpx:TrackPointExtension></extensions></trkpt><trkpt lat="56.656267" lon="38.095092"><ele>140.6</ele><time>2026-07-06T11:06:23Z</time><extensions><gpxtpx:TrackPointExtension><gpxtpx:hr>159</gpxtpx:hr></gpxtpx:TrackPointExtension></extensions></trkpt><trkpt lat="56.65626" lon="38.09513"><ele>140.6</ele><time>2026-07-06T11:06:24Z</time><extensions><gpxtpx:TrackPointExtension><gpxtpx:hr>159</gpxtpx:hr></gpxtpx:TrackPointExtension></extensions></trkpt><trkpt lat="56.656255" lon="38.095167"><ele>140.6</ele><time>2026-07-06T11:06:25Z</time><extensions><gpxtpx:TrackPointExtension><gpxtpx:hr>159</gpxtpx:hr></gpxtpx:TrackPointExtension></extensions></trkpt><trkpt lat="56.656252" lon="38.095205"><ele>140.6</ele><time>2026-07-06T11:06:26Z</time><extensions><gpxtpx:TrackPointExtension><gpxtpx:hr>159</gpxtpx:hr></gpxtpx:TrackPointExtension></extensions></trkpt><trkpt lat="56.656247" lon="38.095267"><ele>140.4</ele><time>2026-07-06T11:06:28Z</time><extensions><gpxtpx:TrackPointExtension><gpxtpx:hr>159</gpxtpx:hr></gpxtpx:TrackPointExtension></extensions></trkpt><trkpt lat="56.656242" lon="38.095302"><ele>140.4</ele><time>2026-07-06T11:06:29Z</time><extensions><gpxtpx:TrackPointExtension><gpxtpx:hr>160</gpxtpx:hr></gpxtpx:TrackPointExtension></extensions></trkpt><trkpt lat="56.656232" lon="38.095337"><ele>140.4</ele><time>2026-07-06T11:06:30Z</time><extensions><gpxtpx:TrackPointExtension><gpxtpx:hr>159</gpxtpx:hr></gpxtpx:TrackPointExtension></extensions></trkpt><trkpt lat="56.656227" lon="38.095373"><ele>140.4</ele><time>2026-07-06T11:06:31Z</time><extensions><gpxtpx:TrackPointExtension><gpxtpx:hr>157</gpxtpx:hr></gpxtpx:TrackPointExtension></extensions></trkpt><trkpt lat="56.656217" lon="38.095412"><ele>140.4</ele><time>2026-07-06T11:06:32Z</time><extensions><gpxtpx:TrackPointExtension><gpxtpx:hr>156</gpxtpx:hr></gpxtpx:TrackPointExtension></extensions></trkpt><trkpt lat="56.656212" lon="38.095447"><ele>140.4</ele><time>2026-07-06T11:06:33Z</time><extensions><gpxtpx:TrackPointExtension><gpxtpx:hr>155</gpxtpx:hr></gpxtpx:TrackPointExtension></extensions></trkpt><trkpt lat="56.65621" lon="38.095482"><ele>140.4</ele><time>2026-07-06T11:06:34Z</time><extensions><gpxtpx:TrackPointExtension><gpxtpx:hr>154</gpxtpx:hr></gpxtpx:TrackPointExtension></extensions></trkpt><trkpt lat="56.656205" lon="38.095517"><ele>140.6</ele><time>2026-07-06T11:06:35Z</time><extensions><gpxtpx:TrackPointExtension><gpxtpx:hr>153</gpxtpx:hr></gpxtpx:TrackPointExtension></extensions></trkpt><trkpt lat="56.6562" lon="38.095552"><ele>140.6</ele><time>2026-07-06T11:06:36Z</time><extensions><gpxtpx:TrackPointExtension><gpxtpx:hr>151</gpxtpx:hr></gpxtpx:TrackPointExtension></extensions></trkpt><trkpt lat="56.656193" lon="38.095587"><ele>140.4</ele><time>2026-07-06T11:06:37Z</time><extensions><gpxtpx:TrackPointExtension><gpxtpx:hr>151</gpxtpx:hr></gpxtpx:TrackPointExtension></extensions></trkpt><trkpt lat="56.65619" lon="38.095622"><ele>140.4</ele><time>2026-07-06T11:06:38Z</time><extensions><gpxtpx:TrackPointExtension><gpxtpx:hr>151</gpxtpx:hr></gpxtpx:TrackPointExtension></extensions></trkpt><trkpt lat="56.656185" lon="38.095655"><ele>140.4</ele><time>2026-07-06T11:06:39Z</time><extensions><gpxtpx:TrackPointExtension><gpxtpx:hr>150</gpxtpx:hr></gpxtpx:TrackPointExtension></extensions></trkpt><trkpt lat="56.65618" lon="38.095687"><ele>140.4</ele><time>2026-07-06T11:06:40Z</time><extensions><gpxtpx:TrackPointExtension><gpxtpx:hr>150</gpxtpx:hr></gpxtpx:TrackPointExtension></extensions></trkpt><trkpt lat="56.656175" lon="38.095717"><ele>140.4</ele><time>2026-07-06T11:06:41Z</time><extensions><gpxtpx:TrackPointExtension><gpxtpx:hr>150</gpxtpx:hr></gpxtpx:TrackPointExtension></extensions></trkpt><trkpt lat="56.656167" lon="38.095753"><ele>140.4</ele><time>2026-07-06T11:06:42Z</time><extensions><gpxtpx:TrackPointExtension><gpxtpx:hr>149</gpxtpx:hr></gpxtpx:TrackPointExtension></extensions></trkpt><trkpt lat="56.656165" lon="38.09579"><ele>140.4</ele><time>2026-07-06T11:06:43Z</time><extensions><gpxtpx:TrackPointExtension><gpxtpx:hr>149</gpxtpx:hr></gpxtpx:TrackPointExtension></extensions></trkpt><trkpt lat="56.65616" lon="38.095822"><ele>140.4</ele><time>2026-07-06T11:06:44Z</time><extensions><gpxtpx:TrackPointExtension><gpxtpx:hr>149</gpxtpx:hr></gpxtpx:TrackPointExtension></extensions></trkpt><trkpt lat="56.656152" lon="38.09586"><ele>140.4</ele><time>2026-07-06T11:06:45Z</time><extensions><gpxtpx:TrackPointExtension><gpxtpx:hr>149</gpxtpx:hr></gpxtpx:TrackPointExtension></extensions></trkpt><trkpt lat="56.656147" lon="38.095897"><ele>140.4</ele><time>2026-07-06T11:06:46Z</time><extensions><gpxtpx:TrackPointExtension><gpxtpx:hr>149</gpxtpx:hr></gpxtpx:TrackPointExtension></extensions></trkpt><trkpt lat="56.656142" lon="38.095932"><ele>140.4</ele><time>2026-07-06T11:06:47Z</time><extensions><gpxtpx:TrackPointExtension><gpxtpx:hr>148</gpxtpx:hr></gpxtpx:TrackPointExtension></extensions></trkpt><trkpt lat="56.656137" lon="38.095972"><ele>140.4</ele><time>2026-07-06T11:06:48Z</time><extensions><gpxtpx:TrackPointExtension><gpxtpx:hr>148</gpxtpx:hr></gpxtpx:TrackPointExtension></extensions></trkpt><trkpt lat="56.65613" lon="38.09601"><ele>140.4</ele><time>2026-07-06T11:06:49Z</time><extensions><gpxtpx:TrackPointExtension><gpxtpx:hr>148</gpxtpx:hr></gpxtpx:TrackPointExtension></extensions></trkpt><trkpt lat="56.656122" lon="38.096045"><ele>140.4</ele><time>2026-07-06T11:06:50Z</time><extensions><gpxtpx:TrackPointExtension><gpxtpx:hr>148</gpxtpx:hr></gpxtpx:TrackPointExtension></extensions></trkpt><trkpt lat="56.656117" lon="38.09608"><ele>140.4</ele><time>2026-07-06T11:06:51Z</time><extensions><gpxtpx:TrackPointExtension><gpxtpx:hr>149</gpxtpx:hr></gpxtpx:TrackPointExtension></extensions></trkpt><trkpt lat="56.656107" lon="38.096117"><ele>140.4</ele><time>2026-07-06T11:06:52Z</time><extensions><gpxtpx:TrackPointExtension><gpxtpx:hr>147</gpxtpx:hr></gpxtpx:TrackPointExtension></extensions></trkpt><trkpt lat="56.656102" lon="38.09615"><ele>140.2</ele><time>2026-07-06T11:06:53Z</time><extensions><gpxtpx:TrackPointExtension><gpxtpx:hr>147</gpxtpx:hr></gpxtpx:TrackPointExtension></extensions></trkpt><trkpt lat="56.656097" lon="38.096182"><ele>140.2</ele><time>2026-07-06T11:06:54Z</time><extensions><gpxtpx:TrackPointExtension><gpxtpx:hr>147</gpxtpx:hr></gpxtpx:TrackPointExtension></extensions></trkpt><trkpt lat="56.656087" lon="38.096217"><ele>140.2</ele><time>2026-07-06T11:06:55Z</time><extensions><gpxtpx:TrackPointExtension><gpxtpx:hr>148</gpxtpx:hr></gpxtpx:TrackPointExtension></extensions></trkpt><trkpt lat="56.65608" lon="38.096257"><ele>140.0</ele><time>2026-07-06T11:06:56Z</time><extensions><gpxtpx:TrackPointExtension><gpxtpx:hr>147</gpxtpx:hr></gpxtpx:TrackPointExtension></extensions></trkpt><trkpt lat="56.656072" lon="38.096295"><ele>140.0</ele><time>2026-07-06T11:06:57Z</time><extensions><gpxtpx:TrackPointExtension><gpxtpx:hr>146</gpxtpx:hr></gpxtpx:TrackPointExtension></extensions></trkpt><trkpt lat="56.656067" lon="38.096335"><ele>139.8</ele><time>2026-07-06T11:06:58Z</time><extensions><gpxtpx:TrackPointExtension><gpxtpx:hr>146</gpxtpx:hr></gpxtpx:TrackPointExtension></extensions></trkpt><trkpt lat="56.656057" lon="38.096372"><ele>139.8</ele><time>2026-07-06T11:06:59Z</time><extensions><gpxtpx:TrackPointExtension><gpxtpx:hr>145</gpxtpx:hr></gpxtpx:TrackPointExtension></extensions></trkpt><trkpt lat="56.65605" lon="38.09641"><ele>139.6</ele><time>2026-07-06T11:07:00Z</time><extensions><gpxtpx:TrackPointExtension><gpxtpx:hr>145</gpxtpx:hr></gpxtpx:TrackPointExtension></extensions></trkpt><trkpt lat="56.656045" lon="38.09645"><ele>139.6</ele><time>2026-07-06T11:07:01Z</time><extensions><gpxtpx:TrackPointExtension><gpxtpx:hr>144</gpxtpx:hr></gpxtpx:TrackPointExtension></extensions></trkpt><trkpt lat="56.656037" lon="38.096482"><ele>139.6</ele><time>2026-07-06T11:07:02Z</time><extensions><gpxtpx:TrackPointExtension><gpxtpx:hr>144</gpxtpx:hr></gpxtpx:TrackPointExtension></extensions></trkpt><trkpt lat="56.656032" lon="38.096517"><ele>139.8</ele><time>2026-07-06T11:07:03Z</time><extensions><gpxtpx:TrackPointExtension><gpxtpx:hr>144</gpxtpx:hr></gpxtpx:TrackPointExtension></extensions></trkpt><trkpt lat="56.656027" lon="38.09655"><ele>139.8</ele><time>2026-07-06T11:07:04Z</time><extensions><gpxtpx:TrackPointExtension><gpxtpx:hr>145</gpxtpx:hr></gpxtpx:TrackPointExtension></extensions></trkpt><trkpt lat="56.656022" lon="38.096583"><ele>139.8</ele><time>2026-07-06T11:07:05Z</time><extensions><gpxtpx:TrackPointExtension><gpxtpx:hr>144</gpxtpx:hr></gpxtpx:TrackPointExtension></extensions></trkpt><trkpt lat="56.656015" lon="38.096617"><ele>139.8</ele><time>2026-07-06T11:07:06Z</time><extensions><gpxtpx:TrackPointExtension><gpxtpx:hr>144</gpxtpx:hr></gpxtpx:TrackPointExtension></extensions></trkpt><trkpt lat="56.65601" lon="38.096652"><ele>139.8</ele><time>2026-07-06T11:07:07Z</time><extensions><gpxtpx:TrackPointExtension><gpxtpx:hr>144</gpxtpx:hr></gpxtpx:TrackPointExtension></extensions></trkpt><trkpt lat="56.656005" lon="38.096692"><ele>139.8</ele><time>2026-07-06T11:07:08Z</time><extensions><gpxtpx:TrackPointExtension><gpxtpx:hr>145</gpxtpx:hr></gpxtpx:TrackPointExtension></extensions></trkpt><trkpt lat="56.656" lon="38.096727"><ele>139.8</ele><time>2026-07-06T11:07:09Z</time><extensions><gpxtpx:TrackPointExtension><gpxtpx:hr>145</gpxtpx:hr></gpxtpx:TrackPointExtension></extensions></trkpt><trkpt lat="56.656" lon="38.09676"><ele>139.6</ele><time>2026-07-06T11:07:10Z</time><extensions><gpxtpx:TrackPointExtension><gpxtpx:hr>144</gpxtpx:hr></gpxtpx:TrackPointExtension></extensions></trkpt><trkpt lat="56.655997" lon="38.096792"><ele>139.6</ele><time>2026-07-06T11:07:11Z</time><extensions><gpxtpx:TrackPointExtension><gpxtpx:hr>144</gpxtpx:hr></gpxtpx:TrackPointExtension></extensions></trkpt><trkpt lat="56.655992" lon="38.096825"><ele>139.6</ele><time>2026-07-06T11:07:12Z</time><extensions><gpxtpx:TrackPointExtension><gpxtpx:hr>144</gpxtpx:hr></gpxtpx:TrackPointExtension></extensions></trkpt><trkpt lat="56.655985" lon="38.096857"><ele>139.6</ele><time>2026-07-06T11:07:13Z</time><extensions><gpxtpx:TrackPointExtension><gpxtpx:hr>145</gpxtpx:hr></gpxtpx:TrackPointExtension></extensions></trkpt><trkpt lat="56.655977" lon="38.096892"><ele>139.6</ele><time>2026-07-06T11:07:14Z</time><extensions><gpxtpx:TrackPointExtension><gpxtpx:hr>145</gpxtpx:hr></gpxtpx:TrackPointExtension></extensions></trkpt><trkpt lat="56.655972" lon="38.096927"><ele>139.6</ele><time>2026-07-06T11:07:15Z</time><extensions><gpxtpx:TrackPointExtension><gpxtpx:hr>145</gpxtpx:hr></gpxtpx:TrackPointExtension></extensions></trkpt><trkpt lat="56.655962" lon="38.096962"><ele>139.6</ele><time>2026-07-06T11:07:16Z</time><extensions><gpxtpx:TrackPointExtension><gpxtpx:hr>145</gpxtpx:hr></gpxtpx:TrackPointExtension></extensions></trkpt><trkpt lat="56.655955" lon="38.097"><ele>139.8</ele><time>2026-07-06T11:07:17Z</time><extensions><gpxtpx:TrackPointExtension><gpxtpx:hr>145</gpxtpx:hr></gpxtpx:TrackPointExtension></extensions></trkpt><trkpt lat="56.655947" lon="38.09704"><ele>140.0</ele><time>2026-07-06T11:07:18Z</time><extensions><gpxtpx:TrackPointExtension><gpxtpx:hr>146</gpxtpx:hr></gpxtpx:TrackPointExtension></extensions></trkpt><trkpt lat="56.65594" lon="38.097075"><ele>140.0</ele><time>2026-07-06T11:07:19Z</time><extensions><gpxtpx:TrackPointExtension><gpxtpx:hr>145</gpxtpx:hr></gpxtpx:TrackPointExtension></extensions></trkpt><trkpt lat="56.655935" lon="38.097112"><ele>140.0</ele><time>2026-07-06T11:07:20Z</time><extensions><gpxtpx:TrackPointExtension><gpxtpx:hr>146</gpxtpx:hr></gpxtpx:TrackPointExtension></extensions></trkpt><trkpt lat="56.655927" lon="38.097152"><ele>140.0</ele><time>2026-07-06T11:07:21Z</time><extensions><gpxtpx:TrackPointExtension><gpxtpx:hr>146</gpxtpx:hr></gpxtpx:TrackPointExtension></extensions></trkpt><trkpt lat="56.655922" lon="38.097188"><ele>140.0</ele><time>2026-07-06T11:07:22Z</time><extensions><gpxtpx:TrackPointExtension><gpxtpx:hr>146</gpxtpx:hr></gpxtpx:TrackPointExtension></extensions></trkpt><trkpt lat="56.655915" lon="38.097227"><ele>139.8</ele><time>2026-07-06T11:07:23Z</time><extensions><gpxtpx:TrackPointExtension><gpxtpx:hr>145</gpxtpx:hr></gpxtpx:TrackPointExtension></extensions></trkpt><trkpt lat="56.655907" lon="38.09729"><ele>139.6</ele><time>2026-07-06T11:07:25Z</time><extensions><gpxtpx:TrackPointExtension><gpxtpx:hr>145</gpxtpx:hr></gpxtpx:TrackPointExtension></extensions></trkpt><trkpt lat="56.655902" lon="38.097322"><ele>139.6</ele><time>2026-07-06T11:07:26Z</time><extensions><gpxtpx:TrackPointExtension><gpxtpx:hr>145</gpxtpx:hr></gpxtpx:TrackPointExtension></extensions></trkpt><trkpt lat="56.655897" lon="38.097362"><ele>139.6</ele><time>2026-07-06T11:07:27Z</time><extensions><gpxtpx:TrackPointExtension><gpxtpx:hr>145</gpxtpx:hr></gpxtpx:TrackPointExtension></extensions></trkpt><trkpt lat="56.655887" lon="38.097397"><ele>139.6</ele><time>2026-07-06T11:07:28Z</time><extensions><gpxtpx:TrackPointExtension><gpxtpx:hr>145</gpxtpx:hr></gpxtpx:TrackPointExtension></extensions></trkpt><trkpt lat="56.65588" lon="38.097432"><ele>139.6</ele><time>2026-07-06T11:07:29Z</time><extensions><gpxtpx:TrackPointExtension><gpxtpx:hr>145</gpxtpx:hr></gpxtpx:TrackPointExtension></extensions></trkpt><trkpt lat="56.655875" lon="38.097467"><ele>139.6</ele><time>2026-07-06T11:07:30Z</time><extensions><gpxtpx:TrackPointExtension><gpxtpx:hr>145</gpxtpx:hr></gpxtpx:TrackPointExtension></extensions></trkpt><trkpt lat="56.655867" lon="38.097502"><ele>139.6</ele><time>2026-07-06T11:07:31Z</time><extensions><gpxtpx:TrackPointExtension><gpxtpx:hr>144</gpxtpx:hr></gpxtpx:TrackPointExtension></extensions></trkpt><trkpt lat="56.655857" lon="38.09754"><ele>139.6</ele><time>2026-07-06T11:07:32Z</time><extensions><gpxtpx:TrackPointExtension><gpxtpx:hr>145</gpxtpx:hr></gpxtpx:TrackPointExtension></extensions></trkpt><trkpt lat="56.65585" lon="38.097572"><ele>139.6</ele><time>2026-07-06T11:07:33Z</time><extensions><gpxtpx:TrackPointExtension><gpxtpx:hr>145</gpxtpx:hr></gpxtpx:TrackPointExtension></extensions></trkpt><trkpt lat="56.655842" lon="38.097605"><ele>139.6</ele><time>2026-07-06T11:07:34Z</time><extensions><gpxtpx:TrackPointExtension><gpxtpx:hr>144</gpxtpx:hr></gpxtpx:TrackPointExtension></extensions></trkpt><trkpt lat="56.655832" lon="38.097637"><ele>139.6</ele><time>2026-07-06T11:07:35Z</time><extensions><gpxtpx:TrackPointExtension><gpxtpx:hr>145</gpxtpx:hr></gpxtpx:TrackPointExtension></extensions></trkpt><trkpt lat="56.655825" lon="38.097672"><ele>139.6</ele><time>2026-07-06T11:07:36Z</time><extensions><gpxtpx:TrackPointExtension><gpxtpx:hr>145</gpxtpx:hr></gpxtpx:TrackPointExtension></extensions></trkpt><trkpt lat="56.655817" lon="38.09771"><ele>139.6</ele><time>2026-07-06T11:07:37Z</time><extensions><gpxtpx:TrackPointExtension><gpxtpx:hr>145</gpxtpx:hr></gpxtpx:TrackPointExtension></extensions></trkpt><trkpt lat="56.655807" lon="38.097745"><ele>139.6</ele><time>2026-07-06T11:07:38Z</time><extensions><gpxtpx:TrackPointExtension><gpxtpx:hr>146</gpxtpx:hr></gpxtpx:TrackPointExtension></extensions></trkpt><trkpt lat="56.655797" lon="38.097785"><ele>139.6</ele><time>2026-07-06T11:07:39Z</time><extensions><gpxtpx:TrackPointExtension><gpxtpx:hr>146</gpxtpx:hr></gpxtpx:TrackPointExtension></extensions></trkpt><trkpt lat="56.655785" lon="38.097827"><ele>139.8</ele><time>2026-07-06T11:07:40Z</time><extensions><gpxtpx:TrackPointExtension><gpxtpx:hr>146</gpxtpx:hr></gpxtpx:TrackPointExtension></extensions></trkpt><trkpt lat="56.655772" lon="38.097872"><ele>139.8</ele><time>2026-07-06T11:07:41Z</time><extensions><gpxtpx:TrackPointExtension><gpxtpx:hr>146</gpxtpx:hr></gpxtpx:TrackPointExtension></extensions></trkpt><trkpt lat="56.655762" lon="38.09792"><ele>139.8</ele><time>2026-07-06T11:07:42Z</time><extensions><gpxtpx:TrackPointExtension><gpxtpx:hr>146</gpxtpx:hr></gpxtpx:TrackPointExtension></extensions></trkpt><trkpt lat="56.655747" lon="38.09797"><ele>139.6</ele><time>2026-07-06T11:07:43Z</time><extensions><gpxtpx:TrackPointExtension><gpxtpx:hr>145</gpxtpx:hr></gpxtpx:TrackPointExtension></extensions></trkpt><trkpt lat="56.655735" lon="38.098022"><ele>139.6</ele><time>2026-07-06T11:07:44Z</time><extensions><gpxtpx:TrackPointExtension><gpxtpx:hr>145</gpxtpx:hr></gpxtpx:TrackPointExtension></extensions></trkpt><trkpt lat="56.655722" lon="38.098075"><ele>139.4</ele><time>2026-07-06T11:07:45Z</time><extensions><gpxtpx:TrackPointExtension><gpxtpx:hr>145</gpxtpx:hr></gpxtpx:TrackPointExtension></extensions></trkpt><trkpt lat="56.655712" lon="38.098127"><ele>139.4</ele><time>2026-07-06T11:07:46Z</time><extensions><gpxtpx:TrackPointExtension><gpxtpx:hr>145</gpxtpx:hr></gpxtpx:TrackPointExtension></extensions></trkpt><trkpt lat="56.6557" lon="38.098185"><ele>139.4</ele><time>2026-07-06T11:07:47Z</time><extensions><gpxtpx:TrackPointExtension><gpxtpx:hr>145</gpxtpx:hr></gpxtpx:TrackPointExtension></extensions></trkpt><trkpt lat="56.655687" lon="38.09824"><ele>139.4</ele><time>2026-07-06T11:07:48Z</time><extensions><gpxtpx:TrackPointExtension><gpxtpx:hr>146</gpxtpx:hr></gpxtpx:TrackPointExtension></extensions></trkpt><trkpt lat="56.65567" lon="38.098297"><ele>139.4</ele><time>2026-07-06T11:07:49Z</time><extensions><gpxtpx:TrackPointExtension><gpxtpx:hr>147</gpxtpx:hr></gpxtpx:TrackPointExtension></extensions></trkpt><trkpt lat="56.655652" lon="38.098352"><ele>139.2</ele><time>2026-07-06T11:07:50Z</time><extensions><gpxtpx:TrackPointExtension><gpxtpx:hr>148</gpxtpx:hr></gpxtpx:TrackPointExtension></extensions></trkpt><trkpt lat="56.65564" lon="38.098407"><ele>139.4</ele><time>2026-07-06T11:07:51Z</time><extensions><gpxtpx:TrackPointExtension><gpxtpx:hr>148</gpxtpx:hr></gpxtpx:TrackPointExtension></extensions></trkpt><trkpt lat="56.65563" lon="38.098465"><ele>139.4</ele><time>2026-07-06T11:07:52Z</time><extensions><gpxtpx:TrackPointExtension><gpxtpx:hr>148</gpxtpx:hr></gpxtpx:TrackPointExtension></extensions></trkpt><trkpt lat="56.655617" lon="38.098517"><ele>139.4</ele><time>2026-07-06T11:07:53Z</time><extensions><gpxtpx:TrackPointExtension><gpxtpx:hr>148</gpxtpx:hr></gpxtpx:TrackPointExtension></extensions></trkpt><trkpt lat="56.655607" lon="38.098572"><ele>139.4</ele><time>2026-07-06T11:07:54Z</time><extensions><gpxtpx:TrackPointExtension><gpxtpx:hr>149</gpxtpx:hr></gpxtpx:TrackPointExtension></extensions></trkpt><trkpt lat="56.655597" lon="38.098627"><ele>139.4</ele><time>2026-07-06T11:07:55Z</time><extensions><gpxtpx:TrackPointExtension><gpxtpx:hr>149</gpxtpx:hr></gpxtpx:TrackPointExtension></extensions></trkpt><trkpt lat="56.655587" lon="38.098672"><ele>139.4</ele><time>2026-07-06T11:07:56Z</time><extensions><gpxtpx:TrackPointExtension><gpxtpx:hr>149</gpxtpx:hr></gpxtpx:TrackPointExtension></extensions></trkpt><trkpt lat="56.655577" lon="38.098725"><ele>139.4</ele><time>2026-07-06T11:07:57Z</time><extensions><gpxtpx:TrackPointExtension><gpxtpx:hr>149</gpxtpx:hr></gpxtpx:TrackPointExtension></extensions></trkpt><trkpt lat="56.655567" lon="38.098778"><ele>139.4</ele><time>2026-07-06T11:07:58Z</time><extensions><gpxtpx:TrackPointExtension><gpxtpx:hr>150</gpxtpx:hr></gpxtpx:TrackPointExtension></extensions></trkpt><trkpt lat="56.655555" lon="38.098832"><ele>139.2</ele><time>2026-07-06T11:07:59Z</time><extensions><gpxtpx:TrackPointExtension><gpxtpx:hr>150</gpxtpx:hr></gpxtpx:TrackPointExtension></extensions></trkpt><trkpt lat="56.655542" lon="38.098887"><ele>139.2</ele><time>2026-07-06T11:08:00Z</time><extensions><gpxtpx:TrackPointExtension><gpxtpx:hr>151</gpxtpx:hr></gpxtpx:TrackPointExtension></extensions></trkpt><trkpt lat="56.655532" lon="38.098942"><ele>139.2</ele><time>2026-07-06T11:08:01Z</time><extensions><gpxtpx:TrackPointExtension><gpxtpx:hr>151</gpxtpx:hr></gpxtpx:TrackPointExtension></extensions></trkpt><trkpt lat="56.655522" lon="38.098997"><ele>139.4</ele><time>2026-07-06T11:08:02Z</time><extensions><gpxtpx:TrackPointExtension><gpxtpx:hr>151</gpxtpx:hr></gpxtpx:TrackPointExtension></extensions></trkpt><trkpt lat="56.65551" lon="38.099052"><ele>139.2</ele><time>2026-07-06T11:08:03Z</time><extensions><gpxtpx:TrackPointExtension><gpxtpx:hr>152</gpxtpx:hr></gpxtpx:TrackPointExtension></extensions></trkpt><trkpt lat="56.655502" lon="38.099107"><ele>139.2</ele><time>2026-07-06T11:08:04Z</time><extensions><gpxtpx:TrackPointExtension><gpxtpx:hr>152</gpxtpx:hr></gpxtpx:TrackPointExtension></extensions></trkpt><trkpt lat="56.65549" lon="38.099162"><ele>139.4</ele><time>2026-07-06T11:08:05Z</time><extensions><gpxtpx:TrackPointExtension><gpxtpx:hr>152</gpxtpx:hr></gpxtpx:TrackPointExtension></extensions></trkpt><trkpt lat="56.655475" lon="38.099217"><ele>139.4</ele><time>2026-07-06T11:08:06Z</time><extensions><gpxtpx:TrackPointExtension><gpxtpx:hr>152</gpxtpx:hr></gpxtpx:TrackPointExtension></extensions></trkpt><trkpt lat="56.655465" lon="38.099275"><ele>139.4</ele><time>2026-07-06T11:08:07Z</time><extensions><gpxtpx:TrackPointExtension><gpxtpx:hr>152</gpxtpx:hr></gpxtpx:TrackPointExtension></extensions></trkpt><trkpt lat="56.655457" lon="38.09933"><ele>139.6</ele><time>2026-07-06T11:08:08Z</time><extensions><gpxtpx:TrackPointExtension><gpxtpx:hr>152</gpxtpx:hr></gpxtpx:TrackPointExtension></extensions></trkpt><trkpt lat="56.655445" lon="38.09939"><ele>139.6</ele><time>2026-07-06T11:08:09Z</time><extensions><gpxtpx:TrackPointExtension><gpxtpx:hr>153</gpxtpx:hr></gpxtpx:TrackPointExtension></extensions></trkpt><trkpt lat="56.655437" lon="38.099447"><ele>139.6</ele><time>2026-07-06T11:08:10Z</time><extensions><gpxtpx:TrackPointExtension><gpxtpx:hr>153</gpxtpx:hr></gpxtpx:TrackPointExtension></extensions></trkpt><trkpt lat="56.655422" lon="38.099502"><ele>139.6</ele><time>2026-07-06T11:08:11Z</time><extensions><gpxtpx:TrackPointExtension><gpxtpx:hr>154</gpxtpx:hr></gpxtpx:TrackPointExtension></extensions></trkpt><trkpt lat="56.655412" lon="38.099562"><ele>139.4</ele><time>2026-07-06T11:08:12Z</time><extensions><gpxtpx:TrackPointExtension><gpxtpx:hr>155</gpxtpx:hr></gpxtpx:TrackPointExtension></extensions></trkpt><trkpt lat="56.655402" lon="38.099617"><ele>139.6</ele><time>2026-07-06T11:08:13Z</time><extensions><gpxtpx:TrackPointExtension><gpxtpx:hr>155</gpxtpx:hr></gpxtpx:TrackPointExtension></extensions></trkpt><trkpt lat="56.655392" lon="38.099677"><ele>139.6</ele><time>2026-07-06T11:08:14Z</time><extensions><gpxtpx:TrackPointExtension><gpxtpx:hr>156</gpxtpx:hr></gpxtpx:TrackPointExtension></extensions></trkpt><trkpt lat="56.65538" lon="38.099732"><ele>139.4</ele><time>2026-07-06T11:08:15Z</time><extensions><gpxtpx:TrackPointExtension><gpxtpx:hr>156</gpxtpx:hr></gpxtpx:TrackPointExtension></extensions></trkpt><trkpt lat="56.655367" lon="38.099787"><ele>139.4</ele><time>2026-07-06T11:08:16Z</time><extensions><gpxtpx:TrackPointExtension><gpxtpx:hr>157</gpxtpx:hr></gpxtpx:TrackPointExtension></extensions></trkpt><trkpt lat="56.655357" lon="38.099845"><ele>139.4</ele><time>2026-07-06T11:08:17Z</time><extensions><gpxtpx:TrackPointExtension><gpxtpx:hr>157</gpxtpx:hr></gpxtpx:TrackPointExtension></extensions></trkpt><trkpt lat="56.655347" lon="38.099902"><ele>139.4</ele><time>2026-07-06T11:08:18Z</time><extensions><gpxtpx:TrackPointExtension><gpxtpx:hr>157</gpxtpx:hr></gpxtpx:TrackPointExtension></extensions></trkpt><trkpt lat="56.655337" lon="38.09996"><ele>139.4</ele><time>2026-07-06T11:08:19Z</time><extensions><gpxtpx:TrackPointExtension><gpxtpx:hr>157</gpxtpx:hr></gpxtpx:TrackPointExtension></extensions></trkpt><trkpt lat="56.655325" lon="38.100012"><ele>139.4</ele><time>2026-07-06T11:08:20Z</time><extensions><gpxtpx:TrackPointExtension><gpxtpx:hr>157</gpxtpx:hr></gpxtpx:TrackPointExtension></extensions></trkpt><trkpt lat="56.655315" lon="38.100067"><ele>139.4</ele><time>2026-07-06T11:08:21Z</time><extensions><gpxtpx:TrackPointExtension><gpxtpx:hr>159</gpxtpx:hr></gpxtpx:TrackPointExtension></extensions></trkpt><trkpt lat="56.655307" lon="38.10012"><ele>139.4</ele><time>2026-07-06T11:08:22Z</time><extensions><gpxtpx:TrackPointExtension><gpxtpx:hr>158</gpxtpx:hr></gpxtpx:TrackPointExtension></extensions></trkpt><trkpt lat="56.655292" lon="38.100172"><ele>139.4</ele><time>2026-07-06T11:08:23Z</time><extensions><gpxtpx:TrackPointExtension><gpxtpx:hr>158</gpxtpx:hr></gpxtpx:TrackPointExtension></extensions></trkpt><trkpt lat="56.655282" lon="38.100227"><ele>139.6</ele><time>2026-07-06T11:08:24Z</time><extensions><gpxtpx:TrackPointExtension><gpxtpx:hr>158</gpxtpx:hr></gpxtpx:TrackPointExtension></extensions></trkpt><trkpt lat="56.655272" lon="38.10028"><ele>139.6</ele><time>2026-07-06T11:08:25Z</time><extensions><gpxtpx:TrackPointExtension><gpxtpx:hr>159</gpxtpx:hr></gpxtpx:TrackPointExtension></extensions></trkpt><trkpt lat="56.655262" lon="38.100332"><ele>139.6</ele><time>2026-07-06T11:08:26Z</time><extensions><gpxtpx:TrackPointExtension><gpxtpx:hr>159</gpxtpx:hr></gpxtpx:TrackPointExtension></extensions></trkpt><trkpt lat="56.655252" lon="38.100387"><ele>139.6</ele><time>2026-07-06T11:08:27Z</time><extensions><gpxtpx:TrackPointExtension><gpxtpx:hr>160</gpxtpx:hr></gpxtpx:TrackPointExtension></extensions></trkpt><trkpt lat="56.655242" lon="38.10044"><ele>139.6</ele><time>2026-07-06T11:08:28Z</time><extensions><gpxtpx:TrackPointExtension><gpxtpx:hr>160</gpxtpx:hr></gpxtpx:TrackPointExtension></extensions></trkpt><trkpt lat="56.655232" lon="38.100497"><ele>139.8</ele><time>2026-07-06T11:08:29Z</time><extensions><gpxtpx:TrackPointExtension><gpxtpx:hr>160</gpxtpx:hr></gpxtpx:TrackPointExtension></extensions></trkpt><trkpt lat="56.655222" lon="38.10055"><ele>139.8</ele><time>2026-07-06T11:08:30Z</time><extensions><gpxtpx:TrackPointExtension><gpxtpx:hr>161</gpxtpx:hr></gpxtpx:TrackPointExtension></extensions></trkpt><trkpt lat="56.655215" lon="38.100607"><ele>139.8</ele><time>2026-07-06T11:08:31Z</time><extensions><gpxtpx:TrackPointExtension><gpxtpx:hr>161</gpxtpx:hr></gpxtpx:TrackPointExtension></extensions></trkpt><trkpt lat="56.655207" lon="38.100662"><ele>139.8</ele><time>2026-07-06T11:08:32Z</time><extensions><gpxtpx:TrackPointExtension><gpxtpx:hr>161</gpxtpx:hr></gpxtpx:TrackPointExtension></extensions></trkpt><trkpt lat="56.6552" lon="38.100717"><ele>139.8</ele><time>2026-07-06T11:08:33Z</time><extensions><gpxtpx:TrackPointExtension><gpxtpx:hr>161</gpxtpx:hr></gpxtpx:TrackPointExtension></extensions></trkpt><trkpt lat="56.65519" lon="38.100772"><ele>139.8</ele><time>2026-07-06T11:08:34Z</time><extensions><gpxtpx:TrackPointExtension><gpxtpx:hr>161</gpxtpx:hr></gpxtpx:TrackPointExtension></extensions></trkpt><trkpt lat="56.655177" lon="38.100827"><ele>140.0</ele><time>2026-07-06T11:08:35Z</time><extensions><gpxtpx:TrackPointExtension><gpxtpx:hr>161</gpxtpx:hr></gpxtpx:TrackPointExtension></extensions></trkpt><trkpt lat="56.655165" lon="38.100882"><ele>139.8</ele><time>2026-07-06T11:08:36Z</time><extensions><gpxtpx:TrackPointExtension><gpxtpx:hr>161</gpxtpx:hr></gpxtpx:TrackPointExtension></extensions></trkpt><trkpt lat="56.655155" lon="38.100932"><ele>139.8</ele><time>2026-07-06T11:08:37Z</time><extensions><gpxtpx:TrackPointExtension><gpxtpx:hr>161</gpxtpx:hr></gpxtpx:TrackPointExtension></extensions></trkpt><trkpt lat="56.655145" lon="38.100987"><ele>139.8</ele><time>2026-07-06T11:08:38Z</time><extensions><gpxtpx:TrackPointExtension><gpxtpx:hr>160</gpxtpx:hr></gpxtpx:TrackPointExtension></extensions></trkpt><trkpt lat="56.655135" lon="38.10104"><ele>139.6</ele><time>2026-07-06T11:08:39Z</time><extensions><gpxtpx:TrackPointExtension><gpxtpx:hr>161</gpxtpx:hr></gpxtpx:TrackPointExtension></extensions></trkpt><trkpt lat="56.655122" lon="38.101092"><ele>139.6</ele><time>2026-07-06T11:08:40Z</time><extensions><gpxtpx:TrackPointExtension><gpxtpx:hr>161</gpxtpx:hr></gpxtpx:TrackPointExtension></extensions></trkpt><trkpt lat="56.655107" lon="38.10115"><ele>139.8</ele><time>2026-07-06T11:08:41Z</time><extensions><gpxtpx:TrackPointExtension><gpxtpx:hr>162</gpxtpx:hr></gpxtpx:TrackPointExtension></extensions></trkpt><trkpt lat="56.6551" lon="38.1012"><ele>139.8</ele><time>2026-07-06T11:08:42Z</time><extensions><gpxtpx:TrackPointExtension><gpxtpx:hr>162</gpxtpx:hr></gpxtpx:TrackPointExtension></extensions></trkpt><trkpt lat="56.65509" lon="38.101252"><ele>139.6</ele><time>2026-07-06T11:08:43Z</time><extensions><gpxtpx:TrackPointExtension><gpxtpx:hr>163</gpxtpx:hr></gpxtpx:TrackPointExtension></extensions></trkpt><trkpt lat="56.65508" lon="38.101302"><ele>139.6</ele><time>2026-07-06T11:08:44Z</time><extensions><gpxtpx:TrackPointExtension><gpxtpx:hr>163</gpxtpx:hr></gpxtpx:TrackPointExtension></extensions></trkpt><trkpt lat="56.65507" lon="38.101353"><ele>139.6</ele><time>2026-07-06T11:08:45Z</time><extensions><gpxtpx:TrackPointExtension><gpxtpx:hr>163</gpxtpx:hr></gpxtpx:TrackPointExtension></extensions></trkpt><trkpt lat="56.65506" lon="38.101412"><ele>139.8</ele><time>2026-07-06T11:08:46Z</time><extensions><gpxtpx:TrackPointExtension><gpxtpx:hr>163</gpxtpx:hr></gpxtpx:TrackPointExtension></extensions></trkpt><trkpt lat="56.65505" lon="38.101467"><ele>139.8</ele><time>2026-07-06T11:08:47Z</time><extensions><gpxtpx:TrackPointExtension><gpxtpx:hr>163</gpxtpx:hr></gpxtpx:TrackPointExtension></extensions></trkpt><trkpt lat="56.655037" lon="38.101527"><ele>139.8</ele><time>2026-07-06T11:08:48Z</time><extensions><gpxtpx:TrackPointExtension><gpxtpx:hr>164</gpxtpx:hr></gpxtpx:TrackPointExtension></extensions></trkpt><trkpt lat="56.655027" lon="38.101582"><ele>139.8</ele><time>2026-07-06T11:08:49Z</time><extensions><gpxtpx:TrackPointExtension><gpxtpx:hr>163</gpxtpx:hr></gpxtpx:TrackPointExtension></extensions></trkpt><trkpt lat="56.655017" lon="38.10164"><ele>140.0</ele><time>2026-07-06T11:08:50Z</time><extensions><gpxtpx:TrackPointExtension><gpxtpx:hr>163</gpxtpx:hr></gpxtpx:TrackPointExtension></extensions></trkpt><trkpt lat="56.655005" lon="38.101695"><ele>140.0</ele><time>2026-07-06T11:08:51Z</time><extensions><gpxtpx:TrackPointExtension><gpxtpx:hr>163</gpxtpx:hr></gpxtpx:TrackPointExtension></extensions></trkpt><trkpt lat="56.654992" lon="38.10175"><ele>140.2</ele><time>2026-07-06T11:08:52Z</time><extensions><gpxtpx:TrackPointExtension><gpxtpx:hr>163</gpxtpx:hr></gpxtpx:TrackPointExtension></extensions></trkpt><trkpt lat="56.65498" lon="38.101807"><ele>140.2</ele><time>2026-07-06T11:08:53Z</time><extensions><gpxtpx:TrackPointExtension><gpxtpx:hr>163</gpxtpx:hr></gpxtpx:TrackPointExtension></extensions></trkpt><trkpt lat="56.654972" lon="38.101862"><ele>140.0</ele><time>2026-07-06T11:08:54Z</time><extensions><gpxtpx:TrackPointExtension><gpxtpx:hr>163</gpxtpx:hr></gpxtpx:TrackPointExtension></extensions></trkpt><trkpt lat="56.654957" lon="38.101915"><ele>140.0</ele><time>2026-07-06T11:08:55Z</time><extensions><gpxtpx:TrackPointExtension><gpxtpx:hr>163</gpxtpx:hr></gpxtpx:TrackPointExtension></extensions></trkpt><trkpt lat="56.654947" lon="38.101967"><ele>139.8</ele><time>2026-07-06T11:08:56Z</time><extensions><gpxtpx:TrackPointExtension><gpxtpx:hr>163</gpxtpx:hr></gpxtpx:TrackPointExtension></extensions></trkpt><trkpt lat="56.654937" lon="38.10202"><ele>139.8</ele><time>2026-07-06T11:08:57Z</time><extensions><gpxtpx:TrackPointExtension><gpxtpx:hr>163</gpxtpx:hr></gpxtpx:TrackPointExtension></extensions></trkpt><trkpt lat="56.654922" lon="38.10207"><ele>139.6</ele><time>2026-07-06T11:08:58Z</time><extensions><gpxtpx:TrackPointExtension><gpxtpx:hr>163</gpxtpx:hr></gpxtpx:TrackPointExtension></extensions></trkpt><trkpt lat="56.654912" lon="38.102122"><ele>139.6</ele><time>2026-07-06T11:08:59Z</time><extensions><gpxtpx:TrackPointExtension><gpxtpx:hr>163</gpxtpx:hr></gpxtpx:TrackPointExtension></extensions></trkpt><trkpt lat="56.654897" lon="38.102172"><ele>139.6</ele><time>2026-07-06T11:09:00Z</time><extensions><gpxtpx:TrackPointExtension><gpxtpx:hr>164</gpxtpx:hr></gpxtpx:TrackPointExtension></extensions></trkpt><trkpt lat="56.654885" lon="38.102222"><ele>139.6</ele><time>2026-07-06T11:09:01Z</time><extensions><gpxtpx:TrackPointExtension><gpxtpx:hr>164</gpxtpx:hr></gpxtpx:TrackPointExtension></extensions></trkpt><trkpt lat="56.65487" lon="38.102272"><ele>139.6</ele><time>2026-07-06T11:09:02Z</time><extensions><gpxtpx:TrackPointExtension><gpxtpx:hr>164</gpxtpx:hr></gpxtpx:TrackPointExtension></extensions></trkpt><trkpt lat="56.654852" lon="38.102322"><ele>139.6</ele><time>2026-07-06T11:09:03Z</time><extensions><gpxtpx:TrackPointExtension><gpxtpx:hr>164</gpxtpx:hr></gpxtpx:TrackPointExtension></extensions></trkpt><trkpt lat="56.654837" lon="38.102372"><ele>139.6</ele><time>2026-07-06T11:09:04Z</time><extensions><gpxtpx:TrackPointExtension><gpxtpx:hr>164</gpxtpx:hr></gpxtpx:TrackPointExtension></extensions></trkpt><trkpt lat="56.65482" lon="38.102427"><ele>139.4</ele><time>2026-07-06T11:09:05Z</time><extensions><gpxtpx:TrackPointExtension><gpxtpx:hr>165</gpxtpx:hr></gpxtpx:TrackPointExtension></extensions></trkpt><trkpt lat="56.654802" lon="38.102472"><ele>139.4</ele><time>2026-07-06T11:09:06Z</time><extensions><gpxtpx:TrackPointExtension><gpxtpx:hr>165</gpxtpx:hr></gpxtpx:TrackPointExtension></extensions></trkpt><trkpt lat="56.654785" lon="38.102522"><ele>139.4</ele><time>2026-07-06T11:09:07Z</time><extensions><gpxtpx:TrackPointExtension><gpxtpx:hr>165</gpxtpx:hr></gpxtpx:TrackPointExtension></extensions></trkpt><trkpt lat="56.654767" lon="38.102577"><ele>139.4</ele><time>2026-07-06T11:09:08Z</time><extensions><gpxtpx:TrackPointExtension><gpxtpx:hr>165</gpxtpx:hr></gpxtpx:TrackPointExtension></extensions></trkpt><trkpt lat="56.654747" lon="38.102625"><ele>139.6</ele><time>2026-07-06T11:09:09Z</time><extensions><gpxtpx:TrackPointExtension><gpxtpx:hr>165</gpxtpx:hr></gpxtpx:TrackPointExtension></extensions></trkpt><trkpt lat="56.65473" lon="38.102672"><ele>139.6</ele><time>2026-07-06T11:09:10Z</time><extensions><gpxtpx:TrackPointExtension><gpxtpx:hr>166</gpxtpx:hr></gpxtpx:TrackPointExtension></extensions></trkpt><trkpt lat="56.654712" lon="38.102717"><ele>139.6</ele><time>2026-07-06T11:09:11Z</time><extensions><gpxtpx:TrackPointExtension><gpxtpx:hr>165</gpxtpx:hr></gpxtpx:TrackPointExtension></extensions></trkpt><trkpt lat="56.654692" lon="38.102757"><ele>139.4</ele><time>2026-07-06T11:09:12Z</time><extensions><gpxtpx:TrackPointExtension><gpxtpx:hr>165</gpxtpx:hr></gpxtpx:TrackPointExtension></extensions></trkpt><trkpt lat="56.654672" lon="38.102802"><ele>139.4</ele><time>2026-07-06T11:09:13Z</time><extensions><gpxtpx:TrackPointExtension><gpxtpx:hr>165</gpxtpx:hr></gpxtpx:TrackPointExtension></extensions></trkpt><trkpt lat="56.65465" lon="38.102845"><ele>139.2</ele><time>2026-07-06T11:09:14Z</time><extensions><gpxtpx:TrackPointExtension><gpxtpx:hr>166</gpxtpx:hr></gpxtpx:TrackPointExtension></extensions></trkpt><trkpt lat="56.654627" lon="38.102885"><ele>139.2</ele><time>2026-07-06T11:09:15Z</time><extensions><gpxtpx:TrackPointExtension><gpxtpx:hr>165</gpxtpx:hr></gpxtpx:TrackPointExtension></extensions></trkpt><trkpt lat="56.654602" lon="38.102927"><ele>139.2</ele><time>2026-07-06T11:09:16Z</time><extensions><gpxtpx:TrackPointExtension><gpxtpx:hr>164</gpxtpx:hr></gpxtpx:TrackPointExtension></extensions></trkpt><trkpt lat="56.65458" lon="38.102972"><ele>139.4</ele><time>2026-07-06T11:09:17Z</time><extensions><gpxtpx:TrackPointExtension><gpxtpx:hr>164</gpxtpx:hr></gpxtpx:TrackPointExtension></extensions></trkpt><trkpt lat="56.654552" lon="38.10301"><ele>139.2</ele><time>2026-07-06T11:09:18Z</time><extensions><gpxtpx:TrackPointExtension><gpxtpx:hr>164</gpxtpx:hr></gpxtpx:TrackPointExtension></extensions></trkpt><trkpt lat="56.654532" lon="38.103052"><ele>139.2</ele><time>2026-07-06T11:09:19Z</time><extensions><gpxtpx:TrackPointExtension><gpxtpx:hr>165</gpxtpx:hr></gpxtpx:TrackPointExtension></extensions></trkpt><trkpt lat="56.654507" lon="38.10309"><ele>139.4</ele><time>2026-07-06T11:09:20Z</time><extensions><gpxtpx:TrackPointExtension><gpxtpx:hr>165</gpxtpx:hr></gpxtpx:TrackPointExtension></extensions></trkpt><trkpt lat="56.65448" lon="38.103127"><ele>139.6</ele><time>2026-07-06T11:09:21Z</time><extensions><gpxtpx:TrackPointExtension><gpxtpx:hr>165</gpxtpx:hr></gpxtpx:TrackPointExtension></extensions></trkpt><trkpt lat="56.654452" lon="38.10316"><ele>139.6</ele><time>2026-07-06T11:09:22Z</time><extensions><gpxtpx:TrackPointExtension><gpxtpx:hr>165</gpxtpx:hr></gpxtpx:TrackPointExtension></extensions></trkpt><trkpt lat="56.654427" lon="38.103192"><ele>139.4</ele><time>2026-07-06T11:09:23Z</time><extensions><gpxtpx:TrackPointExtension><gpxtpx:hr>165</gpxtpx:hr></gpxtpx:TrackPointExtension></extensions></trkpt><trkpt lat="56.654405" lon="38.103222"><ele>139.4</ele><time>2026-07-06T11:09:24Z</time><extensions><gpxtpx:TrackPointExtension><gpxtpx:hr>165</gpxtpx:hr></gpxtpx:TrackPointExtension></extensions></trkpt><trkpt lat="56.65438" lon="38.103257"><ele>139.4</ele><time>2026-07-06T11:09:25Z</time><extensions><gpxtpx:TrackPointExtension><gpxtpx:hr>165</gpxtpx:hr></gpxtpx:TrackPointExtension></extensions></trkpt><trkpt lat="56.654352" lon="38.103292"><ele>139.2</ele><time>2026-07-06T11:09:26Z</time><extensions><gpxtpx:TrackPointExtension><gpxtpx:hr>165</gpxtpx:hr></gpxtpx:TrackPointExtension></extensions></trkpt><trkpt lat="56.654327" lon="38.103327"><ele>139.2</ele><time>2026-07-06T11:09:27Z</time><extensions><gpxtpx:TrackPointExtension><gpxtpx:hr>165</gpxtpx:hr></gpxtpx:TrackPointExtension></extensions></trkpt><trkpt lat="56.654302" lon="38.10336"><ele>139.0</ele><time>2026-07-06T11:09:28Z</time><extensions><gpxtpx:TrackPointExtension><gpxtpx:hr>166</gpxtpx:hr></gpxtpx:TrackPointExtension></extensions></trkpt><trkpt lat="56.654277" lon="38.103387"><ele>139.0</ele><time>2026-07-06T11:09:29Z</time><extensions><gpxtpx:TrackPointExtension><gpxtpx:hr>165</gpxtpx:hr></gpxtpx:TrackPointExtension></extensions></trkpt><trkpt lat="56.654252" lon="38.103422"><ele>139.0</ele><time>2026-07-06T11:09:30Z</time><extensions><gpxtpx:TrackPointExtension><gpxtpx:hr>165</gpxtpx:hr></gpxtpx:TrackPointExtension></extensions></trkpt><trkpt lat="56.654227" lon="38.103452"><ele>139.0</ele><time>2026-07-06T11:09:31Z</time><extensions><gpxtpx:TrackPointExtension><gpxtpx:hr>164</gpxtpx:hr></gpxtpx:TrackPointExtension></extensions></trkpt><trkpt lat="56.654202" lon="38.103485"><ele>139.0</ele><time>2026-07-06T11:09:32Z</time><extensions><gpxtpx:TrackPointExtension><gpxtpx:hr>165</gpxtpx:hr></gpxtpx:TrackPointExtension></extensions></trkpt><trkpt lat="56.654175" lon="38.103517"><ele>139.0</ele><time>2026-07-06T11:09:33Z</time><extensions><gpxtpx:TrackPointExtension><gpxtpx:hr>164</gpxtpx:hr></gpxtpx:TrackPointExtension></extensions></trkpt><trkpt lat="56.65415" lon="38.103547"><ele>138.8</ele><time>2026-07-06T11:09:34Z</time><extensions><gpxtpx:TrackPointExtension><gpxtpx:hr>165</gpxtpx:hr></gpxtpx:TrackPointExtension></extensions></trkpt><trkpt lat="56.654125" lon="38.103582"><ele>138.8</ele><time>2026-07-06T11:09:35Z</time><extensions><gpxtpx:TrackPointExtension><gpxtpx:hr>165</gpxtpx:hr></gpxtpx:TrackPointExtension></extensions></trkpt><trkpt lat="56.654102" lon="38.103612"><ele>138.8</ele><time>2026-07-06T11:09:36Z</time><extensions><gpxtpx:TrackPointExtension><gpxtpx:hr>165</gpxtpx:hr></gpxtpx:TrackPointExtension></extensions></trkpt><trkpt lat="56.654077" lon="38.103647"><ele>138.8</ele><time>2026-07-06T11:09:37Z</time><extensions><gpxtpx:TrackPointExtension><gpxtpx:hr>166</gpxtpx:hr></gpxtpx:TrackPointExtension></extensions></trkpt><trkpt lat="56.654052" lon="38.103682"><ele>138.8</ele><time>2026-07-06T11:09:38Z</time><extensions><gpxtpx:TrackPointExtension><gpxtpx:hr>165</gpxtpx:hr></gpxtpx:TrackPointExtension></extensions></trkpt><trkpt lat="56.654027" lon="38.103712"><ele>138.8</ele><time>2026-07-06T11:09:39Z</time><extensions><gpxtpx:TrackPointExtension><gpxtpx:hr>166</gpxtpx:hr></gpxtpx:TrackPointExtension></extensions></trkpt><trkpt lat="56.653997" lon="38.103747"><ele>138.8</ele><time>2026-07-06T11:09:40Z</time><extensions><gpxtpx:TrackPointExtension><gpxtpx:hr>166</gpxtpx:hr></gpxtpx:TrackPointExtension></extensions></trkpt><trkpt lat="56.653972" lon="38.103777"><ele>138.8</ele><time>2026-07-06T11:09:41Z</time><extensions><gpxtpx:TrackPointExtension><gpxtpx:hr>166</gpxtpx:hr></gpxtpx:TrackPointExtension></extensions></trkpt><trkpt lat="56.653945" lon="38.103812"><ele>138.8</ele><time>2026-07-06T11:09:42Z</time><extensions><gpxtpx:TrackPointExtension><gpxtpx:hr>167</gpxtpx:hr></gpxtpx:TrackPointExtension></extensions></trkpt><trkpt lat="56.65392" lon="38.103847"><ele>138.6</ele><time>2026-07-06T11:09:43Z</time><extensions><gpxtpx:TrackPointExtension><gpxtpx:hr>166</gpxtpx:hr></gpxtpx:TrackPointExtension></extensions></trkpt><trkpt lat="56.653897" lon="38.10388"><ele>138.6</ele><time>2026-07-06T11:09:44Z</time><extensions><gpxtpx:TrackPointExtension><gpxtpx:hr>165</gpxtpx:hr></gpxtpx:TrackPointExtension></extensions></trkpt><trkpt lat="56.653872" lon="38.103912"><ele>138.6</ele><time>2026-07-06T11:09:45Z</time><extensions><gpxtpx:TrackPointExtension><gpxtpx:hr>165</gpxtpx:hr></gpxtpx:TrackPointExtension></extensions></trkpt><trkpt lat="56.653847" lon="38.103947"><ele>138.6</ele><time>2026-07-06T11:09:46Z</time><extensions><gpxtpx:TrackPointExtension><gpxtpx:hr>166</gpxtpx:hr></gpxtpx:TrackPointExtension></extensions></trkpt><trkpt lat="56.653825" lon="38.103977"><ele>138.6</ele><time>2026-07-06T11:09:47Z</time><extensions><gpxtpx:TrackPointExtension><gpxtpx:hr>167</gpxtpx:hr></gpxtpx:TrackPointExtension></extensions></trkpt><trkpt lat="56.6538" lon="38.104013"><ele>138.6</ele><time>2026-07-06T11:09:48Z</time><extensions><gpxtpx:TrackPointExtension><gpxtpx:hr>167</gpxtpx:hr></gpxtpx:TrackPointExtension></extensions></trkpt><trkpt lat="56.653777" lon="38.104047"><ele>138.6</ele><time>2026-07-06T11:09:49Z</time><extensions><gpxtpx:TrackPointExtension><gpxtpx:hr>165</gpxtpx:hr></gpxtpx:TrackPointExtension></extensions></trkpt><trkpt lat="56.653752" lon="38.104082"><ele>138.6</ele><time>2026-07-06T11:09:50Z</time><extensions><gpxtpx:TrackPointExtension><gpxtpx:hr>165</gpxtpx:hr></gpxtpx:TrackPointExtension></extensions></trkpt><trkpt lat="56.653732" lon="38.104112"><ele>138.6</ele><time>2026-07-06T11:09:51Z</time><extensions><gpxtpx:TrackPointExtension><gpxtpx:hr>165</gpxtpx:hr></gpxtpx:TrackPointExtension></extensions></trkpt><trkpt lat="56.653707" lon="38.104145"><ele>138.8</ele><time>2026-07-06T11:09:52Z</time><extensions><gpxtpx:TrackPointExtension><gpxtpx:hr>166</gpxtpx:hr></gpxtpx:TrackPointExtension></extensions></trkpt><trkpt lat="56.653682" lon="38.104177"><ele>138.8</ele><time>2026-07-06T11:09:53Z</time><extensions><gpxtpx:TrackPointExtension><gpxtpx:hr>165</gpxtpx:hr></gpxtpx:TrackPointExtension></extensions></trkpt><trkpt lat="56.653657" lon="38.104207"><ele>138.6</ele><time>2026-07-06T11:09:54Z</time><extensions><gpxtpx:TrackPointExtension><gpxtpx:hr>164</gpxtpx:hr></gpxtpx:TrackPointExtension></extensions></trkpt><trkpt lat="56.65363" lon="38.104237"><ele>138.6</ele><time>2026-07-06T11:09:55Z</time><extensions><gpxtpx:TrackPointExtension><gpxtpx:hr>164</gpxtpx:hr></gpxtpx:TrackPointExtension></extensions></trkpt><trkpt lat="56.653607" lon="38.10427"><ele>138.6</ele><time>2026-07-06T11:09:56Z</time><extensions><gpxtpx:TrackPointExtension><gpxtpx:hr>164</gpxtpx:hr></gpxtpx:TrackPointExtension></extensions></trkpt><trkpt lat="56.653585" lon="38.104297"><ele>138.4</ele><time>2026-07-06T11:09:57Z</time><extensions><gpxtpx:TrackPointExtension><gpxtpx:hr>164</gpxtpx:hr></gpxtpx:TrackPointExtension></extensions></trkpt><trkpt lat="56.65356" lon="38.10433"><ele>138.4</ele><time>2026-07-06T11:09:58Z</time><extensions><gpxtpx:TrackPointExtension><gpxtpx:hr>164</gpxtpx:hr></gpxtpx:TrackPointExtension></extensions></trkpt><trkpt lat="56.653533" lon="38.104362"><ele>138.4</ele><time>2026-07-06T11:09:59Z</time><extensions><gpxtpx:TrackPointExtension><gpxtpx:hr>164</gpxtpx:hr></gpxtpx:TrackPointExtension></extensions></trkpt><trkpt lat="56.653507" lon="38.104392"><ele>138.4</ele><time>2026-07-06T11:10:00Z</time><extensions><gpxtpx:TrackPointExtension><gpxtpx:hr>164</gpxtpx:hr></gpxtpx:TrackPointExtension></extensions></trkpt><trkpt lat="56.653482" lon="38.104427"><ele>138.4</ele><time>2026-07-06T11:10:01Z</time><extensions><gpxtpx:TrackPointExtension><gpxtpx:hr>165</gpxtpx:hr></gpxtpx:TrackPointExtension></extensions></trkpt><trkpt lat="56.653457" lon="38.104457"><ele>138.4</ele><time>2026-07-06T11:10:02Z</time><extensions><gpxtpx:TrackPointExtension><gpxtpx:hr>166</gpxtpx:hr></gpxtpx:TrackPointExtension></extensions></trkpt><trkpt lat="56.653435" lon="38.10449"><ele>138.4</ele><time>2026-07-06T11:10:03Z</time><extensions><gpxtpx:TrackPointExtension><gpxtpx:hr>165</gpxtpx:hr></gpxtpx:TrackPointExtension></extensions></trkpt><trkpt lat="56.653412" lon="38.104522"><ele>138.4</ele><time>2026-07-06T11:10:04Z</time><extensions><gpxtpx:TrackPointExtension><gpxtpx:hr>165</gpxtpx:hr></gpxtpx:TrackPointExtension></extensions></trkpt><trkpt lat="56.653385" lon="38.104557"><ele>138.2</ele><time>2026-07-06T11:10:05Z</time><extensions><gpxtpx:TrackPointExtension><gpxtpx:hr>165</gpxtpx:hr></gpxtpx:TrackPointExtension></extensions></trkpt><trkpt lat="56.653362" lon="38.104597"><ele>138.2</ele><time>2026-07-06T11:10:06Z</time><extensions><gpxtpx:TrackPointExtension><gpxtpx:hr>165</gpxtpx:hr></gpxtpx:TrackPointExtension></extensions></trkpt><trkpt lat="56.65334" lon="38.104632"><ele>138.4</ele><time>2026-07-06T11:10:07Z</time><extensions><gpxtpx:TrackPointExtension><gpxtpx:hr>165</gpxtpx:hr></gpxtpx:TrackPointExtension></extensions></trkpt><trkpt lat="56.653315" lon="38.104662"><ele>138.6</ele><time>2026-07-06T11:10:08Z</time><extensions><gpxtpx:TrackPointExtension><gpxtpx:hr>165</gpxtpx:hr></gpxtpx:TrackPointExtension></extensions></trkpt><trkpt lat="56.65329" lon="38.104687"><ele>138.6</ele><time>2026-07-06T11:10:09Z</time><extensions><gpxtpx:TrackPointExtension><gpxtpx:hr>166</gpxtpx:hr></gpxtpx:TrackPointExtension></extensions></trkpt><trkpt lat="56.653262" lon="38.104715"><ele>138.6</ele><time>2026-07-06T11:10:10Z</time><extensions><gpxtpx:TrackPointExtension><gpxtpx:hr>166</gpxtpx:hr></gpxtpx:TrackPointExtension></extensions></trkpt><trkpt lat="56.653235" lon="38.104747"><ele>138.6</ele><time>2026-07-06T11:10:11Z</time><extensions><gpxtpx:TrackPointExtension><gpxtpx:hr>166</gpxtpx:hr></gpxtpx:TrackPointExtension></extensions></trkpt><trkpt lat="56.653212" lon="38.10478"><ele>138.4</ele><time>2026-07-06T11:10:12Z</time><extensions><gpxtpx:TrackPointExtension><gpxtpx:hr>166</gpxtpx:hr></gpxtpx:TrackPointExtension></extensions></trkpt><trkpt lat="56.653192" lon="38.104817"><ele>138.4</ele><time>2026-07-06T11:10:13Z</time><extensions><gpxtpx:TrackPointExtension><gpxtpx:hr>167</gpxtpx:hr></gpxtpx:TrackPointExtension></extensions></trkpt><trkpt lat="56.653167" lon="38.104855"><ele>138.4</ele><time>2026-07-06T11:10:14Z</time><extensions><gpxtpx:TrackPointExtension><gpxtpx:hr>167</gpxtpx:hr></gpxtpx:TrackPointExtension></extensions></trkpt><trkpt lat="56.653147" lon="38.104892"><ele>138.4</ele><time>2026-07-06T11:10:15Z</time><extensions><gpxtpx:TrackPointExtension><gpxtpx:hr>167</gpxtpx:hr></gpxtpx:TrackPointExtension></extensions></trkpt><trkpt lat="56.653122" lon="38.10493"><ele>138.4</ele><time>2026-07-06T11:10:16Z</time><extensions><gpxtpx:TrackPointExtension><gpxtpx:hr>167</gpxtpx:hr></gpxtpx:TrackPointExtension></extensions></trkpt><trkpt lat="56.653102" lon="38.104965"><ele>138.4</ele><time>2026-07-06T11:10:17Z</time><extensions><gpxtpx:TrackPointExtension><gpxtpx:hr>167</gpxtpx:hr></gpxtpx:TrackPointExtension></extensions></trkpt><trkpt lat="56.65308" lon="38.105007"><ele>138.6</ele><time>2026-07-06T11:10:18Z</time><extensions><gpxtpx:TrackPointExtension><gpxtpx:hr>167</gpxtpx:hr></gpxtpx:TrackPointExtension></extensions></trkpt><trkpt lat="56.65306" lon="38.105047"><ele>138.4</ele><time>2026-07-06T11:10:19Z</time><extensions><gpxtpx:TrackPointExtension><gpxtpx:hr>167</gpxtpx:hr></gpxtpx:TrackPointExtension></extensions></trkpt><trkpt lat="56.653037" lon="38.10509"><ele>138.4</ele><time>2026-07-06T11:10:20Z</time><extensions><gpxtpx:TrackPointExtension><gpxtpx:hr>167</gpxtpx:hr></gpxtpx:TrackPointExtension></extensions></trkpt><trkpt lat="56.653017" lon="38.105135"><ele>138.4</ele><time>2026-07-06T11:10:21Z</time><extensions><gpxtpx:TrackPointExtension><gpxtpx:hr>167</gpxtpx:hr></gpxtpx:TrackPointExtension></extensions></trkpt><trkpt lat="56.652997" lon="38.105175"><ele>138.4</ele><time>2026-07-06T11:10:22Z</time><extensions><gpxtpx:TrackPointExtension><gpxtpx:hr>167</gpxtpx:hr></gpxtpx:TrackPointExtension></extensions></trkpt><trkpt lat="56.652975" lon="38.105215"><ele>138.2</ele><time>2026-07-06T11:10:23Z</time><extensions><gpxtpx:TrackPointExtension><gpxtpx:hr>167</gpxtpx:hr></gpxtpx:TrackPointExtension></extensions></trkpt><trkpt lat="56.652955" lon="38.105252"><ele>138.2</ele><time>2026-07-06T11:10:24Z</time><extensions><gpxtpx:TrackPointExtension><gpxtpx:hr>167</gpxtpx:hr></gpxtpx:TrackPointExtension></extensions></trkpt><trkpt lat="56.652928" lon="38.105285"><ele>138.2</ele><time>2026-07-06T11:10:25Z</time><extensions><gpxtpx:TrackPointExtension><gpxtpx:hr>167</gpxtpx:hr></gpxtpx:TrackPointExtension></extensions></trkpt><trkpt lat="56.652907" lon="38.105325"><ele>138.2</ele><time>2026-07-06T11:10:26Z</time><extensions><gpxtpx:TrackPointExtension><gpxtpx:hr>167</gpxtpx:hr></gpxtpx:TrackPointExtension></extensions></trkpt><trkpt lat="56.65289" lon="38.105362"><ele>138.2</ele><time>2026-07-06T11:10:27Z</time><extensions><gpxtpx:TrackPointExtension><gpxtpx:hr>167</gpxtpx:hr></gpxtpx:TrackPointExtension></extensions></trkpt><trkpt lat="56.65287" lon="38.105402"><ele>138.4</ele><time>2026-07-06T11:10:28Z</time><extensions><gpxtpx:TrackPointExtension><gpxtpx:hr>166</gpxtpx:hr></gpxtpx:TrackPointExtension></extensions></trkpt><trkpt lat="56.652852" lon="38.105442"><ele>138.4</ele><time>2026-07-06T11:10:29Z</time><extensions><gpxtpx:TrackPointExtension><gpxtpx:hr>166</gpxtpx:hr></gpxtpx:TrackPointExtension></extensions></trkpt><trkpt lat="56.652837" lon="38.10548"><ele>138.4</ele><time>2026-07-06T11:10:30Z</time><extensions><gpxtpx:TrackPointExtension><gpxtpx:hr>166</gpxtpx:hr></gpxtpx:TrackPointExtension></extensions></trkpt><trkpt lat="56.652817" lon="38.105522"><ele>138.6</ele><time>2026-07-06T11:10:31Z</time><extensions><gpxtpx:TrackPointExtension><gpxtpx:hr>166</gpxtpx:hr></gpxtpx:TrackPointExtension></extensions></trkpt><trkpt lat="56.652797" lon="38.105562"><ele>138.6</ele><time>2026-07-06T11:10:32Z</time><extensions><gpxtpx:TrackPointExtension><gpxtpx:hr>166</gpxtpx:hr></gpxtpx:TrackPointExtension></extensions></trkpt><trkpt lat="56.652773" lon="38.105607"><ele>138.4</ele><time>2026-07-06T11:10:33Z</time><extensions><gpxtpx:TrackPointExtension><gpxtpx:hr>166</gpxtpx:hr></gpxtpx:TrackPointExtension></extensions></trkpt><trkpt lat="56.652755" lon="38.105647"><ele>138.2</ele><time>2026-07-06T11:10:34Z</time><extensions><gpxtpx:TrackPointExtension><gpxtpx:hr>166</gpxtpx:hr></gpxtpx:TrackPointExtension></extensions></trkpt><trkpt lat="56.652737" lon="38.105695"><ele>138.2</ele><time>2026-07-06T11:10:35Z</time><extensions><gpxtpx:TrackPointExtension><gpxtpx:hr>166</gpxtpx:hr></gpxtpx:TrackPointExtension></extensions></trkpt><trkpt lat="56.652715" lon="38.105742"><ele>138.0</ele><time>2026-07-06T11:10:36Z</time><extensions><gpxtpx:TrackPointExtension><gpxtpx:hr>166</gpxtpx:hr></gpxtpx:TrackPointExtension></extensions></trkpt><trkpt lat="56.652695" lon="38.10579"><ele>138.0</ele><time>2026-07-06T11:10:37Z</time><extensions><gpxtpx:TrackPointExtension><gpxtpx:hr>166</gpxtpx:hr></gpxtpx:TrackPointExtension></extensions></trkpt><trkpt lat="56.652677" lon="38.105832"><ele>138.0</ele><time>2026-07-06T11:10:38Z</time><extensions><gpxtpx:TrackPointExtension><gpxtpx:hr>166</gpxtpx:hr></gpxtpx:TrackPointExtension></extensions></trkpt><trkpt lat="56.652657" lon="38.105872"><ele>138.0</ele><time>2026-07-06T11:10:39Z</time><extensions><gpxtpx:TrackPointExtension><gpxtpx:hr>166</gpxtpx:hr></gpxtpx:TrackPointExtension></extensions></trkpt><trkpt lat="56.652637" lon="38.105912"><ele>138.0</ele><time>2026-07-06T11:10:40Z</time><extensions><gpxtpx:TrackPointExtension><gpxtpx:hr>166</gpxtpx:hr></gpxtpx:TrackPointExtension></extensions></trkpt><trkpt lat="56.652622" lon="38.105957"><ele>138.0</ele><time>2026-07-06T11:10:41Z</time><extensions><gpxtpx:TrackPointExtension><gpxtpx:hr>166</gpxtpx:hr></gpxtpx:TrackPointExtension></extensions></trkpt><trkpt lat="56.652605" lon="38.105995"><ele>138.2</ele><time>2026-07-06T11:10:42Z</time><extensions><gpxtpx:TrackPointExtension><gpxtpx:hr>166</gpxtpx:hr></gpxtpx:TrackPointExtension></extensions></trkpt><trkpt lat="56.652587" lon="38.106032"><ele>138.4</ele><time>2026-07-06T11:10:43Z</time><extensions><gpxtpx:TrackPointExtension><gpxtpx:hr>166</gpxtpx:hr></gpxtpx:TrackPointExtension></extensions></trkpt><trkpt lat="56.65257" lon="38.106072"><ele>138.4</ele><time>2026-07-06T11:10:44Z</time><extensions><gpxtpx:TrackPointExtension><gpxtpx:hr>166</gpxtpx:hr></gpxtpx:TrackPointExtension></extensions></trkpt><trkpt lat="56.652552" lon="38.106107"><ele>138.2</ele><time>2026-07-06T11:10:45Z</time><extensions><gpxtpx:TrackPointExtension><gpxtpx:hr>166</gpxtpx:hr></gpxtpx:TrackPointExtension></extensions></trkpt><trkpt lat="56.652532" lon="38.106147"><ele>138.2</ele><time>2026-07-06T11:10:46Z</time><extensions><gpxtpx:TrackPointExtension><gpxtpx:hr>167</gpxtpx:hr></gpxtpx:TrackPointExtension></extensions></trkpt><trkpt lat="56.652512" lon="38.10619"><ele>138.0</ele><time>2026-07-06T11:10:47Z</time><extensions><gpxtpx:TrackPointExtension><gpxtpx:hr>166</gpxtpx:hr></gpxtpx:TrackPointExtension></extensions></trkpt><trkpt lat="56.652492" lon="38.106227"><ele>138.0</ele><time>2026-07-06T11:10:48Z</time><extensions><gpxtpx:TrackPointExtension><gpxtpx:hr>166</gpxtpx:hr></gpxtpx:TrackPointExtension></extensions></trkpt><trkpt lat="56.652467" lon="38.106265"><ele>138.0</ele><time>2026-07-06T11:10:49Z</time><extensions><gpxtpx:TrackPointExtension><gpxtpx:hr>166</gpxtpx:hr></gpxtpx:TrackPointExtension></extensions></trkpt><trkpt lat="56.652455" lon="38.106312"><ele>137.8</ele><time>2026-07-06T11:10:50Z</time><extensions><gpxtpx:TrackPointExtension><gpxtpx:hr>166</gpxtpx:hr></gpxtpx:TrackPointExtension></extensions></trkpt><trkpt lat="56.652455" lon="38.106352"><ele>137.4</ele><time>2026-07-06T11:10:51Z</time><extensions><gpxtpx:TrackPointExtension><gpxtpx:hr>166</gpxtpx:hr></gpxtpx:TrackPointExtension></extensions></trkpt><trkpt lat="56.652475" lon="38.10635"><ele>137.4</ele><time>2026-07-06T11:10:53Z</time><extensions><gpxtpx:TrackPointExtension><gpxtpx:hr>166</gpxtpx:hr></gpxtpx:TrackPointExtension></extensions></trkpt><trkpt lat="56.65249" lon="38.106307"><ele>137.4</ele><time>2026-07-06T11:10:54Z</time><extensions><gpxtpx:TrackPointExtension><gpxtpx:hr>165</gpxtpx:hr></gpxtpx:TrackPointExtension></extensions></trkpt><trkpt lat="56.652507" lon="38.10625"><ele>137.4</ele><time>2026-07-06T11:10:55Z</time><extensions><gpxtpx:TrackPointExtension><gpxtpx:hr>165</gpxtpx:hr></gpxtpx:TrackPointExtension></extensions></trkpt><trkpt lat="56.652527" lon="38.106192"><ele>137.6</ele><time>2026-07-06T11:10:56Z</time><extensions><gpxtpx:TrackPointExtension><gpxtpx:hr>165</gpxtpx:hr></gpxtpx:TrackPointExtension></extensions></trkpt><trkpt lat="56.652547" lon="38.106132"><ele>137.6</ele><time>2026-07-06T11:10:57Z</time><extensions><gpxtpx:TrackPointExtension><gpxtpx:hr>164</gpxtpx:hr></gpxtpx:TrackPointExtension></extensions></trkpt><trkpt lat="56.652572" lon="38.106072"><ele>137.6</ele><time>2026-07-06T11:10:58Z</time><extensions><gpxtpx:TrackPointExtension><gpxtpx:hr>164</gpxtpx:hr></gpxtpx:TrackPointExtension></extensions></trkpt><trkpt lat="56.652592" lon="38.106017"><ele>137.6</ele><time>2026-07-06T11:10:59Z</time><extensions><gpxtpx:TrackPointExtension><gpxtpx:hr>164</gpxtpx:hr></gpxtpx:TrackPointExtension></extensions></trkpt><trkpt lat="56.65261" lon="38.105967"><ele>137.6</ele><time>2026-07-06T11:11:00Z</time><extensions><gpxtpx:TrackPointExtension><gpxtpx:hr>163</gpxtpx:hr></gpxtpx:TrackPointExtension></extensions></trkpt><trkpt lat="56.65263" lon="38.105922"><ele>137.8</ele><time>2026-07-06T11:11:01Z</time><extensions><gpxtpx:TrackPointExtension><gpxtpx:hr>163</gpxtpx:hr></gpxtpx:TrackPointExtension></extensions></trkpt><trkpt lat="56.652647" lon="38.10588"><ele>137.8</ele><time>2026-07-06T11:11:02Z</time><extensions><gpxtpx:TrackPointExtension><gpxtpx:hr>163</gpxtpx:hr></gpxtpx:TrackPointExtension></extensions></trkpt><trkpt lat="56.65267" lon="38.105837"><ele>137.8</ele><time>2026-07-06T11:11:03Z</time><extensions><gpxtpx:TrackPointExtension><gpxtpx:hr>163</gpxtpx:hr></gpxtpx:TrackPointExtension></extensions></trkpt><trkpt lat="56.652687" lon="38.105792"><ele>137.8</ele><time>2026-07-06T11:11:04Z</time><extensions><gpxtpx:TrackPointExtension><gpxtpx:hr>163</gpxtpx:hr></gpxtpx:TrackPointExtension></extensions></trkpt><trkpt lat="56.652707" lon="38.105745"><ele>137.8</ele><time>2026-07-06T11:11:05Z</time><extensions><gpxtpx:TrackPointExtension><gpxtpx:hr>164</gpxtpx:hr></gpxtpx:TrackPointExtension></extensions></trkpt><trkpt lat="56.652727" lon="38.1057"><ele>137.8</ele><time>2026-07-06T11:11:06Z</time><extensions><gpxtpx:TrackPointExtension><gpxtpx:hr>164</gpxtpx:hr></gpxtpx:TrackPointExtension></extensions></trkpt><trkpt lat="56.652747" lon="38.105657"><ele>138.0</ele><time>2026-07-06T11:11:07Z</time><extensions><gpxtpx:TrackPointExtension><gpxtpx:hr>163</gpxtpx:hr></gpxtpx:TrackPointExtension></extensions></trkpt><trkpt lat="56.652767" lon="38.105612"><ele>138.0</ele><time>2026-07-06T11:11:08Z</time><extensions><gpxtpx:TrackPointExtension><gpxtpx:hr>163</gpxtpx:hr></gpxtpx:TrackPointExtension></extensions></trkpt><trkpt lat="56.652787" lon="38.10557"><ele>138.0</ele><time>2026-07-06T11:11:09Z</time><extensions><gpxtpx:TrackPointExtension><gpxtpx:hr>163</gpxtpx:hr></gpxtpx:TrackPointExtension></extensions></trkpt><trkpt lat="56.652807" lon="38.105535"><ele>138.2</ele><time>2026-07-06T11:11:10Z</time><extensions><gpxtpx:TrackPointExtension><gpxtpx:hr>163</gpxtpx:hr></gpxtpx:TrackPointExtension></extensions></trkpt><trkpt lat="56.652832" lon="38.105497"><ele>138.2</ele><time>2026-07-06T11:11:11Z</time><extensions><gpxtpx:TrackPointExtension><gpxtpx:hr>163</gpxtpx:hr></gpxtpx:TrackPointExtension></extensions></trkpt><trkpt lat="56.652852" lon="38.105462"><ele>138.2</ele><time>2026-07-06T11:11:12Z</time><extensions><gpxtpx:TrackPointExtension><gpxtpx:hr>163</gpxtpx:hr></gpxtpx:TrackPointExtension></extensions></trkpt><trkpt lat="56.652872" lon="38.105427"><ele>138.2</ele><time>2026-07-06T11:11:13Z</time><extensions><gpxtpx:TrackPointExtension><gpxtpx:hr>163</gpxtpx:hr></gpxtpx:TrackPointExtension></extensions></trkpt><trkpt lat="56.652897" lon="38.105387"><ele>138.2</ele><time>2026-07-06T11:11:14Z</time><extensions><gpxtpx:TrackPointExtension><gpxtpx:hr>163</gpxtpx:hr></gpxtpx:TrackPointExtension></extensions></trkpt><trkpt lat="56.65292" lon="38.105355"><ele>138.2</ele><time>2026-07-06T11:11:15Z</time><extensions><gpxtpx:TrackPointExtension><gpxtpx:hr>163</gpxtpx:hr></gpxtpx:TrackPointExtension></extensions></trkpt><trkpt lat="56.652945" lon="38.105317"><ele>138.2</ele><time>2026-07-06T11:11:16Z</time><extensions><gpxtpx:TrackPointExtension><gpxtpx:hr>163</gpxtpx:hr></gpxtpx:TrackPointExtension></extensions></trkpt><trkpt lat="56.652967" lon="38.105287"><ele>138.2</ele><time>2026-07-06T11:11:17Z</time><extensions><gpxtpx:TrackPointExtension><gpxtpx:hr>163</gpxtpx:hr></gpxtpx:TrackPointExtension></extensions></trkpt><trkpt lat="56.652992" lon="38.105252"><ele>138.4</ele><time>2026-07-06T11:11:18Z</time><extensions><gpxtpx:TrackPointExtension><gpxtpx:hr>163</gpxtpx:hr></gpxtpx:TrackPointExtension></extensions></trkpt><trkpt lat="56.653015" lon="38.10521"><ele>138.4</ele><time>2026-07-06T11:11:19Z</time><extensions><gpxtpx:TrackPointExtension><gpxtpx:hr>163</gpxtpx:hr></gpxtpx:TrackPointExtension></extensions></trkpt><trkpt lat="56.653037" lon="38.105172"><ele>138.4</ele><time>2026-07-06T11:11:20Z</time><extensions><gpxtpx:TrackPointExtension><gpxtpx:hr>163</gpxtpx:hr></gpxtpx:TrackPointExtension></extensions></trkpt><trkpt lat="56.653057" lon="38.10513"><ele>138.4</ele><time>2026-07-06T11:11:21Z</time><extensions><gpxtpx:TrackPointExtension><gpxtpx:hr>163</gpxtpx:hr></gpxtpx:TrackPointExtension></extensions></trkpt><trkpt lat="56.65308" lon="38.105085"><ele>138.4</ele><time>2026-07-06T11:11:22Z</time><extensions><gpxtpx:TrackPointExtension><gpxtpx:hr>163</gpxtpx:hr></gpxtpx:TrackPointExtension></extensions></trkpt><trkpt lat="56.6531" lon="38.10504"><ele>138.4</ele><time>2026-07-06T11:11:23Z</time><extensions><gpxtpx:TrackPointExtension><gpxtpx:hr>163</gpxtpx:hr></gpxtpx:TrackPointExtension></extensions></trkpt><trkpt lat="56.653122" lon="38.104998"><ele>138.4</ele><time>2026-07-06T11:11:24Z</time><extensions><gpxtpx:TrackPointExtension><gpxtpx:hr>163</gpxtpx:hr></gpxtpx:TrackPointExtension></extensions></trkpt><trkpt lat="56.653147" lon="38.104962"><ele>138.4</ele><time>2026-07-06T11:11:25Z</time><extensions><gpxtpx:TrackPointExtension><gpxtpx:hr>163</gpxtpx:hr></gpxtpx:TrackPointExtension></extensions></trkpt><trkpt lat="56.653172" lon="38.104932"><ele>138.4</ele><time>2026-07-06T11:11:26Z</time><extensions><gpxtpx:TrackPointExtension><gpxtpx:hr>164</gpxtpx:hr></gpxtpx:TrackPointExtension></extensions></trkpt><trkpt lat="56.653197" lon="38.104902"><ele>138.4</ele><time>2026-07-06T11:11:27Z</time><extensions><gpxtpx:TrackPointExtension><gpxtpx:hr>164</gpxtpx:hr></gpxtpx:TrackPointExtension></extensions></trkpt><trkpt lat="56.653222" lon="38.104875"><ele>138.2</ele><time>2026-07-06T11:11:28Z</time><extensions><gpxtpx:TrackPointExtension><gpxtpx:hr>164</gpxtpx:hr></gpxtpx:TrackPointExtension></extensions></trkpt><trkpt lat="56.653245" lon="38.104847"><ele>138.4</ele><time>2026-07-06T11:11:29Z</time><extensions><gpxtpx:TrackPointExtension><gpxtpx:hr>165</gpxtpx:hr></gpxtpx:TrackPointExtension></extensions></trkpt><trkpt lat="56.653267" lon="38.104812"><ele>138.4</ele><time>2026-07-06T11:11:30Z</time><extensions><gpxtpx:TrackPointExtension><gpxtpx:hr>165</gpxtpx:hr></gpxtpx:TrackPointExtension></extensions></trkpt><trkpt lat="56.65329" lon="38.104773"><ele>138.6</ele><time>2026-07-06T11:11:31Z</time><extensions><gpxtpx:TrackPointExtension><gpxtpx:hr>165</gpxtpx:hr></gpxtpx:TrackPointExtension></extensions></trkpt><trkpt lat="56.653312" lon="38.10474"><ele>138.6</ele><time>2026-07-06T11:11:32Z</time><extensions><gpxtpx:TrackPointExtension><gpxtpx:hr>165</gpxtpx:hr></gpxtpx:TrackPointExtension></extensions></trkpt><trkpt lat="56.653337" lon="38.104707"><ele>138.4</ele><time>2026-07-06T11:11:33Z</time><extensions><gpxtpx:TrackPointExtension><gpxtpx:hr>165</gpxtpx:hr></gpxtpx:TrackPointExtension></extensions></trkpt><trkpt lat="56.653357" lon="38.104667"><ele>138.6</ele><time>2026-07-06T11:11:34Z</time><extensions><gpxtpx:TrackPointExtension><gpxtpx:hr>164</gpxtpx:hr></gpxtpx:TrackPointExtension></extensions></trkpt><trkpt lat="56.653378" lon="38.104635"><ele>138.6</ele><time>2026-07-06T11:11:35Z</time><extensions><gpxtpx:TrackPointExtension><gpxtpx:hr>164</gpxtpx:hr></gpxtpx:TrackPointExtension></extensions></trkpt><trkpt lat="56.653402" lon="38.104607"><ele>138.6</ele><time>2026-07-06T11:11:36Z</time><extensions><gpxtpx:TrackPointExtension><gpxtpx:hr>165</gpxtpx:hr></gpxtpx:TrackPointExtension></extensions></trkpt><trkpt lat="56.653425" lon="38.104577"><ele>138.6</ele><time>2026-07-06T11:11:37Z</time><extensions><gpxtpx:TrackPointExtension><gpxtpx:hr>165</gpxtpx:hr></gpxtpx:TrackPointExtension></extensions></trkpt><trkpt lat="56.65345" lon="38.104542"><ele>138.6</ele><time>2026-07-06T11:11:38Z</time><extensions><gpxtpx:TrackPointExtension><gpxtpx:hr>165</gpxtpx:hr></gpxtpx:TrackPointExtension></extensions></trkpt><trkpt lat="56.653472" lon="38.104512"><ele>138.8</ele><time>2026-07-06T11:11:39Z</time><extensions><gpxtpx:TrackPointExtension><gpxtpx:hr>165</gpxtpx:hr></gpxtpx:TrackPointExtension></extensions></trkpt><trkpt lat="56.653495" lon="38.104477"><ele>139.0</ele><time>2026-07-06T11:11:40Z</time><extensions><gpxtpx:TrackPointExtension><gpxtpx:hr>165</gpxtpx:hr></gpxtpx:TrackPointExtension></extensions></trkpt><trkpt lat="56.653522" lon="38.104447"><ele>139.0</ele><time>2026-07-06T11:11:41Z</time><extensions><gpxtpx:TrackPointExtension><gpxtpx:hr>166</gpxtpx:hr></gpxtpx:TrackPointExtension></extensions></trkpt><trkpt lat="56.653547" lon="38.104422"><ele>139.0</ele><time>2026-07-06T11:11:42Z</time><extensions><gpxtpx:TrackPointExtension><gpxtpx:hr>166</gpxtpx:hr></gpxtpx:TrackPointExtension></extensions></trkpt><trkpt lat="56.653572" lon="38.104393"><ele>139.0</ele><time>2026-07-06T11:11:43Z</time><extensions><gpxtpx:TrackPointExtension><gpxtpx:hr>166</gpxtpx:hr></gpxtpx:TrackPointExtension></extensions></trkpt><trkpt lat="56.653597" lon="38.104365"><ele>139.0</ele><time>2026-07-06T11:11:44Z</time><extensions><gpxtpx:TrackPointExtension><gpxtpx:hr>165</gpxtpx:hr></gpxtpx:TrackPointExtension></extensions></trkpt><trkpt lat="56.653618" lon="38.104332"><ele>139.0</ele><time>2026-07-06T11:11:45Z</time><extensions><gpxtpx:TrackPointExtension><gpxtpx:hr>165</gpxtpx:hr></gpxtpx:TrackPointExtension></extensions></trkpt><trkpt lat="56.65364" lon="38.104297"><ele>139.0</ele><time>2026-07-06T11:11:46Z</time><extensions><gpxtpx:TrackPointExtension><gpxtpx:hr>165</gpxtpx:hr></gpxtpx:TrackPointExtension></extensions></trkpt><trkpt lat="56.653662" lon="38.104262"><ele>139.2</ele><time>2026-07-06T11:11:47Z</time><extensions><gpxtpx:TrackPointExtension><gpxtpx:hr>165</gpxtpx:hr></gpxtpx:TrackPointExtension></extensions></trkpt><trkpt lat="56.653685" lon="38.10423"><ele>139.2</ele><time>2026-07-06T11:11:48Z</time><extensions><gpxtpx:TrackPointExtension><gpxtpx:hr>165</gpxtpx:hr></gpxtpx:TrackPointExtension></extensions></trkpt><trkpt lat="56.65371" lon="38.104197"><ele>139.2</ele><time>2026-07-06T11:11:49Z</time><extensions><gpxtpx:TrackPointExtension><gpxtpx:hr>165</gpxtpx:hr></gpxtpx:TrackPointExtension></extensions></trkpt><trkpt lat="56.653735" lon="38.104167"><ele>139.2</ele><time>2026-07-06T11:11:50Z</time><extensions><gpxtpx:TrackPointExtension><gpxtpx:hr>165</gpxtpx:hr></gpxtpx:TrackPointExtension></extensions></trkpt><trkpt lat="56.653758" lon="38.104132"><ele>139.2</ele><time>2026-07-06T11:11:51Z</time><extensions><gpxtpx:TrackPointExtension><gpxtpx:hr>165</gpxtpx:hr></gpxtpx:TrackPointExtension></extensions></trkpt><trkpt lat="56.653782" lon="38.104102"><ele>139.4</ele><time>2026-07-06T11:11:52Z</time><extensions><gpxtpx:TrackPointExtension><gpxtpx:hr>166</gpxtpx:hr></gpxtpx:TrackPointExtension></extensions></trkpt><trkpt lat="56.653807" lon="38.104067"><ele>139.4</ele><time>2026-07-06T11:11:53Z</time><extensions><gpxtpx:TrackPointExtension><gpxtpx:hr>166</gpxtpx:hr></gpxtpx:TrackPointExtension></extensions></trkpt><trkpt lat="56.653832" lon="38.104042"><ele>139.4</ele><time>2026-07-06T11:11:54Z</time><extensions><gpxtpx:TrackPointExtension><gpxtpx:hr>166</gpxtpx:hr></gpxtpx:TrackPointExtension></extensions></trkpt><trkpt lat="56.65386" lon="38.104012"><ele>139.4</ele><time>2026-07-06T11:11:55Z</time><extensions><gpxtpx:TrackPointExtension><gpxtpx:hr>166</gpxtpx:hr></gpxtpx:TrackPointExtension></extensions></trkpt><trkpt lat="56.653885" lon="38.103985"><ele>139.4</ele><time>2026-07-06T11:11:56Z</time><extensions><gpxtpx:TrackPointExtension><gpxtpx:hr>166</gpxtpx:hr></gpxtpx:TrackPointExtension></extensions></trkpt><trkpt lat="56.65391" lon="38.103952"><ele>139.6</ele><time>2026-07-06T11:11:57Z</time><extensions><gpxtpx:TrackPointExtension><gpxtpx:hr>166</gpxtpx:hr></gpxtpx:TrackPointExtension></extensions></trkpt><trkpt lat="56.653932" lon="38.103922"><ele>139.6</ele><time>2026-07-06T11:11:58Z</time><extensions><gpxtpx:TrackPointExtension><gpxtpx:hr>166</gpxtpx:hr></gpxtpx:TrackPointExtension></extensions></trkpt><trkpt lat="56.653957" lon="38.103892"><ele>139.6</ele><time>2026-07-06T11:11:59Z</time><extensions><gpxtpx:TrackPointExtension><gpxtpx:hr>166</gpxtpx:hr></gpxtpx:TrackPointExtension></extensions></trkpt><trkpt lat="56.653982" lon="38.103858"><ele>139.6</ele><time>2026-07-06T11:12:00Z</time><extensions><gpxtpx:TrackPointExtension><gpxtpx:hr>166</gpxtpx:hr></gpxtpx:TrackPointExtension></extensions></trkpt><trkpt lat="56.65401" lon="38.103827"><ele>139.6</ele><time>2026-07-06T11:12:01Z</time><extensions><gpxtpx:TrackPointExtension><gpxtpx:hr>166</gpxtpx:hr></gpxtpx:TrackPointExtension></extensions></trkpt><trkpt lat="56.654035" lon="38.103797"><ele>139.6</ele><time>2026-07-06T11:12:02Z</time><extensions><gpxtpx:TrackPointExtension><gpxtpx:hr>167</gpxtpx:hr></gpxtpx:TrackPointExtension></extensions></trkpt><trkpt lat="56.654057" lon="38.103762"><ele>139.6</ele><time>2026-07-06T11:12:03Z</time><extensions><gpxtpx:TrackPointExtension><gpxtpx:hr>166</gpxtpx:hr></gpxtpx:TrackPointExtension></extensions></trkpt><trkpt lat="56.65408" lon="38.103732"><ele>139.4</ele><time>2026-07-06T11:12:04Z</time><extensions><gpxtpx:TrackPointExtension><gpxtpx:hr>167</gpxtpx:hr></gpxtpx:TrackPointExtension></extensions></trkpt><trkpt lat="56.654102" lon="38.103702"><ele>139.6</ele><time>2026-07-06T11:12:05Z</time><extensions><gpxtpx:TrackPointExtension><gpxtpx:hr>166</gpxtpx:hr></gpxtpx:TrackPointExtension></extensions></trkpt><trkpt lat="56.654122" lon="38.10367"><ele>139.6</ele><time>2026-07-06T11:12:06Z</time><extensions><gpxtpx:TrackPointExtension><gpxtpx:hr>167</gpxtpx:hr></gpxtpx:TrackPointExtension></extensions></trkpt><trkpt lat="56.654145" lon="38.103637"><ele>139.6</ele><time>2026-07-06T11:12:07Z</time><extensions><gpxtpx:TrackPointExtension><gpxtpx:hr>167</gpxtpx:hr></gpxtpx:TrackPointExtension></extensions></trkpt><trkpt lat="56.654167" lon="38.103605"><ele>139.6</ele><time>2026-07-06T11:12:08Z</time><extensions><gpxtpx:TrackPointExtension><gpxtpx:hr>167</gpxtpx:hr></gpxtpx:TrackPointExtension></extensions></trkpt><trkpt lat="56.65419" lon="38.103572"><ele>139.6</ele><time>2026-07-06T11:12:09Z</time><extensions><gpxtpx:TrackPointExtension><gpxtpx:hr>167</gpxtpx:hr></gpxtpx:TrackPointExtension></extensions></trkpt><trkpt lat="56.654212" lon="38.103537"><ele>139.6</ele><time>2026-07-06T11:12:10Z</time><extensions><gpxtpx:TrackPointExtension><gpxtpx:hr>167</gpxtpx:hr></gpxtpx:TrackPointExtension></extensions></trkpt><trkpt lat="56.654237" lon="38.103507"><ele>139.6</ele><time>2026-07-06T11:12:11Z</time><extensions><gpxtpx:TrackPointExtension><gpxtpx:hr>167</gpxtpx:hr></gpxtpx:TrackPointExtension></extensions></trkpt><trkpt lat="56.654257" lon="38.103477"><ele>139.6</ele><time>2026-07-06T11:12:12Z</time><extensions><gpxtpx:TrackPointExtension><gpxtpx:hr>167</gpxtpx:hr></gpxtpx:TrackPointExtension></extensions></trkpt><trkpt lat="56.654282" lon="38.103447"><ele>139.6</ele><time>2026-07-06T11:12:13Z</time><extensions><gpxtpx:TrackPointExtension><gpxtpx:hr>167</gpxtpx:hr></gpxtpx:TrackPointExtension></extensions></trkpt><trkpt lat="56.654305" lon="38.10342"><ele>139.8</ele><time>2026-07-06T11:12:14Z</time><extensions><gpxtpx:TrackPointExtension><gpxtpx:hr>166</gpxtpx:hr></gpxtpx:TrackPointExtension></extensions></trkpt><trkpt lat="56.654327" lon="38.103387"><ele>139.8</ele><time>2026-07-06T11:12:15Z</time><extensions><gpxtpx:TrackPointExtension><gpxtpx:hr>166</gpxtpx:hr></gpxtpx:TrackPointExtension></extensions></trkpt><trkpt lat="56.654347" lon="38.103352"><ele>139.8</ele><time>2026-07-06T11:12:16Z</time><extensions><gpxtpx:TrackPointExtension><gpxtpx:hr>166</gpxtpx:hr></gpxtpx:TrackPointExtension></extensions></trkpt><trkpt lat="56.65437" lon="38.103322"><ele>139.6</ele><time>2026-07-06T11:12:17Z</time><extensions><gpxtpx:TrackPointExtension><gpxtpx:hr>166</gpxtpx:hr></gpxtpx:TrackPointExtension></extensions></trkpt><trkpt lat="56.654392" lon="38.10329"><ele>139.6</ele><time>2026-07-06T11:12:18Z</time><extensions><gpxtpx:TrackPointExtension><gpxtpx:hr>166</gpxtpx:hr></gpxtpx:TrackPointExtension></extensions></trkpt><trkpt lat="56.654417" lon="38.10326"><ele>139.6</ele><time>2026-07-06T11:12:19Z</time><extensions><gpxtpx:TrackPointExtension><gpxtpx:hr>166</gpxtpx:hr></gpxtpx:TrackPointExtension></extensions></trkpt><trkpt lat="56.654442" lon="38.103227"><ele>139.6</ele><time>2026-07-06T11:12:20Z</time><extensions><gpxtpx:TrackPointExtension><gpxtpx:hr>166</gpxtpx:hr></gpxtpx:TrackPointExtension></extensions></trkpt><trkpt lat="56.654465" lon="38.1032"><ele>139.6</ele><time>2026-07-06T11:12:21Z</time><extensions><gpxtpx:TrackPointExtension><gpxtpx:hr>166</gpxtpx:hr></gpxtpx:TrackPointExtension></extensions></trkpt><trkpt lat="56.654487" lon="38.103167"><ele>139.8</ele><time>2026-07-06T11:12:22Z</time><extensions><gpxtpx:TrackPointExtension><gpxtpx:hr>166</gpxtpx:hr></gpxtpx:TrackPointExtension></extensions></trkpt><trkpt lat="56.65451" lon="38.103132"><ele>139.8</ele><time>2026-07-06T11:12:23Z</time><extensions><gpxtpx:TrackPointExtension><gpxtpx:hr>165</gpxtpx:hr></gpxtpx:TrackPointExtension></extensions></trkpt><trkpt lat="56.654532" lon="38.103097"><ele>139.8</ele><time>2026-07-06T11:12:24Z</time><extensions><gpxtpx:TrackPointExtension><gpxtpx:hr>165</gpxtpx:hr></gpxtpx:TrackPointExtension></extensions></trkpt><trkpt lat="56.654557" lon="38.103065"><ele>139.8</ele><time>2026-07-06T11:12:25Z</time><extensions><gpxtpx:TrackPointExtension><gpxtpx:hr>165</gpxtpx:hr></gpxtpx:TrackPointExtension></extensions></trkpt><trkpt lat="56.654577" lon="38.103032"><ele>139.8</ele><time>2026-07-06T11:12:26Z</time><extensions><gpxtpx:TrackPointExtension><gpxtpx:hr>165</gpxtpx:hr></gpxtpx:TrackPointExtension></extensions></trkpt><trkpt lat="56.6546" lon="38.102995"><ele>139.8</ele><time>2026-07-06T11:12:27Z</time><extensions><gpxtpx:TrackPointExtension><gpxtpx:hr>165</gpxtpx:hr></gpxtpx:TrackPointExtension></extensions></trkpt><trkpt lat="56.65462" lon="38.102957"><ele>139.8</ele><time>2026-07-06T11:12:28Z</time><extensions><gpxtpx:TrackPointExtension><gpxtpx:hr>165</gpxtpx:hr></gpxtpx:TrackPointExtension></extensions></trkpt><trkpt lat="56.654637" lon="38.102922"><ele>139.8</ele><time>2026-07-06T11:12:29Z</time><extensions><gpxtpx:TrackPointExtension><gpxtpx:hr>165</gpxtpx:hr></gpxtpx:TrackPointExtension></extensions></trkpt><trkpt lat="56.65466" lon="38.102885"><ele>140.0</ele><time>2026-07-06T11:12:30Z</time><extensions><gpxtpx:TrackPointExtension><gpxtpx:hr>166</gpxtpx:hr></gpxtpx:TrackPointExtension></extensions></trkpt><trkpt lat="56.65468" lon="38.102847"><ele>140.0</ele><time>2026-07-06T11:12:31Z</time><extensions><gpxtpx:TrackPointExtension><gpxtpx:hr>165</gpxtpx:hr></gpxtpx:TrackPointExtension></extensions></trkpt><trkpt lat="56.654702" lon="38.102807"><ele>140.0</ele><time>2026-07-06T11:12:32Z</time><extensions><gpxtpx:TrackPointExtension><gpxtpx:hr>166</gpxtpx:hr></gpxtpx:TrackPointExtension></extensions></trkpt><trkpt lat="56.654722" lon="38.102767"><ele>140.0</ele><time>2026-07-06T11:12:33Z</time><extensions><gpxtpx:TrackPointExtension><gpxtpx:hr>165</gpxtpx:hr></gpxtpx:TrackPointExtension></extensions></trkpt><trkpt lat="56.654742" lon="38.102727"><ele>140.0</ele><time>2026-07-06T11:12:34Z</time><extensions><gpxtpx:TrackPointExtension><gpxtpx:hr>166</gpxtpx:hr></gpxtpx:TrackPointExtension></extensions></trkpt><trkpt lat="56.65476" lon="38.102682"><ele>140.2</ele><time>2026-07-06T11:12:35Z</time><extensions><gpxtpx:TrackPointExtension><gpxtpx:hr>166</gpxtpx:hr></gpxtpx:TrackPointExtension></extensions></trkpt><trkpt lat="56.654777" lon="38.102637"><ele>140.0</ele><time>2026-07-06T11:12:36Z</time><extensions><gpxtpx:TrackPointExtension><gpxtpx:hr>166</gpxtpx:hr></gpxtpx:TrackPointExtension></extensions></trkpt><trkpt lat="56.654795" lon="38.102592"><ele>140.0</ele><time>2026-07-06T11:12:37Z</time><extensions><gpxtpx:TrackPointExtension><gpxtpx:hr>166</gpxtpx:hr></gpxtpx:TrackPointExtension></extensions></trkpt><trkpt lat="56.654812" lon="38.102547"><ele>140.0</ele><time>2026-07-06T11:12:38Z</time><extensions><gpxtpx:TrackPointExtension><gpxtpx:hr>166</gpxtpx:hr></gpxtpx:TrackPointExtension></extensions></trkpt><trkpt lat="56.654825" lon="38.102505"><ele>140.0</ele><time>2026-07-06T11:12:39Z</time><extensions><gpxtpx:TrackPointExtension><gpxtpx:hr>166</gpxtpx:hr></gpxtpx:TrackPointExtension></extensions></trkpt><trkpt lat="56.65484" lon="38.102457"><ele>140.2</ele><time>2026-07-06T11:12:40Z</time><extensions><gpxtpx:TrackPointExtension><gpxtpx:hr>166</gpxtpx:hr></gpxtpx:TrackPointExtension></extensions></trkpt><trkpt lat="56.654855" lon="38.102412"><ele>140.2</ele><time>2026-07-06T11:12:41Z</time><extensions><gpxtpx:TrackPointExtension><gpxtpx:hr>166</gpxtpx:hr></gpxtpx:TrackPointExtension></extensions></trkpt><trkpt lat="56.65487" lon="38.102367"><ele>140.2</ele><time>2026-07-06T11:12:42Z</time><extensions><gpxtpx:TrackPointExtension><gpxtpx:hr>166</gpxtpx:hr></gpxtpx:TrackPointExtension></extensions></trkpt><trkpt lat="56.654882" lon="38.10232"><ele>140.4</ele><time>2026-07-06T11:12:43Z</time><extensions><gpxtpx:TrackPointExtension><gpxtpx:hr>166</gpxtpx:hr></gpxtpx:TrackPointExtension></extensions></trkpt><trkpt lat="56.654897" lon="38.102277"><ele>140.4</ele><time>2026-07-06T11:12:44Z</time><extensions><gpxtpx:TrackPointExtension><gpxtpx:hr>165</gpxtpx:hr></gpxtpx:TrackPointExtension></extensions></trkpt><trkpt lat="56.654912" lon="38.10223"><ele>140.4</ele><time>2026-07-06T11:12:45Z</time><extensions><gpxtpx:TrackPointExtension><gpxtpx:hr>165</gpxtpx:hr></gpxtpx:TrackPointExtension></extensions></trkpt><trkpt lat="56.654922" lon="38.102182"><ele>140.4</ele><time>2026-07-06T11:12:46Z</time><extensions><gpxtpx:TrackPointExtension><gpxtpx:hr>166</gpxtpx:hr></gpxtpx:TrackPointExtension></extensions></trkpt><trkpt lat="56.654932" lon="38.102132"><ele>140.4</ele><time>2026-07-06T11:12:47Z</time><extensions><gpxtpx:TrackPointExtension><gpxtpx:hr>167</gpxtpx:hr></gpxtpx:TrackPointExtension></extensions></trkpt><trkpt lat="56.654942" lon="38.102082"><ele>140.4</ele><time>2026-07-06T11:12:48Z</time><extensions><gpxtpx:TrackPointExtension><gpxtpx:hr>165</gpxtpx:hr></gpxtpx:TrackPointExtension></extensions></trkpt><trkpt lat="56.654952" lon="38.102037"><ele>140.4</ele><time>2026-07-06T11:12:49Z</time><extensions><gpxtpx:TrackPointExtension><gpxtpx:hr>165</gpxtpx:hr></gpxtpx:TrackPointExtension></extensions></trkpt><trkpt lat="56.65496" lon="38.101987"><ele>140.4</ele><time>2026-07-06T11:12:50Z</time><extensions><gpxtpx:TrackPointExtension><gpxtpx:hr>165</gpxtpx:hr></gpxtpx:TrackPointExtension></extensions></trkpt><trkpt lat="56.654972" lon="38.10194"><ele>140.6</ele><time>2026-07-06T11:12:51Z</time><extensions><gpxtpx:TrackPointExtension><gpxtpx:hr>166</gpxtpx:hr></gpxtpx:TrackPointExtension></extensions></trkpt><trkpt lat="56.654982" lon="38.101892"><ele>140.6</ele><time>2026-07-06T11:12:52Z</time><extensions><gpxtpx:TrackPointExtension><gpxtpx:hr>166</gpxtpx:hr></gpxtpx:TrackPointExtension></extensions></trkpt><trkpt lat="56.65499" lon="38.101842"><ele>140.6</ele><time>2026-07-06T11:12:53Z</time><extensions><gpxtpx:TrackPointExtension><gpxtpx:hr>166</gpxtpx:hr></gpxtpx:TrackPointExtension></extensions></trkpt><trkpt lat="56.655002" lon="38.101795"><ele>140.8</ele><time>2026-07-06T11:12:54Z</time><extensions><gpxtpx:TrackPointExtension><gpxtpx:hr>166</gpxtpx:hr></gpxtpx:TrackPointExtension></extensions></trkpt><trkpt lat="56.655012" lon="38.101742"><ele>140.8</ele><time>2026-07-06T11:12:55Z</time><extensions><gpxtpx:TrackPointExtension><gpxtpx:hr>167</gpxtpx:hr></gpxtpx:TrackPointExtension></extensions></trkpt><trkpt lat="56.65502" lon="38.101695"><ele>140.8</ele><time>2026-07-06T11:12:56Z</time><extensions><gpxtpx:TrackPointExtension><gpxtpx:hr>167</gpxtpx:hr></gpxtpx:TrackPointExtension></extensions></trkpt><trkpt lat="56.655027" lon="38.101645"><ele>140.8</ele><time>2026-07-06T11:12:57Z</time><extensions><gpxtpx:TrackPointExtension><gpxtpx:hr>166</gpxtpx:hr></gpxtpx:TrackPointExtension></extensions></trkpt><trkpt lat="56.65504" lon="38.101592"><ele>140.8</ele><time>2026-07-06T11:12:58Z</time><extensions><gpxtpx:TrackPointExtension><gpxtpx:hr>166</gpxtpx:hr></gpxtpx:TrackPointExtension></extensions></trkpt><trkpt lat="56.65505" lon="38.101547"><ele>140.8</ele><time>2026-07-06T11:12:59Z</time><extensions><gpxtpx:TrackPointExtension><gpxtpx:hr>166</gpxtpx:hr></gpxtpx:TrackPointExtension></extensions></trkpt><trkpt lat="56.655057" lon="38.101497"><ele>141.0</ele><time>2026-07-06T11:13:00Z</time><extensions><gpxtpx:TrackPointExtension><gpxtpx:hr>166</gpxtpx:hr></gpxtpx:TrackPointExtension></extensions></trkpt><trkpt lat="56.655065" lon="38.10145"><ele>141.0</ele><time>2026-07-06T11:13:01Z</time><extensions><gpxtpx:TrackPointExtension><gpxtpx:hr>166</gpxtpx:hr></gpxtpx:TrackPointExtension></extensions></trkpt><trkpt lat="56.655072" lon="38.101405"><ele>141.0</ele><time>2026-07-06T11:13:02Z</time><extensions><gpxtpx:TrackPointExtension><gpxtpx:hr>166</gpxtpx:hr></gpxtpx:TrackPointExtension></extensions></trkpt><trkpt lat="56.655077" lon="38.101353"><ele>141.0</ele><time>2026-07-06T11:13:03Z</time><extensions><gpxtpx:TrackPointExtension><gpxtpx:hr>166</gpxtpx:hr></gpxtpx:TrackPointExtension></extensions></trkpt><trkpt lat="56.655085" lon="38.101307"><ele>141.2</ele><time>2026-07-06T11:13:04Z</time><extensions><gpxtpx:TrackPointExtension><gpxtpx:hr>166</gpxtpx:hr></gpxtpx:TrackPointExtension></extensions></trkpt><trkpt lat="56.655097" lon="38.101265"><ele>141.2</ele><time>2026-07-06T11:13:05Z</time><extensions><gpxtpx:TrackPointExtension><gpxtpx:hr>166</gpxtpx:hr></gpxtpx:TrackPointExtension></extensions></trkpt><trkpt lat="56.655107" lon="38.10122"><ele>141.2</ele><time>2026-07-06T11:13:06Z</time><extensions><gpxtpx:TrackPointExtension><gpxtpx:hr>166</gpxtpx:hr></gpxtpx:TrackPointExtension></extensions></trkpt><trkpt lat="56.655117" lon="38.101172"><ele>141.2</ele><time>2026-07-06T11:13:07Z</time><extensions><gpxtpx:TrackPointExtension><gpxtpx:hr>166</gpxtpx:hr></gpxtpx:TrackPointExtension></extensions></trkpt><trkpt lat="56.655127" lon="38.101125"><ele>141.4</ele><time>2026-07-06T11:13:08Z</time><extensions><gpxtpx:TrackPointExtension><gpxtpx:hr>166</gpxtpx:hr></gpxtpx:TrackPointExtension></extensions></trkpt><trkpt lat="56.655137" lon="38.101077"><ele>141.4</ele><time>2026-07-06T11:13:09Z</time><extensions><gpxtpx:TrackPointExtension><gpxtpx:hr>166</gpxtpx:hr></gpxtpx:TrackPointExtension></extensions></trkpt><trkpt lat="56.655147" lon="38.10103"><ele>141.2</ele><time>2026-07-06T11:13:10Z</time><extensions><gpxtpx:TrackPointExtension><gpxtpx:hr>166</gpxtpx:hr></gpxtpx:TrackPointExtension></extensions></trkpt><trkpt lat="56.655157" lon="38.10098"><ele>141.2</ele><time>2026-07-06T11:13:11Z</time><extensions><gpxtpx:TrackPointExtension><gpxtpx:hr>165</gpxtpx:hr></gpxtpx:TrackPointExtension></extensions></trkpt><trkpt lat="56.655167" lon="38.100935"><ele>141.2</ele><time>2026-07-06T11:13:12Z</time><extensions><gpxtpx:TrackPointExtension><gpxtpx:hr>166</gpxtpx:hr></gpxtpx:TrackPointExtension></extensions></trkpt><trkpt lat="56.655177" lon="38.100887"><ele>141.2</ele><time>2026-07-06T11:13:13Z</time><extensions><gpxtpx:TrackPointExtension><gpxtpx:hr>165</gpxtpx:hr></gpxtpx:TrackPointExtension></extensions></trkpt><trkpt lat="56.655185" lon="38.100842"><ele>141.2</ele><time>2026-07-06T11:13:14Z</time><extensions><gpxtpx:TrackPointExtension><gpxtpx:hr>165</gpxtpx:hr></gpxtpx:TrackPointExtension></extensions></trkpt><trkpt lat="56.655195" lon="38.100797"><ele>141.2</ele><time>2026-07-06T11:13:15Z</time><extensions><gpxtpx:TrackPointExtension><gpxtpx:hr>165</gpxtpx:hr></gpxtpx:TrackPointExtension></extensions></trkpt><trkpt lat="56.655205" lon="38.100747"><ele>141.4</ele><time>2026-07-06T11:13:16Z</time><extensions><gpxtpx:TrackPointExtension><gpxtpx:hr>166</gpxtpx:hr></gpxtpx:TrackPointExtension></extensions></trkpt><trkpt lat="56.655212" lon="38.100702"><ele>141.4</ele><time>2026-07-06T11:13:17Z</time><extensions><gpxtpx:TrackPointExtension><gpxtpx:hr>166</gpxtpx:hr></gpxtpx:TrackPointExtension></extensions></trkpt><trkpt lat="56.655222" lon="38.100655"><ele>141.4</ele><time>2026-07-06T11:13:18Z</time><extensions><gpxtpx:TrackPointExtension><gpxtpx:hr>165</gpxtpx:hr></gpxtpx:TrackPointExtension></extensions></trkpt><trkpt lat="56.655227" lon="38.10061"><ele>141.4</ele><time>2026-07-06T11:13:19Z</time><extensions><gpxtpx:TrackPointExtension><gpxtpx:hr>165</gpxtpx:hr></gpxtpx:TrackPointExtension></extensions></trkpt><trkpt lat="56.655237" lon="38.100567"><ele>141.4</ele><time>2026-07-06T11:13:20Z</time><extensions><gpxtpx:TrackPointExtension><gpxtpx:hr>165</gpxtpx:hr></gpxtpx:TrackPointExtension></extensions></trkpt><trkpt lat="56.655245" lon="38.10052"><ele>141.2</ele><time>2026-07-06T11:13:21Z</time><extensions><gpxtpx:TrackPointExtension><gpxtpx:hr>165</gpxtpx:hr></gpxtpx:TrackPointExtension></extensions></trkpt><trkpt lat="56.65525" lon="38.100475"><ele>141.0</ele><time>2026-07-06T11:13:22Z</time><extensions><gpxtpx:TrackPointExtension><gpxtpx:hr>165</gpxtpx:hr></gpxtpx:TrackPointExtension></extensions></trkpt><trkpt lat="56.655257" lon="38.100432"><ele>141.0</ele><time>2026-07-06T11:13:23Z</time><extensions><gpxtpx:TrackPointExtension><gpxtpx:hr>165</gpxtpx:hr></gpxtpx:TrackPointExtension></extensions></trkpt><trkpt lat="56.655267" lon="38.100382"><ele>141.0</ele><time>2026-07-06T11:13:24Z</time><extensions><gpxtpx:TrackPointExtension><gpxtpx:hr>165</gpxtpx:hr></gpxtpx:TrackPointExtension></extensions></trkpt><trkpt lat="56.655278" lon="38.10034"><ele>141.0</ele><time>2026-07-06T11:13:25Z</time><extensions><gpxtpx:TrackPointExtension><gpxtpx:hr>165</gpxtpx:hr></gpxtpx:TrackPointExtension></extensions></trkpt><trkpt lat="56.65529" lon="38.100295"><ele>141.0</ele><time>2026-07-06T11:13:26Z</time><extensions><gpxtpx:TrackPointExtension><gpxtpx:hr>165</gpxtpx:hr></gpxtpx:TrackPointExtension></extensions></trkpt><trkpt lat="56.655297" lon="38.100247"><ele>141.0</ele><time>2026-07-06T11:13:27Z</time><extensions><gpxtpx:TrackPointExtension><gpxtpx:hr>165</gpxtpx:hr></gpxtpx:TrackPointExtension></extensions></trkpt><trkpt lat="56.655307" lon="38.100205"><ele>141.0</ele><time>2026-07-06T11:13:28Z</time><extensions><gpxtpx:TrackPointExtension><gpxtpx:hr>166</gpxtpx:hr></gpxtpx:TrackPointExtension></extensions></trkpt><trkpt lat="56.65532" lon="38.100152"><ele>141.2</ele><time>2026-07-06T11:13:29Z</time><extensions><gpxtpx:TrackPointExtension><gpxtpx:hr>165</gpxtpx:hr></gpxtpx:TrackPointExtension></extensions></trkpt><trkpt lat="56.65533" lon="38.100105"><ele>141.0</ele><time>2026-07-06T11:13:30Z</time><extensions><gpxtpx:TrackPointExtension><gpxtpx:hr>165</gpxtpx:hr></gpxtpx:TrackPointExtension></extensions></trkpt><trkpt lat="56.655342" lon="38.100057"><ele>141.0</ele><time>2026-07-06T11:13:31Z</time><extensions><gpxtpx:TrackPointExtension><gpxtpx:hr>165</gpxtpx:hr></gpxtpx:TrackPointExtension></extensions></trkpt><trkpt lat="56.65535" lon="38.10001"><ele>141.0</ele><time>2026-07-06T11:13:32Z</time><extensions><gpxtpx:TrackPointExtension><gpxtpx:hr>164</gpxtpx:hr></gpxtpx:TrackPointExtension></extensions></trkpt><trkpt lat="56.655357" lon="38.099965"><ele>141.0</ele><time>2026-07-06T11:13:33Z</time><extensions><gpxtpx:TrackPointExtension><gpxtpx:hr>164</gpxtpx:hr></gpxtpx:TrackPointExtension></extensions></trkpt><trkpt lat="56.655367" lon="38.099918"><ele>141.0</ele><time>2026-07-06T11:13:34Z</time><extensions><gpxtpx:TrackPointExtension><gpxtpx:hr>164</gpxtpx:hr></gpxtpx:TrackPointExtension></extensions></trkpt><trkpt lat="56.655375" lon="38.099872"><ele>141.0</ele><time>2026-07-06T11:13:35Z</time><extensions><gpxtpx:TrackPointExtension><gpxtpx:hr>165</gpxtpx:hr></gpxtpx:TrackPointExtension></extensions></trkpt><trkpt lat="56.655385" lon="38.099827"><ele>141.0</ele><time>2026-07-06T11:13:36Z</time><extensions><gpxtpx:TrackPointExtension><gpxtpx:hr>164</gpxtpx:hr></gpxtpx:TrackPointExtension></extensions></trkpt><trkpt lat="56.655392" lon="38.09978"><ele>141.2</ele><time>2026-07-06T11:13:37Z</time><extensions><gpxtpx:TrackPointExtension><gpxtpx:hr>165</gpxtpx:hr></gpxtpx:TrackPointExtension></extensions></trkpt><trkpt lat="56.655402" lon="38.099737"><ele>141.2</ele><time>2026-07-06T11:13:38Z</time><extensions><gpxtpx:TrackPointExtension><gpxtpx:hr>165</gpxtpx:hr></gpxtpx:TrackPointExtension></extensions></trkpt><trkpt lat="56.655412" lon="38.099702"><ele>141.2</ele><time>2026-07-06T11:13:39Z</time><extensions><gpxtpx:TrackPointExtension><gpxtpx:hr>165</gpxtpx:hr></gpxtpx:TrackPointExtension></extensions></trkpt><trkpt lat="56.655422" lon="38.099652"><ele>141.2</ele><time>2026-07-06T11:13:41Z</time><extensions><gpxtpx:TrackPointExtension><gpxtpx:hr>165</gpxtpx:hr></gpxtpx:TrackPointExtension></extensions></trkpt><trkpt lat="56.655432" lon="38.099617"><ele>141.2</ele><time>2026-07-06T11:13:43Z</time><extensions><gpxtpx:TrackPointExtension><gpxtpx:hr>166</gpxtpx:hr></gpxtpx:TrackPointExtension></extensions></trkpt><trkpt lat="56.655445" lon="38.099572"><ele>141.2</ele><time>2026-07-06T11:13:45Z</time><extensions><gpxtpx:TrackPointExtension><gpxtpx:hr>163</gpxtpx:hr></gpxtpx:TrackPointExtension></extensions></trkpt><trkpt lat="56.65546" lon="38.099532"><ele>141.4</ele><time>2026-07-06T11:13:47Z</time><extensions><gpxtpx:TrackPointExtension><gpxtpx:hr>162</gpxtpx:hr></gpxtpx:TrackPointExtension></extensions></trkpt><trkpt lat="56.655475" lon="38.099482"><ele>141.4</ele><time>2026-07-06T11:13:49Z</time><extensions><gpxtpx:TrackPointExtension><gpxtpx:hr>160</gpxtpx:hr></gpxtpx:TrackPointExtension></extensions></trkpt><trkpt lat="56.65548" lon="38.09943"><ele>141.4</ele><time>2026-07-06T11:13:51Z</time><extensions><gpxtpx:TrackPointExtension><gpxtpx:hr>159</gpxtpx:hr></gpxtpx:TrackPointExtension></extensions></trkpt><trkpt lat="56.655482" lon="38.099395"><ele>141.6</ele><time>2026-07-06T11:13:52Z</time><extensions><gpxtpx:TrackPointExtension><gpxtpx:hr>159</gpxtpx:hr></gpxtpx:TrackPointExtension></extensions></trkpt><trkpt lat="56.65549" lon="38.099357"><ele>141.8</ele><time>2026-07-06T11:13:53Z</time><extensions><gpxtpx:TrackPointExtension><gpxtpx:hr>160</gpxtpx:hr></gpxtpx:TrackPointExtension></extensions></trkpt><trkpt lat="56.6555" lon="38.099297"><ele>141.6</ele><time>2026-07-06T11:13:55Z</time><extensions><gpxtpx:TrackPointExtension><gpxtpx:hr>160</gpxtpx:hr></gpxtpx:TrackPointExtension></extensions></trkpt><trkpt lat="56.655507" lon="38.099262"><ele>141.6</ele><time>2026-07-06T11:13:56Z</time><extensions><gpxtpx:TrackPointExtension><gpxtpx:hr>159</gpxtpx:hr></gpxtpx:TrackPointExtension></extensions></trkpt><trkpt lat="56.655512" lon="38.099232"><ele>141.6</ele><time>2026-07-06T11:13:57Z</time><extensions><gpxtpx:TrackPointExtension><gpxtpx:hr>159</gpxtpx:hr></gpxtpx:TrackPointExtension></extensions></trkpt><trkpt lat="56.655517" lon="38.099197"><ele>141.4</ele><time>2026-07-06T11:13:58Z</time><extensions><gpxtpx:TrackPointExtension><gpxtpx:hr>160</gpxtpx:hr></gpxtpx:TrackPointExtension></extensions></trkpt><trkpt lat="56.655522" lon="38.099162"><ele>141.4</ele><time>2026-07-06T11:13:59Z</time><extensions><gpxtpx:TrackPointExtension><gpxtpx:hr>160</gpxtpx:hr></gpxtpx:TrackPointExtension></extensions></trkpt><trkpt lat="56.65553" lon="38.09913"><ele>141.4</ele><time>2026-07-06T11:14:00Z</time><extensions><gpxtpx:TrackPointExtension><gpxtpx:hr>160</gpxtpx:hr></gpxtpx:TrackPointExtension></extensions></trkpt><trkpt lat="56.655537" lon="38.099097"><ele>141.2</ele><time>2026-07-06T11:14:01Z</time><extensions><gpxtpx:TrackPointExtension><gpxtpx:hr>159</gpxtpx:hr></gpxtpx:TrackPointExtension></extensions></trkpt><trkpt lat="56.655547" lon="38.099062"><ele>141.2</ele><time>2026-07-06T11:14:02Z</time><extensions><gpxtpx:TrackPointExtension><gpxtpx:hr>159</gpxtpx:hr></gpxtpx:TrackPointExtension></extensions></trkpt><trkpt lat="56.655552" lon="38.099027"><ele>141.2</ele><time>2026-07-06T11:14:03Z</time><extensions><gpxtpx:TrackPointExtension><gpxtpx:hr>159</gpxtpx:hr></gpxtpx:TrackPointExtension></extensions></trkpt><trkpt lat="56.655557" lon="38.09899"><ele>141.0</ele><time>2026-07-06T11:14:04Z</time><extensions><gpxtpx:TrackPointExtension><gpxtpx:hr>160</gpxtpx:hr></gpxtpx:TrackPointExtension></extensions></trkpt><trkpt lat="56.655562" lon="38.098957"><ele>141.2</ele><time>2026-07-06T11:14:05Z</time><extensions><gpxtpx:TrackPointExtension><gpxtpx:hr>160</gpxtpx:hr></gpxtpx:TrackPointExtension></extensions></trkpt><trkpt lat="56.655567" lon="38.098925"><ele>141.2</ele><time>2026-07-06T11:14:06Z</time><extensions><gpxtpx:TrackPointExtension><gpxtpx:hr>160</gpxtpx:hr></gpxtpx:TrackPointExtension></extensions></trkpt><trkpt lat="56.655575" lon="38.098892"><ele>141.2</ele><time>2026-07-06T11:14:07Z</time><extensions><gpxtpx:TrackPointExtension><gpxtpx:hr>159</gpxtpx:hr></gpxtpx:TrackPointExtension></extensions></trkpt><trkpt lat="56.655582" lon="38.09886"><ele>141.4</ele><time>2026-07-06T11:14:08Z</time><extensions><gpxtpx:TrackPointExtension><gpxtpx:hr>159</gpxtpx:hr></gpxtpx:TrackPointExtension></extensions></trkpt><trkpt lat="56.655588" lon="38.098827"><ele>141.4</ele><time>2026-07-06T11:14:09Z</time><extensions><gpxtpx:TrackPointExtension><gpxtpx:hr>159</gpxtpx:hr></gpxtpx:TrackPointExtension></extensions></trkpt><trkpt lat="56.6556" lon="38.098797"><ele>141.2</ele><time>2026-07-06T11:14:10Z</time><extensions><gpxtpx:TrackPointExtension><gpxtpx:hr>159</gpxtpx:hr></gpxtpx:TrackPointExtension></extensions></trkpt><trkpt lat="56.655607" lon="38.098767"><ele>141.2</ele><time>2026-07-06T11:14:11Z</time><extensions><gpxtpx:TrackPointExtension><gpxtpx:hr>159</gpxtpx:hr></gpxtpx:TrackPointExtension></extensions></trkpt><trkpt lat="56.655615" lon="38.098732"><ele>141.2</ele><time>2026-07-06T11:14:12Z</time><extensions><gpxtpx:TrackPointExtension><gpxtpx:hr>159</gpxtpx:hr></gpxtpx:TrackPointExtension></extensions></trkpt><trkpt lat="56.655622" lon="38.098697"><ele>141.2</ele><time>2026-07-06T11:14:13Z</time><extensions><gpxtpx:TrackPointExtension><gpxtpx:hr>159</gpxtpx:hr></gpxtpx:TrackPointExtension></extensions></trkpt><trkpt lat="56.655627" lon="38.098665"><ele>141.2</ele><time>2026-07-06T11:14:14Z</time><extensions><gpxtpx:TrackPointExtension><gpxtpx:hr>159</gpxtpx:hr></gpxtpx:TrackPointExtension></extensions></trkpt><trkpt lat="56.655637" lon="38.098627"><ele>141.0</ele><time>2026-07-06T11:14:15Z</time><extensions><gpxtpx:TrackPointExtension><gpxtpx:hr>158</gpxtpx:hr></gpxtpx:TrackPointExtension></extensions></trkpt><trkpt lat="56.655645" lon="38.09859"><ele>141.0</ele><time>2026-07-06T11:14:16Z</time><extensions><gpxtpx:TrackPointExtension><gpxtpx:hr>158</gpxtpx:hr></gpxtpx:TrackPointExtension></extensions></trkpt><trkpt lat="56.655652" lon="38.098552"><ele>141.0</ele><time>2026-07-06T11:14:17Z</time><extensions><gpxtpx:TrackPointExtension><gpxtpx:hr>158</gpxtpx:hr></gpxtpx:TrackPointExtension></extensions></trkpt><trkpt lat="56.655657" lon="38.098515"><ele>141.0</ele><time>2026-07-06T11:14:18Z</time><extensions><gpxtpx:TrackPointExtension><gpxtpx:hr>157</gpxtpx:hr></gpxtpx:TrackPointExtension></extensions></trkpt><trkpt lat="56.655665" lon="38.098477"><ele>141.0</ele><time>2026-07-06T11:14:19Z</time><extensions><gpxtpx:TrackPointExtension><gpxtpx:hr>156</gpxtpx:hr></gpxtpx:TrackPointExtension></extensions></trkpt><trkpt lat="56.65567" lon="38.09844"><ele>141.0</ele><time>2026-07-06T11:14:20Z</time><extensions><gpxtpx:TrackPointExtension><gpxtpx:hr>154</gpxtpx:hr></gpxtpx:TrackPointExtension></extensions></trkpt><trkpt lat="56.65568" lon="38.098402"><ele>141.0</ele><time>2026-07-06T11:14:21Z</time><extensions><gpxtpx:TrackPointExtension><gpxtpx:hr>155</gpxtpx:hr></gpxtpx:TrackPointExtension></extensions></trkpt><trkpt lat="56.655687" lon="38.098367"><ele>141.0</ele><time>2026-07-06T11:14:22Z</time><extensions><gpxtpx:TrackPointExtension><gpxtpx:hr>154</gpxtpx:hr></gpxtpx:TrackPointExtension></extensions></trkpt><trkpt lat="56.655697" lon="38.098337"><ele>141.0</ele><time>2026-07-06T11:14:23Z</time><extensions><gpxtpx:TrackPointExtension><gpxtpx:hr>153</gpxtpx:hr></gpxtpx:TrackPointExtension></extensions></trkpt><trkpt lat="56.655707" lon="38.098302"><ele>141.0</ele><time>2026-07-06T11:14:24Z</time><extensions><gpxtpx:TrackPointExtension><gpxtpx:hr>153</gpxtpx:hr></gpxtpx:TrackPointExtension></extensions></trkpt><trkpt lat="56.655717" lon="38.098267"><ele>141.0</ele><time>2026-07-06T11:14:25Z</time><extensions><gpxtpx:TrackPointExtension><gpxtpx:hr>153</gpxtpx:hr></gpxtpx:TrackPointExtension></extensions></trkpt><trkpt lat="56.655722" lon="38.098232"><ele>141.0</ele><time>2026-07-06T11:14:26Z</time><extensions><gpxtpx:TrackPointExtension><gpxtpx:hr>152</gpxtpx:hr></gpxtpx:TrackPointExtension></extensions></trkpt><trkpt lat="56.655732" lon="38.0982"><ele>141.0</ele><time>2026-07-06T11:14:27Z</time><extensions><gpxtpx:TrackPointExtension><gpxtpx:hr>152</gpxtpx:hr></gpxtpx:TrackPointExtension></extensions></trkpt><trkpt lat="56.65574" lon="38.098165"><ele>141.0</ele><time>2026-07-06T11:14:28Z</time><extensions><gpxtpx:TrackPointExtension><gpxtpx:hr>151</gpxtpx:hr></gpxtpx:TrackPointExtension></extensions></trkpt><trkpt lat="56.65575" lon="38.098132"><ele>141.0</ele><time>2026-07-06T11:14:29Z</time><extensions><gpxtpx:TrackPointExtension><gpxtpx:hr>151</gpxtpx:hr></gpxtpx:TrackPointExtension></extensions></trkpt><trkpt lat="56.655757" lon="38.0981"><ele>141.0</ele><time>2026-07-06T11:14:30Z</time><extensions><gpxtpx:TrackPointExtension><gpxtpx:hr>151</gpxtpx:hr></gpxtpx:TrackPointExtension></extensions></trkpt><trkpt lat="56.655767" lon="38.098067"><ele>141.0</ele><time>2026-07-06T11:14:31Z</time><extensions><gpxtpx:TrackPointExtension><gpxtpx:hr>150</gpxtpx:hr></gpxtpx:TrackPointExtension></extensions></trkpt><trkpt lat="56.655777" lon="38.09803"><ele>141.0</ele><time>2026-07-06T11:14:32Z</time><extensions><gpxtpx:TrackPointExtension><gpxtpx:hr>150</gpxtpx:hr></gpxtpx:TrackPointExtension></extensions></trkpt><trkpt lat="56.655787" lon="38.097997"><ele>141.0</ele><time>2026-07-06T11:14:33Z</time><extensions><gpxtpx:TrackPointExtension><gpxtpx:hr>150</gpxtpx:hr></gpxtpx:TrackPointExtension></extensions></trkpt><trkpt lat="56.655792" lon="38.09796"><ele>141.0</ele><time>2026-07-06T11:14:34Z</time><extensions><gpxtpx:TrackPointExtension><gpxtpx:hr>150</gpxtpx:hr></gpxtpx:TrackPointExtension></extensions></trkpt><trkpt lat="56.655802" lon="38.097922"><ele>141.0</ele><time>2026-07-06T11:14:35Z</time><extensions><gpxtpx:TrackPointExtension><gpxtpx:hr>149</gpxtpx:hr></gpxtpx:TrackPointExtension></extensions></trkpt><trkpt lat="56.655807" lon="38.09789"><ele>141.0</ele><time>2026-07-06T11:14:36Z</time><extensions><gpxtpx:TrackPointExtension><gpxtpx:hr>149</gpxtpx:hr></gpxtpx:TrackPointExtension></extensions></trkpt><trkpt lat="56.655813" lon="38.097855"><ele>141.0</ele><time>2026-07-06T11:14:37Z</time><extensions><gpxtpx:TrackPointExtension><gpxtpx:hr>149</gpxtpx:hr></gpxtpx:TrackPointExtension></extensions></trkpt><trkpt lat="56.655822" lon="38.097817"><ele>141.0</ele><time>2026-07-06T11:14:38Z</time><extensions><gpxtpx:TrackPointExtension><gpxtpx:hr>149</gpxtpx:hr></gpxtpx:TrackPointExtension></extensions></trkpt><trkpt lat="56.655832" lon="38.097782"><ele>141.0</ele><time>2026-07-06T11:14:39Z</time><extensions><gpxtpx:TrackPointExtension><gpxtpx:hr>149</gpxtpx:hr></gpxtpx:TrackPointExtension></extensions></trkpt><trkpt lat="56.655837" lon="38.097747"><ele>140.8</ele><time>2026-07-06T11:14:40Z</time><extensions><gpxtpx:TrackPointExtension><gpxtpx:hr>149</gpxtpx:hr></gpxtpx:TrackPointExtension></extensions></trkpt><trkpt lat="56.655847" lon="38.097707"><ele>140.8</ele><time>2026-07-06T11:14:41Z</time><extensions><gpxtpx:TrackPointExtension><gpxtpx:hr>149</gpxtpx:hr></gpxtpx:TrackPointExtension></extensions></trkpt><trkpt lat="56.655852" lon="38.097672"><ele>140.8</ele><time>2026-07-06T11:14:42Z</time><extensions><gpxtpx:TrackPointExtension><gpxtpx:hr>149</gpxtpx:hr></gpxtpx:TrackPointExtension></extensions></trkpt><trkpt lat="56.655857" lon="38.097637"><ele>140.8</ele><time>2026-07-06T11:14:43Z</time><extensions><gpxtpx:TrackPointExtension><gpxtpx:hr>148</gpxtpx:hr></gpxtpx:TrackPointExtension></extensions></trkpt><trkpt lat="56.655867" lon="38.097577"><ele>140.8</ele><time>2026-07-06T11:14:45Z</time><extensions><gpxtpx:TrackPointExtension><gpxtpx:hr>149</gpxtpx:hr></gpxtpx:TrackPointExtension></extensions></trkpt><trkpt lat="56.655872" lon="38.097542"><ele>140.8</ele><time>2026-07-06T11:14:46Z</time><extensions><gpxtpx:TrackPointExtension><gpxtpx:hr>148</gpxtpx:hr></gpxtpx:TrackPointExtension></extensions></trkpt><trkpt lat="56.655882" lon="38.097507"><ele>140.8</ele><time>2026-07-06T11:14:47Z</time><extensions><gpxtpx:TrackPointExtension><gpxtpx:hr>147</gpxtpx:hr></gpxtpx:TrackPointExtension></extensions></trkpt><trkpt lat="56.655892" lon="38.097467"><ele>140.8</ele><time>2026-07-06T11:14:48Z</time><extensions><gpxtpx:TrackPointExtension><gpxtpx:hr>147</gpxtpx:hr></gpxtpx:TrackPointExtension></extensions></trkpt><trkpt lat="56.655902" lon="38.097412"><ele>140.8</ele><time>2026-07-06T11:14:50Z</time><extensions><gpxtpx:TrackPointExtension><gpxtpx:hr>147</gpxtpx:hr></gpxtpx:TrackPointExtension></extensions></trkpt><trkpt lat="56.655907" lon="38.097347"><ele>140.8</ele><time>2026-07-06T11:14:52Z</time><extensions><gpxtpx:TrackPointExtension><gpxtpx:hr>148</gpxtpx:hr></gpxtpx:TrackPointExtension></extensions></trkpt><trkpt lat="56.655917" lon="38.097312"><ele>140.8</ele><time>2026-07-06T11:14:53Z</time><extensions><gpxtpx:TrackPointExtension><gpxtpx:hr>147</gpxtpx:hr></gpxtpx:TrackPointExtension></extensions></trkpt><trkpt lat="56.655922" lon="38.097277"><ele>140.8</ele><time>2026-07-06T11:14:54Z</time><extensions><gpxtpx:TrackPointExtension><gpxtpx:hr>147</gpxtpx:hr></gpxtpx:TrackPointExtension></extensions></trkpt><trkpt lat="56.655927" lon="38.09724"><ele>140.6</ele><time>2026-07-06T11:14:55Z</time><extensions><gpxtpx:TrackPointExtension><gpxtpx:hr>146</gpxtpx:hr></gpxtpx:TrackPointExtension></extensions></trkpt><trkpt lat="56.655932" lon="38.097207"><ele>140.6</ele><time>2026-07-06T11:14:56Z</time><extensions><gpxtpx:TrackPointExtension><gpxtpx:hr>146</gpxtpx:hr></gpxtpx:TrackPointExtension></extensions></trkpt><trkpt lat="56.655937" lon="38.097175"><ele>140.6</ele><time>2026-07-06T11:14:57Z</time><extensions><gpxtpx:TrackPointExtension><gpxtpx:hr>146</gpxtpx:hr></gpxtpx:TrackPointExtension></extensions></trkpt><trkpt lat="56.655945" lon="38.09714"><ele>140.6</ele><time>2026-07-06T11:14:58Z</time><extensions><gpxtpx:TrackPointExtension><gpxtpx:hr>145</gpxtpx:hr></gpxtpx:TrackPointExtension></extensions></trkpt><trkpt lat="56.65595" lon="38.097107"><ele>140.6</ele><time>2026-07-06T11:14:59Z</time><extensions><gpxtpx:TrackPointExtension><gpxtpx:hr>145</gpxtpx:hr></gpxtpx:TrackPointExtension></extensions></trkpt><trkpt lat="56.655955" lon="38.097072"><ele>140.6</ele><time>2026-07-06T11:15:00Z</time><extensions><gpxtpx:TrackPointExtension><gpxtpx:hr>145</gpxtpx:hr></gpxtpx:TrackPointExtension></extensions></trkpt><trkpt lat="56.655962" lon="38.09704"><ele>140.6</ele><time>2026-07-06T11:15:01Z</time><extensions><gpxtpx:TrackPointExtension><gpxtpx:hr>145</gpxtpx:hr></gpxtpx:TrackPointExtension></extensions></trkpt><trkpt lat="56.65597" lon="38.097007"><ele>140.6</ele><time>2026-07-06T11:15:02Z</time><extensions><gpxtpx:TrackPointExtension><gpxtpx:hr>144</gpxtpx:hr></gpxtpx:TrackPointExtension></extensions></trkpt><trkpt lat="56.655977" lon="38.096972"><ele>140.6</ele><time>2026-07-06T11:15:03Z</time><extensions><gpxtpx:TrackPointExtension><gpxtpx:hr>145</gpxtpx:hr></gpxtpx:TrackPointExtension></extensions></trkpt><trkpt lat="56.655982" lon="38.096935"><ele>140.6</ele><time>2026-07-06T11:15:04Z</time><extensions><gpxtpx:TrackPointExtension><gpxtpx:hr>145</gpxtpx:hr></gpxtpx:TrackPointExtension></extensions></trkpt><trkpt lat="56.655987" lon="38.0969"><ele>140.8</ele><time>2026-07-06T11:15:05Z</time><extensions><gpxtpx:TrackPointExtension><gpxtpx:hr>145</gpxtpx:hr></gpxtpx:TrackPointExtension></extensions></trkpt><trkpt lat="56.655992" lon="38.096865"><ele>140.8</ele><time>2026-07-06T11:15:06Z</time><extensions><gpxtpx:TrackPointExtension><gpxtpx:hr>145</gpxtpx:hr></gpxtpx:TrackPointExtension></extensions></trkpt><trkpt lat="56.656002" lon="38.096827"><ele>140.8</ele><time>2026-07-06T11:15:07Z</time><extensions><gpxtpx:TrackPointExtension><gpxtpx:hr>144</gpxtpx:hr></gpxtpx:TrackPointExtension></extensions></trkpt><trkpt lat="56.656015" lon="38.096762"><ele>140.8</ele><time>2026-07-06T11:15:09Z</time><extensions><gpxtpx:TrackPointExtension><gpxtpx:hr>145</gpxtpx:hr></gpxtpx:TrackPointExtension></extensions></trkpt><trkpt lat="56.65602" lon="38.09673"><ele>140.8</ele><time>2026-07-06T11:15:10Z</time><extensions><gpxtpx:TrackPointExtension><gpxtpx:hr>145</gpxtpx:hr></gpxtpx:TrackPointExtension></extensions></trkpt><trkpt lat="56.656022" lon="38.096695"><ele>140.6</ele><time>2026-07-06T11:15:11Z</time><extensions><gpxtpx:TrackPointExtension><gpxtpx:hr>145</gpxtpx:hr></gpxtpx:TrackPointExtension></extensions></trkpt><trkpt lat="56.656027" lon="38.096657"><ele>140.8</ele><time>2026-07-06T11:15:12Z</time><extensions><gpxtpx:TrackPointExtension><gpxtpx:hr>145</gpxtpx:hr></gpxtpx:TrackPointExtension></extensions></trkpt><trkpt lat="56.656032" lon="38.096622"><ele>140.8</ele><time>2026-07-06T11:15:13Z</time><extensions><gpxtpx:TrackPointExtension><gpxtpx:hr>145</gpxtpx:hr></gpxtpx:TrackPointExtension></extensions></trkpt><trkpt lat="56.656037" lon="38.09659"><ele>140.8</ele><time>2026-07-06T11:15:14Z</time><extensions><gpxtpx:TrackPointExtension><gpxtpx:hr>145</gpxtpx:hr></gpxtpx:TrackPointExtension></extensions></trkpt><trkpt lat="56.656047" lon="38.096555"><ele>140.8</ele><time>2026-07-06T11:15:15Z</time><extensions><gpxtpx:TrackPointExtension><gpxtpx:hr>145</gpxtpx:hr></gpxtpx:TrackPointExtension></extensions></trkpt><trkpt lat="56.656052" lon="38.096522"><ele>141.0</ele><time>2026-07-06T11:15:16Z</time><extensions><gpxtpx:TrackPointExtension><gpxtpx:hr>145</gpxtpx:hr></gpxtpx:TrackPointExtension></extensions></trkpt><trkpt lat="56.656062" lon="38.096457"><ele>141.2</ele><time>2026-07-06T11:15:18Z</time><extensions><gpxtpx:TrackPointExtension><gpxtpx:hr>146</gpxtpx:hr></gpxtpx:TrackPointExtension></extensions></trkpt><trkpt lat="56.656075" lon="38.096392"><ele>141.4</ele><time>2026-07-06T11:15:20Z</time><extensions><gpxtpx:TrackPointExtension><gpxtpx:hr>146</gpxtpx:hr></gpxtpx:TrackPointExtension></extensions></trkpt><trkpt lat="56.656082" lon="38.096357"><ele>141.2</ele><time>2026-07-06T11:15:21Z</time><extensions><gpxtpx:TrackPointExtension><gpxtpx:hr>145</gpxtpx:hr></gpxtpx:TrackPointExtension></extensions></trkpt><trkpt lat="56.656087" lon="38.096317"><ele>141.2</ele><time>2026-07-06T11:15:22Z</time><extensions><gpxtpx:TrackPointExtension><gpxtpx:hr>146</gpxtpx:hr></gpxtpx:TrackPointExtension></extensions></trkpt><trkpt lat="56.656092" lon="38.096282"><ele>141.0</ele><time>2026-07-06T11:15:23Z</time><extensions><gpxtpx:TrackPointExtension><gpxtpx:hr>146</gpxtpx:hr></gpxtpx:TrackPointExtension></extensions></trkpt><trkpt lat="56.656097" lon="38.096247"><ele>141.0</ele><time>2026-07-06T11:15:24Z</time><extensions><gpxtpx:TrackPointExtension><gpxtpx:hr>146</gpxtpx:hr></gpxtpx:TrackPointExtension></extensions></trkpt><trkpt lat="56.656102" lon="38.096212"><ele>141.0</ele><time>2026-07-06T11:15:25Z</time><extensions><gpxtpx:TrackPointExtension><gpxtpx:hr>146</gpxtpx:hr></gpxtpx:TrackPointExtension></extensions></trkpt><trkpt lat="56.656107" lon="38.096177"><ele>140.8</ele><time>2026-07-06T11:15:26Z</time><extensions><gpxtpx:TrackPointExtension><gpxtpx:hr>146</gpxtpx:hr></gpxtpx:TrackPointExtension></extensions></trkpt><trkpt lat="56.656115" lon="38.096147"><ele>140.8</ele><time>2026-07-06T11:15:27Z</time><extensions><gpxtpx:TrackPointExtension><gpxtpx:hr>147</gpxtpx:hr></gpxtpx:TrackPointExtension></extensions></trkpt><trkpt lat="56.656122" lon="38.096112"><ele>140.8</ele><time>2026-07-06T11:15:28Z</time><extensions><gpxtpx:TrackPointExtension><gpxtpx:hr>146</gpxtpx:hr></gpxtpx:TrackPointExtension></extensions></trkpt><trkpt lat="56.656127" lon="38.096077"><ele>140.8</ele><time>2026-07-06T11:15:29Z</time><extensions><gpxtpx:TrackPointExtension><gpxtpx:hr>145</gpxtpx:hr></gpxtpx:TrackPointExtension></extensions></trkpt><trkpt lat="56.656132" lon="38.096045"><ele>140.8</ele><time>2026-07-06T11:15:30Z</time><extensions><gpxtpx:TrackPointExtension><gpxtpx:hr>144</gpxtpx:hr></gpxtpx:TrackPointExtension></extensions></trkpt><trkpt lat="56.656137" lon="38.096007"><ele>140.8</ele><time>2026-07-06T11:15:31Z</time><extensions><gpxtpx:TrackPointExtension><gpxtpx:hr>144</gpxtpx:hr></gpxtpx:TrackPointExtension></extensions></trkpt><trkpt lat="56.656142" lon="38.09597"><ele>140.8</ele><time>2026-07-06T11:15:32Z</time><extensions><gpxtpx:TrackPointExtension><gpxtpx:hr>144</gpxtpx:hr></gpxtpx:TrackPointExtension></extensions></trkpt><trkpt lat="56.656147" lon="38.095935"><ele>140.8</ele><time>2026-07-06T11:15:33Z</time><extensions><gpxtpx:TrackPointExtension><gpxtpx:hr>145</gpxtpx:hr></gpxtpx:TrackPointExtension></extensions></trkpt><trkpt lat="56.656152" lon="38.095902"><ele>140.8</ele><time>2026-07-06T11:15:34Z</time><extensions><gpxtpx:TrackPointExtension><gpxtpx:hr>145</gpxtpx:hr></gpxtpx:TrackPointExtension></extensions></trkpt><trkpt lat="56.656165" lon="38.095837"><ele>141.0</ele><time>2026-07-06T11:15:36Z</time><extensions><gpxtpx:TrackPointExtension><gpxtpx:hr>145</gpxtpx:hr></gpxtpx:TrackPointExtension></extensions></trkpt><trkpt lat="56.65617" lon="38.095805"><ele>141.2</ele><time>2026-07-06T11:15:37Z</time><extensions><gpxtpx:TrackPointExtension><gpxtpx:hr>145</gpxtpx:hr></gpxtpx:TrackPointExtension></extensions></trkpt><trkpt lat="56.656177" lon="38.09577"><ele>141.4</ele><time>2026-07-06T11:15:38Z</time><extensions><gpxtpx:TrackPointExtension><gpxtpx:hr>146</gpxtpx:hr></gpxtpx:TrackPointExtension></extensions></trkpt><trkpt lat="56.656185" lon="38.095732"><ele>141.4</ele><time>2026-07-06T11:15:39Z</time><extensions><gpxtpx:TrackPointExtension><gpxtpx:hr>146</gpxtpx:hr></gpxtpx:TrackPointExtension></extensions></trkpt><trkpt lat="56.656192" lon="38.095685"><ele>141.4</ele><time>2026-07-06T11:15:40Z</time><extensions><gpxtpx:TrackPointExtension><gpxtpx:hr>146</gpxtpx:hr></gpxtpx:TrackPointExtension></extensions></trkpt><trkpt lat="56.656202" lon="38.095637"><ele>141.4</ele><time>2026-07-06T11:15:41Z</time><extensions><gpxtpx:TrackPointExtension><gpxtpx:hr>146</gpxtpx:hr></gpxtpx:TrackPointExtension></extensions></trkpt><trkpt lat="56.656207" lon="38.095582"><ele>141.4</ele><time>2026-07-06T11:15:42Z</time><extensions><gpxtpx:TrackPointExtension><gpxtpx:hr>146</gpxtpx:hr></gpxtpx:TrackPointExtension></extensions></trkpt><trkpt lat="56.656217" lon="38.095532"><ele>141.4</ele><time>2026-07-06T11:15:43Z</time><extensions><gpxtpx:TrackPointExtension><gpxtpx:hr>146</gpxtpx:hr></gpxtpx:TrackPointExtension></extensions></trkpt><trkpt lat="56.656222" lon="38.095477"><ele>141.2</ele><time>2026-07-06T11:15:44Z</time><extensions><gpxtpx:TrackPointExtension><gpxtpx:hr>147</gpxtpx:hr></gpxtpx:TrackPointExtension></extensions></trkpt><trkpt lat="56.65623" lon="38.095432"><ele>141.2</ele><time>2026-07-06T11:15:45Z</time><extensions><gpxtpx:TrackPointExtension><gpxtpx:hr>147</gpxtpx:hr></gpxtpx:TrackPointExtension></extensions></trkpt><trkpt lat="56.656237" lon="38.09538"><ele>141.2</ele><time>2026-07-06T11:15:46Z</time><extensions><gpxtpx:TrackPointExtension><gpxtpx:hr>146</gpxtpx:hr></gpxtpx:TrackPointExtension></extensions></trkpt><trkpt lat="56.656247" lon="38.095332"><ele>141.2</ele><time>2026-07-06T11:15:47Z</time><extensions><gpxtpx:TrackPointExtension><gpxtpx:hr>147</gpxtpx:hr></gpxtpx:TrackPointExtension></extensions></trkpt><trkpt lat="56.656257" lon="38.095285"><ele>141.2</ele><time>2026-07-06T11:15:48Z</time><extensions><gpxtpx:TrackPointExtension><gpxtpx:hr>147</gpxtpx:hr></gpxtpx:TrackPointExtension></extensions></trkpt><trkpt lat="56.656263" lon="38.095237"><ele>141.2</ele><time>2026-07-06T11:15:49Z</time><extensions><gpxtpx:TrackPointExtension><gpxtpx:hr>148</gpxtpx:hr></gpxtpx:TrackPointExtension></extensions></trkpt><trkpt lat="56.65627" lon="38.09519"><ele>141.4</ele><time>2026-07-06T11:15:50Z</time><extensions><gpxtpx:TrackPointExtension><gpxtpx:hr>148</gpxtpx:hr></gpxtpx:TrackPointExtension></extensions></trkpt><trkpt lat="56.656277" lon="38.095142"><ele>141.6</ele><time>2026-07-06T11:15:51Z</time><extensions><gpxtpx:TrackPointExtension><gpxtpx:hr>148</gpxtpx:hr></gpxtpx:TrackPointExtension></extensions></trkpt><trkpt lat="56.656282" lon="38.095092"><ele>141.4</ele><time>2026-07-06T11:15:52Z</time><extensions><gpxtpx:TrackPointExtension><gpxtpx:hr>148</gpxtpx:hr></gpxtpx:TrackPointExtension></extensions></trkpt><trkpt lat="56.656287" lon="38.095045"><ele>141.4</ele><time>2026-07-06T11:15:53Z</time><extensions><gpxtpx:TrackPointExtension><gpxtpx:hr>149</gpxtpx:hr></gpxtpx:TrackPointExtension></extensions></trkpt><trkpt lat="56.656295" lon="38.094992"><ele>141.4</ele><time>2026-07-06T11:15:54Z</time><extensions><gpxtpx:TrackPointExtension><gpxtpx:hr>149</gpxtpx:hr></gpxtpx:TrackPointExtension></extensions></trkpt><trkpt lat="56.6563" lon="38.094937"><ele>141.2</ele><time>2026-07-06T11:15:55Z</time><extensions><gpxtpx:TrackPointExtension><gpxtpx:hr>149</gpxtpx:hr></gpxtpx:TrackPointExtension></extensions></trkpt><trkpt lat="56.656307" lon="38.094885"><ele>141.2</ele><time>2026-07-06T11:15:56Z</time><extensions><gpxtpx:TrackPointExtension><gpxtpx:hr>148</gpxtpx:hr></gpxtpx:TrackPointExtension></extensions></trkpt><trkpt lat="56.656312" lon="38.09483"><ele>141.2</ele><time>2026-07-06T11:15:57Z</time><extensions><gpxtpx:TrackPointExtension><gpxtpx:hr>149</gpxtpx:hr></gpxtpx:TrackPointExtension></extensions></trkpt><trkpt lat="56.656317" lon="38.094775"><ele>141.2</ele><time>2026-07-06T11:15:58Z</time><extensions><gpxtpx:TrackPointExtension><gpxtpx:hr>149</gpxtpx:hr></gpxtpx:TrackPointExtension></extensions></trkpt><trkpt lat="56.656322" lon="38.094722"><ele>141.2</ele><time>2026-07-06T11:15:59Z</time><extensions><gpxtpx:TrackPointExtension><gpxtpx:hr>149</gpxtpx:hr></gpxtpx:TrackPointExtension></extensions></trkpt><trkpt lat="56.656327" lon="38.09467"><ele>141.2</ele><time>2026-07-06T11:16:00Z</time><extensions><gpxtpx:TrackPointExtension><gpxtpx:hr>150</gpxtpx:hr></gpxtpx:TrackPointExtension></extensions></trkpt><trkpt lat="56.656335" lon="38.094617"><ele>141.2</ele><time>2026-07-06T11:16:01Z</time><extensions><gpxtpx:TrackPointExtension><gpxtpx:hr>150</gpxtpx:hr></gpxtpx:TrackPointExtension></extensions></trkpt><trkpt lat="56.656337" lon="38.094565"><ele>141.2</ele><time>2026-07-06T11:16:02Z</time><extensions><gpxtpx:TrackPointExtension><gpxtpx:hr>151</gpxtpx:hr></gpxtpx:TrackPointExtension></extensions></trkpt><trkpt lat="56.656347" lon="38.094507"><ele>141.2</ele><time>2026-07-06T11:16:03Z</time><extensions><gpxtpx:TrackPointExtension><gpxtpx:hr>152</gpxtpx:hr></gpxtpx:TrackPointExtension></extensions></trkpt><trkpt lat="56.656357" lon="38.094458"><ele>141.2</ele><time>2026-07-06T11:16:04Z</time><extensions><gpxtpx:TrackPointExtension><gpxtpx:hr>153</gpxtpx:hr></gpxtpx:TrackPointExtension></extensions></trkpt><trkpt lat="56.656365" lon="38.094407"><ele>141.2</ele><time>2026-07-06T11:16:05Z</time><extensions><gpxtpx:TrackPointExtension><gpxtpx:hr>153</gpxtpx:hr></gpxtpx:TrackPointExtension></extensions></trkpt><trkpt lat="56.656372" lon="38.094355"><ele>141.2</ele><time>2026-07-06T11:16:06Z</time><extensions><gpxtpx:TrackPointExtension><gpxtpx:hr>153</gpxtpx:hr></gpxtpx:TrackPointExtension></extensions></trkpt><trkpt lat="56.65638" lon="38.094305"><ele>141.2</ele><time>2026-07-06T11:16:07Z</time><extensions><gpxtpx:TrackPointExtension><gpxtpx:hr>154</gpxtpx:hr></gpxtpx:TrackPointExtension></extensions></trkpt><trkpt lat="56.656385" lon="38.094255"><ele>141.2</ele><time>2026-07-06T11:16:08Z</time><extensions><gpxtpx:TrackPointExtension><gpxtpx:hr>153</gpxtpx:hr></gpxtpx:TrackPointExtension></extensions></trkpt><trkpt lat="56.656387" lon="38.094205"><ele>141.4</ele><time>2026-07-06T11:16:09Z</time><extensions><gpxtpx:TrackPointExtension><gpxtpx:hr>153</gpxtpx:hr></gpxtpx:TrackPointExtension></extensions></trkpt><trkpt lat="56.656392" lon="38.094157"><ele>141.2</ele><time>2026-07-06T11:16:10Z</time><extensions><gpxtpx:TrackPointExtension><gpxtpx:hr>153</gpxtpx:hr></gpxtpx:TrackPointExtension></extensions></trkpt><trkpt lat="56.656395" lon="38.094105"><ele>141.2</ele><time>2026-07-06T11:16:11Z</time><extensions><gpxtpx:TrackPointExtension><gpxtpx:hr>154</gpxtpx:hr></gpxtpx:TrackPointExtension></extensions></trkpt><trkpt lat="56.656395" lon="38.094055"><ele>141.4</ele><time>2026-07-06T11:16:12Z</time><extensions><gpxtpx:TrackPointExtension><gpxtpx:hr>154</gpxtpx:hr></gpxtpx:TrackPointExtension></extensions></trkpt><trkpt lat="56.65639" lon="38.094002"><ele>141.4</ele><time>2026-07-06T11:16:13Z</time><extensions><gpxtpx:TrackPointExtension><gpxtpx:hr>154</gpxtpx:hr></gpxtpx:TrackPointExtension></extensions></trkpt><trkpt lat="56.65638" lon="38.09395"><ele>141.4</ele><time>2026-07-06T11:16:14Z</time><extensions><gpxtpx:TrackPointExtension><gpxtpx:hr>155</gpxtpx:hr></gpxtpx:TrackPointExtension></extensions></trkpt><trkpt lat="56.656362" lon="38.093915"><ele>141.4</ele><time>2026-07-06T11:16:15Z</time><extensions><gpxtpx:TrackPointExtension><gpxtpx:hr>155</gpxtpx:hr></gpxtpx:TrackPointExtension></extensions></trkpt><trkpt lat="56.656335" lon="38.093897"><ele>141.6</ele><time>2026-07-06T11:16:16Z</time><extensions><gpxtpx:TrackPointExtension><gpxtpx:hr>155</gpxtpx:hr></gpxtpx:TrackPointExtension></extensions></trkpt><trkpt lat="56.656305" lon="38.093892"><ele>141.6</ele><time>2026-07-06T11:16:17Z</time><extensions><gpxtpx:TrackPointExtension><gpxtpx:hr>156</gpxtpx:hr></gpxtpx:TrackPointExtension></extensions></trkpt><trkpt lat="56.656272" lon="38.09389"><ele>141.8</ele><time>2026-07-06T11:16:18Z</time><extensions><gpxtpx:TrackPointExtension><gpxtpx:hr>156</gpxtpx:hr></gpxtpx:TrackPointExtension></extensions></trkpt><trkpt lat="56.656237" lon="38.093897"><ele>141.8</ele><time>2026-07-06T11:16:19Z</time><extensions><gpxtpx:TrackPointExtension><gpxtpx:hr>156</gpxtpx:hr></gpxtpx:TrackPointExtension></extensions></trkpt><trkpt lat="56.656205" lon="38.09391"><ele>142.0</ele><time>2026-07-06T11:16:20Z</time><extensions><gpxtpx:TrackPointExtension><gpxtpx:hr>157</gpxtpx:hr></gpxtpx:TrackPointExtension></extensions></trkpt><trkpt lat="56.656172" lon="38.093922"><ele>142.0</ele><time>2026-07-06T11:16:21Z</time><extensions><gpxtpx:TrackPointExtension><gpxtpx:hr>157</gpxtpx:hr></gpxtpx:TrackPointExtension></extensions></trkpt><trkpt lat="56.65614" lon="38.09394"><ele>142.0</ele><time>2026-07-06T11:16:22Z</time><extensions><gpxtpx:TrackPointExtension><gpxtpx:hr>157</gpxtpx:hr></gpxtpx:TrackPointExtension></extensions></trkpt><trkpt lat="56.656112" lon="38.093957"><ele>142.2</ele><time>2026-07-06T11:16:23Z</time><extensions><gpxtpx:TrackPointExtension><gpxtpx:hr>157</gpxtpx:hr></gpxtpx:TrackPointExtension></extensions></trkpt><trkpt lat="56.656082" lon="38.093975"><ele>142.2</ele><time>2026-07-06T11:16:24Z</time><extensions><gpxtpx:TrackPointExtension><gpxtpx:hr>158</gpxtpx:hr></gpxtpx:TrackPointExtension></extensions></trkpt><trkpt lat="56.656052" lon="38.09399"><ele>142.2</ele><time>2026-07-06T11:16:25Z</time><extensions><gpxtpx:TrackPointExtension><gpxtpx:hr>158</gpxtpx:hr></gpxtpx:TrackPointExtension></extensions></trkpt><trkpt lat="56.656022" lon="38.094002"><ele>142.2</ele><time>2026-07-06T11:16:26Z</time><extensions><gpxtpx:TrackPointExtension><gpxtpx:hr>158</gpxtpx:hr></gpxtpx:TrackPointExtension></extensions></trkpt><trkpt lat="56.655992" lon="38.094017"><ele>142.2</ele><time>2026-07-06T11:16:27Z</time><extensions><gpxtpx:TrackPointExtension><gpxtpx:hr>158</gpxtpx:hr></gpxtpx:TrackPointExtension></extensions></trkpt><trkpt lat="56.655965" lon="38.09403"><ele>142.2</ele><time>2026-07-06T11:16:28Z</time><extensions><gpxtpx:TrackPointExtension><gpxtpx:hr>159</gpxtpx:hr></gpxtpx:TrackPointExtension></extensions></trkpt><trkpt lat="56.655937" lon="38.09404"><ele>142.2</ele><time>2026-07-06T11:16:29Z</time><extensions><gpxtpx:TrackPointExtension><gpxtpx:hr>159</gpxtpx:hr></gpxtpx:TrackPointExtension></extensions></trkpt><trkpt lat="56.655905" lon="38.09405"><ele>142.2</ele><time>2026-07-06T11:16:30Z</time><extensions><gpxtpx:TrackPointExtension><gpxtpx:hr>159</gpxtpx:hr></gpxtpx:TrackPointExtension></extensions></trkpt><trkpt lat="56.655877" lon="38.094055"><ele>142.0</ele><time>2026-07-06T11:16:31Z</time><extensions><gpxtpx:TrackPointExtension><gpxtpx:hr>160</gpxtpx:hr></gpxtpx:TrackPointExtension></extensions></trkpt><trkpt lat="56.655847" lon="38.094062"><ele>142.0</ele><time>2026-07-06T11:16:32Z</time><extensions><gpxtpx:TrackPointExtension><gpxtpx:hr>160</gpxtpx:hr></gpxtpx:TrackPointExtension></extensions></trkpt><trkpt lat="56.655817" lon="38.09407"><ele>142.0</ele><time>2026-07-06T11:16:33Z</time><extensions><gpxtpx:TrackPointExtension><gpxtpx:hr>160</gpxtpx:hr></gpxtpx:TrackPointExtension></extensions></trkpt><trkpt lat="56.655787" lon="38.094077"><ele>142.0</ele><time>2026-07-06T11:16:34Z</time><extensions><gpxtpx:TrackPointExtension><gpxtpx:hr>159</gpxtpx:hr></gpxtpx:TrackPointExtension></extensions></trkpt><trkpt lat="56.655757" lon="38.094085"><ele>141.8</ele><time>2026-07-06T11:16:35Z</time><extensions><gpxtpx:TrackPointExtension><gpxtpx:hr>159</gpxtpx:hr></gpxtpx:TrackPointExtension></extensions></trkpt><trkpt lat="56.655727" lon="38.094092"><ele>141.8</ele><time>2026-07-06T11:16:36Z</time><extensions><gpxtpx:TrackPointExtension><gpxtpx:hr>160</gpxtpx:hr></gpxtpx:TrackPointExtension></extensions></trkpt><trkpt lat="56.655702" lon="38.094105"><ele>141.8</ele><time>2026-07-06T11:16:37Z</time><extensions><gpxtpx:TrackPointExtension><gpxtpx:hr>160</gpxtpx:hr></gpxtpx:TrackPointExtension></extensions></trkpt><trkpt lat="56.655672" lon="38.094122"><ele>141.8</ele><time>2026-07-06T11:16:38Z</time><extensions><gpxtpx:TrackPointExtension><gpxtpx:hr>160</gpxtpx:hr></gpxtpx:TrackPointExtension></extensions></trkpt><trkpt lat="56.655642" lon="38.094132"><ele>141.8</ele><time>2026-07-06T11:16:39Z</time><extensions><gpxtpx:TrackPointExtension><gpxtpx:hr>160</gpxtpx:hr></gpxtpx:TrackPointExtension></extensions></trkpt><trkpt lat="56.655612" lon="38.094142"><ele>141.8</ele><time>2026-07-06T11:16:40Z</time><extensions><gpxtpx:TrackPointExtension><gpxtpx:hr>160</gpxtpx:hr></gpxtpx:TrackPointExtension></extensions></trkpt><trkpt lat="56.655585" lon="38.094155"><ele>141.8</ele><time>2026-07-06T11:16:41Z</time><extensions><gpxtpx:TrackPointExtension><gpxtpx:hr>160</gpxtpx:hr></gpxtpx:TrackPointExtension></extensions></trkpt><trkpt lat="56.655555" lon="38.094162"><ele>141.8</ele><time>2026-07-06T11:16:42Z</time><extensions><gpxtpx:TrackPointExtension><gpxtpx:hr>161</gpxtpx:hr></gpxtpx:TrackPointExtension></extensions></trkpt><trkpt lat="56.655527" lon="38.094175"><ele>141.8</ele><time>2026-07-06T11:16:43Z</time><extensions><gpxtpx:TrackPointExtension><gpxtpx:hr>161</gpxtpx:hr></gpxtpx:TrackPointExtension></extensions></trkpt><trkpt lat="56.655495" lon="38.094187"><ele>141.8</ele><time>2026-07-06T11:16:44Z</time><extensions><gpxtpx:TrackPointExtension><gpxtpx:hr>161</gpxtpx:hr></gpxtpx:TrackPointExtension></extensions></trkpt><trkpt lat="56.655465" lon="38.094197"><ele>141.8</ele><time>2026-07-06T11:16:45Z</time><extensions><gpxtpx:TrackPointExtension><gpxtpx:hr>161</gpxtpx:hr></gpxtpx:TrackPointExtension></extensions></trkpt><trkpt lat="56.655437" lon="38.094205"><ele>141.8</ele><time>2026-07-06T11:16:46Z</time><extensions><gpxtpx:TrackPointExtension><gpxtpx:hr>160</gpxtpx:hr></gpxtpx:TrackPointExtension></extensions></trkpt><trkpt lat="56.655407" lon="38.094212"><ele>141.6</ele><time>2026-07-06T11:16:47Z</time><extensions><gpxtpx:TrackPointExtension><gpxtpx:hr>160</gpxtpx:hr></gpxtpx:TrackPointExtension></extensions></trkpt><trkpt lat="56.65538" lon="38.094222"><ele>141.6</ele><time>2026-07-06T11:16:48Z</time><extensions><gpxtpx:TrackPointExtension><gpxtpx:hr>160</gpxtpx:hr></gpxtpx:TrackPointExtension></extensions></trkpt><trkpt lat="56.655347" lon="38.094232"><ele>141.6</ele><time>2026-07-06T11:16:49Z</time><extensions><gpxtpx:TrackPointExtension><gpxtpx:hr>160</gpxtpx:hr></gpxtpx:TrackPointExtension></extensions></trkpt><trkpt lat="56.655322" lon="38.094242"><ele>141.6</ele><time>2026-07-06T11:16:50Z</time><extensions><gpxtpx:TrackPointExtension><gpxtpx:hr>160</gpxtpx:hr></gpxtpx:TrackPointExtension></extensions></trkpt><trkpt lat="56.655292" lon="38.094252"><ele>141.8</ele><time>2026-07-06T11:16:51Z</time><extensions><gpxtpx:TrackPointExtension><gpxtpx:hr>160</gpxtpx:hr></gpxtpx:TrackPointExtension></extensions></trkpt><trkpt lat="56.65526" lon="38.094267"><ele>141.8</ele><time>2026-07-06T11:16:52Z</time><extensions><gpxtpx:TrackPointExtension><gpxtpx:hr>160</gpxtpx:hr></gpxtpx:TrackPointExtension></extensions></trkpt><trkpt lat="56.655232" lon="38.094277"><ele>141.8</ele><time>2026-07-06T11:16:53Z</time><extensions><gpxtpx:TrackPointExtension><gpxtpx:hr>161</gpxtpx:hr></gpxtpx:TrackPointExtension></extensions></trkpt><trkpt lat="56.655202" lon="38.094287"><ele>141.8</ele><time>2026-07-06T11:16:54Z</time><extensions><gpxtpx:TrackPointExtension><gpxtpx:hr>160</gpxtpx:hr></gpxtpx:TrackPointExtension></extensions></trkpt><trkpt lat="56.655172" lon="38.094297"><ele>141.8</ele><time>2026-07-06T11:16:55Z</time><extensions><gpxtpx:TrackPointExtension><gpxtpx:hr>161</gpxtpx:hr></gpxtpx:TrackPointExtension></extensions></trkpt><trkpt lat="56.655142" lon="38.094307"><ele>141.8</ele><time>2026-07-06T11:16:56Z</time><extensions><gpxtpx:TrackPointExtension><gpxtpx:hr>160</gpxtpx:hr></gpxtpx:TrackPointExtension></extensions></trkpt><trkpt lat="56.655112" lon="38.094317"><ele>141.6</ele><time>2026-07-06T11:16:57Z</time><extensions><gpxtpx:TrackPointExtension><gpxtpx:hr>160</gpxtpx:hr></gpxtpx:TrackPointExtension></extensions></trkpt><trkpt lat="56.655082" lon="38.094327"><ele>141.6</ele><time>2026-07-06T11:16:58Z</time><extensions><gpxtpx:TrackPointExtension><gpxtpx:hr>161</gpxtpx:hr></gpxtpx:TrackPointExtension></extensions></trkpt><trkpt lat="56.655052" lon="38.09434"><ele>141.6</ele><time>2026-07-06T11:16:59Z</time><extensions><gpxtpx:TrackPointExtension><gpxtpx:hr>160</gpxtpx:hr></gpxtpx:TrackPointExtension></extensions></trkpt><trkpt lat="56.655022" lon="38.094347"><ele>141.4</ele><time>2026-07-06T11:17:00Z</time><extensions><gpxtpx:TrackPointExtension><gpxtpx:hr>160</gpxtpx:hr></gpxtpx:TrackPointExtension></extensions></trkpt><trkpt lat="56.654992" lon="38.094352"><ele>141.4</ele><time>2026-07-06T11:17:01Z</time><extensions><gpxtpx:TrackPointExtension><gpxtpx:hr>160</gpxtpx:hr></gpxtpx:TrackPointExtension></extensions></trkpt><trkpt lat="56.654965" lon="38.094367"><ele>141.4</ele><time>2026-07-06T11:17:02Z</time><extensions><gpxtpx:TrackPointExtension><gpxtpx:hr>160</gpxtpx:hr></gpxtpx:TrackPointExtension></extensions></trkpt><trkpt lat="56.654937" lon="38.094382"><ele>141.4</ele><time>2026-07-06T11:17:03Z</time><extensions><gpxtpx:TrackPointExtension><gpxtpx:hr>160</gpxtpx:hr></gpxtpx:TrackPointExtension></extensions></trkpt><trkpt lat="56.654912" lon="38.094395"><ele>141.4</ele><time>2026-07-06T11:17:04Z</time><extensions><gpxtpx:TrackPointExtension><gpxtpx:hr>160</gpxtpx:hr></gpxtpx:TrackPointExtension></extensions></trkpt><trkpt lat="56.654882" lon="38.094405"><ele>141.2</ele><time>2026-07-06T11:17:05Z</time><extensions><gpxtpx:TrackPointExtension><gpxtpx:hr>160</gpxtpx:hr></gpxtpx:TrackPointExtension></extensions></trkpt><trkpt lat="56.654852" lon="38.094412"><ele>141.2</ele><time>2026-07-06T11:17:06Z</time><extensions><gpxtpx:TrackPointExtension><gpxtpx:hr>160</gpxtpx:hr></gpxtpx:TrackPointExtension></extensions></trkpt><trkpt lat="56.654822" lon="38.094422"><ele>141.2</ele><time>2026-07-06T11:17:07Z</time><extensions><gpxtpx:TrackPointExtension><gpxtpx:hr>160</gpxtpx:hr></gpxtpx:TrackPointExtension></extensions></trkpt><trkpt lat="56.654792" lon="38.094432"><ele>141.2</ele><time>2026-07-06T11:17:08Z</time><extensions><gpxtpx:TrackPointExtension><gpxtpx:hr>160</gpxtpx:hr></gpxtpx:TrackPointExtension></extensions></trkpt><trkpt lat="56.654765" lon="38.09444"><ele>141.0</ele><time>2026-07-06T11:17:09Z</time><extensions><gpxtpx:TrackPointExtension><gpxtpx:hr>160</gpxtpx:hr></gpxtpx:TrackPointExtension></extensions></trkpt><trkpt lat="56.654732" lon="38.094452"><ele>141.2</ele><time>2026-07-06T11:17:10Z</time><extensions><gpxtpx:TrackPointExtension><gpxtpx:hr>160</gpxtpx:hr></gpxtpx:TrackPointExtension></extensions></trkpt><trkpt lat="56.654705" lon="38.094462"><ele>141.2</ele><time>2026-07-06T11:17:11Z</time><extensions><gpxtpx:TrackPointExtension><gpxtpx:hr>160</gpxtpx:hr></gpxtpx:TrackPointExtension></extensions></trkpt><trkpt lat="56.654673" lon="38.094472"><ele>141.2</ele><time>2026-07-06T11:17:12Z</time><extensions><gpxtpx:TrackPointExtension><gpxtpx:hr>161</gpxtpx:hr></gpxtpx:TrackPointExtension></extensions></trkpt><trkpt lat="56.654647" lon="38.094482"><ele>141.2</ele><time>2026-07-06T11:17:13Z</time><extensions><gpxtpx:TrackPointExtension><gpxtpx:hr>161</gpxtpx:hr></gpxtpx:TrackPointExtension></extensions></trkpt><trkpt lat="56.65462" lon="38.0945"><ele>141.4</ele><time>2026-07-06T11:17:14Z</time><extensions><gpxtpx:TrackPointExtension><gpxtpx:hr>161</gpxtpx:hr></gpxtpx:TrackPointExtension></extensions></trkpt><trkpt lat="56.654592" lon="38.094512"><ele>141.4</ele><time>2026-07-06T11:17:15Z</time><extensions><gpxtpx:TrackPointExtension><gpxtpx:hr>161</gpxtpx:hr></gpxtpx:TrackPointExtension></extensions></trkpt><trkpt lat="56.654565" lon="38.094527"><ele>141.2</ele><time>2026-07-06T11:17:16Z</time><extensions><gpxtpx:TrackPointExtension><gpxtpx:hr>161</gpxtpx:hr></gpxtpx:TrackPointExtension></extensions></trkpt><trkpt lat="56.654537" lon="38.094542"><ele>141.2</ele><time>2026-07-06T11:17:17Z</time><extensions><gpxtpx:TrackPointExtension><gpxtpx:hr>162</gpxtpx:hr></gpxtpx:TrackPointExtension></extensions></trkpt><trkpt lat="56.654507" lon="38.094555"><ele>141.2</ele><time>2026-07-06T11:17:18Z</time><extensions><gpxtpx:TrackPointExtension><gpxtpx:hr>162</gpxtpx:hr></gpxtpx:TrackPointExtension></extensions></trkpt><trkpt lat="56.654482" lon="38.09457"><ele>141.2</ele><time>2026-07-06T11:17:19Z</time><extensions><gpxtpx:TrackPointExtension><gpxtpx:hr>161</gpxtpx:hr></gpxtpx:TrackPointExtension></extensions></trkpt><trkpt lat="56.654452" lon="38.094587"><ele>141.2</ele><time>2026-07-06T11:17:20Z</time><extensions><gpxtpx:TrackPointExtension><gpxtpx:hr>161</gpxtpx:hr></gpxtpx:TrackPointExtension></extensions></trkpt><trkpt lat="56.654422" lon="38.094597"><ele>141.2</ele><time>2026-07-06T11:17:21Z</time><extensions><gpxtpx:TrackPointExtension><gpxtpx:hr>161</gpxtpx:hr></gpxtpx:TrackPointExtension></extensions></trkpt><trkpt lat="56.654395" lon="38.094607"><ele>141.2</ele><time>2026-07-06T11:17:22Z</time><extensions><gpxtpx:TrackPointExtension><gpxtpx:hr>161</gpxtpx:hr></gpxtpx:TrackPointExtension></extensions></trkpt><trkpt lat="56.654365" lon="38.094617"><ele>141.2</ele><time>2026-07-06T11:17:23Z</time><extensions><gpxtpx:TrackPointExtension><gpxtpx:hr>160</gpxtpx:hr></gpxtpx:TrackPointExtension></extensions></trkpt><trkpt lat="56.654337" lon="38.09463"><ele>141.2</ele><time>2026-07-06T11:17:24Z</time><extensions><gpxtpx:TrackPointExtension><gpxtpx:hr>160</gpxtpx:hr></gpxtpx:TrackPointExtension></extensions></trkpt><trkpt lat="56.654307" lon="38.094642"><ele>141.2</ele><time>2026-07-06T11:17:25Z</time><extensions><gpxtpx:TrackPointExtension><gpxtpx:hr>160</gpxtpx:hr></gpxtpx:TrackPointExtension></extensions></trkpt><trkpt lat="56.654277" lon="38.094652"><ele>141.0</ele><time>2026-07-06T11:17:26Z</time><extensions><gpxtpx:TrackPointExtension><gpxtpx:hr>160</gpxtpx:hr></gpxtpx:TrackPointExtension></extensions></trkpt><trkpt lat="56.65425" lon="38.094657"><ele>141.0</ele><time>2026-07-06T11:17:27Z</time><extensions><gpxtpx:TrackPointExtension><gpxtpx:hr>160</gpxtpx:hr></gpxtpx:TrackPointExtension></extensions></trkpt><trkpt lat="56.65422" lon="38.094665"><ele>141.0</ele><time>2026-07-06T11:17:28Z</time><extensions><gpxtpx:TrackPointExtension><gpxtpx:hr>160</gpxtpx:hr></gpxtpx:TrackPointExtension></extensions></trkpt><trkpt lat="56.65419" lon="38.094677"><ele>141.0</ele><time>2026-07-06T11:17:29Z</time><extensions><gpxtpx:TrackPointExtension><gpxtpx:hr>160</gpxtpx:hr></gpxtpx:TrackPointExtension></extensions></trkpt><trkpt lat="56.654157" lon="38.094687"><ele>141.0</ele><time>2026-07-06T11:17:30Z</time><extensions><gpxtpx:TrackPointExtension><gpxtpx:hr>160</gpxtpx:hr></gpxtpx:TrackPointExtension></extensions></trkpt><trkpt lat="56.65413" lon="38.094697"><ele>141.0</ele><time>2026-07-06T11:17:31Z</time><extensions><gpxtpx:TrackPointExtension><gpxtpx:hr>160</gpxtpx:hr></gpxtpx:TrackPointExtension></extensions></trkpt><trkpt lat="56.654102" lon="38.094712"><ele>141.0</ele><time>2026-07-06T11:17:32Z</time><extensions><gpxtpx:TrackPointExtension><gpxtpx:hr>160</gpxtpx:hr></gpxtpx:TrackPointExtension></extensions></trkpt><trkpt lat="56.654072" lon="38.09472"><ele>141.0</ele><time>2026-07-06T11:17:33Z</time><extensions><gpxtpx:TrackPointExtension><gpxtpx:hr>161</gpxtpx:hr></gpxtpx:TrackPointExtension></extensions></trkpt><trkpt lat="56.65404" lon="38.09473"><ele>141.0</ele><time>2026-07-06T11:17:34Z</time><extensions><gpxtpx:TrackPointExtension><gpxtpx:hr>161</gpxtpx:hr></gpxtpx:TrackPointExtension></extensions></trkpt><trkpt lat="56.654012" lon="38.094747"><ele>141.0</ele><time>2026-07-06T11:17:35Z</time><extensions><gpxtpx:TrackPointExtension><gpxtpx:hr>161</gpxtpx:hr></gpxtpx:TrackPointExtension></extensions></trkpt><trkpt lat="56.653982" lon="38.09476"><ele>141.0</ele><time>2026-07-06T11:17:36Z</time><extensions><gpxtpx:TrackPointExtension><gpxtpx:hr>160</gpxtpx:hr></gpxtpx:TrackPointExtension></extensions></trkpt><trkpt lat="56.653952" lon="38.094772"><ele>140.8</ele><time>2026-07-06T11:17:37Z</time><extensions><gpxtpx:TrackPointExtension><gpxtpx:hr>160</gpxtpx:hr></gpxtpx:TrackPointExtension></extensions></trkpt><trkpt lat="56.653925" lon="38.094782"><ele>140.8</ele><time>2026-07-06T11:17:38Z</time><extensions><gpxtpx:TrackPointExtension><gpxtpx:hr>161</gpxtpx:hr></gpxtpx:TrackPointExtension></extensions></trkpt><trkpt lat="56.653895" lon="38.094792"><ele>140.8</ele><time>2026-07-06T11:17:39Z</time><extensions><gpxtpx:TrackPointExtension><gpxtpx:hr>161</gpxtpx:hr></gpxtpx:TrackPointExtension></extensions></trkpt><trkpt lat="56.653867" lon="38.094802"><ele>140.8</ele><time>2026-07-06T11:17:40Z</time><extensions><gpxtpx:TrackPointExtension><gpxtpx:hr>161</gpxtpx:hr></gpxtpx:TrackPointExtension></extensions></trkpt><trkpt lat="56.653837" lon="38.094812"><ele>140.8</ele><time>2026-07-06T11:17:41Z</time><extensions><gpxtpx:TrackPointExtension><gpxtpx:hr>161</gpxtpx:hr></gpxtpx:TrackPointExtension></extensions></trkpt><trkpt lat="56.653807" lon="38.09483"><ele>140.6</ele><time>2026-07-06T11:17:42Z</time><extensions><gpxtpx:TrackPointExtension><gpxtpx:hr>161</gpxtpx:hr></gpxtpx:TrackPointExtension></extensions></trkpt><trkpt lat="56.653777" lon="38.094842"><ele>140.6</ele><time>2026-07-06T11:17:43Z</time><extensions><gpxtpx:TrackPointExtension><gpxtpx:hr>161</gpxtpx:hr></gpxtpx:TrackPointExtension></extensions></trkpt><trkpt lat="56.653747" lon="38.094852"><ele>140.6</ele><time>2026-07-06T11:17:44Z</time><extensions><gpxtpx:TrackPointExtension><gpxtpx:hr>162</gpxtpx:hr></gpxtpx:TrackPointExtension></extensions></trkpt><trkpt lat="56.653717" lon="38.094865"><ele>140.6</ele><time>2026-07-06T11:17:45Z</time><extensions><gpxtpx:TrackPointExtension><gpxtpx:hr>161</gpxtpx:hr></gpxtpx:TrackPointExtension></extensions></trkpt><trkpt lat="56.653688" lon="38.094877"><ele>140.8</ele><time>2026-07-06T11:17:46Z</time><extensions><gpxtpx:TrackPointExtension><gpxtpx:hr>162</gpxtpx:hr></gpxtpx:TrackPointExtension></extensions></trkpt><trkpt lat="56.65366" lon="38.09489"><ele>140.8</ele><time>2026-07-06T11:17:47Z</time><extensions><gpxtpx:TrackPointExtension><gpxtpx:hr>162</gpxtpx:hr></gpxtpx:TrackPointExtension></extensions></trkpt><trkpt lat="56.653635" lon="38.094902"><ele>140.8</ele><time>2026-07-06T11:17:48Z</time><extensions><gpxtpx:TrackPointExtension><gpxtpx:hr>162</gpxtpx:hr></gpxtpx:TrackPointExtension></extensions></trkpt><trkpt lat="56.653605" lon="38.094915"><ele>140.8</ele><time>2026-07-06T11:17:49Z</time><extensions><gpxtpx:TrackPointExtension><gpxtpx:hr>162</gpxtpx:hr></gpxtpx:TrackPointExtension></extensions></trkpt><trkpt lat="56.653577" lon="38.094925"><ele>140.6</ele><time>2026-07-06T11:17:50Z</time><extensions><gpxtpx:TrackPointExtension><gpxtpx:hr>162</gpxtpx:hr></gpxtpx:TrackPointExtension></extensions></trkpt><trkpt lat="56.65355" lon="38.094937"><ele>140.6</ele><time>2026-07-06T11:17:51Z</time><extensions><gpxtpx:TrackPointExtension><gpxtpx:hr>162</gpxtpx:hr></gpxtpx:TrackPointExtension></extensions></trkpt><trkpt lat="56.65352" lon="38.094942"><ele>140.6</ele><time>2026-07-06T11:17:52Z</time><extensions><gpxtpx:TrackPointExtension><gpxtpx:hr>162</gpxtpx:hr></gpxtpx:TrackPointExtension></extensions></trkpt><trkpt lat="56.653492" lon="38.094952"><ele>140.6</ele><time>2026-07-06T11:17:53Z</time><extensions><gpxtpx:TrackPointExtension><gpxtpx:hr>162</gpxtpx:hr></gpxtpx:TrackPointExtension></extensions></trkpt><trkpt lat="56.653462" lon="38.094962"><ele>140.6</ele><time>2026-07-06T11:17:54Z</time><extensions><gpxtpx:TrackPointExtension><gpxtpx:hr>161</gpxtpx:hr></gpxtpx:TrackPointExtension></extensions></trkpt><trkpt lat="56.653432" lon="38.094972"><ele>140.6</ele><time>2026-07-06T11:17:55Z</time><extensions><gpxtpx:TrackPointExtension><gpxtpx:hr>161</gpxtpx:hr></gpxtpx:TrackPointExtension></extensions></trkpt><trkpt lat="56.6534" lon="38.094987"><ele>140.6</ele><time>2026-07-06T11:17:56Z</time><extensions><gpxtpx:TrackPointExtension><gpxtpx:hr>161</gpxtpx:hr></gpxtpx:TrackPointExtension></extensions></trkpt><trkpt lat="56.65337" lon="38.094992"><ele>140.6</ele><time>2026-07-06T11:17:57Z</time><extensions><gpxtpx:TrackPointExtension><gpxtpx:hr>162</gpxtpx:hr></gpxtpx:TrackPointExtension></extensions></trkpt><trkpt lat="56.653337" lon="38.095002"><ele>140.4</ele><time>2026-07-06T11:17:58Z</time><extensions><gpxtpx:TrackPointExtension><gpxtpx:hr>161</gpxtpx:hr></gpxtpx:TrackPointExtension></extensions></trkpt><trkpt lat="56.653307" lon="38.095007"><ele>140.4</ele><time>2026-07-06T11:17:59Z</time><extensions><gpxtpx:TrackPointExtension><gpxtpx:hr>162</gpxtpx:hr></gpxtpx:TrackPointExtension></extensions></trkpt><trkpt lat="56.65328" lon="38.095015"><ele>140.4</ele><time>2026-07-06T11:18:00Z</time><extensions><gpxtpx:TrackPointExtension><gpxtpx:hr>162</gpxtpx:hr></gpxtpx:TrackPointExtension></extensions></trkpt><trkpt lat="56.65325" lon="38.095025"><ele>140.4</ele><time>2026-07-06T11:18:01Z</time><extensions><gpxtpx:TrackPointExtension><gpxtpx:hr>162</gpxtpx:hr></gpxtpx:TrackPointExtension></extensions></trkpt><trkpt lat="56.65322" lon="38.095037"><ele>140.4</ele><time>2026-07-06T11:18:02Z</time><extensions><gpxtpx:TrackPointExtension><gpxtpx:hr>162</gpxtpx:hr></gpxtpx:TrackPointExtension></extensions></trkpt><trkpt lat="56.653187" lon="38.095042"><ele>140.4</ele><time>2026-07-06T11:18:03Z</time><extensions><gpxtpx:TrackPointExtension><gpxtpx:hr>162</gpxtpx:hr></gpxtpx:TrackPointExtension></extensions></trkpt><trkpt lat="56.653157" lon="38.095047"><ele>140.4</ele><time>2026-07-06T11:18:04Z</time><extensions><gpxtpx:TrackPointExtension><gpxtpx:hr>162</gpxtpx:hr></gpxtpx:TrackPointExtension></extensions></trkpt><trkpt lat="56.653127" lon="38.095057"><ele>140.4</ele><time>2026-07-06T11:18:05Z</time><extensions><gpxtpx:TrackPointExtension><gpxtpx:hr>162</gpxtpx:hr></gpxtpx:TrackPointExtension></extensions></trkpt><trkpt lat="56.6531" lon="38.095067"><ele>140.4</ele><time>2026-07-06T11:18:06Z</time><extensions><gpxtpx:TrackPointExtension><gpxtpx:hr>162</gpxtpx:hr></gpxtpx:TrackPointExtension></extensions></trkpt><trkpt lat="56.653072" lon="38.095077"><ele>140.4</ele><time>2026-07-06T11:18:07Z</time><extensions><gpxtpx:TrackPointExtension><gpxtpx:hr>162</gpxtpx:hr></gpxtpx:TrackPointExtension></extensions></trkpt><trkpt lat="56.653042" lon="38.095082"><ele>140.2</ele><time>2026-07-06T11:18:08Z</time><extensions><gpxtpx:TrackPointExtension><gpxtpx:hr>162</gpxtpx:hr></gpxtpx:TrackPointExtension></extensions></trkpt><trkpt lat="56.653012" lon="38.09509"><ele>140.4</ele><time>2026-07-06T11:18:09Z</time><extensions><gpxtpx:TrackPointExtension><gpxtpx:hr>162</gpxtpx:hr></gpxtpx:TrackPointExtension></extensions></trkpt><trkpt lat="56.652985" lon="38.095097"><ele>140.4</ele><time>2026-07-06T11:18:10Z</time><extensions><gpxtpx:TrackPointExtension><gpxtpx:hr>162</gpxtpx:hr></gpxtpx:TrackPointExtension></extensions></trkpt><trkpt lat="56.652952" lon="38.095107"><ele>140.6</ele><time>2026-07-06T11:18:11Z</time><extensions><gpxtpx:TrackPointExtension><gpxtpx:hr>162</gpxtpx:hr></gpxtpx:TrackPointExtension></extensions></trkpt><trkpt lat="56.652927" lon="38.095112"><ele>140.6</ele><time>2026-07-06T11:18:12Z</time><extensions><gpxtpx:TrackPointExtension><gpxtpx:hr>162</gpxtpx:hr></gpxtpx:TrackPointExtension></extensions></trkpt><trkpt lat="56.652897" lon="38.095117"><ele>140.6</ele><time>2026-07-06T11:18:13Z</time><extensions><gpxtpx:TrackPointExtension><gpxtpx:hr>161</gpxtpx:hr></gpxtpx:TrackPointExtension></extensions></trkpt><trkpt lat="56.65287" lon="38.095127"><ele>140.4</ele><time>2026-07-06T11:18:14Z</time><extensions><gpxtpx:TrackPointExtension><gpxtpx:hr>161</gpxtpx:hr></gpxtpx:TrackPointExtension></extensions></trkpt><trkpt lat="56.652842" lon="38.095137"><ele>140.6</ele><time>2026-07-06T11:18:15Z</time><extensions><gpxtpx:TrackPointExtension><gpxtpx:hr>161</gpxtpx:hr></gpxtpx:TrackPointExtension></extensions></trkpt><trkpt lat="56.65281" lon="38.09514"><ele>140.6</ele><time>2026-07-06T11:18:16Z</time><extensions><gpxtpx:TrackPointExtension><gpxtpx:hr>161</gpxtpx:hr></gpxtpx:TrackPointExtension></extensions></trkpt><trkpt lat="56.652777" lon="38.095147"><ele>140.6</ele><time>2026-07-06T11:18:17Z</time><extensions><gpxtpx:TrackPointExtension><gpxtpx:hr>161</gpxtpx:hr></gpxtpx:TrackPointExtension></extensions></trkpt><trkpt lat="56.65275" lon="38.095152"><ele>140.6</ele><time>2026-07-06T11:18:18Z</time><extensions><gpxtpx:TrackPointExtension><gpxtpx:hr>162</gpxtpx:hr></gpxtpx:TrackPointExtension></extensions></trkpt><trkpt lat="56.652722" lon="38.095162"><ele>140.4</ele><time>2026-07-06T11:18:19Z</time><extensions><gpxtpx:TrackPointExtension><gpxtpx:hr>162</gpxtpx:hr></gpxtpx:TrackPointExtension></extensions></trkpt><trkpt lat="56.652697" lon="38.095172"><ele>140.4</ele><time>2026-07-06T11:18:20Z</time><extensions><gpxtpx:TrackPointExtension><gpxtpx:hr>162</gpxtpx:hr></gpxtpx:TrackPointExtension></extensions></trkpt><trkpt lat="56.652662" lon="38.095187"><ele>140.4</ele><time>2026-07-06T11:18:21Z</time><extensions><gpxtpx:TrackPointExtension><gpxtpx:hr>162</gpxtpx:hr></gpxtpx:TrackPointExtension></extensions></trkpt><trkpt lat="56.652632" lon="38.095207"><ele>140.4</ele><time>2026-07-06T11:18:22Z</time><extensions><gpxtpx:TrackPointExtension><gpxtpx:hr>162</gpxtpx:hr></gpxtpx:TrackPointExtension></extensions></trkpt><trkpt lat="56.652607" lon="38.095218"><ele>140.4</ele><time>2026-07-06T11:18:23Z</time><extensions><gpxtpx:TrackPointExtension><gpxtpx:hr>162</gpxtpx:hr></gpxtpx:TrackPointExtension></extensions></trkpt><trkpt lat="56.652577" lon="38.095232"><ele>140.4</ele><time>2026-07-06T11:18:24Z</time><extensions><gpxtpx:TrackPointExtension><gpxtpx:hr>162</gpxtpx:hr></gpxtpx:TrackPointExtension></extensions></trkpt><trkpt lat="56.652552" lon="38.095245"><ele>140.4</ele><time>2026-07-06T11:18:25Z</time><extensions><gpxtpx:TrackPointExtension><gpxtpx:hr>161</gpxtpx:hr></gpxtpx:TrackPointExtension></extensions></trkpt><trkpt lat="56.652522" lon="38.095255"><ele>140.6</ele><time>2026-07-06T11:18:26Z</time><extensions><gpxtpx:TrackPointExtension><gpxtpx:hr>161</gpxtpx:hr></gpxtpx:TrackPointExtension></extensions></trkpt><trkpt lat="56.652495" lon="38.095265"><ele>140.6</ele><time>2026-07-06T11:18:27Z</time><extensions><gpxtpx:TrackPointExtension><gpxtpx:hr>161</gpxtpx:hr></gpxtpx:TrackPointExtension></extensions></trkpt><trkpt lat="56.652467" lon="38.095275"><ele>140.6</ele><time>2026-07-06T11:18:28Z</time><extensions><gpxtpx:TrackPointExtension><gpxtpx:hr>161</gpxtpx:hr></gpxtpx:TrackPointExtension></extensions></trkpt><trkpt lat="56.652437" lon="38.095282"><ele>140.6</ele><time>2026-07-06T11:18:29Z</time><extensions><gpxtpx:TrackPointExtension><gpxtpx:hr>161</gpxtpx:hr></gpxtpx:TrackPointExtension></extensions></trkpt><trkpt lat="56.652407" lon="38.095287"><ele>140.6</ele><time>2026-07-06T11:18:30Z</time><extensions><gpxtpx:TrackPointExtension><gpxtpx:hr>161</gpxtpx:hr></gpxtpx:TrackPointExtension></extensions></trkpt><trkpt lat="56.65238" lon="38.095287"><ele>140.4</ele><time>2026-07-06T11:18:31Z</time><extensions><gpxtpx:TrackPointExtension><gpxtpx:hr>161</gpxtpx:hr></gpxtpx:TrackPointExtension></extensions></trkpt><trkpt lat="56.65235" lon="38.095292"><ele>140.4</ele><time>2026-07-06T11:18:32Z</time><extensions><gpxtpx:TrackPointExtension><gpxtpx:hr>161</gpxtpx:hr></gpxtpx:TrackPointExtension></extensions></trkpt><trkpt lat="56.652322" lon="38.095295"><ele>140.4</ele><time>2026-07-06T11:18:33Z</time><extensions><gpxtpx:TrackPointExtension><gpxtpx:hr>161</gpxtpx:hr></gpxtpx:TrackPointExtension></extensions></trkpt><trkpt lat="56.652295" lon="38.095297"><ele>140.4</ele><time>2026-07-06T11:18:34Z</time><extensions><gpxtpx:TrackPointExtension><gpxtpx:hr>161</gpxtpx:hr></gpxtpx:TrackPointExtension></extensions></trkpt><trkpt lat="56.652265" lon="38.095302"><ele>140.4</ele><time>2026-07-06T11:18:35Z</time><extensions><gpxtpx:TrackPointExtension><gpxtpx:hr>161</gpxtpx:hr></gpxtpx:TrackPointExtension></extensions></trkpt><trkpt lat="56.652232" lon="38.095312"><ele>140.4</ele><time>2026-07-06T11:18:36Z</time><extensions><gpxtpx:TrackPointExtension><gpxtpx:hr>161</gpxtpx:hr></gpxtpx:TrackPointExtension></extensions></trkpt><trkpt lat="56.652202" lon="38.095317"><ele>140.2</ele><time>2026-07-06T11:18:37Z</time><extensions><gpxtpx:TrackPointExtension><gpxtpx:hr>161</gpxtpx:hr></gpxtpx:TrackPointExtension></extensions></trkpt><trkpt lat="56.652172" lon="38.095315"><ele>140.2</ele><time>2026-07-06T11:18:38Z</time><extensions><gpxtpx:TrackPointExtension><gpxtpx:hr>161</gpxtpx:hr></gpxtpx:TrackPointExtension></extensions></trkpt><trkpt lat="56.652142" lon="38.095312"><ele>140.2</ele><time>2026-07-06T11:18:39Z</time><extensions><gpxtpx:TrackPointExtension><gpxtpx:hr>162</gpxtpx:hr></gpxtpx:TrackPointExtension></extensions></trkpt><trkpt lat="56.65211" lon="38.095312"><ele>140.2</ele><time>2026-07-06T11:18:40Z</time><extensions><gpxtpx:TrackPointExtension><gpxtpx:hr>162</gpxtpx:hr></gpxtpx:TrackPointExtension></extensions></trkpt><trkpt lat="56.652077" lon="38.095317"><ele>140.2</ele><time>2026-07-06T11:18:41Z</time><extensions><gpxtpx:TrackPointExtension><gpxtpx:hr>162</gpxtpx:hr></gpxtpx:TrackPointExtension></extensions></trkpt><trkpt lat="56.652047" lon="38.095325"><ele>140.2</ele><time>2026-07-06T11:18:42Z</time><extensions><gpxtpx:TrackPointExtension><gpxtpx:hr>162</gpxtpx:hr></gpxtpx:TrackPointExtension></extensions></trkpt><trkpt lat="56.652015" lon="38.095325"><ele>140.4</ele><time>2026-07-06T11:18:43Z</time><extensions><gpxtpx:TrackPointExtension><gpxtpx:hr>162</gpxtpx:hr></gpxtpx:TrackPointExtension></extensions></trkpt><trkpt lat="56.651982" lon="38.095327"><ele>140.4</ele><time>2026-07-06T11:18:44Z</time><extensions><gpxtpx:TrackPointExtension><gpxtpx:hr>162</gpxtpx:hr></gpxtpx:TrackPointExtension></extensions></trkpt><trkpt lat="56.65195" lon="38.095332"><ele>140.4</ele><time>2026-07-06T11:18:45Z</time><extensions><gpxtpx:TrackPointExtension><gpxtpx:hr>162</gpxtpx:hr></gpxtpx:TrackPointExtension></extensions></trkpt><trkpt lat="56.651922" lon="38.095337"><ele>140.4</ele><time>2026-07-06T11:18:46Z</time><extensions><gpxtpx:TrackPointExtension><gpxtpx:hr>162</gpxtpx:hr></gpxtpx:TrackPointExtension></extensions></trkpt><trkpt lat="56.651895" lon="38.095345"><ele>140.4</ele><time>2026-07-06T11:18:47Z</time><extensions><gpxtpx:TrackPointExtension><gpxtpx:hr>162</gpxtpx:hr></gpxtpx:TrackPointExtension></extensions></trkpt><trkpt lat="56.651867" lon="38.095357"><ele>140.4</ele><time>2026-07-06T11:18:48Z</time><extensions><gpxtpx:TrackPointExtension><gpxtpx:hr>161</gpxtpx:hr></gpxtpx:TrackPointExtension></extensions></trkpt><trkpt lat="56.651837" lon="38.095362"><ele>140.4</ele><time>2026-07-06T11:18:49Z</time><extensions><gpxtpx:TrackPointExtension><gpxtpx:hr>161</gpxtpx:hr></gpxtpx:TrackPointExtension></extensions></trkpt><trkpt lat="56.651807" lon="38.095372"><ele>140.2</ele><time>2026-07-06T11:18:50Z</time><extensions><gpxtpx:TrackPointExtension><gpxtpx:hr>161</gpxtpx:hr></gpxtpx:TrackPointExtension></extensions></trkpt><trkpt lat="56.651775" lon="38.095377"><ele>140.2</ele><time>2026-07-06T11:18:51Z</time><extensions><gpxtpx:TrackPointExtension><gpxtpx:hr>161</gpxtpx:hr></gpxtpx:TrackPointExtension></extensions></trkpt><trkpt lat="56.651745" lon="38.095382"><ele>140.4</ele><time>2026-07-06T11:18:52Z</time><extensions><gpxtpx:TrackPointExtension><gpxtpx:hr>161</gpxtpx:hr></gpxtpx:TrackPointExtension></extensions></trkpt><trkpt lat="56.651712" lon="38.095387"><ele>140.4</ele><time>2026-07-06T11:18:53Z</time><extensions><gpxtpx:TrackPointExtension><gpxtpx:hr>161</gpxtpx:hr></gpxtpx:TrackPointExtension></extensions></trkpt><trkpt lat="56.651682" lon="38.09539"><ele>140.4</ele><time>2026-07-06T11:18:54Z</time><extensions><gpxtpx:TrackPointExtension><gpxtpx:hr>161</gpxtpx:hr></gpxtpx:TrackPointExtension></extensions></trkpt><trkpt lat="56.651652" lon="38.095392"><ele>140.4</ele><time>2026-07-06T11:18:55Z</time><extensions><gpxtpx:TrackPointExtension><gpxtpx:hr>162</gpxtpx:hr></gpxtpx:TrackPointExtension></extensions></trkpt><trkpt lat="56.651625" lon="38.095397"><ele>140.4</ele><time>2026-07-06T11:18:56Z</time><extensions><gpxtpx:TrackPointExtension><gpxtpx:hr>162</gpxtpx:hr></gpxtpx:TrackPointExtension></extensions></trkpt><trkpt lat="56.65159" lon="38.095407"><ele>140.6</ele><time>2026-07-06T11:18:57Z</time><extensions><gpxtpx:TrackPointExtension><gpxtpx:hr>162</gpxtpx:hr></gpxtpx:TrackPointExtension></extensions></trkpt><trkpt lat="56.651557" lon="38.095412"><ele>140.6</ele><time>2026-07-06T11:18:58Z</time><extensions><gpxtpx:TrackPointExtension><gpxtpx:hr>162</gpxtpx:hr></gpxtpx:TrackPointExtension></extensions></trkpt><trkpt lat="56.651527" lon="38.09542"><ele>140.8</ele><time>2026-07-06T11:18:59Z</time><extensions><gpxtpx:TrackPointExtension><gpxtpx:hr>162</gpxtpx:hr></gpxtpx:TrackPointExtension></extensions></trkpt><trkpt lat="56.651497" lon="38.095425"><ele>140.6</ele><time>2026-07-06T11:19:00Z</time><extensions><gpxtpx:TrackPointExtension><gpxtpx:hr>162</gpxtpx:hr></gpxtpx:TrackPointExtension></extensions></trkpt><trkpt lat="56.651465" lon="38.095427"><ele>140.8</ele><time>2026-07-06T11:19:01Z</time><extensions><gpxtpx:TrackPointExtension><gpxtpx:hr>162</gpxtpx:hr></gpxtpx:TrackPointExtension></extensions></trkpt><trkpt lat="56.651435" lon="38.095427"><ele>140.8</ele><time>2026-07-06T11:19:02Z</time><extensions><gpxtpx:TrackPointExtension><gpxtpx:hr>162</gpxtpx:hr></gpxtpx:TrackPointExtension></extensions></trkpt><trkpt lat="56.651402" lon="38.095422"><ele>140.8</ele><time>2026-07-06T11:19:03Z</time><extensions><gpxtpx:TrackPointExtension><gpxtpx:hr>162</gpxtpx:hr></gpxtpx:TrackPointExtension></extensions></trkpt><trkpt lat="56.651372" lon="38.09542"><ele>140.8</ele><time>2026-07-06T11:19:04Z</time><extensions><gpxtpx:TrackPointExtension><gpxtpx:hr>162</gpxtpx:hr></gpxtpx:TrackPointExtension></extensions></trkpt><trkpt lat="56.651338" lon="38.095417"><ele>140.8</ele><time>2026-07-06T11:19:05Z</time><extensions><gpxtpx:TrackPointExtension><gpxtpx:hr>162</gpxtpx:hr></gpxtpx:TrackPointExtension></extensions></trkpt><trkpt lat="56.651312" lon="38.095425"><ele>140.8</ele><time>2026-07-06T11:19:06Z</time><extensions><gpxtpx:TrackPointExtension><gpxtpx:hr>161</gpxtpx:hr></gpxtpx:TrackPointExtension></extensions></trkpt><trkpt lat="56.651282" lon="38.095432"><ele>140.8</ele><time>2026-07-06T11:19:07Z</time><extensions><gpxtpx:TrackPointExtension><gpxtpx:hr>162</gpxtpx:hr></gpxtpx:TrackPointExtension></extensions></trkpt><trkpt lat="56.651252" lon="38.095432"><ele>140.8</ele><time>2026-07-06T11:19:08Z</time><extensions><gpxtpx:TrackPointExtension><gpxtpx:hr>162</gpxtpx:hr></gpxtpx:TrackPointExtension></extensions></trkpt><trkpt lat="56.651222" lon="38.095437"><ele>141.0</ele><time>2026-07-06T11:19:09Z</time><extensions><gpxtpx:TrackPointExtension><gpxtpx:hr>162</gpxtpx:hr></gpxtpx:TrackPointExtension></extensions></trkpt><trkpt lat="56.651197" lon="38.095437"><ele>141.0</ele><time>2026-07-06T11:19:10Z</time><extensions><gpxtpx:TrackPointExtension><gpxtpx:hr>161</gpxtpx:hr></gpxtpx:TrackPointExtension></extensions></trkpt><trkpt lat="56.651167" lon="38.09544"><ele>141.0</ele><time>2026-07-06T11:19:11Z</time><extensions><gpxtpx:TrackPointExtension><gpxtpx:hr>161</gpxtpx:hr></gpxtpx:TrackPointExtension></extensions></trkpt><trkpt lat="56.651142" lon="38.095443"><ele>141.0</ele><time>2026-07-06T11:19:12Z</time><extensions><gpxtpx:TrackPointExtension><gpxtpx:hr>161</gpxtpx:hr></gpxtpx:TrackPointExtension></extensions></trkpt><trkpt lat="56.651117" lon="38.09545"><ele>141.0</ele><time>2026-07-06T11:19:13Z</time><extensions><gpxtpx:TrackPointExtension><gpxtpx:hr>162</gpxtpx:hr></gpxtpx:TrackPointExtension></extensions></trkpt><trkpt lat="56.651087" lon="38.09545"><ele>141.0</ele><time>2026-07-06T11:19:14Z</time><extensions><gpxtpx:TrackPointExtension><gpxtpx:hr>162</gpxtpx:hr></gpxtpx:TrackPointExtension></extensions></trkpt><trkpt lat="56.651057" lon="38.095452"><ele>141.0</ele><time>2026-07-06T11:19:15Z</time><extensions><gpxtpx:TrackPointExtension><gpxtpx:hr>161</gpxtpx:hr></gpxtpx:TrackPointExtension></extensions></trkpt><trkpt lat="56.651025" lon="38.095457"><ele>141.0</ele><time>2026-07-06T11:19:16Z</time><extensions><gpxtpx:TrackPointExtension><gpxtpx:hr>161</gpxtpx:hr></gpxtpx:TrackPointExtension></extensions></trkpt><trkpt lat="56.650995" lon="38.09546"><ele>141.0</ele><time>2026-07-06T11:19:17Z</time><extensions><gpxtpx:TrackPointExtension><gpxtpx:hr>161</gpxtpx:hr></gpxtpx:TrackPointExtension></extensions></trkpt><trkpt lat="56.650967" lon="38.095462"><ele>141.0</ele><time>2026-07-06T11:19:18Z</time><extensions><gpxtpx:TrackPointExtension><gpxtpx:hr>161</gpxtpx:hr></gpxtpx:TrackPointExtension></extensions></trkpt><trkpt lat="56.650935" lon="38.095467"><ele>141.0</ele><time>2026-07-06T11:19:19Z</time><extensions><gpxtpx:TrackPointExtension><gpxtpx:hr>161</gpxtpx:hr></gpxtpx:TrackPointExtension></extensions></trkpt><trkpt lat="56.650907" lon="38.095467"><ele>141.0</ele><time>2026-07-06T11:19:20Z</time><extensions><gpxtpx:TrackPointExtension><gpxtpx:hr>161</gpxtpx:hr></gpxtpx:TrackPointExtension></extensions></trkpt><trkpt lat="56.65088" lon="38.09548"><ele>141.0</ele><time>2026-07-06T11:19:21Z</time><extensions><gpxtpx:TrackPointExtension><gpxtpx:hr>161</gpxtpx:hr></gpxtpx:TrackPointExtension></extensions></trkpt><trkpt lat="56.650852" lon="38.095487"><ele>141.0</ele><time>2026-07-06T11:19:22Z</time><extensions><gpxtpx:TrackPointExtension><gpxtpx:hr>162</gpxtpx:hr></gpxtpx:TrackPointExtension></extensions></trkpt><trkpt lat="56.650827" lon="38.095495"><ele>141.0</ele><time>2026-07-06T11:19:23Z</time><extensions><gpxtpx:TrackPointExtension><gpxtpx:hr>162</gpxtpx:hr></gpxtpx:TrackPointExtension></extensions></trkpt><trkpt lat="56.650797" lon="38.0955"><ele>141.0</ele><time>2026-07-06T11:19:24Z</time><extensions><gpxtpx:TrackPointExtension><gpxtpx:hr>162</gpxtpx:hr></gpxtpx:TrackPointExtension></extensions></trkpt><trkpt lat="56.65077" lon="38.09551"><ele>141.0</ele><time>2026-07-06T11:19:25Z</time><extensions><gpxtpx:TrackPointExtension><gpxtpx:hr>163</gpxtpx:hr></gpxtpx:TrackPointExtension></extensions></trkpt><trkpt lat="56.650742" lon="38.095522"><ele>140.8</ele><time>2026-07-06T11:19:26Z</time><extensions><gpxtpx:TrackPointExtension><gpxtpx:hr>163</gpxtpx:hr></gpxtpx:TrackPointExtension></extensions></trkpt><trkpt lat="56.650712" lon="38.095537"><ele>141.0</ele><time>2026-07-06T11:19:27Z</time><extensions><gpxtpx:TrackPointExtension><gpxtpx:hr>163</gpxtpx:hr></gpxtpx:TrackPointExtension></extensions></trkpt><trkpt lat="56.650685" lon="38.09555"><ele>141.0</ele><time>2026-07-06T11:19:28Z</time><extensions><gpxtpx:TrackPointExtension><gpxtpx:hr>163</gpxtpx:hr></gpxtpx:TrackPointExtension></extensions></trkpt><trkpt lat="56.650652" lon="38.095562"><ele>141.0</ele><time>2026-07-06T11:19:29Z</time><extensions><gpxtpx:TrackPointExtension><gpxtpx:hr>163</gpxtpx:hr></gpxtpx:TrackPointExtension></extensions></trkpt><trkpt lat="56.650622" lon="38.095567"><ele>140.8</ele><time>2026-07-06T11:19:30Z</time><extensions><gpxtpx:TrackPointExtension><gpxtpx:hr>163</gpxtpx:hr></gpxtpx:TrackPointExtension></extensions></trkpt><trkpt lat="56.650587" lon="38.095572"><ele>141.0</ele><time>2026-07-06T11:19:31Z</time><extensions><gpxtpx:TrackPointExtension><gpxtpx:hr>163</gpxtpx:hr></gpxtpx:TrackPointExtension></extensions></trkpt><trkpt lat="56.650552" lon="38.095577"><ele>141.0</ele><time>2026-07-06T11:19:32Z</time><extensions><gpxtpx:TrackPointExtension><gpxtpx:hr>163</gpxtpx:hr></gpxtpx:TrackPointExtension></extensions></trkpt><trkpt lat="56.650517" lon="38.095577"><ele>141.0</ele><time>2026-07-06T11:19:33Z</time><extensions><gpxtpx:TrackPointExtension><gpxtpx:hr>163</gpxtpx:hr></gpxtpx:TrackPointExtension></extensions></trkpt><trkpt lat="56.650485" lon="38.095577"><ele>140.8</ele><time>2026-07-06T11:19:34Z</time><extensions><gpxtpx:TrackPointExtension><gpxtpx:hr>163</gpxtpx:hr></gpxtpx:TrackPointExtension></extensions></trkpt><trkpt lat="56.650452" lon="38.095582"><ele>141.0</ele><time>2026-07-06T11:19:35Z</time><extensions><gpxtpx:TrackPointExtension><gpxtpx:hr>163</gpxtpx:hr></gpxtpx:TrackPointExtension></extensions></trkpt><trkpt lat="56.650422" lon="38.095587"><ele>141.0</ele><time>2026-07-06T11:19:36Z</time><extensions><gpxtpx:TrackPointExtension><gpxtpx:hr>163</gpxtpx:hr></gpxtpx:TrackPointExtension></extensions></trkpt><trkpt lat="56.650387" lon="38.095592"><ele>141.0</ele><time>2026-07-06T11:19:37Z</time><extensions><gpxtpx:TrackPointExtension><gpxtpx:hr>163</gpxtpx:hr></gpxtpx:TrackPointExtension></extensions></trkpt><trkpt lat="56.650357" lon="38.095592"><ele>141.0</ele><time>2026-07-06T11:19:38Z</time><extensions><gpxtpx:TrackPointExtension><gpxtpx:hr>163</gpxtpx:hr></gpxtpx:TrackPointExtension></extensions></trkpt><trkpt lat="56.65033" lon="38.095597"><ele>141.0</ele><time>2026-07-06T11:19:39Z</time><extensions><gpxtpx:TrackPointExtension><gpxtpx:hr>163</gpxtpx:hr></gpxtpx:TrackPointExtension></extensions></trkpt><trkpt lat="56.650302" lon="38.095598"><ele>140.8</ele><time>2026-07-06T11:19:40Z</time><extensions><gpxtpx:TrackPointExtension><gpxtpx:hr>163</gpxtpx:hr></gpxtpx:TrackPointExtension></extensions></trkpt><trkpt lat="56.650272" lon="38.095605"><ele>140.8</ele><time>2026-07-06T11:19:41Z</time><extensions><gpxtpx:TrackPointExtension><gpxtpx:hr>163</gpxtpx:hr></gpxtpx:TrackPointExtension></extensions></trkpt><trkpt lat="56.650245" lon="38.09561"><ele>140.8</ele><time>2026-07-06T11:19:42Z</time><extensions><gpxtpx:TrackPointExtension><gpxtpx:hr>163</gpxtpx:hr></gpxtpx:TrackPointExtension></extensions></trkpt><trkpt lat="56.650217" lon="38.095622"><ele>141.0</ele><time>2026-07-06T11:19:43Z</time><extensions><gpxtpx:TrackPointExtension><gpxtpx:hr>163</gpxtpx:hr></gpxtpx:TrackPointExtension></extensions></trkpt><trkpt lat="56.650192" lon="38.095622"><ele>141.0</ele><time>2026-07-06T11:19:44Z</time><extensions><gpxtpx:TrackPointExtension><gpxtpx:hr>163</gpxtpx:hr></gpxtpx:TrackPointExtension></extensions></trkpt><trkpt lat="56.650162" lon="38.095627"><ele>141.0</ele><time>2026-07-06T11:19:45Z</time><extensions><gpxtpx:TrackPointExtension><gpxtpx:hr>163</gpxtpx:hr></gpxtpx:TrackPointExtension></extensions></trkpt><trkpt lat="56.650135" lon="38.095635"><ele>141.0</ele><time>2026-07-06T11:19:46Z</time><extensions><gpxtpx:TrackPointExtension><gpxtpx:hr>163</gpxtpx:hr></gpxtpx:TrackPointExtension></extensions></trkpt><trkpt lat="56.650102" lon="38.095642"><ele>141.2</ele><time>2026-07-06T11:19:47Z</time><extensions><gpxtpx:TrackPointExtension><gpxtpx:hr>164</gpxtpx:hr></gpxtpx:TrackPointExtension></extensions></trkpt><trkpt lat="56.650072" lon="38.09565"><ele>141.2</ele><time>2026-07-06T11:19:48Z</time><extensions><gpxtpx:TrackPointExtension><gpxtpx:hr>164</gpxtpx:hr></gpxtpx:TrackPointExtension></extensions></trkpt><trkpt lat="56.650045" lon="38.095655"><ele>141.0</ele><time>2026-07-06T11:19:49Z</time><extensions><gpxtpx:TrackPointExtension><gpxtpx:hr>164</gpxtpx:hr></gpxtpx:TrackPointExtension></extensions></trkpt><trkpt lat="56.650015" lon="38.09566"><ele>141.0</ele><time>2026-07-06T11:19:50Z</time><extensions><gpxtpx:TrackPointExtension><gpxtpx:hr>164</gpxtpx:hr></gpxtpx:TrackPointExtension></extensions></trkpt><trkpt lat="56.649982" lon="38.095665"><ele>141.0</ele><time>2026-07-06T11:19:51Z</time><extensions><gpxtpx:TrackPointExtension><gpxtpx:hr>164</gpxtpx:hr></gpxtpx:TrackPointExtension></extensions></trkpt><trkpt lat="56.649952" lon="38.095667"><ele>140.8</ele><time>2026-07-06T11:19:52Z</time><extensions><gpxtpx:TrackPointExtension><gpxtpx:hr>164</gpxtpx:hr></gpxtpx:TrackPointExtension></extensions></trkpt><trkpt lat="56.64992" lon="38.095672"><ele>140.8</ele><time>2026-07-06T11:19:53Z</time><extensions><gpxtpx:TrackPointExtension><gpxtpx:hr>164</gpxtpx:hr></gpxtpx:TrackPointExtension></extensions></trkpt><trkpt lat="56.649887" lon="38.095677"><ele>140.8</ele><time>2026-07-06T11:19:54Z</time><extensions><gpxtpx:TrackPointExtension><gpxtpx:hr>164</gpxtpx:hr></gpxtpx:TrackPointExtension></extensions></trkpt><trkpt lat="56.64986" lon="38.09568"><ele>140.8</ele><time>2026-07-06T11:19:55Z</time><extensions><gpxtpx:TrackPointExtension><gpxtpx:hr>164</gpxtpx:hr></gpxtpx:TrackPointExtension></extensions></trkpt><trkpt lat="56.64983" lon="38.095685"><ele>140.6</ele><time>2026-07-06T11:19:56Z</time><extensions><gpxtpx:TrackPointExtension><gpxtpx:hr>164</gpxtpx:hr></gpxtpx:TrackPointExtension></extensions></trkpt><trkpt lat="56.649802" lon="38.09569"><ele>140.8</ele><time>2026-07-06T11:19:57Z</time><extensions><gpxtpx:TrackPointExtension><gpxtpx:hr>165</gpxtpx:hr></gpxtpx:TrackPointExtension></extensions></trkpt><trkpt lat="56.649772" lon="38.095692"><ele>141.0</ele><time>2026-07-06T11:19:58Z</time><extensions><gpxtpx:TrackPointExtension><gpxtpx:hr>165</gpxtpx:hr></gpxtpx:TrackPointExtension></extensions></trkpt><trkpt lat="56.649742" lon="38.095697"><ele>141.0</ele><time>2026-07-06T11:19:59Z</time><extensions><gpxtpx:TrackPointExtension><gpxtpx:hr>166</gpxtpx:hr></gpxtpx:TrackPointExtension></extensions></trkpt><trkpt lat="56.649715" lon="38.0957"><ele>141.2</ele><time>2026-07-06T11:20:00Z</time><extensions><gpxtpx:TrackPointExtension><gpxtpx:hr>165</gpxtpx:hr></gpxtpx:TrackPointExtension></extensions></trkpt><trkpt lat="56.649687" lon="38.095697"><ele>141.2</ele><time>2026-07-06T11:20:01Z</time><extensions><gpxtpx:TrackPointExtension><gpxtpx:hr>165</gpxtpx:hr></gpxtpx:TrackPointExtension></extensions></trkpt><trkpt lat="56.649655" lon="38.095692"><ele>141.4</ele><time>2026-07-06T11:20:02Z</time><extensions><gpxtpx:TrackPointExtension><gpxtpx:hr>166</gpxtpx:hr></gpxtpx:TrackPointExtension></extensions></trkpt><trkpt lat="56.649622" lon="38.095687"><ele>141.4</ele><time>2026-07-06T11:20:03Z</time><extensions><gpxtpx:TrackPointExtension><gpxtpx:hr>165</gpxtpx:hr></gpxtpx:TrackPointExtension></extensions></trkpt><trkpt lat="56.649593" lon="38.095692"><ele>141.2</ele><time>2026-07-06T11:20:04Z</time><extensions><gpxtpx:TrackPointExtension><gpxtpx:hr>165</gpxtpx:hr></gpxtpx:TrackPointExtension></extensions></trkpt><trkpt lat="56.649562" lon="38.095687"><ele>141.2</ele><time>2026-07-06T11:20:05Z</time><extensions><gpxtpx:TrackPointExtension><gpxtpx:hr>165</gpxtpx:hr></gpxtpx:TrackPointExtension></extensions></trkpt><trkpt lat="56.649532" lon="38.095687"><ele>141.4</ele><time>2026-07-06T11:20:06Z</time><extensions><gpxtpx:TrackPointExtension><gpxtpx:hr>166</gpxtpx:hr></gpxtpx:TrackPointExtension></extensions></trkpt><trkpt lat="56.649502" lon="38.095692"><ele>141.4</ele><time>2026-07-06T11:20:07Z</time><extensions><gpxtpx:TrackPointExtension><gpxtpx:hr>166</gpxtpx:hr></gpxtpx:TrackPointExtension></extensions></trkpt><trkpt lat="56.649477" lon="38.095702"><ele>141.4</ele><time>2026-07-06T11:20:08Z</time><extensions><gpxtpx:TrackPointExtension><gpxtpx:hr>166</gpxtpx:hr></gpxtpx:TrackPointExtension></extensions></trkpt><trkpt lat="56.649447" lon="38.09571"><ele>141.4</ele><time>2026-07-06T11:20:09Z</time><extensions><gpxtpx:TrackPointExtension><gpxtpx:hr>166</gpxtpx:hr></gpxtpx:TrackPointExtension></extensions></trkpt><trkpt lat="56.649422" lon="38.095722"><ele>141.4</ele><time>2026-07-06T11:20:10Z</time><extensions><gpxtpx:TrackPointExtension><gpxtpx:hr>166</gpxtpx:hr></gpxtpx:TrackPointExtension></extensions></trkpt><trkpt lat="56.649392" lon="38.095725"><ele>141.4</ele><time>2026-07-06T11:20:11Z</time><extensions><gpxtpx:TrackPointExtension><gpxtpx:hr>165</gpxtpx:hr></gpxtpx:TrackPointExtension></extensions></trkpt><trkpt lat="56.649357" lon="38.095732"><ele>141.4</ele><time>2026-07-06T11:20:12Z</time><extensions><gpxtpx:TrackPointExtension><gpxtpx:hr>165</gpxtpx:hr></gpxtpx:TrackPointExtension></extensions></trkpt><trkpt lat="56.649327" lon="38.09574"><ele>141.6</ele><time>2026-07-06T11:20:13Z</time><extensions><gpxtpx:TrackPointExtension><gpxtpx:hr>166</gpxtpx:hr></gpxtpx:TrackPointExtension></extensions></trkpt><trkpt lat="56.649297" lon="38.095742"><ele>141.6</ele><time>2026-07-06T11:20:14Z</time><extensions><gpxtpx:TrackPointExtension><gpxtpx:hr>166</gpxtpx:hr></gpxtpx:TrackPointExtension></extensions></trkpt><trkpt lat="56.649267" lon="38.09575"><ele>141.6</ele><time>2026-07-06T11:20:15Z</time><extensions><gpxtpx:TrackPointExtension><gpxtpx:hr>166</gpxtpx:hr></gpxtpx:TrackPointExtension></extensions></trkpt><trkpt lat="56.649237" lon="38.095757"><ele>141.6</ele><time>2026-07-06T11:20:16Z</time><extensions><gpxtpx:TrackPointExtension><gpxtpx:hr>166</gpxtpx:hr></gpxtpx:TrackPointExtension></extensions></trkpt><trkpt lat="56.649205" lon="38.095767"><ele>141.6</ele><time>2026-07-06T11:20:17Z</time><extensions><gpxtpx:TrackPointExtension><gpxtpx:hr>165</gpxtpx:hr></gpxtpx:TrackPointExtension></extensions></trkpt><trkpt lat="56.649172" lon="38.095767"><ele>141.6</ele><time>2026-07-06T11:20:18Z</time><extensions><gpxtpx:TrackPointExtension><gpxtpx:hr>165</gpxtpx:hr></gpxtpx:TrackPointExtension></extensions></trkpt><trkpt lat="56.649142" lon="38.095772"><ele>141.6</ele><time>2026-07-06T11:20:19Z</time><extensions><gpxtpx:TrackPointExtension><gpxtpx:hr>165</gpxtpx:hr></gpxtpx:TrackPointExtension></extensions></trkpt><trkpt lat="56.649112" lon="38.09578"><ele>141.6</ele><time>2026-07-06T11:20:20Z</time><extensions><gpxtpx:TrackPointExtension><gpxtpx:hr>166</gpxtpx:hr></gpxtpx:TrackPointExtension></extensions></trkpt><trkpt lat="56.64908" lon="38.095785"><ele>141.8</ele><time>2026-07-06T11:20:21Z</time><extensions><gpxtpx:TrackPointExtension><gpxtpx:hr>166</gpxtpx:hr></gpxtpx:TrackPointExtension></extensions></trkpt><trkpt lat="56.649047" lon="38.09579"><ele>141.8</ele><time>2026-07-06T11:20:22Z</time><extensions><gpxtpx:TrackPointExtension><gpxtpx:hr>165</gpxtpx:hr></gpxtpx:TrackPointExtension></extensions></trkpt><trkpt lat="56.649017" lon="38.095795"><ele>141.8</ele><time>2026-07-06T11:20:23Z</time><extensions><gpxtpx:TrackPointExtension><gpxtpx:hr>166</gpxtpx:hr></gpxtpx:TrackPointExtension></extensions></trkpt><trkpt lat="56.648988" lon="38.095802"><ele>141.8</ele><time>2026-07-06T11:20:24Z</time><extensions><gpxtpx:TrackPointExtension><gpxtpx:hr>166</gpxtpx:hr></gpxtpx:TrackPointExtension></extensions></trkpt><trkpt lat="56.648957" lon="38.095802"><ele>141.8</ele><time>2026-07-06T11:20:25Z</time><extensions><gpxtpx:TrackPointExtension><gpxtpx:hr>166</gpxtpx:hr></gpxtpx:TrackPointExtension></extensions></trkpt><trkpt lat="56.64893" lon="38.095805"><ele>141.6</ele><time>2026-07-06T11:20:26Z</time><extensions><gpxtpx:TrackPointExtension><gpxtpx:hr>166</gpxtpx:hr></gpxtpx:TrackPointExtension></extensions></trkpt><trkpt lat="56.648902" lon="38.095807"><ele>141.6</ele><time>2026-07-06T11:20:27Z</time><extensions><gpxtpx:TrackPointExtension><gpxtpx:hr>166</gpxtpx:hr></gpxtpx:TrackPointExtension></extensions></trkpt><trkpt lat="56.648872" lon="38.09581"><ele>141.6</ele><time>2026-07-06T11:20:28Z</time><extensions><gpxtpx:TrackPointExtension><gpxtpx:hr>166</gpxtpx:hr></gpxtpx:TrackPointExtension></extensions></trkpt><trkpt lat="56.648842" lon="38.095812"><ele>141.6</ele><time>2026-07-06T11:20:29Z</time><extensions><gpxtpx:TrackPointExtension><gpxtpx:hr>165</gpxtpx:hr></gpxtpx:TrackPointExtension></extensions></trkpt><trkpt lat="56.648812" lon="38.095817"><ele>141.6</ele><time>2026-07-06T11:20:30Z</time><extensions><gpxtpx:TrackPointExtension><gpxtpx:hr>165</gpxtpx:hr></gpxtpx:TrackPointExtension></extensions></trkpt><trkpt lat="56.648785" lon="38.095823"><ele>141.6</ele><time>2026-07-06T11:20:31Z</time><extensions><gpxtpx:TrackPointExtension><gpxtpx:hr>166</gpxtpx:hr></gpxtpx:TrackPointExtension></extensions></trkpt><trkpt lat="56.648757" lon="38.095827"><ele>141.8</ele><time>2026-07-06T11:20:32Z</time><extensions><gpxtpx:TrackPointExtension><gpxtpx:hr>166</gpxtpx:hr></gpxtpx:TrackPointExtension></extensions></trkpt><trkpt lat="56.648727" lon="38.09583"><ele>141.8</ele><time>2026-07-06T11:20:33Z</time><extensions><gpxtpx:TrackPointExtension><gpxtpx:hr>165</gpxtpx:hr></gpxtpx:TrackPointExtension></extensions></trkpt><trkpt lat="56.6487" lon="38.095832"><ele>141.8</ele><time>2026-07-06T11:20:34Z</time><extensions><gpxtpx:TrackPointExtension><gpxtpx:hr>165</gpxtpx:hr></gpxtpx:TrackPointExtension></extensions></trkpt><trkpt lat="56.648672" lon="38.095832"><ele>141.6</ele><time>2026-07-06T11:20:35Z</time><extensions><gpxtpx:TrackPointExtension><gpxtpx:hr>165</gpxtpx:hr></gpxtpx:TrackPointExtension></extensions></trkpt><trkpt lat="56.648642" lon="38.095837"><ele>141.6</ele><time>2026-07-06T11:20:36Z</time><extensions><gpxtpx:TrackPointExtension><gpxtpx:hr>165</gpxtpx:hr></gpxtpx:TrackPointExtension></extensions></trkpt><trkpt lat="56.648612" lon="38.09584"><ele>141.6</ele><time>2026-07-06T11:20:37Z</time><extensions><gpxtpx:TrackPointExtension><gpxtpx:hr>165</gpxtpx:hr></gpxtpx:TrackPointExtension></extensions></trkpt><trkpt lat="56.648582" lon="38.095847"><ele>141.4</ele><time>2026-07-06T11:20:38Z</time><extensions><gpxtpx:TrackPointExtension><gpxtpx:hr>166</gpxtpx:hr></gpxtpx:TrackPointExtension></extensions></trkpt><trkpt lat="56.648552" lon="38.095855"><ele>141.4</ele><time>2026-07-06T11:20:39Z</time><extensions><gpxtpx:TrackPointExtension><gpxtpx:hr>165</gpxtpx:hr></gpxtpx:TrackPointExtension></extensions></trkpt><trkpt lat="56.648522" lon="38.095852"><ele>141.4</ele><time>2026-07-06T11:20:40Z</time><extensions><gpxtpx:TrackPointExtension><gpxtpx:hr>165</gpxtpx:hr></gpxtpx:TrackPointExtension></extensions></trkpt><trkpt lat="56.648492" lon="38.095852"><ele>141.6</ele><time>2026-07-06T11:20:41Z</time><extensions><gpxtpx:TrackPointExtension><gpxtpx:hr>165</gpxtpx:hr></gpxtpx:TrackPointExtension></extensions></trkpt><trkpt lat="56.648465" lon="38.095857"><ele>141.6</ele><time>2026-07-06T11:20:42Z</time><extensions><gpxtpx:TrackPointExtension><gpxtpx:hr>165</gpxtpx:hr></gpxtpx:TrackPointExtension></extensions></trkpt><trkpt lat="56.648437" lon="38.095862"><ele>141.6</ele><time>2026-07-06T11:20:43Z</time><extensions><gpxtpx:TrackPointExtension><gpxtpx:hr>165</gpxtpx:hr></gpxtpx:TrackPointExtension></extensions></trkpt><trkpt lat="56.64841" lon="38.095862"><ele>142.0</ele><time>2026-07-06T11:20:44Z</time><extensions><gpxtpx:TrackPointExtension><gpxtpx:hr>166</gpxtpx:hr></gpxtpx:TrackPointExtension></extensions></trkpt><trkpt lat="56.648382" lon="38.095862"><ele>142.4</ele><time>2026-07-06T11:20:45Z</time><extensions><gpxtpx:TrackPointExtension><gpxtpx:hr>166</gpxtpx:hr></gpxtpx:TrackPointExtension></extensions></trkpt><trkpt lat="56.648352" lon="38.095862"><ele>142.6</ele><time>2026-07-06T11:20:46Z</time><extensions><gpxtpx:TrackPointExtension><gpxtpx:hr>165</gpxtpx:hr></gpxtpx:TrackPointExtension></extensions></trkpt><trkpt lat="56.648325" lon="38.095865"><ele>142.6</ele><time>2026-07-06T11:20:47Z</time><extensions><gpxtpx:TrackPointExtension><gpxtpx:hr>166</gpxtpx:hr></gpxtpx:TrackPointExtension></extensions></trkpt><trkpt lat="56.648295" lon="38.095875"><ele>142.4</ele><time>2026-07-06T11:20:48Z</time><extensions><gpxtpx:TrackPointExtension><gpxtpx:hr>165</gpxtpx:hr></gpxtpx:TrackPointExtension></extensions></trkpt><trkpt lat="56.648267" lon="38.095877"><ele>142.4</ele><time>2026-07-06T11:20:49Z</time><extensions><gpxtpx:TrackPointExtension><gpxtpx:hr>166</gpxtpx:hr></gpxtpx:TrackPointExtension></extensions></trkpt><trkpt lat="56.648237" lon="38.095877"><ele>142.4</ele><time>2026-07-06T11:20:50Z</time><extensions><gpxtpx:TrackPointExtension><gpxtpx:hr>165</gpxtpx:hr></gpxtpx:TrackPointExtension></extensions></trkpt><trkpt lat="56.648205" lon="38.09588"><ele>142.4</ele><time>2026-07-06T11:20:51Z</time><extensions><gpxtpx:TrackPointExtension><gpxtpx:hr>165</gpxtpx:hr></gpxtpx:TrackPointExtension></extensions></trkpt><trkpt lat="56.648175" lon="38.095882"><ele>142.2</ele><time>2026-07-06T11:20:52Z</time><extensions><gpxtpx:TrackPointExtension><gpxtpx:hr>165</gpxtpx:hr></gpxtpx:TrackPointExtension></extensions></trkpt><trkpt lat="56.648147" lon="38.095885"><ele>142.2</ele><time>2026-07-06T11:20:53Z</time><extensions><gpxtpx:TrackPointExtension><gpxtpx:hr>165</gpxtpx:hr></gpxtpx:TrackPointExtension></extensions></trkpt><trkpt lat="56.648115" lon="38.095882"><ele>142.0</ele><time>2026-07-06T11:20:54Z</time><extensions><gpxtpx:TrackPointExtension><gpxtpx:hr>166</gpxtpx:hr></gpxtpx:TrackPointExtension></extensions></trkpt><trkpt lat="56.648085" lon="38.095885"><ele>141.8</ele><time>2026-07-06T11:20:55Z</time><extensions><gpxtpx:TrackPointExtension><gpxtpx:hr>166</gpxtpx:hr></gpxtpx:TrackPointExtension></extensions></trkpt><trkpt lat="56.648047" lon="38.095885"><ele>141.8</ele><time>2026-07-06T11:20:56Z</time><extensions><gpxtpx:TrackPointExtension><gpxtpx:hr>165</gpxtpx:hr></gpxtpx:TrackPointExtension></extensions></trkpt><trkpt lat="56.648015" lon="38.095892"><ele>141.8</ele><time>2026-07-06T11:20:57Z</time><extensions><gpxtpx:TrackPointExtension><gpxtpx:hr>166</gpxtpx:hr></gpxtpx:TrackPointExtension></extensions></trkpt><trkpt lat="56.647985" lon="38.095902"><ele>141.6</ele><time>2026-07-06T11:20:58Z</time><extensions><gpxtpx:TrackPointExtension><gpxtpx:hr>166</gpxtpx:hr></gpxtpx:TrackPointExtension></extensions></trkpt><trkpt lat="56.647955" lon="38.09591"><ele>141.8</ele><time>2026-07-06T11:20:59Z</time><extensions><gpxtpx:TrackPointExtension><gpxtpx:hr>166</gpxtpx:hr></gpxtpx:TrackPointExtension></extensions></trkpt><trkpt lat="56.647927" lon="38.095912"><ele>141.8</ele><time>2026-07-06T11:21:00Z</time><extensions><gpxtpx:TrackPointExtension><gpxtpx:hr>166</gpxtpx:hr></gpxtpx:TrackPointExtension></extensions></trkpt><trkpt lat="56.647897" lon="38.095912"><ele>141.6</ele><time>2026-07-06T11:21:01Z</time><extensions><gpxtpx:TrackPointExtension><gpxtpx:hr>166</gpxtpx:hr></gpxtpx:TrackPointExtension></extensions></trkpt><trkpt lat="56.64787" lon="38.095917"><ele>141.6</ele><time>2026-07-06T11:21:02Z</time><extensions><gpxtpx:TrackPointExtension><gpxtpx:hr>166</gpxtpx:hr></gpxtpx:TrackPointExtension></extensions></trkpt><trkpt lat="56.647842" lon="38.095922"><ele>141.6</ele><time>2026-07-06T11:21:03Z</time><extensions><gpxtpx:TrackPointExtension><gpxtpx:hr>167</gpxtpx:hr></gpxtpx:TrackPointExtension></extensions></trkpt><trkpt lat="56.647812" lon="38.095927"><ele>141.6</ele><time>2026-07-06T11:21:04Z</time><extensions><gpxtpx:TrackPointExtension><gpxtpx:hr>167</gpxtpx:hr></gpxtpx:TrackPointExtension></extensions></trkpt><trkpt lat="56.647782" lon="38.095932"><ele>141.6</ele><time>2026-07-06T11:21:05Z</time><extensions><gpxtpx:TrackPointExtension><gpxtpx:hr>167</gpxtpx:hr></gpxtpx:TrackPointExtension></extensions></trkpt><trkpt lat="56.647755" lon="38.095937"><ele>141.4</ele><time>2026-07-06T11:21:06Z</time><extensions><gpxtpx:TrackPointExtension><gpxtpx:hr>167</gpxtpx:hr></gpxtpx:TrackPointExtension></extensions></trkpt><trkpt lat="56.647727" lon="38.095952"><ele>141.4</ele><time>2026-07-06T11:21:07Z</time><extensions><gpxtpx:TrackPointExtension><gpxtpx:hr>167</gpxtpx:hr></gpxtpx:TrackPointExtension></extensions></trkpt><trkpt lat="56.647702" lon="38.095972"><ele>141.4</ele><time>2026-07-06T11:21:08Z</time><extensions><gpxtpx:TrackPointExtension><gpxtpx:hr>167</gpxtpx:hr></gpxtpx:TrackPointExtension></extensions></trkpt><trkpt lat="56.647675" lon="38.095992"><ele>141.4</ele><time>2026-07-06T11:21:09Z</time><extensions><gpxtpx:TrackPointExtension><gpxtpx:hr>166</gpxtpx:hr></gpxtpx:TrackPointExtension></extensions></trkpt><trkpt lat="56.647647" lon="38.096007"><ele>141.4</ele><time>2026-07-06T11:21:10Z</time><extensions><gpxtpx:TrackPointExtension><gpxtpx:hr>166</gpxtpx:hr></gpxtpx:TrackPointExtension></extensions></trkpt><trkpt lat="56.647617" lon="38.09602"><ele>141.4</ele><time>2026-07-06T11:21:11Z</time><extensions><gpxtpx:TrackPointExtension><gpxtpx:hr>166</gpxtpx:hr></gpxtpx:TrackPointExtension></extensions></trkpt><trkpt lat="56.647585" lon="38.096032"><ele>141.6</ele><time>2026-07-06T11:21:12Z</time><extensions><gpxtpx:TrackPointExtension><gpxtpx:hr>167</gpxtpx:hr></gpxtpx:TrackPointExtension></extensions></trkpt><trkpt lat="56.647553" lon="38.096045"><ele>141.6</ele><time>2026-07-06T11:21:13Z</time><extensions><gpxtpx:TrackPointExtension><gpxtpx:hr>166</gpxtpx:hr></gpxtpx:TrackPointExtension></extensions></trkpt><trkpt lat="56.647527" lon="38.096057"><ele>141.6</ele><time>2026-07-06T11:21:14Z</time><extensions><gpxtpx:TrackPointExtension><gpxtpx:hr>166</gpxtpx:hr></gpxtpx:TrackPointExtension></extensions></trkpt><trkpt lat="56.6475" lon="38.096072"><ele>141.6</ele><time>2026-07-06T11:21:15Z</time><extensions><gpxtpx:TrackPointExtension><gpxtpx:hr>166</gpxtpx:hr></gpxtpx:TrackPointExtension></extensions></trkpt><trkpt lat="56.647472" lon="38.096087"><ele>141.6</ele><time>2026-07-06T11:21:16Z</time><extensions><gpxtpx:TrackPointExtension><gpxtpx:hr>166</gpxtpx:hr></gpxtpx:TrackPointExtension></extensions></trkpt><trkpt lat="56.647445" lon="38.0961"><ele>141.4</ele><time>2026-07-06T11:21:17Z</time><extensions><gpxtpx:TrackPointExtension><gpxtpx:hr>166</gpxtpx:hr></gpxtpx:TrackPointExtension></extensions></trkpt><trkpt lat="56.647417" lon="38.096112"><ele>141.4</ele><time>2026-07-06T11:21:18Z</time><extensions><gpxtpx:TrackPointExtension><gpxtpx:hr>166</gpxtpx:hr></gpxtpx:TrackPointExtension></extensions></trkpt><trkpt lat="56.647387" lon="38.096117"><ele>141.4</ele><time>2026-07-06T11:21:19Z</time><extensions><gpxtpx:TrackPointExtension><gpxtpx:hr>166</gpxtpx:hr></gpxtpx:TrackPointExtension></extensions></trkpt><trkpt lat="56.64736" lon="38.096127"><ele>141.2</ele><time>2026-07-06T11:21:20Z</time><extensions><gpxtpx:TrackPointExtension><gpxtpx:hr>166</gpxtpx:hr></gpxtpx:TrackPointExtension></extensions></trkpt><trkpt lat="56.647332" lon="38.096137"><ele>141.2</ele><time>2026-07-06T11:21:21Z</time><extensions><gpxtpx:TrackPointExtension><gpxtpx:hr>165</gpxtpx:hr></gpxtpx:TrackPointExtension></extensions></trkpt><trkpt lat="56.647305" lon="38.096142"><ele>141.2</ele><time>2026-07-06T11:21:22Z</time><extensions><gpxtpx:TrackPointExtension><gpxtpx:hr>165</gpxtpx:hr></gpxtpx:TrackPointExtension></extensions></trkpt><trkpt lat="56.647272" lon="38.096155"><ele>141.4</ele><time>2026-07-06T11:21:23Z</time><extensions><gpxtpx:TrackPointExtension><gpxtpx:hr>166</gpxtpx:hr></gpxtpx:TrackPointExtension></extensions></trkpt><trkpt lat="56.647242" lon="38.09616"><ele>141.4</ele><time>2026-07-06T11:21:24Z</time><extensions><gpxtpx:TrackPointExtension><gpxtpx:hr>166</gpxtpx:hr></gpxtpx:TrackPointExtension></extensions></trkpt><trkpt lat="56.647212" lon="38.096167"><ele>141.4</ele><time>2026-07-06T11:21:25Z</time><extensions><gpxtpx:TrackPointExtension><gpxtpx:hr>166</gpxtpx:hr></gpxtpx:TrackPointExtension></extensions></trkpt><trkpt lat="56.647187" lon="38.09619"><ele>141.4</ele><time>2026-07-06T11:21:26Z</time><extensions><gpxtpx:TrackPointExtension><gpxtpx:hr>165</gpxtpx:hr></gpxtpx:TrackPointExtension></extensions></trkpt><trkpt lat="56.647167" lon="38.096202"><ele>141.6</ele><time>2026-07-06T11:21:27Z</time><extensions><gpxtpx:TrackPointExtension><gpxtpx:hr>165</gpxtpx:hr></gpxtpx:TrackPointExtension></extensions></trkpt><trkpt lat="56.647137" lon="38.096215"><ele>141.6</ele><time>2026-07-06T11:21:28Z</time><extensions><gpxtpx:TrackPointExtension><gpxtpx:hr>165</gpxtpx:hr></gpxtpx:TrackPointExtension></extensions></trkpt><trkpt lat="56.64711" lon="38.096227"><ele>141.8</ele><time>2026-07-06T11:21:29Z</time><extensions><gpxtpx:TrackPointExtension><gpxtpx:hr>165</gpxtpx:hr></gpxtpx:TrackPointExtension></extensions></trkpt><trkpt lat="56.647082" lon="38.096242"><ele>141.8</ele><time>2026-07-06T11:21:30Z</time><extensions><gpxtpx:TrackPointExtension><gpxtpx:hr>165</gpxtpx:hr></gpxtpx:TrackPointExtension></extensions></trkpt><trkpt lat="56.64705" lon="38.096257"><ele>141.8</ele><time>2026-07-06T11:21:31Z</time><extensions><gpxtpx:TrackPointExtension><gpxtpx:hr>166</gpxtpx:hr></gpxtpx:TrackPointExtension></extensions></trkpt><trkpt lat="56.647022" lon="38.096272"><ele>141.8</ele><time>2026-07-06T11:21:32Z</time><extensions><gpxtpx:TrackPointExtension><gpxtpx:hr>166</gpxtpx:hr></gpxtpx:TrackPointExtension></extensions></trkpt><trkpt lat="56.646997" lon="38.096287"><ele>141.8</ele><time>2026-07-06T11:21:33Z</time><extensions><gpxtpx:TrackPointExtension><gpxtpx:hr>166</gpxtpx:hr></gpxtpx:TrackPointExtension></extensions></trkpt><trkpt lat="56.64697" lon="38.0963"><ele>141.8</ele><time>2026-07-06T11:21:34Z</time><extensions><gpxtpx:TrackPointExtension><gpxtpx:hr>166</gpxtpx:hr></gpxtpx:TrackPointExtension></extensions></trkpt><trkpt lat="56.646942" lon="38.096312"><ele>141.8</ele><time>2026-07-06T11:21:35Z</time><extensions><gpxtpx:TrackPointExtension><gpxtpx:hr>166</gpxtpx:hr></gpxtpx:TrackPointExtension></extensions></trkpt><trkpt lat="56.646917" lon="38.096327"><ele>141.8</ele><time>2026-07-06T11:21:36Z</time><extensions><gpxtpx:TrackPointExtension><gpxtpx:hr>166</gpxtpx:hr></gpxtpx:TrackPointExtension></extensions></trkpt><trkpt lat="56.646892" lon="38.096342"><ele>141.8</ele><time>2026-07-06T11:21:37Z</time><extensions><gpxtpx:TrackPointExtension><gpxtpx:hr>166</gpxtpx:hr></gpxtpx:TrackPointExtension></extensions></trkpt><trkpt lat="56.646867" lon="38.09635"><ele>141.8</ele><time>2026-07-06T11:21:38Z</time><extensions><gpxtpx:TrackPointExtension><gpxtpx:hr>166</gpxtpx:hr></gpxtpx:TrackPointExtension></extensions></trkpt><trkpt lat="56.646845" lon="38.096355"><ele>141.8</ele><time>2026-07-06T11:21:39Z</time><extensions><gpxtpx:TrackPointExtension><gpxtpx:hr>166</gpxtpx:hr></gpxtpx:TrackPointExtension></extensions></trkpt><trkpt lat="56.646825" lon="38.096365"><ele>142.0</ele><time>2026-07-06T11:21:40Z</time><extensions><gpxtpx:TrackPointExtension><gpxtpx:hr>166</gpxtpx:hr></gpxtpx:TrackPointExtension></extensions></trkpt><trkpt lat="56.646802" lon="38.096372"><ele>141.8</ele><time>2026-07-06T11:21:41Z</time><extensions><gpxtpx:TrackPointExtension><gpxtpx:hr>166</gpxtpx:hr></gpxtpx:TrackPointExtension></extensions></trkpt><trkpt lat="56.646777" lon="38.09638"><ele>141.8</ele><time>2026-07-06T11:21:42Z</time><extensions><gpxtpx:TrackPointExtension><gpxtpx:hr>166</gpxtpx:hr></gpxtpx:TrackPointExtension></extensions></trkpt><trkpt lat="56.646757" lon="38.09639"><ele>141.8</ele><time>2026-07-06T11:21:43Z</time><extensions><gpxtpx:TrackPointExtension><gpxtpx:hr>167</gpxtpx:hr></gpxtpx:TrackPointExtension></extensions></trkpt><trkpt lat="56.646725" lon="38.096405"><ele>142.0</ele><time>2026-07-06T11:21:45Z</time><extensions><gpxtpx:TrackPointExtension><gpxtpx:hr>167</gpxtpx:hr></gpxtpx:TrackPointExtension></extensions></trkpt><trkpt lat="56.646692" lon="38.096415"><ele>141.8</ele><time>2026-07-06T11:21:47Z</time><extensions><gpxtpx:TrackPointExtension><gpxtpx:hr>166</gpxtpx:hr></gpxtpx:TrackPointExtension></extensions></trkpt><trkpt lat="56.646662" lon="38.096432"><ele>141.8</ele><time>2026-07-06T11:21:49Z</time><extensions><gpxtpx:TrackPointExtension><gpxtpx:hr>165</gpxtpx:hr></gpxtpx:TrackPointExtension></extensions></trkpt><trkpt lat="56.646645" lon="38.096445"><ele>141.8</ele><time>2026-07-06T11:21:50Z</time><extensions><gpxtpx:TrackPointExtension><gpxtpx:hr>164</gpxtpx:hr></gpxtpx:TrackPointExtension></extensions></trkpt><trkpt lat="56.646612" lon="38.096467"><ele>142.0</ele><time>2026-07-06T11:21:52Z</time><extensions><gpxtpx:TrackPointExtension><gpxtpx:hr>163</gpxtpx:hr></gpxtpx:TrackPointExtension></extensions></trkpt><trkpt lat="56.646592" lon="38.096477"><ele>142.0</ele><time>2026-07-06T11:21:53Z</time><extensions><gpxtpx:TrackPointExtension><gpxtpx:hr>163</gpxtpx:hr></gpxtpx:TrackPointExtension></extensions></trkpt><trkpt lat="56.646575" lon="38.096482"><ele>142.0</ele><time>2026-07-06T11:21:54Z</time><extensions><gpxtpx:TrackPointExtension><gpxtpx:hr>162</gpxtpx:hr></gpxtpx:TrackPointExtension></extensions></trkpt><trkpt lat="56.646557" lon="38.096492"><ele>142.0</ele><time>2026-07-06T11:21:55Z</time><extensions><gpxtpx:TrackPointExtension><gpxtpx:hr>162</gpxtpx:hr></gpxtpx:TrackPointExtension></extensions></trkpt><trkpt lat="56.64652" lon="38.096512"><ele>142.0</ele><time>2026-07-06T11:21:57Z</time><extensions><gpxtpx:TrackPointExtension><gpxtpx:hr>161</gpxtpx:hr></gpxtpx:TrackPointExtension></extensions></trkpt><trkpt lat="56.646502" lon="38.096525"><ele>142.2</ele><time>2026-07-06T11:21:58Z</time><extensions><gpxtpx:TrackPointExtension><gpxtpx:hr>160</gpxtpx:hr></gpxtpx:TrackPointExtension></extensions></trkpt><trkpt lat="56.646482" lon="38.096535"><ele>142.0</ele><time>2026-07-06T11:21:59Z</time><extensions><gpxtpx:TrackPointExtension><gpxtpx:hr>160</gpxtpx:hr></gpxtpx:TrackPointExtension></extensions></trkpt><trkpt lat="56.646462" lon="38.096542"><ele>142.2</ele><time>2026-07-06T11:22:00Z</time><extensions><gpxtpx:TrackPointExtension><gpxtpx:hr>160</gpxtpx:hr></gpxtpx:TrackPointExtension></extensions></trkpt><trkpt lat="56.646442" lon="38.096552"><ele>142.2</ele><time>2026-07-06T11:22:01Z</time><extensions><gpxtpx:TrackPointExtension><gpxtpx:hr>161</gpxtpx:hr></gpxtpx:TrackPointExtension></extensions></trkpt><trkpt lat="56.646422" lon="38.09656"><ele>142.2</ele><time>2026-07-06T11:22:02Z</time><extensions><gpxtpx:TrackPointExtension><gpxtpx:hr>161</gpxtpx:hr></gpxtpx:TrackPointExtension></extensions></trkpt><trkpt lat="56.646402" lon="38.096565"><ele>142.4</ele><time>2026-07-06T11:22:03Z</time><extensions><gpxtpx:TrackPointExtension><gpxtpx:hr>160</gpxtpx:hr></gpxtpx:TrackPointExtension></extensions></trkpt><trkpt lat="56.646382" lon="38.096572"><ele>142.4</ele><time>2026-07-06T11:22:04Z</time><extensions><gpxtpx:TrackPointExtension><gpxtpx:hr>160</gpxtpx:hr></gpxtpx:TrackPointExtension></extensions></trkpt><trkpt lat="56.646362" lon="38.096577"><ele>142.4</ele><time>2026-07-06T11:22:05Z</time><extensions><gpxtpx:TrackPointExtension><gpxtpx:hr>160</gpxtpx:hr></gpxtpx:TrackPointExtension></extensions></trkpt><trkpt lat="56.646342" lon="38.096582"><ele>142.4</ele><time>2026-07-06T11:22:06Z</time><extensions><gpxtpx:TrackPointExtension><gpxtpx:hr>160</gpxtpx:hr></gpxtpx:TrackPointExtension></extensions></trkpt><trkpt lat="56.646322" lon="38.096595"><ele>142.4</ele><time>2026-07-06T11:22:07Z</time><extensions><gpxtpx:TrackPointExtension><gpxtpx:hr>159</gpxtpx:hr></gpxtpx:TrackPointExtension></extensions></trkpt><trkpt lat="56.646305" lon="38.096602"><ele>142.6</ele><time>2026-07-06T11:22:08Z</time><extensions><gpxtpx:TrackPointExtension><gpxtpx:hr>159</gpxtpx:hr></gpxtpx:TrackPointExtension></extensions></trkpt><trkpt lat="56.646282" lon="38.096605"><ele>142.6</ele><time>2026-07-06T11:22:09Z</time><extensions><gpxtpx:TrackPointExtension><gpxtpx:hr>159</gpxtpx:hr></gpxtpx:TrackPointExtension></extensions></trkpt><trkpt lat="56.646265" lon="38.096612"><ele>142.6</ele><time>2026-07-06T11:22:10Z</time><extensions><gpxtpx:TrackPointExtension><gpxtpx:hr>159</gpxtpx:hr></gpxtpx:TrackPointExtension></extensions></trkpt><trkpt lat="56.646245" lon="38.096627"><ele>142.6</ele><time>2026-07-06T11:22:11Z</time><extensions><gpxtpx:TrackPointExtension><gpxtpx:hr>159</gpxtpx:hr></gpxtpx:TrackPointExtension></extensions></trkpt><trkpt lat="56.646222" lon="38.096632"><ele>142.6</ele><time>2026-07-06T11:22:12Z</time><extensions><gpxtpx:TrackPointExtension><gpxtpx:hr>159</gpxtpx:hr></gpxtpx:TrackPointExtension></extensions></trkpt><trkpt lat="56.646202" lon="38.096637"><ele>142.6</ele><time>2026-07-06T11:22:13Z</time><extensions><gpxtpx:TrackPointExtension><gpxtpx:hr>158</gpxtpx:hr></gpxtpx:TrackPointExtension></extensions></trkpt><trkpt lat="56.646182" lon="38.096652"><ele>142.6</ele><time>2026-07-06T11:22:14Z</time><extensions><gpxtpx:TrackPointExtension><gpxtpx:hr>158</gpxtpx:hr></gpxtpx:TrackPointExtension></extensions></trkpt><trkpt lat="56.64616" lon="38.096665"><ele>142.6</ele><time>2026-07-06T11:22:15Z</time><extensions><gpxtpx:TrackPointExtension><gpxtpx:hr>158</gpxtpx:hr></gpxtpx:TrackPointExtension></extensions></trkpt><trkpt lat="56.646142" lon="38.09667"><ele>142.6</ele><time>2026-07-06T11:22:16Z</time><extensions><gpxtpx:TrackPointExtension><gpxtpx:hr>159</gpxtpx:hr></gpxtpx:TrackPointExtension></extensions></trkpt><trkpt lat="56.646122" lon="38.096682"><ele>142.6</ele><time>2026-07-06T11:22:17Z</time><extensions><gpxtpx:TrackPointExtension><gpxtpx:hr>158</gpxtpx:hr></gpxtpx:TrackPointExtension></extensions></trkpt><trkpt lat="56.646102" lon="38.096695"><ele>142.6</ele><time>2026-07-06T11:22:18Z</time><extensions><gpxtpx:TrackPointExtension><gpxtpx:hr>158</gpxtpx:hr></gpxtpx:TrackPointExtension></extensions></trkpt><trkpt lat="56.646082" lon="38.096702"><ele>142.6</ele><time>2026-07-06T11:22:19Z</time><extensions><gpxtpx:TrackPointExtension><gpxtpx:hr>158</gpxtpx:hr></gpxtpx:TrackPointExtension></extensions></trkpt><trkpt lat="56.646047" lon="38.096725"><ele>142.4</ele><time>2026-07-06T11:22:21Z</time><extensions><gpxtpx:TrackPointExtension><gpxtpx:hr>158</gpxtpx:hr></gpxtpx:TrackPointExtension></extensions></trkpt><trkpt lat="56.646027" lon="38.096735"><ele>142.4</ele><time>2026-07-06T11:22:22Z</time><extensions><gpxtpx:TrackPointExtension><gpxtpx:hr>158</gpxtpx:hr></gpxtpx:TrackPointExtension></extensions></trkpt><trkpt lat="56.646007" lon="38.096747"><ele>142.4</ele><time>2026-07-06T11:22:23Z</time><extensions><gpxtpx:TrackPointExtension><gpxtpx:hr>158</gpxtpx:hr></gpxtpx:TrackPointExtension></extensions></trkpt><trkpt lat="56.645987" lon="38.096757"><ele>142.4</ele><time>2026-07-06T11:22:24Z</time><extensions><gpxtpx:TrackPointExtension><gpxtpx:hr>158</gpxtpx:hr></gpxtpx:TrackPointExtension></extensions></trkpt><trkpt lat="56.645963" lon="38.096767"><ele>142.4</ele><time>2026-07-06T11:22:25Z</time><extensions><gpxtpx:TrackPointExtension><gpxtpx:hr>158</gpxtpx:hr></gpxtpx:TrackPointExtension></extensions></trkpt><trkpt lat="56.645947" lon="38.096782"><ele>142.4</ele><time>2026-07-06T11:22:26Z</time><extensions><gpxtpx:TrackPointExtension><gpxtpx:hr>158</gpxtpx:hr></gpxtpx:TrackPointExtension></extensions></trkpt><trkpt lat="56.645927" lon="38.096797"><ele>142.4</ele><time>2026-07-06T11:22:27Z</time><extensions><gpxtpx:TrackPointExtension><gpxtpx:hr>157</gpxtpx:hr></gpxtpx:TrackPointExtension></extensions></trkpt><trkpt lat="56.645902" lon="38.096805"><ele>142.4</ele><time>2026-07-06T11:22:28Z</time><extensions><gpxtpx:TrackPointExtension><gpxtpx:hr>156</gpxtpx:hr></gpxtpx:TrackPointExtension></extensions></trkpt><trkpt lat="56.645877" lon="38.096808"><ele>142.2</ele><time>2026-07-06T11:22:29Z</time><extensions><gpxtpx:TrackPointExtension><gpxtpx:hr>155</gpxtpx:hr></gpxtpx:TrackPointExtension></extensions></trkpt><trkpt lat="56.645857" lon="38.096817"><ele>142.4</ele><time>2026-07-06T11:22:30Z</time><extensions><gpxtpx:TrackPointExtension><gpxtpx:hr>156</gpxtpx:hr></gpxtpx:TrackPointExtension></extensions></trkpt><trkpt lat="56.645835" lon="38.09683"><ele>142.4</ele><time>2026-07-06T11:22:31Z</time><extensions><gpxtpx:TrackPointExtension><gpxtpx:hr>155</gpxtpx:hr></gpxtpx:TrackPointExtension></extensions></trkpt><trkpt lat="56.645815" lon="38.096842"><ele>142.2</ele><time>2026-07-06T11:22:32Z</time><extensions><gpxtpx:TrackPointExtension><gpxtpx:hr>155</gpxtpx:hr></gpxtpx:TrackPointExtension></extensions></trkpt><trkpt lat="56.645792" lon="38.096857"><ele>142.2</ele><time>2026-07-06T11:22:33Z</time><extensions><gpxtpx:TrackPointExtension><gpxtpx:hr>154</gpxtpx:hr></gpxtpx:TrackPointExtension></extensions></trkpt><trkpt lat="56.64577" lon="38.096867"><ele>142.2</ele><time>2026-07-06T11:22:34Z</time><extensions><gpxtpx:TrackPointExtension><gpxtpx:hr>155</gpxtpx:hr></gpxtpx:TrackPointExtension></extensions></trkpt><trkpt lat="56.645747" lon="38.096877"><ele>142.0</ele><time>2026-07-06T11:22:35Z</time><extensions><gpxtpx:TrackPointExtension><gpxtpx:hr>155</gpxtpx:hr></gpxtpx:TrackPointExtension></extensions></trkpt><trkpt lat="56.645725" lon="38.096882"><ele>142.0</ele><time>2026-07-06T11:22:36Z</time><extensions><gpxtpx:TrackPointExtension><gpxtpx:hr>154</gpxtpx:hr></gpxtpx:TrackPointExtension></extensions></trkpt><trkpt lat="56.645702" lon="38.096895"><ele>142.0</ele><time>2026-07-06T11:22:37Z</time><extensions><gpxtpx:TrackPointExtension><gpxtpx:hr>155</gpxtpx:hr></gpxtpx:TrackPointExtension></extensions></trkpt><trkpt lat="56.645685" lon="38.096907"><ele>142.0</ele><time>2026-07-06T11:22:38Z</time><extensions><gpxtpx:TrackPointExtension><gpxtpx:hr>154</gpxtpx:hr></gpxtpx:TrackPointExtension></extensions></trkpt><trkpt lat="56.645667" lon="38.096922"><ele>142.2</ele><time>2026-07-06T11:22:39Z</time><extensions><gpxtpx:TrackPointExtension><gpxtpx:hr>154</gpxtpx:hr></gpxtpx:TrackPointExtension></extensions></trkpt><trkpt lat="56.645645" lon="38.096932"><ele>142.2</ele><time>2026-07-06T11:22:40Z</time><extensions><gpxtpx:TrackPointExtension><gpxtpx:hr>154</gpxtpx:hr></gpxtpx:TrackPointExtension></extensions></trkpt><trkpt lat="56.645622" lon="38.09694"><ele>142.2</ele><time>2026-07-06T11:22:41Z</time><extensions><gpxtpx:TrackPointExtension><gpxtpx:hr>155</gpxtpx:hr></gpxtpx:TrackPointExtension></extensions></trkpt><trkpt lat="56.6456" lon="38.096947"><ele>142.2</ele><time>2026-07-06T11:22:42Z</time><extensions><gpxtpx:TrackPointExtension><gpxtpx:hr>154</gpxtpx:hr></gpxtpx:TrackPointExtension></extensions></trkpt><trkpt lat="56.645577" lon="38.09696"><ele>142.2</ele><time>2026-07-06T11:22:43Z</time><extensions><gpxtpx:TrackPointExtension><gpxtpx:hr>155</gpxtpx:hr></gpxtpx:TrackPointExtension></extensions></trkpt><trkpt lat="56.645555" lon="38.09697"><ele>142.2</ele><time>2026-07-06T11:22:44Z</time><extensions><gpxtpx:TrackPointExtension><gpxtpx:hr>155</gpxtpx:hr></gpxtpx:TrackPointExtension></extensions></trkpt><trkpt lat="56.645532" lon="38.096977"><ele>142.2</ele><time>2026-07-06T11:22:45Z</time><extensions><gpxtpx:TrackPointExtension><gpxtpx:hr>156</gpxtpx:hr></gpxtpx:TrackPointExtension></extensions></trkpt><trkpt lat="56.645507" lon="38.096987"><ele>142.4</ele><time>2026-07-06T11:22:46Z</time><extensions><gpxtpx:TrackPointExtension><gpxtpx:hr>156</gpxtpx:hr></gpxtpx:TrackPointExtension></extensions></trkpt><trkpt lat="56.645485" lon="38.096997"><ele>142.4</ele><time>2026-07-06T11:22:47Z</time><extensions><gpxtpx:TrackPointExtension><gpxtpx:hr>155</gpxtpx:hr></gpxtpx:TrackPointExtension></extensions></trkpt><trkpt lat="56.645462" lon="38.097005"><ele>142.4</ele><time>2026-07-06T11:22:48Z</time><extensions><gpxtpx:TrackPointExtension><gpxtpx:hr>154</gpxtpx:hr></gpxtpx:TrackPointExtension></extensions></trkpt><trkpt lat="56.64544" lon="38.097015"><ele>142.4</ele><time>2026-07-06T11:22:49Z</time><extensions><gpxtpx:TrackPointExtension><gpxtpx:hr>155</gpxtpx:hr></gpxtpx:TrackPointExtension></extensions></trkpt><trkpt lat="56.645415" lon="38.097022"><ele>142.6</ele><time>2026-07-06T11:22:50Z</time><extensions><gpxtpx:TrackPointExtension><gpxtpx:hr>153</gpxtpx:hr></gpxtpx:TrackPointExtension></extensions></trkpt><trkpt lat="56.645392" lon="38.09703"><ele>142.6</ele><time>2026-07-06T11:22:51Z</time><extensions><gpxtpx:TrackPointExtension><gpxtpx:hr>152</gpxtpx:hr></gpxtpx:TrackPointExtension></extensions></trkpt><trkpt lat="56.64537" lon="38.09704"><ele>142.4</ele><time>2026-07-06T11:22:52Z</time><extensions><gpxtpx:TrackPointExtension><gpxtpx:hr>152</gpxtpx:hr></gpxtpx:TrackPointExtension></extensions></trkpt><trkpt lat="56.645347" lon="38.09705"><ele>142.4</ele><time>2026-07-06T11:22:53Z</time><extensions><gpxtpx:TrackPointExtension><gpxtpx:hr>152</gpxtpx:hr></gpxtpx:TrackPointExtension></extensions></trkpt><trkpt lat="56.645322" lon="38.097057"><ele>142.2</ele><time>2026-07-06T11:22:54Z</time><extensions><gpxtpx:TrackPointExtension><gpxtpx:hr>152</gpxtpx:hr></gpxtpx:TrackPointExtension></extensions></trkpt><trkpt lat="56.645297" lon="38.097067"><ele>142.2</ele><time>2026-07-06T11:22:55Z</time><extensions><gpxtpx:TrackPointExtension><gpxtpx:hr>151</gpxtpx:hr></gpxtpx:TrackPointExtension></extensions></trkpt><trkpt lat="56.645273" lon="38.097077"><ele>142.2</ele><time>2026-07-06T11:22:56Z</time><extensions><gpxtpx:TrackPointExtension><gpxtpx:hr>151</gpxtpx:hr></gpxtpx:TrackPointExtension></extensions></trkpt><trkpt lat="56.64525" lon="38.097082"><ele>142.2</ele><time>2026-07-06T11:22:57Z</time><extensions><gpxtpx:TrackPointExtension><gpxtpx:hr>151</gpxtpx:hr></gpxtpx:TrackPointExtension></extensions></trkpt><trkpt lat="56.645227" lon="38.097092"><ele>142.2</ele><time>2026-07-06T11:22:58Z</time><extensions><gpxtpx:TrackPointExtension><gpxtpx:hr>151</gpxtpx:hr></gpxtpx:TrackPointExtension></extensions></trkpt><trkpt lat="56.645202" lon="38.097097"><ele>142.0</ele><time>2026-07-06T11:22:59Z</time><extensions><gpxtpx:TrackPointExtension><gpxtpx:hr>151</gpxtpx:hr></gpxtpx:TrackPointExtension></extensions></trkpt><trkpt lat="56.64518" lon="38.09711"><ele>142.0</ele><time>2026-07-06T11:23:00Z</time><extensions><gpxtpx:TrackPointExtension><gpxtpx:hr>151</gpxtpx:hr></gpxtpx:TrackPointExtension></extensions></trkpt><trkpt lat="56.645157" lon="38.097118"><ele>142.0</ele><time>2026-07-06T11:23:01Z</time><extensions><gpxtpx:TrackPointExtension><gpxtpx:hr>151</gpxtpx:hr></gpxtpx:TrackPointExtension></extensions></trkpt><trkpt lat="56.645132" lon="38.097132"><ele>142.0</ele><time>2026-07-06T11:23:02Z</time><extensions><gpxtpx:TrackPointExtension><gpxtpx:hr>151</gpxtpx:hr></gpxtpx:TrackPointExtension></extensions></trkpt><trkpt lat="56.64511" lon="38.097142"><ele>142.2</ele><time>2026-07-06T11:23:03Z</time><extensions><gpxtpx:TrackPointExtension><gpxtpx:hr>151</gpxtpx:hr></gpxtpx:TrackPointExtension></extensions></trkpt><trkpt lat="56.64509" lon="38.097152"><ele>142.2</ele><time>2026-07-06T11:23:04Z</time><extensions><gpxtpx:TrackPointExtension><gpxtpx:hr>150</gpxtpx:hr></gpxtpx:TrackPointExtension></extensions></trkpt><trkpt lat="56.645072" lon="38.097167"><ele>142.2</ele><time>2026-07-06T11:23:05Z</time><extensions><gpxtpx:TrackPointExtension><gpxtpx:hr>150</gpxtpx:hr></gpxtpx:TrackPointExtension></extensions></trkpt><trkpt lat="56.645047" lon="38.097177"><ele>142.2</ele><time>2026-07-06T11:23:06Z</time><extensions><gpxtpx:TrackPointExtension><gpxtpx:hr>150</gpxtpx:hr></gpxtpx:TrackPointExtension></extensions></trkpt><trkpt lat="56.645027" lon="38.097187"><ele>142.2</ele><time>2026-07-06T11:23:07Z</time><extensions><gpxtpx:TrackPointExtension><gpxtpx:hr>150</gpxtpx:hr></gpxtpx:TrackPointExtension></extensions></trkpt><trkpt lat="56.645007" lon="38.097202"><ele>142.2</ele><time>2026-07-06T11:23:08Z</time><extensions><gpxtpx:TrackPointExtension><gpxtpx:hr>150</gpxtpx:hr></gpxtpx:TrackPointExtension></extensions></trkpt><trkpt lat="56.644987" lon="38.097207"><ele>142.2</ele><time>2026-07-06T11:23:09Z</time><extensions><gpxtpx:TrackPointExtension><gpxtpx:hr>150</gpxtpx:hr></gpxtpx:TrackPointExtension></extensions></trkpt><trkpt lat="56.64497" lon="38.097215"><ele>142.2</ele><time>2026-07-06T11:23:10Z</time><extensions><gpxtpx:TrackPointExtension><gpxtpx:hr>150</gpxtpx:hr></gpxtpx:TrackPointExtension></extensions></trkpt><trkpt lat="56.644947" lon="38.097222"><ele>142.4</ele><time>2026-07-06T11:23:11Z</time><extensions><gpxtpx:TrackPointExtension><gpxtpx:hr>150</gpxtpx:hr></gpxtpx:TrackPointExtension></extensions></trkpt><trkpt lat="56.644925" lon="38.097235"><ele>142.4</ele><time>2026-07-06T11:23:12Z</time><extensions><gpxtpx:TrackPointExtension><gpxtpx:hr>150</gpxtpx:hr></gpxtpx:TrackPointExtension></extensions></trkpt><trkpt lat="56.644907" lon="38.097247"><ele>142.6</ele><time>2026-07-06T11:23:13Z</time><extensions><gpxtpx:TrackPointExtension><gpxtpx:hr>150</gpxtpx:hr></gpxtpx:TrackPointExtension></extensions></trkpt><trkpt lat="56.644887" lon="38.097257"><ele>142.4</ele><time>2026-07-06T11:23:14Z</time><extensions><gpxtpx:TrackPointExtension><gpxtpx:hr>150</gpxtpx:hr></gpxtpx:TrackPointExtension></extensions></trkpt><trkpt lat="56.64485" lon="38.097277"><ele>142.4</ele><time>2026-07-06T11:23:16Z</time><extensions><gpxtpx:TrackPointExtension><gpxtpx:hr>150</gpxtpx:hr></gpxtpx:TrackPointExtension></extensions></trkpt><trkpt lat="56.644827" lon="38.097287"><ele>142.4</ele><time>2026-07-06T11:23:17Z</time><extensions><gpxtpx:TrackPointExtension><gpxtpx:hr>151</gpxtpx:hr></gpxtpx:TrackPointExtension></extensions></trkpt><trkpt lat="56.644807" lon="38.097297"><ele>142.2</ele><time>2026-07-06T11:23:18Z</time><extensions><gpxtpx:TrackPointExtension><gpxtpx:hr>151</gpxtpx:hr></gpxtpx:TrackPointExtension></extensions></trkpt><trkpt lat="56.644785" lon="38.097302"><ele>142.2</ele><time>2026-07-06T11:23:19Z</time><extensions><gpxtpx:TrackPointExtension><gpxtpx:hr>151</gpxtpx:hr></gpxtpx:TrackPointExtension></extensions></trkpt><trkpt lat="56.644762" lon="38.097315"><ele>142.0</ele><time>2026-07-06T11:23:20Z</time><extensions><gpxtpx:TrackPointExtension><gpxtpx:hr>151</gpxtpx:hr></gpxtpx:TrackPointExtension></extensions></trkpt><trkpt lat="56.64474" lon="38.097327"><ele>142.0</ele><time>2026-07-06T11:23:21Z</time><extensions><gpxtpx:TrackPointExtension><gpxtpx:hr>151</gpxtpx:hr></gpxtpx:TrackPointExtension></extensions></trkpt><trkpt lat="56.64472" lon="38.097337"><ele>142.0</ele><time>2026-07-06T11:23:22Z</time><extensions><gpxtpx:TrackPointExtension><gpxtpx:hr>151</gpxtpx:hr></gpxtpx:TrackPointExtension></extensions></trkpt><trkpt lat="56.6447" lon="38.09735"><ele>142.0</ele><time>2026-07-06T11:23:23Z</time><extensions><gpxtpx:TrackPointExtension><gpxtpx:hr>151</gpxtpx:hr></gpxtpx:TrackPointExtension></extensions></trkpt><trkpt lat="56.644677" lon="38.097357"><ele>141.8</ele><time>2026-07-06T11:23:24Z</time><extensions><gpxtpx:TrackPointExtension><gpxtpx:hr>151</gpxtpx:hr></gpxtpx:TrackPointExtension></extensions></trkpt><trkpt lat="56.644657" lon="38.097367"><ele>141.8</ele><time>2026-07-06T11:23:25Z</time><extensions><gpxtpx:TrackPointExtension><gpxtpx:hr>150</gpxtpx:hr></gpxtpx:TrackPointExtension></extensions></trkpt><trkpt lat="56.644632" lon="38.097377"><ele>141.8</ele><time>2026-07-06T11:23:26Z</time><extensions><gpxtpx:TrackPointExtension><gpxtpx:hr>150</gpxtpx:hr></gpxtpx:TrackPointExtension></extensions></trkpt><trkpt lat="56.644607" lon="38.097385"><ele>141.8</ele><time>2026-07-06T11:23:27Z</time><extensions><gpxtpx:TrackPointExtension><gpxtpx:hr>150</gpxtpx:hr></gpxtpx:TrackPointExtension></extensions></trkpt><trkpt lat="56.64458" lon="38.097392"><ele>142.0</ele><time>2026-07-06T11:23:28Z</time><extensions><gpxtpx:TrackPointExtension><gpxtpx:hr>150</gpxtpx:hr></gpxtpx:TrackPointExtension></extensions></trkpt><trkpt lat="56.644557" lon="38.0974"><ele>142.0</ele><time>2026-07-06T11:23:29Z</time><extensions><gpxtpx:TrackPointExtension><gpxtpx:hr>149</gpxtpx:hr></gpxtpx:TrackPointExtension></extensions></trkpt><trkpt lat="56.644535" lon="38.097413"><ele>142.0</ele><time>2026-07-06T11:23:30Z</time><extensions><gpxtpx:TrackPointExtension><gpxtpx:hr>149</gpxtpx:hr></gpxtpx:TrackPointExtension></extensions></trkpt><trkpt lat="56.644512" lon="38.097427"><ele>142.0</ele><time>2026-07-06T11:23:31Z</time><extensions><gpxtpx:TrackPointExtension><gpxtpx:hr>149</gpxtpx:hr></gpxtpx:TrackPointExtension></extensions></trkpt><trkpt lat="56.644495" lon="38.097437"><ele>142.0</ele><time>2026-07-06T11:23:32Z</time><extensions><gpxtpx:TrackPointExtension><gpxtpx:hr>149</gpxtpx:hr></gpxtpx:TrackPointExtension></extensions></trkpt><trkpt lat="56.644475" lon="38.097445"><ele>142.0</ele><time>2026-07-06T11:23:33Z</time><extensions><gpxtpx:TrackPointExtension><gpxtpx:hr>150</gpxtpx:hr></gpxtpx:TrackPointExtension></extensions></trkpt><trkpt lat="56.644452" lon="38.097457"><ele>142.0</ele><time>2026-07-06T11:23:34Z</time><extensions><gpxtpx:TrackPointExtension><gpxtpx:hr>150</gpxtpx:hr></gpxtpx:TrackPointExtension></extensions></trkpt><trkpt lat="56.644432" lon="38.097467"><ele>142.2</ele><time>2026-07-06T11:23:35Z</time><extensions><gpxtpx:TrackPointExtension><gpxtpx:hr>150</gpxtpx:hr></gpxtpx:TrackPointExtension></extensions></trkpt><trkpt lat="56.64441" lon="38.097477"><ele>142.2</ele><time>2026-07-06T11:23:36Z</time><extensions><gpxtpx:TrackPointExtension><gpxtpx:hr>150</gpxtpx:hr></gpxtpx:TrackPointExtension></extensions></trkpt><trkpt lat="56.644387" lon="38.097487"><ele>142.2</ele><time>2026-07-06T11:23:37Z</time><extensions><gpxtpx:TrackPointExtension><gpxtpx:hr>149</gpxtpx:hr></gpxtpx:TrackPointExtension></extensions></trkpt><trkpt lat="56.644362" lon="38.097497"><ele>142.2</ele><time>2026-07-06T11:23:38Z</time><extensions><gpxtpx:TrackPointExtension><gpxtpx:hr>150</gpxtpx:hr></gpxtpx:TrackPointExtension></extensions></trkpt><trkpt lat="56.644342" lon="38.097507"><ele>142.2</ele><time>2026-07-06T11:23:39Z</time><extensions><gpxtpx:TrackPointExtension><gpxtpx:hr>149</gpxtpx:hr></gpxtpx:TrackPointExtension></extensions></trkpt><trkpt lat="56.644322" lon="38.097517"><ele>142.4</ele><time>2026-07-06T11:23:40Z</time><extensions><gpxtpx:TrackPointExtension><gpxtpx:hr>150</gpxtpx:hr></gpxtpx:TrackPointExtension></extensions></trkpt><trkpt lat="56.644302" lon="38.097522"><ele>142.6</ele><time>2026-07-06T11:23:41Z</time><extensions><gpxtpx:TrackPointExtension><gpxtpx:hr>149</gpxtpx:hr></gpxtpx:TrackPointExtension></extensions></trkpt><trkpt lat="56.644282" lon="38.097522"><ele>142.6</ele><time>2026-07-06T11:23:42Z</time><extensions><gpxtpx:TrackPointExtension><gpxtpx:hr>149</gpxtpx:hr></gpxtpx:TrackPointExtension></extensions></trkpt><trkpt lat="56.644262" lon="38.09753"><ele>142.6</ele><time>2026-07-06T11:23:43Z</time><extensions><gpxtpx:TrackPointExtension><gpxtpx:hr>149</gpxtpx:hr></gpxtpx:TrackPointExtension></extensions></trkpt><trkpt lat="56.64424" lon="38.097537"><ele>142.4</ele><time>2026-07-06T11:23:44Z</time><extensions><gpxtpx:TrackPointExtension><gpxtpx:hr>149</gpxtpx:hr></gpxtpx:TrackPointExtension></extensions></trkpt><trkpt lat="56.644218" lon="38.097547"><ele>142.4</ele><time>2026-07-06T11:23:45Z</time><extensions><gpxtpx:TrackPointExtension><gpxtpx:hr>149</gpxtpx:hr></gpxtpx:TrackPointExtension></extensions></trkpt><trkpt lat="56.644197" lon="38.097557"><ele>142.4</ele><time>2026-07-06T11:23:46Z</time><extensions><gpxtpx:TrackPointExtension><gpxtpx:hr>149</gpxtpx:hr></gpxtpx:TrackPointExtension></extensions></trkpt><trkpt lat="56.644172" lon="38.097567"><ele>142.4</ele><time>2026-07-06T11:23:47Z</time><extensions><gpxtpx:TrackPointExtension><gpxtpx:hr>149</gpxtpx:hr></gpxtpx:TrackPointExtension></extensions></trkpt><trkpt lat="56.644155" lon="38.097572"><ele>142.2</ele><time>2026-07-06T11:23:48Z</time><extensions><gpxtpx:TrackPointExtension><gpxtpx:hr>150</gpxtpx:hr></gpxtpx:TrackPointExtension></extensions></trkpt><trkpt lat="56.644135" lon="38.097582"><ele>142.2</ele><time>2026-07-06T11:23:49Z</time><extensions><gpxtpx:TrackPointExtension><gpxtpx:hr>150</gpxtpx:hr></gpxtpx:TrackPointExtension></extensions></trkpt><trkpt lat="56.644112" lon="38.097592"><ele>142.2</ele><time>2026-07-06T11:23:50Z</time><extensions><gpxtpx:TrackPointExtension><gpxtpx:hr>149</gpxtpx:hr></gpxtpx:TrackPointExtension></extensions></trkpt><trkpt lat="56.64409" lon="38.097607"><ele>142.2</ele><time>2026-07-06T11:23:51Z</time><extensions><gpxtpx:TrackPointExtension><gpxtpx:hr>149</gpxtpx:hr></gpxtpx:TrackPointExtension></extensions></trkpt><trkpt lat="56.64407" lon="38.097617"><ele>142.2</ele><time>2026-07-06T11:23:52Z</time><extensions><gpxtpx:TrackPointExtension><gpxtpx:hr>148</gpxtpx:hr></gpxtpx:TrackPointExtension></extensions></trkpt><trkpt lat="56.644047" lon="38.097622"><ele>142.4</ele><time>2026-07-06T11:23:53Z</time><extensions><gpxtpx:TrackPointExtension><gpxtpx:hr>148</gpxtpx:hr></gpxtpx:TrackPointExtension></extensions></trkpt><trkpt lat="56.644027" lon="38.097632"><ele>142.4</ele><time>2026-07-06T11:23:54Z</time><extensions><gpxtpx:TrackPointExtension><gpxtpx:hr>149</gpxtpx:hr></gpxtpx:TrackPointExtension></extensions></trkpt><trkpt lat="56.64401" lon="38.097645"><ele>142.4</ele><time>2026-07-06T11:23:55Z</time><extensions><gpxtpx:TrackPointExtension><gpxtpx:hr>148</gpxtpx:hr></gpxtpx:TrackPointExtension></extensions></trkpt><trkpt lat="56.643992" lon="38.097655"><ele>142.4</ele><time>2026-07-06T11:23:56Z</time><extensions><gpxtpx:TrackPointExtension><gpxtpx:hr>148</gpxtpx:hr></gpxtpx:TrackPointExtension></extensions></trkpt><trkpt lat="56.64397" lon="38.097662"><ele>142.4</ele><time>2026-07-06T11:23:57Z</time><extensions><gpxtpx:TrackPointExtension><gpxtpx:hr>149</gpxtpx:hr></gpxtpx:TrackPointExtension></extensions></trkpt><trkpt lat="56.64395" lon="38.097672"><ele>142.4</ele><time>2026-07-06T11:23:58Z</time><extensions><gpxtpx:TrackPointExtension><gpxtpx:hr>149</gpxtpx:hr></gpxtpx:TrackPointExtension></extensions></trkpt><trkpt lat="56.64393" lon="38.097682"><ele>142.4</ele><time>2026-07-06T11:23:59Z</time><extensions><gpxtpx:TrackPointExtension><gpxtpx:hr>149</gpxtpx:hr></gpxtpx:TrackPointExtension></extensions></trkpt><trkpt lat="56.643907" lon="38.097687"><ele>142.4</ele><time>2026-07-06T11:24:00Z</time><extensions><gpxtpx:TrackPointExtension><gpxtpx:hr>148</gpxtpx:hr></gpxtpx:TrackPointExtension></extensions></trkpt><trkpt lat="56.643885" lon="38.097692"><ele>142.4</ele><time>2026-07-06T11:24:01Z</time><extensions><gpxtpx:TrackPointExtension><gpxtpx:hr>148</gpxtpx:hr></gpxtpx:TrackPointExtension></extensions></trkpt><trkpt lat="56.643865" lon="38.097697"><ele>142.4</ele><time>2026-07-06T11:24:02Z</time><extensions><gpxtpx:TrackPointExtension><gpxtpx:hr>148</gpxtpx:hr></gpxtpx:TrackPointExtension></extensions></trkpt><trkpt lat="56.643838" lon="38.0977"><ele>142.4</ele><time>2026-07-06T11:24:03Z</time><extensions><gpxtpx:TrackPointExtension><gpxtpx:hr>148</gpxtpx:hr></gpxtpx:TrackPointExtension></extensions></trkpt><trkpt lat="56.64382" lon="38.097705"><ele>142.4</ele><time>2026-07-06T11:24:04Z</time><extensions><gpxtpx:TrackPointExtension><gpxtpx:hr>148</gpxtpx:hr></gpxtpx:TrackPointExtension></extensions></trkpt><trkpt lat="56.643795" lon="38.097712"><ele>142.4</ele><time>2026-07-06T11:24:05Z</time><extensions><gpxtpx:TrackPointExtension><gpxtpx:hr>147</gpxtpx:hr></gpxtpx:TrackPointExtension></extensions></trkpt><trkpt lat="56.643775" lon="38.09772"><ele>142.4</ele><time>2026-07-06T11:24:06Z</time><extensions><gpxtpx:TrackPointExtension><gpxtpx:hr>147</gpxtpx:hr></gpxtpx:TrackPointExtension></extensions></trkpt><trkpt lat="56.643752" lon="38.097723"><ele>142.6</ele><time>2026-07-06T11:24:07Z</time><extensions><gpxtpx:TrackPointExtension><gpxtpx:hr>146</gpxtpx:hr></gpxtpx:TrackPointExtension></extensions></trkpt><trkpt lat="56.643732" lon="38.097737"><ele>142.6</ele><time>2026-07-06T11:24:08Z</time><extensions><gpxtpx:TrackPointExtension><gpxtpx:hr>147</gpxtpx:hr></gpxtpx:TrackPointExtension></extensions></trkpt><trkpt lat="56.64371" lon="38.097745"><ele>142.6</ele><time>2026-07-06T11:24:09Z</time><extensions><gpxtpx:TrackPointExtension><gpxtpx:hr>147</gpxtpx:hr></gpxtpx:TrackPointExtension></extensions></trkpt><trkpt lat="56.643687" lon="38.097757"><ele>142.6</ele><time>2026-07-06T11:24:10Z</time><extensions><gpxtpx:TrackPointExtension><gpxtpx:hr>147</gpxtpx:hr></gpxtpx:TrackPointExtension></extensions></trkpt><trkpt lat="56.643667" lon="38.097767"><ele>142.6</ele><time>2026-07-06T11:24:11Z</time><extensions><gpxtpx:TrackPointExtension><gpxtpx:hr>147</gpxtpx:hr></gpxtpx:TrackPointExtension></extensions></trkpt><trkpt lat="56.643647" lon="38.097777"><ele>142.4</ele><time>2026-07-06T11:24:12Z</time><extensions><gpxtpx:TrackPointExtension><gpxtpx:hr>147</gpxtpx:hr></gpxtpx:TrackPointExtension></extensions></trkpt><trkpt lat="56.643627" lon="38.097785"><ele>142.4</ele><time>2026-07-06T11:24:13Z</time><extensions><gpxtpx:TrackPointExtension><gpxtpx:hr>147</gpxtpx:hr></gpxtpx:TrackPointExtension></extensions></trkpt><trkpt lat="56.643607" lon="38.097793"><ele>142.4</ele><time>2026-07-06T11:24:14Z</time><extensions><gpxtpx:TrackPointExtension><gpxtpx:hr>148</gpxtpx:hr></gpxtpx:TrackPointExtension></extensions></trkpt><trkpt lat="56.643587" lon="38.097805"><ele>142.4</ele><time>2026-07-06T11:24:15Z</time><extensions><gpxtpx:TrackPointExtension><gpxtpx:hr>148</gpxtpx:hr></gpxtpx:TrackPointExtension></extensions></trkpt><trkpt lat="56.643567" lon="38.097815"><ele>142.2</ele><time>2026-07-06T11:24:16Z</time><extensions><gpxtpx:TrackPointExtension><gpxtpx:hr>148</gpxtpx:hr></gpxtpx:TrackPointExtension></extensions></trkpt><trkpt lat="56.643547" lon="38.097825"><ele>142.2</ele><time>2026-07-06T11:24:17Z</time><extensions><gpxtpx:TrackPointExtension><gpxtpx:hr>147</gpxtpx:hr></gpxtpx:TrackPointExtension></extensions></trkpt><trkpt lat="56.643522" lon="38.097832"><ele>142.2</ele><time>2026-07-06T11:24:18Z</time><extensions><gpxtpx:TrackPointExtension><gpxtpx:hr>147</gpxtpx:hr></gpxtpx:TrackPointExtension></extensions></trkpt><trkpt lat="56.643505" lon="38.09784"><ele>142.2</ele><time>2026-07-06T11:24:19Z</time><extensions><gpxtpx:TrackPointExtension><gpxtpx:hr>147</gpxtpx:hr></gpxtpx:TrackPointExtension></extensions></trkpt><trkpt lat="56.643482" lon="38.097847"><ele>142.0</ele><time>2026-07-06T11:24:20Z</time><extensions><gpxtpx:TrackPointExtension><gpxtpx:hr>147</gpxtpx:hr></gpxtpx:TrackPointExtension></extensions></trkpt><trkpt lat="56.643462" lon="38.09786"><ele>142.0</ele><time>2026-07-06T11:24:21Z</time><extensions><gpxtpx:TrackPointExtension><gpxtpx:hr>147</gpxtpx:hr></gpxtpx:TrackPointExtension></extensions></trkpt><trkpt lat="56.643442" lon="38.097872"><ele>142.0</ele><time>2026-07-06T11:24:22Z</time><extensions><gpxtpx:TrackPointExtension><gpxtpx:hr>147</gpxtpx:hr></gpxtpx:TrackPointExtension></extensions></trkpt><trkpt lat="56.643422" lon="38.097882"><ele>142.0</ele><time>2026-07-06T11:24:23Z</time><extensions><gpxtpx:TrackPointExtension><gpxtpx:hr>148</gpxtpx:hr></gpxtpx:TrackPointExtension></extensions></trkpt><trkpt lat="56.643402" lon="38.09789"><ele>142.2</ele><time>2026-07-06T11:24:24Z</time><extensions><gpxtpx:TrackPointExtension><gpxtpx:hr>148</gpxtpx:hr></gpxtpx:TrackPointExtension></extensions></trkpt><trkpt lat="56.643377" lon="38.097902"><ele>142.2</ele><time>2026-07-06T11:24:25Z</time><extensions><gpxtpx:TrackPointExtension><gpxtpx:hr>148</gpxtpx:hr></gpxtpx:TrackPointExtension></extensions></trkpt><trkpt lat="56.643355" lon="38.09791"><ele>142.2</ele><time>2026-07-06T11:24:26Z</time><extensions><gpxtpx:TrackPointExtension><gpxtpx:hr>147</gpxtpx:hr></gpxtpx:TrackPointExtension></extensions></trkpt><trkpt lat="56.643332" lon="38.097912"><ele>142.2</ele><time>2026-07-06T11:24:27Z</time><extensions><gpxtpx:TrackPointExtension><gpxtpx:hr>147</gpxtpx:hr></gpxtpx:TrackPointExtension></extensions></trkpt><trkpt lat="56.643312" lon="38.097922"><ele>142.2</ele><time>2026-07-06T11:24:28Z</time><extensions><gpxtpx:TrackPointExtension><gpxtpx:hr>147</gpxtpx:hr></gpxtpx:TrackPointExtension></extensions></trkpt><trkpt lat="56.64329" lon="38.097927"><ele>142.2</ele><time>2026-07-06T11:24:29Z</time><extensions><gpxtpx:TrackPointExtension><gpxtpx:hr>148</gpxtpx:hr></gpxtpx:TrackPointExtension></extensions></trkpt><trkpt lat="56.643255" lon="38.097942"><ele>142.0</ele><time>2026-07-06T11:24:31Z</time><extensions><gpxtpx:TrackPointExtension><gpxtpx:hr>148</gpxtpx:hr></gpxtpx:TrackPointExtension></extensions></trkpt><trkpt lat="56.643233" lon="38.097952"><ele>142.0</ele><time>2026-07-06T11:24:32Z</time><extensions><gpxtpx:TrackPointExtension><gpxtpx:hr>148</gpxtpx:hr></gpxtpx:TrackPointExtension></extensions></trkpt><trkpt lat="56.643202" lon="38.09798"><ele>142.0</ele><time>2026-07-06T11:24:34Z</time><extensions><gpxtpx:TrackPointExtension><gpxtpx:hr>147</gpxtpx:hr></gpxtpx:TrackPointExtension></extensions></trkpt><trkpt lat="56.643185" lon="38.097992"><ele>142.0</ele><time>2026-07-06T11:24:35Z</time><extensions><gpxtpx:TrackPointExtension><gpxtpx:hr>147</gpxtpx:hr></gpxtpx:TrackPointExtension></extensions></trkpt><trkpt lat="56.643165" lon="38.097997"><ele>142.0</ele><time>2026-07-06T11:24:36Z</time><extensions><gpxtpx:TrackPointExtension><gpxtpx:hr>148</gpxtpx:hr></gpxtpx:TrackPointExtension></extensions></trkpt><trkpt lat="56.643142" lon="38.098002"><ele>142.0</ele><time>2026-07-06T11:24:37Z</time><extensions><gpxtpx:TrackPointExtension><gpxtpx:hr>148</gpxtpx:hr></gpxtpx:TrackPointExtension></extensions></trkpt><trkpt lat="56.643117" lon="38.098005"><ele>142.0</ele><time>2026-07-06T11:24:38Z</time><extensions><gpxtpx:TrackPointExtension><gpxtpx:hr>148</gpxtpx:hr></gpxtpx:TrackPointExtension></extensions></trkpt><trkpt lat="56.643095" lon="38.098012"><ele>142.0</ele><time>2026-07-06T11:24:39Z</time><extensions><gpxtpx:TrackPointExtension><gpxtpx:hr>148</gpxtpx:hr></gpxtpx:TrackPointExtension></extensions></trkpt><trkpt lat="56.64307" lon="38.098018"><ele>142.0</ele><time>2026-07-06T11:24:40Z</time><extensions><gpxtpx:TrackPointExtension><gpxtpx:hr>147</gpxtpx:hr></gpxtpx:TrackPointExtension></extensions></trkpt><trkpt lat="56.643047" lon="38.098027"><ele>142.0</ele><time>2026-07-06T11:24:41Z</time><extensions><gpxtpx:TrackPointExtension><gpxtpx:hr>147</gpxtpx:hr></gpxtpx:TrackPointExtension></extensions></trkpt><trkpt lat="56.643027" lon="38.098037"><ele>142.2</ele><time>2026-07-06T11:24:42Z</time><extensions><gpxtpx:TrackPointExtension><gpxtpx:hr>147</gpxtpx:hr></gpxtpx:TrackPointExtension></extensions></trkpt><trkpt lat="56.643005" lon="38.098042"><ele>142.2</ele><time>2026-07-06T11:24:43Z</time><extensions><gpxtpx:TrackPointExtension><gpxtpx:hr>147</gpxtpx:hr></gpxtpx:TrackPointExtension></extensions></trkpt><trkpt lat="56.642982" lon="38.098052"><ele>142.2</ele><time>2026-07-06T11:24:44Z</time><extensions><gpxtpx:TrackPointExtension><gpxtpx:hr>146</gpxtpx:hr></gpxtpx:TrackPointExtension></extensions></trkpt><trkpt lat="56.642957" lon="38.09806"><ele>142.2</ele><time>2026-07-06T11:24:45Z</time><extensions><gpxtpx:TrackPointExtension><gpxtpx:hr>146</gpxtpx:hr></gpxtpx:TrackPointExtension></extensions></trkpt><trkpt lat="56.642937" lon="38.09807"><ele>142.2</ele><time>2026-07-06T11:24:46Z</time><extensions><gpxtpx:TrackPointExtension><gpxtpx:hr>146</gpxtpx:hr></gpxtpx:TrackPointExtension></extensions></trkpt><trkpt lat="56.642912" lon="38.098077"><ele>142.2</ele><time>2026-07-06T11:24:47Z</time><extensions><gpxtpx:TrackPointExtension><gpxtpx:hr>146</gpxtpx:hr></gpxtpx:TrackPointExtension></extensions></trkpt><trkpt lat="56.642892" lon="38.098092"><ele>142.2</ele><time>2026-07-06T11:24:48Z</time><extensions><gpxtpx:TrackPointExtension><gpxtpx:hr>146</gpxtpx:hr></gpxtpx:TrackPointExtension></extensions></trkpt><trkpt lat="56.642872" lon="38.098097"><ele>142.2</ele><time>2026-07-06T11:24:49Z</time><extensions><gpxtpx:TrackPointExtension><gpxtpx:hr>146</gpxtpx:hr></gpxtpx:TrackPointExtension></extensions></trkpt><trkpt lat="56.642852" lon="38.098102"><ele>142.2</ele><time>2026-07-06T11:24:50Z</time><extensions><gpxtpx:TrackPointExtension><gpxtpx:hr>145</gpxtpx:hr></gpxtpx:TrackPointExtension></extensions></trkpt><trkpt lat="56.642827" lon="38.098107"><ele>142.2</ele><time>2026-07-06T11:24:51Z</time><extensions><gpxtpx:TrackPointExtension><gpxtpx:hr>145</gpxtpx:hr></gpxtpx:TrackPointExtension></extensions></trkpt><trkpt lat="56.642805" lon="38.098117"><ele>142.2</ele><time>2026-07-06T11:24:52Z</time><extensions><gpxtpx:TrackPointExtension><gpxtpx:hr>145</gpxtpx:hr></gpxtpx:TrackPointExtension></extensions></trkpt><trkpt lat="56.642785" lon="38.098125"><ele>142.2</ele><time>2026-07-06T11:24:53Z</time><extensions><gpxtpx:TrackPointExtension><gpxtpx:hr>146</gpxtpx:hr></gpxtpx:TrackPointExtension></extensions></trkpt><trkpt lat="56.64276" lon="38.098132"><ele>142.2</ele><time>2026-07-06T11:24:54Z</time><extensions><gpxtpx:TrackPointExtension><gpxtpx:hr>146</gpxtpx:hr></gpxtpx:TrackPointExtension></extensions></trkpt><trkpt lat="56.642737" lon="38.098137"><ele>142.2</ele><time>2026-07-06T11:24:55Z</time><extensions><gpxtpx:TrackPointExtension><gpxtpx:hr>146</gpxtpx:hr></gpxtpx:TrackPointExtension></extensions></trkpt><trkpt lat="56.642712" lon="38.098147"><ele>142.4</ele><time>2026-07-06T11:24:56Z</time><extensions><gpxtpx:TrackPointExtension><gpxtpx:hr>146</gpxtpx:hr></gpxtpx:TrackPointExtension></extensions></trkpt><trkpt lat="56.64269" lon="38.098155"><ele>142.4</ele><time>2026-07-06T11:24:57Z</time><extensions><gpxtpx:TrackPointExtension><gpxtpx:hr>145</gpxtpx:hr></gpxtpx:TrackPointExtension></extensions></trkpt><trkpt lat="56.64267" lon="38.098167"><ele>142.4</ele><time>2026-07-06T11:24:58Z</time><extensions><gpxtpx:TrackPointExtension><gpxtpx:hr>146</gpxtpx:hr></gpxtpx:TrackPointExtension></extensions></trkpt><trkpt lat="56.642652" lon="38.098177"><ele>142.2</ele><time>2026-07-06T11:24:59Z</time><extensions><gpxtpx:TrackPointExtension><gpxtpx:hr>146</gpxtpx:hr></gpxtpx:TrackPointExtension></extensions></trkpt><trkpt lat="56.642632" lon="38.09819"><ele>142.2</ele><time>2026-07-06T11:25:00Z</time><extensions><gpxtpx:TrackPointExtension><gpxtpx:hr>145</gpxtpx:hr></gpxtpx:TrackPointExtension></extensions></trkpt><trkpt lat="56.642612" lon="38.098202"><ele>142.2</ele><time>2026-07-06T11:25:01Z</time><extensions><gpxtpx:TrackPointExtension><gpxtpx:hr>145</gpxtpx:hr></gpxtpx:TrackPointExtension></extensions></trkpt><trkpt lat="56.642595" lon="38.098212"><ele>142.0</ele><time>2026-07-06T11:25:02Z</time><extensions><gpxtpx:TrackPointExtension><gpxtpx:hr>145</gpxtpx:hr></gpxtpx:TrackPointExtension></extensions></trkpt><trkpt lat="56.642575" lon="38.098222"><ele>142.0</ele><time>2026-07-06T11:25:03Z</time><extensions><gpxtpx:TrackPointExtension><gpxtpx:hr>146</gpxtpx:hr></gpxtpx:TrackPointExtension></extensions></trkpt><trkpt lat="56.642557" lon="38.098232"><ele>142.2</ele><time>2026-07-06T11:25:04Z</time><extensions><gpxtpx:TrackPointExtension><gpxtpx:hr>146</gpxtpx:hr></gpxtpx:TrackPointExtension></extensions></trkpt><trkpt lat="56.642535" lon="38.09824"><ele>142.2</ele><time>2026-07-06T11:25:05Z</time><extensions><gpxtpx:TrackPointExtension><gpxtpx:hr>146</gpxtpx:hr></gpxtpx:TrackPointExtension></extensions></trkpt><trkpt lat="56.642512" lon="38.09825"><ele>142.2</ele><time>2026-07-06T11:25:06Z</time><extensions><gpxtpx:TrackPointExtension><gpxtpx:hr>146</gpxtpx:hr></gpxtpx:TrackPointExtension></extensions></trkpt><trkpt lat="56.64249" lon="38.09826"><ele>142.2</ele><time>2026-07-06T11:25:07Z</time><extensions><gpxtpx:TrackPointExtension><gpxtpx:hr>146</gpxtpx:hr></gpxtpx:TrackPointExtension></extensions></trkpt><trkpt lat="56.642467" lon="38.098272"><ele>142.2</ele><time>2026-07-06T11:25:08Z</time><extensions><gpxtpx:TrackPointExtension><gpxtpx:hr>146</gpxtpx:hr></gpxtpx:TrackPointExtension></extensions></trkpt><trkpt lat="56.642442" lon="38.098282"><ele>142.4</ele><time>2026-07-06T11:25:09Z</time><extensions><gpxtpx:TrackPointExtension><gpxtpx:hr>147</gpxtpx:hr></gpxtpx:TrackPointExtension></extensions></trkpt><trkpt lat="56.64242" lon="38.098297"><ele>142.2</ele><time>2026-07-06T11:25:10Z</time><extensions><gpxtpx:TrackPointExtension><gpxtpx:hr>146</gpxtpx:hr></gpxtpx:TrackPointExtension></extensions></trkpt><trkpt lat="56.642397" lon="38.098307"><ele>142.2</ele><time>2026-07-06T11:25:11Z</time><extensions><gpxtpx:TrackPointExtension><gpxtpx:hr>146</gpxtpx:hr></gpxtpx:TrackPointExtension></extensions></trkpt><trkpt lat="56.642377" lon="38.098312"><ele>142.0</ele><time>2026-07-06T11:25:12Z</time><extensions><gpxtpx:TrackPointExtension><gpxtpx:hr>146</gpxtpx:hr></gpxtpx:TrackPointExtension></extensions></trkpt><trkpt lat="56.642355" lon="38.098322"><ele>142.0</ele><time>2026-07-06T11:25:13Z</time><extensions><gpxtpx:TrackPointExtension><gpxtpx:hr>146</gpxtpx:hr></gpxtpx:TrackPointExtension></extensions></trkpt><trkpt lat="56.642335" lon="38.098335"><ele>142.0</ele><time>2026-07-06T11:25:14Z</time><extensions><gpxtpx:TrackPointExtension><gpxtpx:hr>146</gpxtpx:hr></gpxtpx:TrackPointExtension></extensions></trkpt><trkpt lat="56.642317" lon="38.098347"><ele>142.0</ele><time>2026-07-06T11:25:15Z</time><extensions><gpxtpx:TrackPointExtension><gpxtpx:hr>146</gpxtpx:hr></gpxtpx:TrackPointExtension></extensions></trkpt><trkpt lat="56.642295" lon="38.098355"><ele>142.0</ele><time>2026-07-06T11:25:16Z</time><extensions><gpxtpx:TrackPointExtension><gpxtpx:hr>146</gpxtpx:hr></gpxtpx:TrackPointExtension></extensions></trkpt><trkpt lat="56.642272" lon="38.098365"><ele>142.0</ele><time>2026-07-06T11:25:17Z</time><extensions><gpxtpx:TrackPointExtension><gpxtpx:hr>145</gpxtpx:hr></gpxtpx:TrackPointExtension></extensions></trkpt><trkpt lat="56.642252" lon="38.098372"><ele>142.0</ele><time>2026-07-06T11:25:18Z</time><extensions><gpxtpx:TrackPointExtension><gpxtpx:hr>145</gpxtpx:hr></gpxtpx:TrackPointExtension></extensions></trkpt><trkpt lat="56.642232" lon="38.098377"><ele>141.8</ele><time>2026-07-06T11:25:19Z</time><extensions><gpxtpx:TrackPointExtension><gpxtpx:hr>145</gpxtpx:hr></gpxtpx:TrackPointExtension></extensions></trkpt><trkpt lat="56.642212" lon="38.098387"><ele>141.8</ele><time>2026-07-06T11:25:20Z</time><extensions><gpxtpx:TrackPointExtension><gpxtpx:hr>144</gpxtpx:hr></gpxtpx:TrackPointExtension></extensions></trkpt><trkpt lat="56.642192" lon="38.098397"><ele>141.8</ele><time>2026-07-06T11:25:21Z</time><extensions><gpxtpx:TrackPointExtension><gpxtpx:hr>144</gpxtpx:hr></gpxtpx:TrackPointExtension></extensions></trkpt><trkpt lat="56.642152" lon="38.098415"><ele>141.8</ele><time>2026-07-06T11:25:23Z</time><extensions><gpxtpx:TrackPointExtension><gpxtpx:hr>145</gpxtpx:hr></gpxtpx:TrackPointExtension></extensions></trkpt><trkpt lat="56.642132" lon="38.098425"><ele>141.8</ele><time>2026-07-06T11:25:24Z</time><extensions><gpxtpx:TrackPointExtension><gpxtpx:hr>145</gpxtpx:hr></gpxtpx:TrackPointExtension></extensions></trkpt><trkpt lat="56.642112" lon="38.098437"><ele>141.6</ele><time>2026-07-06T11:25:25Z</time><extensions><gpxtpx:TrackPointExtension><gpxtpx:hr>145</gpxtpx:hr></gpxtpx:TrackPointExtension></extensions></trkpt><trkpt lat="56.642092" lon="38.098447"><ele>141.6</ele><time>2026-07-06T11:25:26Z</time><extensions><gpxtpx:TrackPointExtension><gpxtpx:hr>145</gpxtpx:hr></gpxtpx:TrackPointExtension></extensions></trkpt><trkpt lat="56.642072" lon="38.098457"><ele>141.6</ele><time>2026-07-06T11:25:27Z</time><extensions><gpxtpx:TrackPointExtension><gpxtpx:hr>145</gpxtpx:hr></gpxtpx:TrackPointExtension></extensions></trkpt><trkpt lat="56.64205" lon="38.098467"><ele>141.6</ele><time>2026-07-06T11:25:28Z</time><extensions><gpxtpx:TrackPointExtension><gpxtpx:hr>144</gpxtpx:hr></gpxtpx:TrackPointExtension></extensions></trkpt><trkpt lat="56.64203" lon="38.098472"><ele>141.4</ele><time>2026-07-06T11:25:29Z</time><extensions><gpxtpx:TrackPointExtension><gpxtpx:hr>144</gpxtpx:hr></gpxtpx:TrackPointExtension></extensions></trkpt><trkpt lat="56.642007" lon="38.098482"><ele>141.4</ele><time>2026-07-06T11:25:30Z</time><extensions><gpxtpx:TrackPointExtension><gpxtpx:hr>144</gpxtpx:hr></gpxtpx:TrackPointExtension></extensions></trkpt><trkpt lat="56.641987" lon="38.098492"><ele>141.4</ele><time>2026-07-06T11:25:31Z</time><extensions><gpxtpx:TrackPointExtension><gpxtpx:hr>144</gpxtpx:hr></gpxtpx:TrackPointExtension></extensions></trkpt><trkpt lat="56.641965" lon="38.0985"><ele>141.4</ele><time>2026-07-06T11:25:32Z</time><extensions><gpxtpx:TrackPointExtension><gpxtpx:hr>144</gpxtpx:hr></gpxtpx:TrackPointExtension></extensions></trkpt><trkpt lat="56.641942" lon="38.098512"><ele>141.4</ele><time>2026-07-06T11:25:33Z</time><extensions><gpxtpx:TrackPointExtension><gpxtpx:hr>144</gpxtpx:hr></gpxtpx:TrackPointExtension></extensions></trkpt><trkpt lat="56.641922" lon="38.09852"><ele>141.4</ele><time>2026-07-06T11:25:34Z</time><extensions><gpxtpx:TrackPointExtension><gpxtpx:hr>145</gpxtpx:hr></gpxtpx:TrackPointExtension></extensions></trkpt><trkpt lat="56.641897" lon="38.09853"><ele>141.4</ele><time>2026-07-06T11:25:35Z</time><extensions><gpxtpx:TrackPointExtension><gpxtpx:hr>145</gpxtpx:hr></gpxtpx:TrackPointExtension></extensions></trkpt><trkpt lat="56.641877" lon="38.098542"><ele>141.2</ele><time>2026-07-06T11:25:36Z</time><extensions><gpxtpx:TrackPointExtension><gpxtpx:hr>144</gpxtpx:hr></gpxtpx:TrackPointExtension></extensions></trkpt><trkpt lat="56.641855" lon="38.098547"><ele>141.2</ele><time>2026-07-06T11:25:37Z</time><extensions><gpxtpx:TrackPointExtension><gpxtpx:hr>144</gpxtpx:hr></gpxtpx:TrackPointExtension></extensions></trkpt><trkpt lat="56.641832" lon="38.098552"><ele>141.2</ele><time>2026-07-06T11:25:38Z</time><extensions><gpxtpx:TrackPointExtension><gpxtpx:hr>143</gpxtpx:hr></gpxtpx:TrackPointExtension></extensions></trkpt><trkpt lat="56.641807" lon="38.098565"><ele>141.2</ele><time>2026-07-06T11:25:39Z</time><extensions><gpxtpx:TrackPointExtension><gpxtpx:hr>144</gpxtpx:hr></gpxtpx:TrackPointExtension></extensions></trkpt><trkpt lat="56.641787" lon="38.098575"><ele>141.4</ele><time>2026-07-06T11:25:40Z</time><extensions><gpxtpx:TrackPointExtension><gpxtpx:hr>144</gpxtpx:hr></gpxtpx:TrackPointExtension></extensions></trkpt><trkpt lat="56.641765" lon="38.098585"><ele>141.4</ele><time>2026-07-06T11:25:41Z</time><extensions><gpxtpx:TrackPointExtension><gpxtpx:hr>144</gpxtpx:hr></gpxtpx:TrackPointExtension></extensions></trkpt><trkpt lat="56.641742" lon="38.098597"><ele>141.4</ele><time>2026-07-06T11:25:42Z</time><extensions><gpxtpx:TrackPointExtension><gpxtpx:hr>144</gpxtpx:hr></gpxtpx:TrackPointExtension></extensions></trkpt><trkpt lat="56.64172" lon="38.098607"><ele>141.2</ele><time>2026-07-06T11:25:43Z</time><extensions><gpxtpx:TrackPointExtension><gpxtpx:hr>145</gpxtpx:hr></gpxtpx:TrackPointExtension></extensions></trkpt><trkpt lat="56.641697" lon="38.098612"><ele>141.2</ele><time>2026-07-06T11:25:44Z</time><extensions><gpxtpx:TrackPointExtension><gpxtpx:hr>145</gpxtpx:hr></gpxtpx:TrackPointExtension></extensions></trkpt><trkpt lat="56.641672" lon="38.09862"><ele>141.2</ele><time>2026-07-06T11:25:45Z</time><extensions><gpxtpx:TrackPointExtension><gpxtpx:hr>145</gpxtpx:hr></gpxtpx:TrackPointExtension></extensions></trkpt><trkpt lat="56.641647" lon="38.09863"><ele>141.0</ele><time>2026-07-06T11:25:46Z</time><extensions><gpxtpx:TrackPointExtension><gpxtpx:hr>144</gpxtpx:hr></gpxtpx:TrackPointExtension></extensions></trkpt><trkpt lat="56.641627" lon="38.098637"><ele>141.0</ele><time>2026-07-06T11:25:47Z</time><extensions><gpxtpx:TrackPointExtension><gpxtpx:hr>145</gpxtpx:hr></gpxtpx:TrackPointExtension></extensions></trkpt><trkpt lat="56.641602" lon="38.098647"><ele>141.0</ele><time>2026-07-06T11:25:48Z</time><extensions><gpxtpx:TrackPointExtension><gpxtpx:hr>144</gpxtpx:hr></gpxtpx:TrackPointExtension></extensions></trkpt><trkpt lat="56.641582" lon="38.098652"><ele>141.0</ele><time>2026-07-06T11:25:49Z</time><extensions><gpxtpx:TrackPointExtension><gpxtpx:hr>144</gpxtpx:hr></gpxtpx:TrackPointExtension></extensions></trkpt><trkpt lat="56.641562" lon="38.098662"><ele>141.0</ele><time>2026-07-06T11:25:50Z</time><extensions><gpxtpx:TrackPointExtension><gpxtpx:hr>144</gpxtpx:hr></gpxtpx:TrackPointExtension></extensions></trkpt><trkpt lat="56.64154" lon="38.098667"><ele>141.0</ele><time>2026-07-06T11:25:51Z</time><extensions><gpxtpx:TrackPointExtension><gpxtpx:hr>144</gpxtpx:hr></gpxtpx:TrackPointExtension></extensions></trkpt><trkpt lat="56.641517" lon="38.098677"><ele>141.0</ele><time>2026-07-06T11:25:52Z</time><extensions><gpxtpx:TrackPointExtension><gpxtpx:hr>144</gpxtpx:hr></gpxtpx:TrackPointExtension></extensions></trkpt><trkpt lat="56.641495" lon="38.098685"><ele>141.0</ele><time>2026-07-06T11:25:53Z</time><extensions><gpxtpx:TrackPointExtension><gpxtpx:hr>145</gpxtpx:hr></gpxtpx:TrackPointExtension></extensions></trkpt><trkpt lat="56.641472" lon="38.098692"><ele>141.0</ele><time>2026-07-06T11:25:54Z</time><extensions><gpxtpx:TrackPointExtension><gpxtpx:hr>145</gpxtpx:hr></gpxtpx:TrackPointExtension></extensions></trkpt><trkpt lat="56.64145" lon="38.0987"><ele>141.0</ele><time>2026-07-06T11:25:55Z</time><extensions><gpxtpx:TrackPointExtension><gpxtpx:hr>145</gpxtpx:hr></gpxtpx:TrackPointExtension></extensions></trkpt><trkpt lat="56.64143" lon="38.098707"><ele>140.8</ele><time>2026-07-06T11:25:56Z</time><extensions><gpxtpx:TrackPointExtension><gpxtpx:hr>145</gpxtpx:hr></gpxtpx:TrackPointExtension></extensions></trkpt><trkpt lat="56.641407" lon="38.098717"><ele>140.8</ele><time>2026-07-06T11:25:57Z</time><extensions><gpxtpx:TrackPointExtension><gpxtpx:hr>145</gpxtpx:hr></gpxtpx:TrackPointExtension></extensions></trkpt><trkpt lat="56.641387" lon="38.098732"><ele>140.6</ele><time>2026-07-06T11:25:58Z</time><extensions><gpxtpx:TrackPointExtension><gpxtpx:hr>145</gpxtpx:hr></gpxtpx:TrackPointExtension></extensions></trkpt><trkpt lat="56.641367" lon="38.098742"><ele>140.4</ele><time>2026-07-06T11:25:59Z</time><extensions><gpxtpx:TrackPointExtension><gpxtpx:hr>146</gpxtpx:hr></gpxtpx:TrackPointExtension></extensions></trkpt><trkpt lat="56.641345" lon="38.098747"><ele>140.4</ele><time>2026-07-06T11:26:00Z</time><extensions><gpxtpx:TrackPointExtension><gpxtpx:hr>145</gpxtpx:hr></gpxtpx:TrackPointExtension></extensions></trkpt><trkpt lat="56.64132" lon="38.098757"><ele>140.4</ele><time>2026-07-06T11:26:01Z</time><extensions><gpxtpx:TrackPointExtension><gpxtpx:hr>145</gpxtpx:hr></gpxtpx:TrackPointExtension></extensions></trkpt><trkpt lat="56.6413" lon="38.098772"><ele>140.4</ele><time>2026-07-06T11:26:02Z</time><extensions><gpxtpx:TrackPointExtension><gpxtpx:hr>146</gpxtpx:hr></gpxtpx:TrackPointExtension></extensions></trkpt><trkpt lat="56.64128" lon="38.098785"><ele>140.6</ele><time>2026-07-06T11:26:03Z</time><extensions><gpxtpx:TrackPointExtension><gpxtpx:hr>146</gpxtpx:hr></gpxtpx:TrackPointExtension></extensions></trkpt><trkpt lat="56.641262" lon="38.098797"><ele>140.6</ele><time>2026-07-06T11:26:04Z</time><extensions><gpxtpx:TrackPointExtension><gpxtpx:hr>146</gpxtpx:hr></gpxtpx:TrackPointExtension></extensions></trkpt><trkpt lat="56.641242" lon="38.098807"><ele>140.6</ele><time>2026-07-06T11:26:05Z</time><extensions><gpxtpx:TrackPointExtension><gpxtpx:hr>146</gpxtpx:hr></gpxtpx:TrackPointExtension></extensions></trkpt><trkpt lat="56.641225" lon="38.098815"><ele>140.6</ele><time>2026-07-06T11:26:06Z</time><extensions><gpxtpx:TrackPointExtension><gpxtpx:hr>145</gpxtpx:hr></gpxtpx:TrackPointExtension></extensions></trkpt><trkpt lat="56.641202" lon="38.098827"><ele>140.4</ele><time>2026-07-06T11:26:07Z</time><extensions><gpxtpx:TrackPointExtension><gpxtpx:hr>146</gpxtpx:hr></gpxtpx:TrackPointExtension></extensions></trkpt><trkpt lat="56.641182" lon="38.098837"><ele>140.4</ele><time>2026-07-06T11:26:08Z</time><extensions><gpxtpx:TrackPointExtension><gpxtpx:hr>146</gpxtpx:hr></gpxtpx:TrackPointExtension></extensions></trkpt><trkpt lat="56.641162" lon="38.098845"><ele>140.6</ele><time>2026-07-06T11:26:09Z</time><extensions><gpxtpx:TrackPointExtension><gpxtpx:hr>146</gpxtpx:hr></gpxtpx:TrackPointExtension></extensions></trkpt><trkpt lat="56.641137" lon="38.098852"><ele>140.6</ele><time>2026-07-06T11:26:10Z</time><extensions><gpxtpx:TrackPointExtension><gpxtpx:hr>146</gpxtpx:hr></gpxtpx:TrackPointExtension></extensions></trkpt><trkpt lat="56.641117" lon="38.098862"><ele>140.8</ele><time>2026-07-06T11:26:11Z</time><extensions><gpxtpx:TrackPointExtension><gpxtpx:hr>146</gpxtpx:hr></gpxtpx:TrackPointExtension></extensions></trkpt><trkpt lat="56.641092" lon="38.098867"><ele>140.8</ele><time>2026-07-06T11:26:12Z</time><extensions><gpxtpx:TrackPointExtension><gpxtpx:hr>147</gpxtpx:hr></gpxtpx:TrackPointExtension></extensions></trkpt><trkpt lat="56.64107" lon="38.098872"><ele>141.0</ele><time>2026-07-06T11:26:13Z</time><extensions><gpxtpx:TrackPointExtension><gpxtpx:hr>146</gpxtpx:hr></gpxtpx:TrackPointExtension></extensions></trkpt><trkpt lat="56.641045" lon="38.098882"><ele>141.0</ele><time>2026-07-06T11:26:14Z</time><extensions><gpxtpx:TrackPointExtension><gpxtpx:hr>146</gpxtpx:hr></gpxtpx:TrackPointExtension></extensions></trkpt><trkpt lat="56.641022" lon="38.09889"><ele>140.8</ele><time>2026-07-06T11:26:15Z</time><extensions><gpxtpx:TrackPointExtension><gpxtpx:hr>145</gpxtpx:hr></gpxtpx:TrackPointExtension></extensions></trkpt><trkpt lat="56.640997" lon="38.098895"><ele>140.8</ele><time>2026-07-06T11:26:16Z</time><extensions><gpxtpx:TrackPointExtension><gpxtpx:hr>145</gpxtpx:hr></gpxtpx:TrackPointExtension></extensions></trkpt><trkpt lat="56.640975" lon="38.098902"><ele>140.8</ele><time>2026-07-06T11:26:17Z</time><extensions><gpxtpx:TrackPointExtension><gpxtpx:hr>145</gpxtpx:hr></gpxtpx:TrackPointExtension></extensions></trkpt><trkpt lat="56.640952" lon="38.098907"><ele>140.8</ele><time>2026-07-06T11:26:18Z</time><extensions><gpxtpx:TrackPointExtension><gpxtpx:hr>146</gpxtpx:hr></gpxtpx:TrackPointExtension></extensions></trkpt><trkpt lat="56.640927" lon="38.098907"><ele>140.8</ele><time>2026-07-06T11:26:19Z</time><extensions><gpxtpx:TrackPointExtension><gpxtpx:hr>145</gpxtpx:hr></gpxtpx:TrackPointExtension></extensions></trkpt><trkpt lat="56.640905" lon="38.098915"><ele>140.6</ele><time>2026-07-06T11:26:20Z</time><extensions><gpxtpx:TrackPointExtension><gpxtpx:hr>144</gpxtpx:hr></gpxtpx:TrackPointExtension></extensions></trkpt><trkpt lat="56.640882" lon="38.098922"><ele>140.6</ele><time>2026-07-06T11:26:21Z</time><extensions><gpxtpx:TrackPointExtension><gpxtpx:hr>145</gpxtpx:hr></gpxtpx:TrackPointExtension></extensions></trkpt><trkpt lat="56.64086" lon="38.098932"><ele>140.6</ele><time>2026-07-06T11:26:22Z</time><extensions><gpxtpx:TrackPointExtension><gpxtpx:hr>146</gpxtpx:hr></gpxtpx:TrackPointExtension></extensions></trkpt><trkpt lat="56.640837" lon="38.098945"><ele>140.6</ele><time>2026-07-06T11:26:23Z</time><extensions><gpxtpx:TrackPointExtension><gpxtpx:hr>145</gpxtpx:hr></gpxtpx:TrackPointExtension></extensions></trkpt><trkpt lat="56.640817" lon="38.098957"><ele>140.6</ele><time>2026-07-06T11:26:24Z</time><extensions><gpxtpx:TrackPointExtension><gpxtpx:hr>146</gpxtpx:hr></gpxtpx:TrackPointExtension></extensions></trkpt><trkpt lat="56.640797" lon="38.09897"><ele>140.6</ele><time>2026-07-06T11:26:25Z</time><extensions><gpxtpx:TrackPointExtension><gpxtpx:hr>145</gpxtpx:hr></gpxtpx:TrackPointExtension></extensions></trkpt><trkpt lat="56.640775" lon="38.098982"><ele>140.4</ele><time>2026-07-06T11:26:26Z</time><extensions><gpxtpx:TrackPointExtension><gpxtpx:hr>145</gpxtpx:hr></gpxtpx:TrackPointExtension></extensions></trkpt><trkpt lat="56.640757" lon="38.098997"><ele>140.4</ele><time>2026-07-06T11:26:27Z</time><extensions><gpxtpx:TrackPointExtension><gpxtpx:hr>146</gpxtpx:hr></gpxtpx:TrackPointExtension></extensions></trkpt><trkpt lat="56.640735" lon="38.099007"><ele>140.4</ele><time>2026-07-06T11:26:28Z</time><extensions><gpxtpx:TrackPointExtension><gpxtpx:hr>146</gpxtpx:hr></gpxtpx:TrackPointExtension></extensions></trkpt><trkpt lat="56.640712" lon="38.09902"><ele>140.4</ele><time>2026-07-06T11:26:29Z</time><extensions><gpxtpx:TrackPointExtension><gpxtpx:hr>146</gpxtpx:hr></gpxtpx:TrackPointExtension></extensions></trkpt><trkpt lat="56.640692" lon="38.09903"><ele>140.4</ele><time>2026-07-06T11:26:30Z</time><extensions><gpxtpx:TrackPointExtension><gpxtpx:hr>145</gpxtpx:hr></gpxtpx:TrackPointExtension></extensions></trkpt><trkpt lat="56.64067" lon="38.099037"><ele>140.4</ele><time>2026-07-06T11:26:31Z</time><extensions><gpxtpx:TrackPointExtension><gpxtpx:hr>145</gpxtpx:hr></gpxtpx:TrackPointExtension></extensions></trkpt><trkpt lat="56.640647" lon="38.099042"><ele>140.4</ele><time>2026-07-06T11:26:32Z</time><extensions><gpxtpx:TrackPointExtension><gpxtpx:hr>146</gpxtpx:hr></gpxtpx:TrackPointExtension></extensions></trkpt><trkpt lat="56.640625" lon="38.099052"><ele>140.4</ele><time>2026-07-06T11:26:33Z</time><extensions><gpxtpx:TrackPointExtension><gpxtpx:hr>146</gpxtpx:hr></gpxtpx:TrackPointExtension></extensions></trkpt><trkpt lat="56.640602" lon="38.099065"><ele>140.4</ele><time>2026-07-06T11:26:34Z</time><extensions><gpxtpx:TrackPointExtension><gpxtpx:hr>145</gpxtpx:hr></gpxtpx:TrackPointExtension></extensions></trkpt><trkpt lat="56.640582" lon="38.099077"><ele>140.2</ele><time>2026-07-06T11:26:35Z</time><extensions><gpxtpx:TrackPointExtension><gpxtpx:hr>145</gpxtpx:hr></gpxtpx:TrackPointExtension></extensions></trkpt><trkpt lat="56.640557" lon="38.099095"><ele>140.2</ele><time>2026-07-06T11:26:36Z</time><extensions><gpxtpx:TrackPointExtension><gpxtpx:hr>145</gpxtpx:hr></gpxtpx:TrackPointExtension></extensions></trkpt><trkpt lat="56.640537" lon="38.099107"><ele>140.2</ele><time>2026-07-06T11:26:37Z</time><extensions><gpxtpx:TrackPointExtension><gpxtpx:hr>146</gpxtpx:hr></gpxtpx:TrackPointExtension></extensions></trkpt><trkpt lat="56.640515" lon="38.099117"><ele>140.2</ele><time>2026-07-06T11:26:38Z</time><extensions><gpxtpx:TrackPointExtension><gpxtpx:hr>146</gpxtpx:hr></gpxtpx:TrackPointExtension></extensions></trkpt><trkpt lat="56.640492" lon="38.099132"><ele>140.0</ele><time>2026-07-06T11:26:39Z</time><extensions><gpxtpx:TrackPointExtension><gpxtpx:hr>145</gpxtpx:hr></gpxtpx:TrackPointExtension></extensions></trkpt><trkpt lat="56.640472" lon="38.099142"><ele>140.0</ele><time>2026-07-06T11:26:40Z</time><extensions><gpxtpx:TrackPointExtension><gpxtpx:hr>145</gpxtpx:hr></gpxtpx:TrackPointExtension></extensions></trkpt><trkpt lat="56.64045" lon="38.09915"><ele>140.2</ele><time>2026-07-06T11:26:41Z</time><extensions><gpxtpx:TrackPointExtension><gpxtpx:hr>145</gpxtpx:hr></gpxtpx:TrackPointExtension></extensions></trkpt><trkpt lat="56.640427" lon="38.099152"><ele>140.2</ele><time>2026-07-06T11:26:42Z</time><extensions><gpxtpx:TrackPointExtension><gpxtpx:hr>145</gpxtpx:hr></gpxtpx:TrackPointExtension></extensions></trkpt><trkpt lat="56.640405" lon="38.099157"><ele>140.2</ele><time>2026-07-06T11:26:43Z</time><extensions><gpxtpx:TrackPointExtension><gpxtpx:hr>146</gpxtpx:hr></gpxtpx:TrackPointExtension></extensions></trkpt><trkpt lat="56.640382" lon="38.099158"><ele>140.0</ele><time>2026-07-06T11:26:44Z</time><extensions><gpxtpx:TrackPointExtension><gpxtpx:hr>146</gpxtpx:hr></gpxtpx:TrackPointExtension></extensions></trkpt><trkpt lat="56.64036" lon="38.099167"><ele>140.0</ele><time>2026-07-06T11:26:45Z</time><extensions><gpxtpx:TrackPointExtension><gpxtpx:hr>146</gpxtpx:hr></gpxtpx:TrackPointExtension></extensions></trkpt><trkpt lat="56.64034" lon="38.099177"><ele>140.0</ele><time>2026-07-06T11:26:46Z</time><extensions><gpxtpx:TrackPointExtension><gpxtpx:hr>145</gpxtpx:hr></gpxtpx:TrackPointExtension></extensions></trkpt><trkpt lat="56.640317" lon="38.099187"><ele>140.0</ele><time>2026-07-06T11:26:47Z</time><extensions><gpxtpx:TrackPointExtension><gpxtpx:hr>145</gpxtpx:hr></gpxtpx:TrackPointExtension></extensions></trkpt><trkpt lat="56.640295" lon="38.099197"><ele>139.8</ele><time>2026-07-06T11:26:48Z</time><extensions><gpxtpx:TrackPointExtension><gpxtpx:hr>145</gpxtpx:hr></gpxtpx:TrackPointExtension></extensions></trkpt><trkpt lat="56.640272" lon="38.099202"><ele>139.8</ele><time>2026-07-06T11:26:49Z</time><extensions><gpxtpx:TrackPointExtension><gpxtpx:hr>144</gpxtpx:hr></gpxtpx:TrackPointExtension></extensions></trkpt><trkpt lat="56.640252" lon="38.099207"><ele>139.8</ele><time>2026-07-06T11:26:50Z</time><extensions><gpxtpx:TrackPointExtension><gpxtpx:hr>144</gpxtpx:hr></gpxtpx:TrackPointExtension></extensions></trkpt><trkpt lat="56.64023" lon="38.099217"><ele>139.6</ele><time>2026-07-06T11:26:51Z</time><extensions><gpxtpx:TrackPointExtension><gpxtpx:hr>145</gpxtpx:hr></gpxtpx:TrackPointExtension></extensions></trkpt><trkpt lat="56.640207" lon="38.099222"><ele>139.6</ele><time>2026-07-06T11:26:52Z</time><extensions><gpxtpx:TrackPointExtension><gpxtpx:hr>144</gpxtpx:hr></gpxtpx:TrackPointExtension></extensions></trkpt><trkpt lat="56.640187" lon="38.099232"><ele>139.6</ele><time>2026-07-06T11:26:53Z</time><extensions><gpxtpx:TrackPointExtension><gpxtpx:hr>144</gpxtpx:hr></gpxtpx:TrackPointExtension></extensions></trkpt><trkpt lat="56.640165" lon="38.099245"><ele>139.6</ele><time>2026-07-06T11:26:54Z</time><extensions><gpxtpx:TrackPointExtension><gpxtpx:hr>143</gpxtpx:hr></gpxtpx:TrackPointExtension></extensions></trkpt><trkpt lat="56.640145" lon="38.099255"><ele>139.6</ele><time>2026-07-06T11:26:55Z</time><extensions><gpxtpx:TrackPointExtension><gpxtpx:hr>144</gpxtpx:hr></gpxtpx:TrackPointExtension></extensions></trkpt><trkpt lat="56.640123" lon="38.099262"><ele>139.6</ele><time>2026-07-06T11:26:56Z</time><extensions><gpxtpx:TrackPointExtension><gpxtpx:hr>143</gpxtpx:hr></gpxtpx:TrackPointExtension></extensions></trkpt><trkpt lat="56.640102" lon="38.099275"><ele>139.6</ele><time>2026-07-06T11:26:57Z</time><extensions><gpxtpx:TrackPointExtension><gpxtpx:hr>143</gpxtpx:hr></gpxtpx:TrackPointExtension></extensions></trkpt><trkpt lat="56.640082" lon="38.099287"><ele>139.6</ele><time>2026-07-06T11:26:58Z</time><extensions><gpxtpx:TrackPointExtension><gpxtpx:hr>143</gpxtpx:hr></gpxtpx:TrackPointExtension></extensions></trkpt><trkpt lat="56.64006" lon="38.099302"><ele>139.6</ele><time>2026-07-06T11:26:59Z</time><extensions><gpxtpx:TrackPointExtension><gpxtpx:hr>144</gpxtpx:hr></gpxtpx:TrackPointExtension></extensions></trkpt><trkpt lat="56.64004" lon="38.09931"><ele>139.6</ele><time>2026-07-06T11:27:00Z</time><extensions><gpxtpx:TrackPointExtension><gpxtpx:hr>144</gpxtpx:hr></gpxtpx:TrackPointExtension></extensions></trkpt><trkpt lat="56.640017" lon="38.09932"><ele>139.6</ele><time>2026-07-06T11:27:01Z</time><extensions><gpxtpx:TrackPointExtension><gpxtpx:hr>143</gpxtpx:hr></gpxtpx:TrackPointExtension></extensions></trkpt><trkpt lat="56.639997" lon="38.099325"><ele>139.4</ele><time>2026-07-06T11:27:02Z</time><extensions><gpxtpx:TrackPointExtension><gpxtpx:hr>144</gpxtpx:hr></gpxtpx:TrackPointExtension></extensions></trkpt><trkpt lat="56.639975" lon="38.099332"><ele>139.4</ele><time>2026-07-06T11:27:03Z</time><extensions><gpxtpx:TrackPointExtension><gpxtpx:hr>144</gpxtpx:hr></gpxtpx:TrackPointExtension></extensions></trkpt><trkpt lat="56.639952" lon="38.099342"><ele>139.4</ele><time>2026-07-06T11:27:04Z</time><extensions><gpxtpx:TrackPointExtension><gpxtpx:hr>145</gpxtpx:hr></gpxtpx:TrackPointExtension></extensions></trkpt><trkpt lat="56.639932" lon="38.099347"><ele>139.4</ele><time>2026-07-06T11:27:05Z</time><extensions><gpxtpx:TrackPointExtension><gpxtpx:hr>144</gpxtpx:hr></gpxtpx:TrackPointExtension></extensions></trkpt><trkpt lat="56.63991" lon="38.099357"><ele>139.6</ele><time>2026-07-06T11:27:06Z</time><extensions><gpxtpx:TrackPointExtension><gpxtpx:hr>144</gpxtpx:hr></gpxtpx:TrackPointExtension></extensions></trkpt><trkpt lat="56.639887" lon="38.099367"><ele>139.6</ele><time>2026-07-06T11:27:07Z</time><extensions><gpxtpx:TrackPointExtension><gpxtpx:hr>144</gpxtpx:hr></gpxtpx:TrackPointExtension></extensions></trkpt><trkpt lat="56.639865" lon="38.099375"><ele>139.4</ele><time>2026-07-06T11:27:08Z</time><extensions><gpxtpx:TrackPointExtension><gpxtpx:hr>144</gpxtpx:hr></gpxtpx:TrackPointExtension></extensions></trkpt><trkpt lat="56.639845" lon="38.099382"><ele>139.4</ele><time>2026-07-06T11:27:09Z</time><extensions><gpxtpx:TrackPointExtension><gpxtpx:hr>144</gpxtpx:hr></gpxtpx:TrackPointExtension></extensions></trkpt><trkpt lat="56.639825" lon="38.099392"><ele>139.4</ele><time>2026-07-06T11:27:10Z</time><extensions><gpxtpx:TrackPointExtension><gpxtpx:hr>143</gpxtpx:hr></gpxtpx:TrackPointExtension></extensions></trkpt><trkpt lat="56.639805" lon="38.099405"><ele>139.4</ele><time>2026-07-06T11:27:11Z</time><extensions><gpxtpx:TrackPointExtension><gpxtpx:hr>143</gpxtpx:hr></gpxtpx:TrackPointExtension></extensions></trkpt><trkpt lat="56.639785" lon="38.099412"><ele>139.4</ele><time>2026-07-06T11:27:12Z</time><extensions><gpxtpx:TrackPointExtension><gpxtpx:hr>144</gpxtpx:hr></gpxtpx:TrackPointExtension></extensions></trkpt><trkpt lat="56.639765" lon="38.099422"><ele>139.6</ele><time>2026-07-06T11:27:13Z</time><extensions><gpxtpx:TrackPointExtension><gpxtpx:hr>144</gpxtpx:hr></gpxtpx:TrackPointExtension></extensions></trkpt><trkpt lat="56.639747" lon="38.09943"><ele>139.4</ele><time>2026-07-06T11:27:14Z</time><extensions><gpxtpx:TrackPointExtension><gpxtpx:hr>143</gpxtpx:hr></gpxtpx:TrackPointExtension></extensions></trkpt><trkpt lat="56.639725" lon="38.09944"><ele>139.4</ele><time>2026-07-06T11:27:15Z</time><extensions><gpxtpx:TrackPointExtension><gpxtpx:hr>144</gpxtpx:hr></gpxtpx:TrackPointExtension></extensions></trkpt><trkpt lat="56.639702" lon="38.099447"><ele>139.4</ele><time>2026-07-06T11:27:16Z</time><extensions><gpxtpx:TrackPointExtension><gpxtpx:hr>144</gpxtpx:hr></gpxtpx:TrackPointExtension></extensions></trkpt><trkpt lat="56.639682" lon="38.099457"><ele>139.2</ele><time>2026-07-06T11:27:17Z</time><extensions><gpxtpx:TrackPointExtension><gpxtpx:hr>144</gpxtpx:hr></gpxtpx:TrackPointExtension></extensions></trkpt><trkpt lat="56.63966" lon="38.099462"><ele>139.2</ele><time>2026-07-06T11:27:18Z</time><extensions><gpxtpx:TrackPointExtension><gpxtpx:hr>144</gpxtpx:hr></gpxtpx:TrackPointExtension></extensions></trkpt><trkpt lat="56.639637" lon="38.099467"><ele>139.2</ele><time>2026-07-06T11:27:19Z</time><extensions><gpxtpx:TrackPointExtension><gpxtpx:hr>144</gpxtpx:hr></gpxtpx:TrackPointExtension></extensions></trkpt><trkpt lat="56.639617" lon="38.099475"><ele>139.2</ele><time>2026-07-06T11:27:20Z</time><extensions><gpxtpx:TrackPointExtension><gpxtpx:hr>144</gpxtpx:hr></gpxtpx:TrackPointExtension></extensions></trkpt><trkpt lat="56.639595" lon="38.099487"><ele>139.2</ele><time>2026-07-06T11:27:21Z</time><extensions><gpxtpx:TrackPointExtension><gpxtpx:hr>144</gpxtpx:hr></gpxtpx:TrackPointExtension></extensions></trkpt><trkpt lat="56.639577" lon="38.0995"><ele>139.2</ele><time>2026-07-06T11:27:22Z</time><extensions><gpxtpx:TrackPointExtension><gpxtpx:hr>143</gpxtpx:hr></gpxtpx:TrackPointExtension></extensions></trkpt><trkpt lat="56.639552" lon="38.099517"><ele>139.2</ele><time>2026-07-06T11:27:23Z</time><extensions><gpxtpx:TrackPointExtension><gpxtpx:hr>143</gpxtpx:hr></gpxtpx:TrackPointExtension></extensions></trkpt><trkpt lat="56.639532" lon="38.099527"><ele>139.2</ele><time>2026-07-06T11:27:24Z</time><extensions><gpxtpx:TrackPointExtension><gpxtpx:hr>143</gpxtpx:hr></gpxtpx:TrackPointExtension></extensions></trkpt><trkpt lat="56.63951" lon="38.099538"><ele>139.2</ele><time>2026-07-06T11:27:25Z</time><extensions><gpxtpx:TrackPointExtension><gpxtpx:hr>144</gpxtpx:hr></gpxtpx:TrackPointExtension></extensions></trkpt><trkpt lat="56.639492" lon="38.099552"><ele>139.2</ele><time>2026-07-06T11:27:26Z</time><extensions><gpxtpx:TrackPointExtension><gpxtpx:hr>144</gpxtpx:hr></gpxtpx:TrackPointExtension></extensions></trkpt><trkpt lat="56.63947" lon="38.099562"><ele>139.2</ele><time>2026-07-06T11:27:27Z</time><extensions><gpxtpx:TrackPointExtension><gpxtpx:hr>143</gpxtpx:hr></gpxtpx:TrackPointExtension></extensions></trkpt><trkpt lat="56.639447" lon="38.099567"><ele>139.0</ele><time>2026-07-06T11:27:28Z</time><extensions><gpxtpx:TrackPointExtension><gpxtpx:hr>144</gpxtpx:hr></gpxtpx:TrackPointExtension></extensions></trkpt><trkpt lat="56.639422" lon="38.099577"><ele>139.0</ele><time>2026-07-06T11:27:29Z</time><extensions><gpxtpx:TrackPointExtension><gpxtpx:hr>144</gpxtpx:hr></gpxtpx:TrackPointExtension></extensions></trkpt><trkpt lat="56.6394" lon="38.099592"><ele>139.0</ele><time>2026-07-06T11:27:30Z</time><extensions><gpxtpx:TrackPointExtension><gpxtpx:hr>144</gpxtpx:hr></gpxtpx:TrackPointExtension></extensions></trkpt><trkpt lat="56.639377" lon="38.0996"><ele>139.0</ele><time>2026-07-06T11:27:31Z</time><extensions><gpxtpx:TrackPointExtension><gpxtpx:hr>143</gpxtpx:hr></gpxtpx:TrackPointExtension></extensions></trkpt><trkpt lat="56.639352" lon="38.099607"><ele>139.0</ele><time>2026-07-06T11:27:32Z</time><extensions><gpxtpx:TrackPointExtension><gpxtpx:hr>144</gpxtpx:hr></gpxtpx:TrackPointExtension></extensions></trkpt><trkpt lat="56.63933" lon="38.099622"><ele>139.0</ele><time>2026-07-06T11:27:33Z</time><extensions><gpxtpx:TrackPointExtension><gpxtpx:hr>144</gpxtpx:hr></gpxtpx:TrackPointExtension></extensions></trkpt><trkpt lat="56.639307" lon="38.099627"><ele>139.0</ele><time>2026-07-06T11:27:34Z</time><extensions><gpxtpx:TrackPointExtension><gpxtpx:hr>145</gpxtpx:hr></gpxtpx:TrackPointExtension></extensions></trkpt><trkpt lat="56.639287" lon="38.099632"><ele>138.8</ele><time>2026-07-06T11:27:35Z</time><extensions><gpxtpx:TrackPointExtension><gpxtpx:hr>144</gpxtpx:hr></gpxtpx:TrackPointExtension></extensions></trkpt><trkpt lat="56.639265" lon="38.099642"><ele>139.0</ele><time>2026-07-06T11:27:36Z</time><extensions><gpxtpx:TrackPointExtension><gpxtpx:hr>144</gpxtpx:hr></gpxtpx:TrackPointExtension></extensions></trkpt><trkpt lat="56.639242" lon="38.09965"><ele>139.0</ele><time>2026-07-06T11:27:37Z</time><extensions><gpxtpx:TrackPointExtension><gpxtpx:hr>144</gpxtpx:hr></gpxtpx:TrackPointExtension></extensions></trkpt><trkpt lat="56.63922" lon="38.099655"><ele>139.0</ele><time>2026-07-06T11:27:38Z</time><extensions><gpxtpx:TrackPointExtension><gpxtpx:hr>144</gpxtpx:hr></gpxtpx:TrackPointExtension></extensions></trkpt><trkpt lat="56.639197" lon="38.099665"><ele>138.8</ele><time>2026-07-06T11:27:39Z</time><extensions><gpxtpx:TrackPointExtension><gpxtpx:hr>144</gpxtpx:hr></gpxtpx:TrackPointExtension></extensions></trkpt><trkpt lat="56.639177" lon="38.099672"><ele>138.8</ele><time>2026-07-06T11:27:40Z</time><extensions><gpxtpx:TrackPointExtension><gpxtpx:hr>143</gpxtpx:hr></gpxtpx:TrackPointExtension></extensions></trkpt><trkpt lat="56.639157" lon="38.099682"><ele>138.8</ele><time>2026-07-06T11:27:41Z</time><extensions><gpxtpx:TrackPointExtension><gpxtpx:hr>144</gpxtpx:hr></gpxtpx:TrackPointExtension></extensions></trkpt><trkpt lat="56.639137" lon="38.09969"><ele>138.8</ele><time>2026-07-06T11:27:42Z</time><extensions><gpxtpx:TrackPointExtension><gpxtpx:hr>144</gpxtpx:hr></gpxtpx:TrackPointExtension></extensions></trkpt><trkpt lat="56.639117" lon="38.099697"><ele>138.8</ele><time>2026-07-06T11:27:43Z</time><extensions><gpxtpx:TrackPointExtension><gpxtpx:hr>144</gpxtpx:hr></gpxtpx:TrackPointExtension></extensions></trkpt><trkpt lat="56.639097" lon="38.099705"><ele>138.8</ele><time>2026-07-06T11:27:44Z</time><extensions><gpxtpx:TrackPointExtension><gpxtpx:hr>143</gpxtpx:hr></gpxtpx:TrackPointExtension></extensions></trkpt><trkpt lat="56.639075" lon="38.099712"><ele>138.6</ele><time>2026-07-06T11:27:45Z</time><extensions><gpxtpx:TrackPointExtension><gpxtpx:hr>143</gpxtpx:hr></gpxtpx:TrackPointExtension></extensions></trkpt><trkpt lat="56.639055" lon="38.099717"><ele>138.4</ele><time>2026-07-06T11:27:46Z</time><extensions><gpxtpx:TrackPointExtension><gpxtpx:hr>144</gpxtpx:hr></gpxtpx:TrackPointExtension></extensions></trkpt><trkpt lat="56.639035" lon="38.099725"><ele>138.4</ele><time>2026-07-06T11:27:47Z</time><extensions><gpxtpx:TrackPointExtension><gpxtpx:hr>143</gpxtpx:hr></gpxtpx:TrackPointExtension></extensions></trkpt><trkpt lat="56.639012" lon="38.099737"><ele>138.4</ele><time>2026-07-06T11:27:48Z</time><extensions><gpxtpx:TrackPointExtension><gpxtpx:hr>143</gpxtpx:hr></gpxtpx:TrackPointExtension></extensions></trkpt><trkpt lat="56.638992" lon="38.099742"><ele>138.4</ele><time>2026-07-06T11:27:49Z</time><extensions><gpxtpx:TrackPointExtension><gpxtpx:hr>143</gpxtpx:hr></gpxtpx:TrackPointExtension></extensions></trkpt><trkpt lat="56.638972" lon="38.099752"><ele>138.6</ele><time>2026-07-06T11:27:50Z</time><extensions><gpxtpx:TrackPointExtension><gpxtpx:hr>143</gpxtpx:hr></gpxtpx:TrackPointExtension></extensions></trkpt><trkpt lat="56.638952" lon="38.09976"><ele>138.6</ele><time>2026-07-06T11:27:51Z</time><extensions><gpxtpx:TrackPointExtension><gpxtpx:hr>143</gpxtpx:hr></gpxtpx:TrackPointExtension></extensions></trkpt><trkpt lat="56.638932" lon="38.09977"><ele>138.6</ele><time>2026-07-06T11:27:52Z</time><extensions><gpxtpx:TrackPointExtension><gpxtpx:hr>142</gpxtpx:hr></gpxtpx:TrackPointExtension></extensions></trkpt><trkpt lat="56.638912" lon="38.099777"><ele>138.6</ele><time>2026-07-06T11:27:53Z</time><extensions><gpxtpx:TrackPointExtension><gpxtpx:hr>142</gpxtpx:hr></gpxtpx:TrackPointExtension></extensions></trkpt><trkpt lat="56.63889" lon="38.099787"><ele>138.4</ele><time>2026-07-06T11:27:54Z</time><extensions><gpxtpx:TrackPointExtension><gpxtpx:hr>141</gpxtpx:hr></gpxtpx:TrackPointExtension></extensions></trkpt><trkpt lat="56.638867" lon="38.099797"><ele>138.6</ele><time>2026-07-06T11:27:55Z</time><extensions><gpxtpx:TrackPointExtension><gpxtpx:hr>141</gpxtpx:hr></gpxtpx:TrackPointExtension></extensions></trkpt><trkpt lat="56.638847" lon="38.099807"><ele>138.6</ele><time>2026-07-06T11:27:56Z</time><extensions><gpxtpx:TrackPointExtension><gpxtpx:hr>141</gpxtpx:hr></gpxtpx:TrackPointExtension></extensions></trkpt><trkpt lat="56.638827" lon="38.099815"><ele>138.6</ele><time>2026-07-06T11:27:57Z</time><extensions><gpxtpx:TrackPointExtension><gpxtpx:hr>141</gpxtpx:hr></gpxtpx:TrackPointExtension></extensions></trkpt><trkpt lat="56.638805" lon="38.099825"><ele>138.6</ele><time>2026-07-06T11:27:58Z</time><extensions><gpxtpx:TrackPointExtension><gpxtpx:hr>142</gpxtpx:hr></gpxtpx:TrackPointExtension></extensions></trkpt><trkpt lat="56.638787" lon="38.099837"><ele>138.6</ele><time>2026-07-06T11:27:59Z</time><extensions><gpxtpx:TrackPointExtension><gpxtpx:hr>142</gpxtpx:hr></gpxtpx:TrackPointExtension></extensions></trkpt><trkpt lat="56.638767" lon="38.099845"><ele>138.6</ele><time>2026-07-06T11:28:00Z</time><extensions><gpxtpx:TrackPointExtension><gpxtpx:hr>141</gpxtpx:hr></gpxtpx:TrackPointExtension></extensions></trkpt><trkpt lat="56.638742" lon="38.09985"><ele>138.8</ele><time>2026-07-06T11:28:01Z</time><extensions><gpxtpx:TrackPointExtension><gpxtpx:hr>141</gpxtpx:hr></gpxtpx:TrackPointExtension></extensions></trkpt><trkpt lat="56.63872" lon="38.099857"><ele>138.8</ele><time>2026-07-06T11:28:02Z</time><extensions><gpxtpx:TrackPointExtension><gpxtpx:hr>141</gpxtpx:hr></gpxtpx:TrackPointExtension></extensions></trkpt><trkpt lat="56.638697" lon="38.09986"><ele>138.8</ele><time>2026-07-06T11:28:03Z</time><extensions><gpxtpx:TrackPointExtension><gpxtpx:hr>142</gpxtpx:hr></gpxtpx:TrackPointExtension></extensions></trkpt><trkpt lat="56.638677" lon="38.09987"><ele>138.6</ele><time>2026-07-06T11:28:04Z</time><extensions><gpxtpx:TrackPointExtension><gpxtpx:hr>142</gpxtpx:hr></gpxtpx:TrackPointExtension></extensions></trkpt><trkpt lat="56.638657" lon="38.099877"><ele>138.8</ele><time>2026-07-06T11:28:05Z</time><extensions><gpxtpx:TrackPointExtension><gpxtpx:hr>141</gpxtpx:hr></gpxtpx:TrackPointExtension></extensions></trkpt><trkpt lat="56.638635" lon="38.099882"><ele>138.6</ele><time>2026-07-06T11:28:06Z</time><extensions><gpxtpx:TrackPointExtension><gpxtpx:hr>141</gpxtpx:hr></gpxtpx:TrackPointExtension></extensions></trkpt><trkpt lat="56.638612" lon="38.099892"><ele>138.6</ele><time>2026-07-06T11:28:07Z</time><extensions><gpxtpx:TrackPointExtension><gpxtpx:hr>141</gpxtpx:hr></gpxtpx:TrackPointExtension></extensions></trkpt><trkpt lat="56.63859" lon="38.099902"><ele>138.6</ele><time>2026-07-06T11:28:08Z</time><extensions><gpxtpx:TrackPointExtension><gpxtpx:hr>142</gpxtpx:hr></gpxtpx:TrackPointExtension></extensions></trkpt><trkpt lat="56.638567" lon="38.099912"><ele>138.6</ele><time>2026-07-06T11:28:09Z</time><extensions><gpxtpx:TrackPointExtension><gpxtpx:hr>141</gpxtpx:hr></gpxtpx:TrackPointExtension></extensions></trkpt><trkpt lat="56.638542" lon="38.099922"><ele>138.8</ele><time>2026-07-06T11:28:10Z</time><extensions><gpxtpx:TrackPointExtension><gpxtpx:hr>142</gpxtpx:hr></gpxtpx:TrackPointExtension></extensions></trkpt><trkpt lat="56.638517" lon="38.099932"><ele>138.6</ele><time>2026-07-06T11:28:11Z</time><extensions><gpxtpx:TrackPointExtension><gpxtpx:hr>142</gpxtpx:hr></gpxtpx:TrackPointExtension></extensions></trkpt><trkpt lat="56.638497" lon="38.09994"><ele>138.6</ele><time>2026-07-06T11:28:12Z</time><extensions><gpxtpx:TrackPointExtension><gpxtpx:hr>141</gpxtpx:hr></gpxtpx:TrackPointExtension></extensions></trkpt><trkpt lat="56.638477" lon="38.099947"><ele>138.4</ele><time>2026-07-06T11:28:13Z</time><extensions><gpxtpx:TrackPointExtension><gpxtpx:hr>142</gpxtpx:hr></gpxtpx:TrackPointExtension></extensions></trkpt><trkpt lat="56.638452" lon="38.099957"><ele>138.4</ele><time>2026-07-06T11:28:14Z</time><extensions><gpxtpx:TrackPointExtension><gpxtpx:hr>142</gpxtpx:hr></gpxtpx:TrackPointExtension></extensions></trkpt><trkpt lat="56.638432" lon="38.099962"><ele>138.2</ele><time>2026-07-06T11:28:15Z</time><extensions><gpxtpx:TrackPointExtension><gpxtpx:hr>143</gpxtpx:hr></gpxtpx:TrackPointExtension></extensions></trkpt><trkpt lat="56.638412" lon="38.099982"><ele>138.4</ele><time>2026-07-06T11:28:16Z</time><extensions><gpxtpx:TrackPointExtension><gpxtpx:hr>143</gpxtpx:hr></gpxtpx:TrackPointExtension></extensions></trkpt><trkpt lat="56.638392" lon="38.099992"><ele>138.4</ele><time>2026-07-06T11:28:17Z</time><extensions><gpxtpx:TrackPointExtension><gpxtpx:hr>143</gpxtpx:hr></gpxtpx:TrackPointExtension></extensions></trkpt><trkpt lat="56.638372" lon="38.099997"><ele>138.2</ele><time>2026-07-06T11:28:18Z</time><extensions><gpxtpx:TrackPointExtension><gpxtpx:hr>143</gpxtpx:hr></gpxtpx:TrackPointExtension></extensions></trkpt><trkpt lat="56.638352" lon="38.100002"><ele>138.4</ele><time>2026-07-06T11:28:19Z</time><extensions><gpxtpx:TrackPointExtension><gpxtpx:hr>143</gpxtpx:hr></gpxtpx:TrackPointExtension></extensions></trkpt><trkpt lat="56.638332" lon="38.100015"><ele>138.4</ele><time>2026-07-06T11:28:20Z</time><extensions><gpxtpx:TrackPointExtension><gpxtpx:hr>144</gpxtpx:hr></gpxtpx:TrackPointExtension></extensions></trkpt><trkpt lat="56.638312" lon="38.100027"><ele>138.4</ele><time>2026-07-06T11:28:21Z</time><extensions><gpxtpx:TrackPointExtension><gpxtpx:hr>144</gpxtpx:hr></gpxtpx:TrackPointExtension></extensions></trkpt><trkpt lat="56.638282" lon="38.100055"><ele>138.2</ele><time>2026-07-06T11:28:23Z</time><extensions><gpxtpx:TrackPointExtension><gpxtpx:hr>144</gpxtpx:hr></gpxtpx:TrackPointExtension></extensions></trkpt><trkpt lat="56.638245" lon="38.100073"><ele>138.4</ele><time>2026-07-06T11:28:25Z</time><extensions><gpxtpx:TrackPointExtension><gpxtpx:hr>144</gpxtpx:hr></gpxtpx:TrackPointExtension></extensions></trkpt><trkpt lat="56.638223" lon="38.100085"><ele>138.4</ele><time>2026-07-06T11:28:26Z</time><extensions><gpxtpx:TrackPointExtension><gpxtpx:hr>144</gpxtpx:hr></gpxtpx:TrackPointExtension></extensions></trkpt><trkpt lat="56.638202" lon="38.100092"><ele>138.4</ele><time>2026-07-06T11:28:27Z</time><extensions><gpxtpx:TrackPointExtension><gpxtpx:hr>143</gpxtpx:hr></gpxtpx:TrackPointExtension></extensions></trkpt><trkpt lat="56.638182" lon="38.100097"><ele>138.2</ele><time>2026-07-06T11:28:28Z</time><extensions><gpxtpx:TrackPointExtension><gpxtpx:hr>144</gpxtpx:hr></gpxtpx:TrackPointExtension></extensions></trkpt><trkpt lat="56.638157" lon="38.100105"><ele>138.0</ele><time>2026-07-06T11:28:29Z</time><extensions><gpxtpx:TrackPointExtension><gpxtpx:hr>144</gpxtpx:hr></gpxtpx:TrackPointExtension></extensions></trkpt><trkpt lat="56.638137" lon="38.100117"><ele>138.0</ele><time>2026-07-06T11:28:30Z</time><extensions><gpxtpx:TrackPointExtension><gpxtpx:hr>144</gpxtpx:hr></gpxtpx:TrackPointExtension></extensions></trkpt><trkpt lat="56.638115" lon="38.100127"><ele>138.0</ele><time>2026-07-06T11:28:31Z</time><extensions><gpxtpx:TrackPointExtension><gpxtpx:hr>144</gpxtpx:hr></gpxtpx:TrackPointExtension></extensions></trkpt><trkpt lat="56.638092" lon="38.10014"><ele>138.0</ele><time>2026-07-06T11:28:32Z</time><extensions><gpxtpx:TrackPointExtension><gpxtpx:hr>143</gpxtpx:hr></gpxtpx:TrackPointExtension></extensions></trkpt><trkpt lat="56.63807" lon="38.10015"><ele>137.8</ele><time>2026-07-06T11:28:33Z</time><extensions><gpxtpx:TrackPointExtension><gpxtpx:hr>143</gpxtpx:hr></gpxtpx:TrackPointExtension></extensions></trkpt><trkpt lat="56.638047" lon="38.10016"><ele>137.8</ele><time>2026-07-06T11:28:34Z</time><extensions><gpxtpx:TrackPointExtension><gpxtpx:hr>144</gpxtpx:hr></gpxtpx:TrackPointExtension></extensions></trkpt><trkpt lat="56.638025" lon="38.100165"><ele>137.8</ele><time>2026-07-06T11:28:35Z</time><extensions><gpxtpx:TrackPointExtension><gpxtpx:hr>144</gpxtpx:hr></gpxtpx:TrackPointExtension></extensions></trkpt><trkpt lat="56.637998" lon="38.100167"><ele>138.0</ele><time>2026-07-06T11:28:36Z</time><extensions><gpxtpx:TrackPointExtension><gpxtpx:hr>143</gpxtpx:hr></gpxtpx:TrackPointExtension></extensions></trkpt><trkpt lat="56.637977" lon="38.100172"><ele>138.0</ele><time>2026-07-06T11:28:37Z</time><extensions><gpxtpx:TrackPointExtension><gpxtpx:hr>144</gpxtpx:hr></gpxtpx:TrackPointExtension></extensions></trkpt><trkpt lat="56.637952" lon="38.100177"><ele>138.0</ele><time>2026-07-06T11:28:38Z</time><extensions><gpxtpx:TrackPointExtension><gpxtpx:hr>144</gpxtpx:hr></gpxtpx:TrackPointExtension></extensions></trkpt><trkpt lat="56.637927" lon="38.100187"><ele>138.0</ele><time>2026-07-06T11:28:39Z</time><extensions><gpxtpx:TrackPointExtension><gpxtpx:hr>144</gpxtpx:hr></gpxtpx:TrackPointExtension></extensions></trkpt><trkpt lat="56.637907" lon="38.100195"><ele>138.0</ele><time>2026-07-06T11:28:40Z</time><extensions><gpxtpx:TrackPointExtension><gpxtpx:hr>144</gpxtpx:hr></gpxtpx:TrackPointExtension></extensions></trkpt><trkpt lat="56.637887" lon="38.100202"><ele>138.0</ele><time>2026-07-06T11:28:41Z</time><extensions><gpxtpx:TrackPointExtension><gpxtpx:hr>144</gpxtpx:hr></gpxtpx:TrackPointExtension></extensions></trkpt><trkpt lat="56.637865" lon="38.10021"><ele>138.0</ele><time>2026-07-06T11:28:42Z</time><extensions><gpxtpx:TrackPointExtension><gpxtpx:hr>145</gpxtpx:hr></gpxtpx:TrackPointExtension></extensions></trkpt><trkpt lat="56.637842" lon="38.100217"><ele>138.0</ele><time>2026-07-06T11:28:43Z</time><extensions><gpxtpx:TrackPointExtension><gpxtpx:hr>144</gpxtpx:hr></gpxtpx:TrackPointExtension></extensions></trkpt><trkpt lat="56.637822" lon="38.100222"><ele>138.0</ele><time>2026-07-06T11:28:44Z</time><extensions><gpxtpx:TrackPointExtension><gpxtpx:hr>145</gpxtpx:hr></gpxtpx:TrackPointExtension></extensions></trkpt><trkpt lat="56.637805" lon="38.100237"><ele>138.0</ele><time>2026-07-06T11:28:45Z</time><extensions><gpxtpx:TrackPointExtension><gpxtpx:hr>144</gpxtpx:hr></gpxtpx:TrackPointExtension></extensions></trkpt><trkpt lat="56.637785" lon="38.100247"><ele>138.0</ele><time>2026-07-06T11:28:46Z</time><extensions><gpxtpx:TrackPointExtension><gpxtpx:hr>144</gpxtpx:hr></gpxtpx:TrackPointExtension></extensions></trkpt><trkpt lat="56.637762" lon="38.100257"><ele>138.0</ele><time>2026-07-06T11:28:47Z</time><extensions><gpxtpx:TrackPointExtension><gpxtpx:hr>145</gpxtpx:hr></gpxtpx:TrackPointExtension></extensions></trkpt><trkpt lat="56.637742" lon="38.100265"><ele>138.0</ele><time>2026-07-06T11:28:48Z</time><extensions><gpxtpx:TrackPointExtension><gpxtpx:hr>144</gpxtpx:hr></gpxtpx:TrackPointExtension></extensions></trkpt><trkpt lat="56.63772" lon="38.10027"><ele>137.8</ele><time>2026-07-06T11:28:49Z</time><extensions><gpxtpx:TrackPointExtension><gpxtpx:hr>144</gpxtpx:hr></gpxtpx:TrackPointExtension></extensions></trkpt><trkpt lat="56.637697" lon="38.100275"><ele>137.8</ele><time>2026-07-06T11:28:50Z</time><extensions><gpxtpx:TrackPointExtension><gpxtpx:hr>144</gpxtpx:hr></gpxtpx:TrackPointExtension></extensions></trkpt><trkpt lat="56.637677" lon="38.100282"><ele>137.8</ele><time>2026-07-06T11:28:51Z</time><extensions><gpxtpx:TrackPointExtension><gpxtpx:hr>145</gpxtpx:hr></gpxtpx:TrackPointExtension></extensions></trkpt><trkpt lat="56.637655" lon="38.100292"><ele>137.8</ele><time>2026-07-06T11:28:52Z</time><extensions><gpxtpx:TrackPointExtension><gpxtpx:hr>145</gpxtpx:hr></gpxtpx:TrackPointExtension></extensions></trkpt><trkpt lat="56.637635" lon="38.100302"><ele>137.8</ele><time>2026-07-06T11:28:53Z</time><extensions><gpxtpx:TrackPointExtension><gpxtpx:hr>144</gpxtpx:hr></gpxtpx:TrackPointExtension></extensions></trkpt><trkpt lat="56.637612" lon="38.100307"><ele>137.8</ele><time>2026-07-06T11:28:54Z</time><extensions><gpxtpx:TrackPointExtension><gpxtpx:hr>144</gpxtpx:hr></gpxtpx:TrackPointExtension></extensions></trkpt><trkpt lat="56.637592" lon="38.100317"><ele>138.0</ele><time>2026-07-06T11:28:55Z</time><extensions><gpxtpx:TrackPointExtension><gpxtpx:hr>144</gpxtpx:hr></gpxtpx:TrackPointExtension></extensions></trkpt><trkpt lat="56.63757" lon="38.100327"><ele>138.0</ele><time>2026-07-06T11:28:56Z</time><extensions><gpxtpx:TrackPointExtension><gpxtpx:hr>144</gpxtpx:hr></gpxtpx:TrackPointExtension></extensions></trkpt><trkpt lat="56.637552" lon="38.10034"><ele>138.0</ele><time>2026-07-06T11:28:57Z</time><extensions><gpxtpx:TrackPointExtension><gpxtpx:hr>144</gpxtpx:hr></gpxtpx:TrackPointExtension></extensions></trkpt><trkpt lat="56.63753" lon="38.100345"><ele>138.0</ele><time>2026-07-06T11:28:58Z</time><extensions><gpxtpx:TrackPointExtension><gpxtpx:hr>144</gpxtpx:hr></gpxtpx:TrackPointExtension></extensions></trkpt><trkpt lat="56.637507" lon="38.100355"><ele>138.0</ele><time>2026-07-06T11:28:59Z</time><extensions><gpxtpx:TrackPointExtension><gpxtpx:hr>144</gpxtpx:hr></gpxtpx:TrackPointExtension></extensions></trkpt><trkpt lat="56.637487" lon="38.100365"><ele>138.0</ele><time>2026-07-06T11:29:00Z</time><extensions><gpxtpx:TrackPointExtension><gpxtpx:hr>144</gpxtpx:hr></gpxtpx:TrackPointExtension></extensions></trkpt><trkpt lat="56.637467" lon="38.100377"><ele>138.0</ele><time>2026-07-06T11:29:01Z</time><extensions><gpxtpx:TrackPointExtension><gpxtpx:hr>144</gpxtpx:hr></gpxtpx:TrackPointExtension></extensions></trkpt><trkpt lat="56.637445" lon="38.100387"><ele>138.0</ele><time>2026-07-06T11:29:02Z</time><extensions><gpxtpx:TrackPointExtension><gpxtpx:hr>145</gpxtpx:hr></gpxtpx:TrackPointExtension></extensions></trkpt><trkpt lat="56.637422" lon="38.100397"><ele>137.8</ele><time>2026-07-06T11:29:03Z</time><extensions><gpxtpx:TrackPointExtension><gpxtpx:hr>144</gpxtpx:hr></gpxtpx:TrackPointExtension></extensions></trkpt><trkpt lat="56.637402" lon="38.100407"><ele>137.8</ele><time>2026-07-06T11:29:04Z</time><extensions><gpxtpx:TrackPointExtension><gpxtpx:hr>144</gpxtpx:hr></gpxtpx:TrackPointExtension></extensions></trkpt><trkpt lat="56.63738" lon="38.100412"><ele>137.8</ele><time>2026-07-06T11:29:05Z</time><extensions><gpxtpx:TrackPointExtension><gpxtpx:hr>144</gpxtpx:hr></gpxtpx:TrackPointExtension></extensions></trkpt><trkpt lat="56.63736" lon="38.100412"><ele>137.8</ele><time>2026-07-06T11:29:06Z</time><extensions><gpxtpx:TrackPointExtension><gpxtpx:hr>144</gpxtpx:hr></gpxtpx:TrackPointExtension></extensions></trkpt><trkpt lat="56.637337" lon="38.100422"><ele>137.6</ele><time>2026-07-06T11:29:07Z</time><extensions><gpxtpx:TrackPointExtension><gpxtpx:hr>144</gpxtpx:hr></gpxtpx:TrackPointExtension></extensions></trkpt><trkpt lat="56.637317" lon="38.100427"><ele>137.6</ele><time>2026-07-06T11:29:08Z</time><extensions><gpxtpx:TrackPointExtension><gpxtpx:hr>144</gpxtpx:hr></gpxtpx:TrackPointExtension></extensions></trkpt><trkpt lat="56.637295" lon="38.100432"><ele>137.8</ele><time>2026-07-06T11:29:09Z</time><extensions><gpxtpx:TrackPointExtension><gpxtpx:hr>144</gpxtpx:hr></gpxtpx:TrackPointExtension></extensions></trkpt><trkpt lat="56.637272" lon="38.10044"><ele>137.8</ele><time>2026-07-06T11:29:10Z</time><extensions><gpxtpx:TrackPointExtension><gpxtpx:hr>144</gpxtpx:hr></gpxtpx:TrackPointExtension></extensions></trkpt><trkpt lat="56.637252" lon="38.100452"><ele>137.8</ele><time>2026-07-06T11:29:11Z</time><extensions><gpxtpx:TrackPointExtension><gpxtpx:hr>144</gpxtpx:hr></gpxtpx:TrackPointExtension></extensions></trkpt><trkpt lat="56.637232" lon="38.100457"><ele>137.8</ele><time>2026-07-06T11:29:12Z</time><extensions><gpxtpx:TrackPointExtension><gpxtpx:hr>143</gpxtpx:hr></gpxtpx:TrackPointExtension></extensions></trkpt><trkpt lat="56.637212" lon="38.100465"><ele>137.8</ele><time>2026-07-06T11:29:13Z</time><extensions><gpxtpx:TrackPointExtension><gpxtpx:hr>143</gpxtpx:hr></gpxtpx:TrackPointExtension></extensions></trkpt><trkpt lat="56.637192" lon="38.100467"><ele>137.8</ele><time>2026-07-06T11:29:14Z</time><extensions><gpxtpx:TrackPointExtension><gpxtpx:hr>143</gpxtpx:hr></gpxtpx:TrackPointExtension></extensions></trkpt><trkpt lat="56.637172" lon="38.100475"><ele>137.8</ele><time>2026-07-06T11:29:15Z</time><extensions><gpxtpx:TrackPointExtension><gpxtpx:hr>144</gpxtpx:hr></gpxtpx:TrackPointExtension></extensions></trkpt><trkpt lat="56.637147" lon="38.100485"><ele>138.0</ele><time>2026-07-06T11:29:16Z</time><extensions><gpxtpx:TrackPointExtension><gpxtpx:hr>143</gpxtpx:hr></gpxtpx:TrackPointExtension></extensions></trkpt><trkpt lat="56.637125" lon="38.100497"><ele>138.0</ele><time>2026-07-06T11:29:17Z</time><extensions><gpxtpx:TrackPointExtension><gpxtpx:hr>143</gpxtpx:hr></gpxtpx:TrackPointExtension></extensions></trkpt><trkpt lat="56.637105" lon="38.100512"><ele>138.0</ele><time>2026-07-06T11:29:18Z</time><extensions><gpxtpx:TrackPointExtension><gpxtpx:hr>143</gpxtpx:hr></gpxtpx:TrackPointExtension></extensions></trkpt><trkpt lat="56.637085" lon="38.100522"><ele>138.0</ele><time>2026-07-06T11:29:19Z</time><extensions><gpxtpx:TrackPointExtension><gpxtpx:hr>142</gpxtpx:hr></gpxtpx:TrackPointExtension></extensions></trkpt><trkpt lat="56.637067" lon="38.100532"><ele>137.8</ele><time>2026-07-06T11:29:20Z</time><extensions><gpxtpx:TrackPointExtension><gpxtpx:hr>143</gpxtpx:hr></gpxtpx:TrackPointExtension></extensions></trkpt><trkpt lat="56.637045" lon="38.100537"><ele>137.8</ele><time>2026-07-06T11:29:21Z</time><extensions><gpxtpx:TrackPointExtension><gpxtpx:hr>143</gpxtpx:hr></gpxtpx:TrackPointExtension></extensions></trkpt><trkpt lat="56.637025" lon="38.100542"><ele>137.8</ele><time>2026-07-06T11:29:22Z</time><extensions><gpxtpx:TrackPointExtension><gpxtpx:hr>143</gpxtpx:hr></gpxtpx:TrackPointExtension></extensions></trkpt><trkpt lat="56.636992" lon="38.100562"><ele>137.8</ele><time>2026-07-06T11:29:24Z</time><extensions><gpxtpx:TrackPointExtension><gpxtpx:hr>144</gpxtpx:hr></gpxtpx:TrackPointExtension></extensions></trkpt><trkpt lat="56.636972" lon="38.100567"><ele>137.8</ele><time>2026-07-06T11:29:25Z</time><extensions><gpxtpx:TrackPointExtension><gpxtpx:hr>144</gpxtpx:hr></gpxtpx:TrackPointExtension></extensions></trkpt><trkpt lat="56.636952" lon="38.100572"><ele>137.8</ele><time>2026-07-06T11:29:26Z</time><extensions><gpxtpx:TrackPointExtension><gpxtpx:hr>143</gpxtpx:hr></gpxtpx:TrackPointExtension></extensions></trkpt><trkpt lat="56.636932" lon="38.100575"><ele>137.6</ele><time>2026-07-06T11:29:27Z</time><extensions><gpxtpx:TrackPointExtension><gpxtpx:hr>143</gpxtpx:hr></gpxtpx:TrackPointExtension></extensions></trkpt><trkpt lat="56.636912" lon="38.100582"><ele>137.6</ele><time>2026-07-06T11:29:28Z</time><extensions><gpxtpx:TrackPointExtension><gpxtpx:hr>143</gpxtpx:hr></gpxtpx:TrackPointExtension></extensions></trkpt><trkpt lat="56.636887" lon="38.100587"><ele>137.6</ele><time>2026-07-06T11:29:29Z</time><extensions><gpxtpx:TrackPointExtension><gpxtpx:hr>144</gpxtpx:hr></gpxtpx:TrackPointExtension></extensions></trkpt><trkpt lat="56.636867" lon="38.100592"><ele>137.6</ele><time>2026-07-06T11:29:30Z</time><extensions><gpxtpx:TrackPointExtension><gpxtpx:hr>144</gpxtpx:hr></gpxtpx:TrackPointExtension></extensions></trkpt><trkpt lat="56.636847" lon="38.100602"><ele>137.6</ele><time>2026-07-06T11:29:31Z</time><extensions><gpxtpx:TrackPointExtension><gpxtpx:hr>143</gpxtpx:hr></gpxtpx:TrackPointExtension></extensions></trkpt><trkpt lat="56.636827" lon="38.100607"><ele>137.6</ele><time>2026-07-06T11:29:32Z</time><extensions><gpxtpx:TrackPointExtension><gpxtpx:hr>143</gpxtpx:hr></gpxtpx:TrackPointExtension></extensions></trkpt><trkpt lat="56.636805" lon="38.100617"><ele>137.6</ele><time>2026-07-06T11:29:33Z</time><extensions><gpxtpx:TrackPointExtension><gpxtpx:hr>144</gpxtpx:hr></gpxtpx:TrackPointExtension></extensions></trkpt><trkpt lat="56.636782" lon="38.100627"><ele>137.6</ele><time>2026-07-06T11:29:34Z</time><extensions><gpxtpx:TrackPointExtension><gpxtpx:hr>143</gpxtpx:hr></gpxtpx:TrackPointExtension></extensions></trkpt><trkpt lat="56.636762" lon="38.100637"><ele>137.8</ele><time>2026-07-06T11:29:35Z</time><extensions><gpxtpx:TrackPointExtension><gpxtpx:hr>143</gpxtpx:hr></gpxtpx:TrackPointExtension></extensions></trkpt><trkpt lat="56.636742" lon="38.100642"><ele>137.8</ele><time>2026-07-06T11:29:36Z</time><extensions><gpxtpx:TrackPointExtension><gpxtpx:hr>143</gpxtpx:hr></gpxtpx:TrackPointExtension></extensions></trkpt><trkpt lat="56.636722" lon="38.10065"><ele>137.8</ele><time>2026-07-06T11:29:37Z</time><extensions><gpxtpx:TrackPointExtension><gpxtpx:hr>144</gpxtpx:hr></gpxtpx:TrackPointExtension></extensions></trkpt><trkpt lat="56.636702" lon="38.100657"><ele>137.6</ele><time>2026-07-06T11:29:38Z</time><extensions><gpxtpx:TrackPointExtension><gpxtpx:hr>144</gpxtpx:hr></gpxtpx:TrackPointExtension></extensions></trkpt><trkpt lat="56.636677" lon="38.100667"><ele>137.6</ele><time>2026-07-06T11:29:39Z</time><extensions><gpxtpx:TrackPointExtension><gpxtpx:hr>144</gpxtpx:hr></gpxtpx:TrackPointExtension></extensions></trkpt><trkpt lat="56.636657" lon="38.100675"><ele>137.6</ele><time>2026-07-06T11:29:40Z</time><extensions><gpxtpx:TrackPointExtension><gpxtpx:hr>143</gpxtpx:hr></gpxtpx:TrackPointExtension></extensions></trkpt><trkpt lat="56.636633" lon="38.100685"><ele>137.6</ele><time>2026-07-06T11:29:41Z</time><extensions><gpxtpx:TrackPointExtension><gpxtpx:hr>144</gpxtpx:hr></gpxtpx:TrackPointExtension></extensions></trkpt><trkpt lat="56.636612" lon="38.100695"><ele>137.8</ele><time>2026-07-06T11:29:42Z</time><extensions><gpxtpx:TrackPointExtension><gpxtpx:hr>144</gpxtpx:hr></gpxtpx:TrackPointExtension></extensions></trkpt><trkpt lat="56.636592" lon="38.100707"><ele>137.8</ele><time>2026-07-06T11:29:43Z</time><extensions><gpxtpx:TrackPointExtension><gpxtpx:hr>144</gpxtpx:hr></gpxtpx:TrackPointExtension></extensions></trkpt><trkpt lat="56.636572" lon="38.100717"><ele>137.8</ele><time>2026-07-06T11:29:44Z</time><extensions><gpxtpx:TrackPointExtension><gpxtpx:hr>143</gpxtpx:hr></gpxtpx:TrackPointExtension></extensions></trkpt><trkpt lat="56.636537" lon="38.100737"><ele>137.8</ele><time>2026-07-06T11:29:46Z</time><extensions><gpxtpx:TrackPointExtension><gpxtpx:hr>144</gpxtpx:hr></gpxtpx:TrackPointExtension></extensions></trkpt><trkpt lat="56.63652" lon="38.100747"><ele>137.8</ele><time>2026-07-06T11:29:47Z</time><extensions><gpxtpx:TrackPointExtension><gpxtpx:hr>144</gpxtpx:hr></gpxtpx:TrackPointExtension></extensions></trkpt><trkpt lat="56.6365" lon="38.10076"><ele>137.8</ele><time>2026-07-06T11:29:48Z</time><extensions><gpxtpx:TrackPointExtension><gpxtpx:hr>143</gpxtpx:hr></gpxtpx:TrackPointExtension></extensions></trkpt><trkpt lat="56.636482" lon="38.100777"><ele>137.8</ele><time>2026-07-06T11:29:49Z</time><extensions><gpxtpx:TrackPointExtension><gpxtpx:hr>143</gpxtpx:hr></gpxtpx:TrackPointExtension></extensions></trkpt><trkpt lat="56.636462" lon="38.100797"><ele>137.8</ele><time>2026-07-06T11:29:50Z</time><extensions><gpxtpx:TrackPointExtension><gpxtpx:hr>143</gpxtpx:hr></gpxtpx:TrackPointExtension></extensions></trkpt><trkpt lat="56.636447" lon="38.100815"><ele>137.8</ele><time>2026-07-06T11:29:51Z</time><extensions><gpxtpx:TrackPointExtension><gpxtpx:hr>144</gpxtpx:hr></gpxtpx:TrackPointExtension></extensions></trkpt><trkpt lat="56.63643" lon="38.100832"><ele>137.8</ele><time>2026-07-06T11:29:52Z</time><extensions><gpxtpx:TrackPointExtension><gpxtpx:hr>144</gpxtpx:hr></gpxtpx:TrackPointExtension></extensions></trkpt><trkpt lat="56.636397" lon="38.100857"><ele>137.8</ele><time>2026-07-06T11:29:54Z</time><extensions><gpxtpx:TrackPointExtension><gpxtpx:hr>144</gpxtpx:hr></gpxtpx:TrackPointExtension></extensions></trkpt><trkpt lat="56.636362" lon="38.10088"><ele>138.0</ele><time>2026-07-06T11:29:56Z</time><extensions><gpxtpx:TrackPointExtension><gpxtpx:hr>144</gpxtpx:hr></gpxtpx:TrackPointExtension></extensions></trkpt><trkpt lat="56.636342" lon="38.100887"><ele>138.0</ele><time>2026-07-06T11:29:57Z</time><extensions><gpxtpx:TrackPointExtension><gpxtpx:hr>145</gpxtpx:hr></gpxtpx:TrackPointExtension></extensions></trkpt><trkpt lat="56.636322" lon="38.100897"><ele>138.0</ele><time>2026-07-06T11:29:58Z</time><extensions><gpxtpx:TrackPointExtension><gpxtpx:hr>144</gpxtpx:hr></gpxtpx:TrackPointExtension></extensions></trkpt><trkpt lat="56.6363" lon="38.100903"><ele>138.0</ele><time>2026-07-06T11:29:59Z</time><extensions><gpxtpx:TrackPointExtension><gpxtpx:hr>144</gpxtpx:hr></gpxtpx:TrackPointExtension></extensions></trkpt><trkpt lat="56.636277" lon="38.100915"><ele>138.0</ele><time>2026-07-06T11:30:00Z</time><extensions><gpxtpx:TrackPointExtension><gpxtpx:hr>144</gpxtpx:hr></gpxtpx:TrackPointExtension></extensions></trkpt><trkpt lat="56.636257" lon="38.100922"><ele>138.0</ele><time>2026-07-06T11:30:01Z</time><extensions><gpxtpx:TrackPointExtension><gpxtpx:hr>144</gpxtpx:hr></gpxtpx:TrackPointExtension></extensions></trkpt><trkpt lat="56.636237" lon="38.10093"><ele>138.0</ele><time>2026-07-06T11:30:02Z</time><extensions><gpxtpx:TrackPointExtension><gpxtpx:hr>144</gpxtpx:hr></gpxtpx:TrackPointExtension></extensions></trkpt><trkpt lat="56.636217" lon="38.100942"><ele>137.8</ele><time>2026-07-06T11:30:03Z</time><extensions><gpxtpx:TrackPointExtension><gpxtpx:hr>143</gpxtpx:hr></gpxtpx:TrackPointExtension></extensions></trkpt><trkpt lat="56.636197" lon="38.100955"><ele>137.8</ele><time>2026-07-06T11:30:04Z</time><extensions><gpxtpx:TrackPointExtension><gpxtpx:hr>143</gpxtpx:hr></gpxtpx:TrackPointExtension></extensions></trkpt><trkpt lat="56.636177" lon="38.100962"><ele>137.8</ele><time>2026-07-06T11:30:05Z</time><extensions><gpxtpx:TrackPointExtension><gpxtpx:hr>143</gpxtpx:hr></gpxtpx:TrackPointExtension></extensions></trkpt><trkpt lat="56.636152" lon="38.10097"><ele>137.8</ele><time>2026-07-06T11:30:06Z</time><extensions><gpxtpx:TrackPointExtension><gpxtpx:hr>144</gpxtpx:hr></gpxtpx:TrackPointExtension></extensions></trkpt><trkpt lat="56.636132" lon="38.100973"><ele>137.8</ele><time>2026-07-06T11:30:07Z</time><extensions><gpxtpx:TrackPointExtension><gpxtpx:hr>144</gpxtpx:hr></gpxtpx:TrackPointExtension></extensions></trkpt><trkpt lat="56.636112" lon="38.100985"><ele>137.8</ele><time>2026-07-06T11:30:08Z</time><extensions><gpxtpx:TrackPointExtension><gpxtpx:hr>144</gpxtpx:hr></gpxtpx:TrackPointExtension></extensions></trkpt><trkpt lat="56.636092" lon="38.100992"><ele>138.0</ele><time>2026-07-06T11:30:09Z</time><extensions><gpxtpx:TrackPointExtension><gpxtpx:hr>144</gpxtpx:hr></gpxtpx:TrackPointExtension></extensions></trkpt><trkpt lat="56.63607" lon="38.101007"><ele>138.0</ele><time>2026-07-06T11:30:10Z</time><extensions><gpxtpx:TrackPointExtension><gpxtpx:hr>144</gpxtpx:hr></gpxtpx:TrackPointExtension></extensions></trkpt><trkpt lat="56.636032" lon="38.101017"><ele>138.0</ele><time>2026-07-06T11:30:12Z</time><extensions><gpxtpx:TrackPointExtension><gpxtpx:hr>145</gpxtpx:hr></gpxtpx:TrackPointExtension></extensions></trkpt><trkpt lat="56.636012" lon="38.101025"><ele>138.0</ele><time>2026-07-06T11:30:13Z</time><extensions><gpxtpx:TrackPointExtension><gpxtpx:hr>144</gpxtpx:hr></gpxtpx:TrackPointExtension></extensions></trkpt><trkpt lat="56.635992" lon="38.101032"><ele>138.0</ele><time>2026-07-06T11:30:14Z</time><extensions><gpxtpx:TrackPointExtension><gpxtpx:hr>144</gpxtpx:hr></gpxtpx:TrackPointExtension></extensions></trkpt><trkpt lat="56.635972" lon="38.101042"><ele>138.0</ele><time>2026-07-06T11:30:15Z</time><extensions><gpxtpx:TrackPointExtension><gpxtpx:hr>144</gpxtpx:hr></gpxtpx:TrackPointExtension></extensions></trkpt><trkpt lat="56.635952" lon="38.101047"><ele>138.0</ele><time>2026-07-06T11:30:16Z</time><extensions><gpxtpx:TrackPointExtension><gpxtpx:hr>144</gpxtpx:hr></gpxtpx:TrackPointExtension></extensions></trkpt><trkpt lat="56.635932" lon="38.10105"><ele>138.0</ele><time>2026-07-06T11:30:17Z</time><extensions><gpxtpx:TrackPointExtension><gpxtpx:hr>144</gpxtpx:hr></gpxtpx:TrackPointExtension></extensions></trkpt><trkpt lat="56.63591" lon="38.101055"><ele>138.0</ele><time>2026-07-06T11:30:18Z</time><extensions><gpxtpx:TrackPointExtension><gpxtpx:hr>143</gpxtpx:hr></gpxtpx:TrackPointExtension></extensions></trkpt><trkpt lat="56.635887" lon="38.101067"><ele>138.0</ele><time>2026-07-06T11:30:19Z</time><extensions><gpxtpx:TrackPointExtension><gpxtpx:hr>143</gpxtpx:hr></gpxtpx:TrackPointExtension></extensions></trkpt><trkpt lat="56.635867" lon="38.101077"><ele>138.2</ele><time>2026-07-06T11:30:20Z</time><extensions><gpxtpx:TrackPointExtension><gpxtpx:hr>143</gpxtpx:hr></gpxtpx:TrackPointExtension></extensions></trkpt><trkpt lat="56.635847" lon="38.101085"><ele>138.2</ele><time>2026-07-06T11:30:21Z</time><extensions><gpxtpx:TrackPointExtension><gpxtpx:hr>144</gpxtpx:hr></gpxtpx:TrackPointExtension></extensions></trkpt><trkpt lat="56.635827" lon="38.101092"><ele>138.2</ele><time>2026-07-06T11:30:22Z</time><extensions><gpxtpx:TrackPointExtension><gpxtpx:hr>144</gpxtpx:hr></gpxtpx:TrackPointExtension></extensions></trkpt><trkpt lat="56.635803" lon="38.101102"><ele>138.0</ele><time>2026-07-06T11:30:23Z</time><extensions><gpxtpx:TrackPointExtension><gpxtpx:hr>144</gpxtpx:hr></gpxtpx:TrackPointExtension></extensions></trkpt><trkpt lat="56.635782" lon="38.101107"><ele>138.0</ele><time>2026-07-06T11:30:24Z</time><extensions><gpxtpx:TrackPointExtension><gpxtpx:hr>144</gpxtpx:hr></gpxtpx:TrackPointExtension></extensions></trkpt><trkpt lat="56.635762" lon="38.101115"><ele>138.0</ele><time>2026-07-06T11:30:25Z</time><extensions><gpxtpx:TrackPointExtension><gpxtpx:hr>143</gpxtpx:hr></gpxtpx:TrackPointExtension></extensions></trkpt><trkpt lat="56.63574" lon="38.101125"><ele>138.0</ele><time>2026-07-06T11:30:26Z</time><extensions><gpxtpx:TrackPointExtension><gpxtpx:hr>144</gpxtpx:hr></gpxtpx:TrackPointExtension></extensions></trkpt><trkpt lat="56.635722" lon="38.101127"><ele>138.0</ele><time>2026-07-06T11:30:27Z</time><extensions><gpxtpx:TrackPointExtension><gpxtpx:hr>144</gpxtpx:hr></gpxtpx:TrackPointExtension></extensions></trkpt><trkpt lat="56.6357" lon="38.101132"><ele>138.0</ele><time>2026-07-06T11:30:28Z</time><extensions><gpxtpx:TrackPointExtension><gpxtpx:hr>144</gpxtpx:hr></gpxtpx:TrackPointExtension></extensions></trkpt><trkpt lat="56.63568" lon="38.101137"><ele>138.0</ele><time>2026-07-06T11:30:29Z</time><extensions><gpxtpx:TrackPointExtension><gpxtpx:hr>144</gpxtpx:hr></gpxtpx:TrackPointExtension></extensions></trkpt><trkpt lat="56.635657" lon="38.101147"><ele>138.0</ele><time>2026-07-06T11:30:30Z</time><extensions><gpxtpx:TrackPointExtension><gpxtpx:hr>143</gpxtpx:hr></gpxtpx:TrackPointExtension></extensions></trkpt><trkpt lat="56.635635" lon="38.101157"><ele>138.2</ele><time>2026-07-06T11:30:31Z</time><extensions><gpxtpx:TrackPointExtension><gpxtpx:hr>143</gpxtpx:hr></gpxtpx:TrackPointExtension></extensions></trkpt><trkpt lat="56.635617" lon="38.101167"><ele>138.2</ele><time>2026-07-06T11:30:32Z</time><extensions><gpxtpx:TrackPointExtension><gpxtpx:hr>143</gpxtpx:hr></gpxtpx:TrackPointExtension></extensions></trkpt><trkpt lat="56.635595" lon="38.10118"><ele>138.0</ele><time>2026-07-06T11:30:33Z</time><extensions><gpxtpx:TrackPointExtension><gpxtpx:hr>143</gpxtpx:hr></gpxtpx:TrackPointExtension></extensions></trkpt><trkpt lat="56.635572" lon="38.101187"><ele>138.0</ele><time>2026-07-06T11:30:34Z</time><extensions><gpxtpx:TrackPointExtension><gpxtpx:hr>143</gpxtpx:hr></gpxtpx:TrackPointExtension></extensions></trkpt><trkpt lat="56.635552" lon="38.1012"><ele>138.0</ele><time>2026-07-06T11:30:35Z</time><extensions><gpxtpx:TrackPointExtension><gpxtpx:hr>143</gpxtpx:hr></gpxtpx:TrackPointExtension></extensions></trkpt><trkpt lat="56.635532" lon="38.10121"><ele>138.0</ele><time>2026-07-06T11:30:36Z</time><extensions><gpxtpx:TrackPointExtension><gpxtpx:hr>144</gpxtpx:hr></gpxtpx:TrackPointExtension></extensions></trkpt><trkpt lat="56.635508" lon="38.101217"><ele>138.0</ele><time>2026-07-06T11:30:37Z</time><extensions><gpxtpx:TrackPointExtension><gpxtpx:hr>145</gpxtpx:hr></gpxtpx:TrackPointExtension></extensions></trkpt><trkpt lat="56.63549" lon="38.101227"><ele>138.0</ele><time>2026-07-06T11:30:38Z</time><extensions><gpxtpx:TrackPointExtension><gpxtpx:hr>144</gpxtpx:hr></gpxtpx:TrackPointExtension></extensions></trkpt><trkpt lat="56.63547" lon="38.101235"><ele>138.2</ele><time>2026-07-06T11:30:39Z</time><extensions><gpxtpx:TrackPointExtension><gpxtpx:hr>145</gpxtpx:hr></gpxtpx:TrackPointExtension></extensions></trkpt><trkpt lat="56.635447" lon="38.101245"><ele>138.2</ele><time>2026-07-06T11:30:40Z</time><extensions><gpxtpx:TrackPointExtension><gpxtpx:hr>145</gpxtpx:hr></gpxtpx:TrackPointExtension></extensions></trkpt><trkpt lat="56.635423" lon="38.101255"><ele>138.2</ele><time>2026-07-06T11:30:41Z</time><extensions><gpxtpx:TrackPointExtension><gpxtpx:hr>145</gpxtpx:hr></gpxtpx:TrackPointExtension></extensions></trkpt><trkpt lat="56.635402" lon="38.101267"><ele>138.2</ele><time>2026-07-06T11:30:42Z</time><extensions><gpxtpx:TrackPointExtension><gpxtpx:hr>144</gpxtpx:hr></gpxtpx:TrackPointExtension></extensions></trkpt><trkpt lat="56.635382" lon="38.101272"><ele>138.2</ele><time>2026-07-06T11:30:43Z</time><extensions><gpxtpx:TrackPointExtension><gpxtpx:hr>144</gpxtpx:hr></gpxtpx:TrackPointExtension></extensions></trkpt><trkpt lat="56.63536" lon="38.101277"><ele>138.2</ele><time>2026-07-06T11:30:44Z</time><extensions><gpxtpx:TrackPointExtension><gpxtpx:hr>144</gpxtpx:hr></gpxtpx:TrackPointExtension></extensions></trkpt><trkpt lat="56.635337" lon="38.101282"><ele>138.2</ele><time>2026-07-06T11:30:45Z</time><extensions><gpxtpx:TrackPointExtension><gpxtpx:hr>144</gpxtpx:hr></gpxtpx:TrackPointExtension></extensions></trkpt><trkpt lat="56.635317" lon="38.10129"><ele>138.0</ele><time>2026-07-06T11:30:46Z</time><extensions><gpxtpx:TrackPointExtension><gpxtpx:hr>144</gpxtpx:hr></gpxtpx:TrackPointExtension></extensions></trkpt><trkpt lat="56.635295" lon="38.101295"><ele>138.0</ele><time>2026-07-06T11:30:47Z</time><extensions><gpxtpx:TrackPointExtension><gpxtpx:hr>144</gpxtpx:hr></gpxtpx:TrackPointExtension></extensions></trkpt><trkpt lat="56.635272" lon="38.101302"><ele>138.0</ele><time>2026-07-06T11:30:48Z</time><extensions><gpxtpx:TrackPointExtension><gpxtpx:hr>145</gpxtpx:hr></gpxtpx:TrackPointExtension></extensions></trkpt><trkpt lat="56.635252" lon="38.101307"><ele>138.0</ele><time>2026-07-06T11:30:49Z</time><extensions><gpxtpx:TrackPointExtension><gpxtpx:hr>145</gpxtpx:hr></gpxtpx:TrackPointExtension></extensions></trkpt><trkpt lat="56.635227" lon="38.10131"><ele>138.0</ele><time>2026-07-06T11:30:50Z</time><extensions><gpxtpx:TrackPointExtension><gpxtpx:hr>145</gpxtpx:hr></gpxtpx:TrackPointExtension></extensions></trkpt><trkpt lat="56.635207" lon="38.101317"><ele>138.0</ele><time>2026-07-06T11:30:51Z</time><extensions><gpxtpx:TrackPointExtension><gpxtpx:hr>144</gpxtpx:hr></gpxtpx:TrackPointExtension></extensions></trkpt><trkpt lat="56.635185" lon="38.101327"><ele>138.0</ele><time>2026-07-06T11:30:52Z</time><extensions><gpxtpx:TrackPointExtension><gpxtpx:hr>145</gpxtpx:hr></gpxtpx:TrackPointExtension></extensions></trkpt><trkpt lat="56.635165" lon="38.101337"><ele>138.0</ele><time>2026-07-06T11:30:53Z</time><extensions><gpxtpx:TrackPointExtension><gpxtpx:hr>146</gpxtpx:hr></gpxtpx:TrackPointExtension></extensions></trkpt><trkpt lat="56.635142" lon="38.101352"><ele>138.2</ele><time>2026-07-06T11:30:54Z</time><extensions><gpxtpx:TrackPointExtension><gpxtpx:hr>145</gpxtpx:hr></gpxtpx:TrackPointExtension></extensions></trkpt><trkpt lat="56.635122" lon="38.10136"><ele>138.2</ele><time>2026-07-06T11:30:55Z</time><extensions><gpxtpx:TrackPointExtension><gpxtpx:hr>146</gpxtpx:hr></gpxtpx:TrackPointExtension></extensions></trkpt><trkpt lat="56.635102" lon="38.101367"><ele>138.2</ele><time>2026-07-06T11:30:56Z</time><extensions><gpxtpx:TrackPointExtension><gpxtpx:hr>146</gpxtpx:hr></gpxtpx:TrackPointExtension></extensions></trkpt><trkpt lat="56.635077" lon="38.101377"><ele>138.0</ele><time>2026-07-06T11:30:57Z</time><extensions><gpxtpx:TrackPointExtension><gpxtpx:hr>146</gpxtpx:hr></gpxtpx:TrackPointExtension></extensions></trkpt><trkpt lat="56.635055" lon="38.101377"><ele>138.0</ele><time>2026-07-06T11:30:58Z</time><extensions><gpxtpx:TrackPointExtension><gpxtpx:hr>145</gpxtpx:hr></gpxtpx:TrackPointExtension></extensions></trkpt><trkpt lat="56.635035" lon="38.101385"><ele>138.0</ele><time>2026-07-06T11:30:59Z</time><extensions><gpxtpx:TrackPointExtension><gpxtpx:hr>145</gpxtpx:hr></gpxtpx:TrackPointExtension></extensions></trkpt><trkpt lat="56.635015" lon="38.101397"><ele>138.0</ele><time>2026-07-06T11:31:00Z</time><extensions><gpxtpx:TrackPointExtension><gpxtpx:hr>145</gpxtpx:hr></gpxtpx:TrackPointExtension></extensions></trkpt><trkpt lat="56.634995" lon="38.101407"><ele>138.0</ele><time>2026-07-06T11:31:01Z</time><extensions><gpxtpx:TrackPointExtension><gpxtpx:hr>146</gpxtpx:hr></gpxtpx:TrackPointExtension></extensions></trkpt><trkpt lat="56.634977" lon="38.101415"><ele>138.0</ele><time>2026-07-06T11:31:02Z</time><extensions><gpxtpx:TrackPointExtension><gpxtpx:hr>146</gpxtpx:hr></gpxtpx:TrackPointExtension></extensions></trkpt><trkpt lat="56.634955" lon="38.101422"><ele>138.0</ele><time>2026-07-06T11:31:03Z</time><extensions><gpxtpx:TrackPointExtension><gpxtpx:hr>145</gpxtpx:hr></gpxtpx:TrackPointExtension></extensions></trkpt><trkpt lat="56.634935" lon="38.101432"><ele>138.0</ele><time>2026-07-06T11:31:04Z</time><extensions><gpxtpx:TrackPointExtension><gpxtpx:hr>145</gpxtpx:hr></gpxtpx:TrackPointExtension></extensions></trkpt><trkpt lat="56.634915" lon="38.101437"><ele>138.0</ele><time>2026-07-06T11:31:05Z</time><extensions><gpxtpx:TrackPointExtension><gpxtpx:hr>145</gpxtpx:hr></gpxtpx:TrackPointExtension></extensions></trkpt><trkpt lat="56.634895" lon="38.101447"><ele>138.0</ele><time>2026-07-06T11:31:06Z</time><extensions><gpxtpx:TrackPointExtension><gpxtpx:hr>145</gpxtpx:hr></gpxtpx:TrackPointExtension></extensions></trkpt><trkpt lat="56.634872" lon="38.10145"><ele>138.0</ele><time>2026-07-06T11:31:07Z</time><extensions><gpxtpx:TrackPointExtension><gpxtpx:hr>145</gpxtpx:hr></gpxtpx:TrackPointExtension></extensions></trkpt><trkpt lat="56.634852" lon="38.101455"><ele>138.2</ele><time>2026-07-06T11:31:08Z</time><extensions><gpxtpx:TrackPointExtension><gpxtpx:hr>144</gpxtpx:hr></gpxtpx:TrackPointExtension></extensions></trkpt><trkpt lat="56.63483" lon="38.10146"><ele>138.2</ele><time>2026-07-06T11:31:09Z</time><extensions><gpxtpx:TrackPointExtension><gpxtpx:hr>145</gpxtpx:hr></gpxtpx:TrackPointExtension></extensions></trkpt><trkpt lat="56.63481" lon="38.101467"><ele>138.2</ele><time>2026-07-06T11:31:10Z</time><extensions><gpxtpx:TrackPointExtension><gpxtpx:hr>145</gpxtpx:hr></gpxtpx:TrackPointExtension></extensions></trkpt><trkpt lat="56.634775" lon="38.101485"><ele>138.2</ele><time>2026-07-06T11:31:12Z</time><extensions><gpxtpx:TrackPointExtension><gpxtpx:hr>146</gpxtpx:hr></gpxtpx:TrackPointExtension></extensions></trkpt><trkpt lat="56.634757" lon="38.101492"><ele>138.2</ele><time>2026-07-06T11:31:13Z</time><extensions><gpxtpx:TrackPointExtension><gpxtpx:hr>146</gpxtpx:hr></gpxtpx:TrackPointExtension></extensions></trkpt><trkpt lat="56.634737" lon="38.101502"><ele>138.2</ele><time>2026-07-06T11:31:14Z</time><extensions><gpxtpx:TrackPointExtension><gpxtpx:hr>146</gpxtpx:hr></gpxtpx:TrackPointExtension></extensions></trkpt><trkpt lat="56.634717" lon="38.101512"><ele>138.2</ele><time>2026-07-06T11:31:15Z</time><extensions><gpxtpx:TrackPointExtension><gpxtpx:hr>147</gpxtpx:hr></gpxtpx:TrackPointExtension></extensions></trkpt><trkpt lat="56.634697" lon="38.101522"><ele>138.2</ele><time>2026-07-06T11:31:16Z</time><extensions><gpxtpx:TrackPointExtension><gpxtpx:hr>146</gpxtpx:hr></gpxtpx:TrackPointExtension></extensions></trkpt><trkpt lat="56.634677" lon="38.101527"><ele>138.2</ele><time>2026-07-06T11:31:17Z</time><extensions><gpxtpx:TrackPointExtension><gpxtpx:hr>146</gpxtpx:hr></gpxtpx:TrackPointExtension></extensions></trkpt><trkpt lat="56.634657" lon="38.101535"><ele>138.2</ele><time>2026-07-06T11:31:18Z</time><extensions><gpxtpx:TrackPointExtension><gpxtpx:hr>146</gpxtpx:hr></gpxtpx:TrackPointExtension></extensions></trkpt><trkpt lat="56.634637" lon="38.101542"><ele>138.2</ele><time>2026-07-06T11:31:19Z</time><extensions><gpxtpx:TrackPointExtension><gpxtpx:hr>146</gpxtpx:hr></gpxtpx:TrackPointExtension></extensions></trkpt><trkpt lat="56.634617" lon="38.101552"><ele>138.2</ele><time>2026-07-06T11:31:20Z</time><extensions><gpxtpx:TrackPointExtension><gpxtpx:hr>147</gpxtpx:hr></gpxtpx:TrackPointExtension></extensions></trkpt><trkpt lat="56.634593" lon="38.101562"><ele>138.0</ele><time>2026-07-06T11:31:21Z</time><extensions><gpxtpx:TrackPointExtension><gpxtpx:hr>147</gpxtpx:hr></gpxtpx:TrackPointExtension></extensions></trkpt><trkpt lat="56.634572" lon="38.101572"><ele>138.0</ele><time>2026-07-06T11:31:22Z</time><extensions><gpxtpx:TrackPointExtension><gpxtpx:hr>148</gpxtpx:hr></gpxtpx:TrackPointExtension></extensions></trkpt><trkpt lat="56.634552" lon="38.101577"><ele>138.0</ele><time>2026-07-06T11:31:23Z</time><extensions><gpxtpx:TrackPointExtension><gpxtpx:hr>147</gpxtpx:hr></gpxtpx:TrackPointExtension></extensions></trkpt><trkpt lat="56.634532" lon="38.10159"><ele>138.0</ele><time>2026-07-06T11:31:24Z</time><extensions><gpxtpx:TrackPointExtension><gpxtpx:hr>146</gpxtpx:hr></gpxtpx:TrackPointExtension></extensions></trkpt><trkpt lat="56.634512" lon="38.101597"><ele>138.0</ele><time>2026-07-06T11:31:25Z</time><extensions><gpxtpx:TrackPointExtension><gpxtpx:hr>146</gpxtpx:hr></gpxtpx:TrackPointExtension></extensions></trkpt><trkpt lat="56.634492" lon="38.101602"><ele>138.0</ele><time>2026-07-06T11:31:26Z</time><extensions><gpxtpx:TrackPointExtension><gpxtpx:hr>147</gpxtpx:hr></gpxtpx:TrackPointExtension></extensions></trkpt><trkpt lat="56.634472" lon="38.10161"><ele>138.0</ele><time>2026-07-06T11:31:27Z</time><extensions><gpxtpx:TrackPointExtension><gpxtpx:hr>148</gpxtpx:hr></gpxtpx:TrackPointExtension></extensions></trkpt><trkpt lat="56.634452" lon="38.10162"><ele>138.2</ele><time>2026-07-06T11:31:28Z</time><extensions><gpxtpx:TrackPointExtension><gpxtpx:hr>147</gpxtpx:hr></gpxtpx:TrackPointExtension></extensions></trkpt><trkpt lat="56.634435" lon="38.10163"><ele>138.2</ele><time>2026-07-06T11:31:29Z</time><extensions><gpxtpx:TrackPointExtension><gpxtpx:hr>146</gpxtpx:hr></gpxtpx:TrackPointExtension></extensions></trkpt><trkpt lat="56.634417" lon="38.101637"><ele>138.2</ele><time>2026-07-06T11:31:30Z</time><extensions><gpxtpx:TrackPointExtension><gpxtpx:hr>146</gpxtpx:hr></gpxtpx:TrackPointExtension></extensions></trkpt><trkpt lat="56.634397" lon="38.101642"><ele>138.4</ele><time>2026-07-06T11:31:31Z</time><extensions><gpxtpx:TrackPointExtension><gpxtpx:hr>146</gpxtpx:hr></gpxtpx:TrackPointExtension></extensions></trkpt><trkpt lat="56.634375" lon="38.10165"><ele>138.4</ele><time>2026-07-06T11:31:32Z</time><extensions><gpxtpx:TrackPointExtension><gpxtpx:hr>147</gpxtpx:hr></gpxtpx:TrackPointExtension></extensions></trkpt><trkpt lat="56.634357" lon="38.101657"><ele>138.4</ele><time>2026-07-06T11:31:33Z</time><extensions><gpxtpx:TrackPointExtension><gpxtpx:hr>147</gpxtpx:hr></gpxtpx:TrackPointExtension></extensions></trkpt><trkpt lat="56.634337" lon="38.10166"><ele>138.4</ele><time>2026-07-06T11:31:34Z</time><extensions><gpxtpx:TrackPointExtension><gpxtpx:hr>147</gpxtpx:hr></gpxtpx:TrackPointExtension></extensions></trkpt><trkpt lat="56.634317" lon="38.10167"><ele>138.6</ele><time>2026-07-06T11:31:35Z</time><extensions><gpxtpx:TrackPointExtension><gpxtpx:hr>146</gpxtpx:hr></gpxtpx:TrackPointExtension></extensions></trkpt><trkpt lat="56.634295" lon="38.101677"><ele>138.6</ele><time>2026-07-06T11:31:36Z</time><extensions><gpxtpx:TrackPointExtension><gpxtpx:hr>146</gpxtpx:hr></gpxtpx:TrackPointExtension></extensions></trkpt><trkpt lat="56.634275" lon="38.101682"><ele>138.6</ele><time>2026-07-06T11:31:37Z</time><extensions><gpxtpx:TrackPointExtension><gpxtpx:hr>147</gpxtpx:hr></gpxtpx:TrackPointExtension></extensions></trkpt><trkpt lat="56.634255" lon="38.101692"><ele>138.4</ele><time>2026-07-06T11:31:38Z</time><extensions><gpxtpx:TrackPointExtension><gpxtpx:hr>147</gpxtpx:hr></gpxtpx:TrackPointExtension></extensions></trkpt><trkpt lat="56.634232" lon="38.101702"><ele>138.4</ele><time>2026-07-06T11:31:39Z</time><extensions><gpxtpx:TrackPointExtension><gpxtpx:hr>148</gpxtpx:hr></gpxtpx:TrackPointExtension></extensions></trkpt><trkpt lat="56.634212" lon="38.10171"><ele>138.4</ele><time>2026-07-06T11:31:40Z</time><extensions><gpxtpx:TrackPointExtension><gpxtpx:hr>147</gpxtpx:hr></gpxtpx:TrackPointExtension></extensions></trkpt><trkpt lat="56.634192" lon="38.101717"><ele>138.4</ele><time>2026-07-06T11:31:41Z</time><extensions><gpxtpx:TrackPointExtension><gpxtpx:hr>147</gpxtpx:hr></gpxtpx:TrackPointExtension></extensions></trkpt><trkpt lat="56.63417" lon="38.101727"><ele>138.6</ele><time>2026-07-06T11:31:42Z</time><extensions><gpxtpx:TrackPointExtension><gpxtpx:hr>147</gpxtpx:hr></gpxtpx:TrackPointExtension></extensions></trkpt><trkpt lat="56.634152" lon="38.101737"><ele>138.6</ele><time>2026-07-06T11:31:43Z</time><extensions><gpxtpx:TrackPointExtension><gpxtpx:hr>146</gpxtpx:hr></gpxtpx:TrackPointExtension></extensions></trkpt><trkpt lat="56.634132" lon="38.101752"><ele>138.6</ele><time>2026-07-06T11:31:44Z</time><extensions><gpxtpx:TrackPointExtension><gpxtpx:hr>147</gpxtpx:hr></gpxtpx:TrackPointExtension></extensions></trkpt><trkpt lat="56.634112" lon="38.10177"><ele>138.6</ele><time>2026-07-06T11:31:45Z</time><extensions><gpxtpx:TrackPointExtension><gpxtpx:hr>147</gpxtpx:hr></gpxtpx:TrackPointExtension></extensions></trkpt><trkpt lat="56.634095" lon="38.101782"><ele>138.8</ele><time>2026-07-06T11:31:46Z</time><extensions><gpxtpx:TrackPointExtension><gpxtpx:hr>147</gpxtpx:hr></gpxtpx:TrackPointExtension></extensions></trkpt><trkpt lat="56.634077" lon="38.101795"><ele>139.0</ele><time>2026-07-06T11:31:47Z</time><extensions><gpxtpx:TrackPointExtension><gpxtpx:hr>146</gpxtpx:hr></gpxtpx:TrackPointExtension></extensions></trkpt><trkpt lat="56.634057" lon="38.101802"><ele>139.0</ele><time>2026-07-06T11:31:48Z</time><extensions><gpxtpx:TrackPointExtension><gpxtpx:hr>146</gpxtpx:hr></gpxtpx:TrackPointExtension></extensions></trkpt><trkpt lat="56.634037" lon="38.101807"><ele>139.0</ele><time>2026-07-06T11:31:49Z</time><extensions><gpxtpx:TrackPointExtension><gpxtpx:hr>146</gpxtpx:hr></gpxtpx:TrackPointExtension></extensions></trkpt><trkpt lat="56.634017" lon="38.101812"><ele>139.0</ele><time>2026-07-06T11:31:50Z</time><extensions><gpxtpx:TrackPointExtension><gpxtpx:hr>147</gpxtpx:hr></gpxtpx:TrackPointExtension></extensions></trkpt><trkpt lat="56.633997" lon="38.101822"><ele>139.0</ele><time>2026-07-06T11:31:51Z</time><extensions><gpxtpx:TrackPointExtension><gpxtpx:hr>148</gpxtpx:hr></gpxtpx:TrackPointExtension></extensions></trkpt><trkpt lat="56.633977" lon="38.101825"><ele>139.2</ele><time>2026-07-06T11:31:52Z</time><extensions><gpxtpx:TrackPointExtension><gpxtpx:hr>147</gpxtpx:hr></gpxtpx:TrackPointExtension></extensions></trkpt><trkpt lat="56.633957" lon="38.101827"><ele>139.2</ele><time>2026-07-06T11:31:53Z</time><extensions><gpxtpx:TrackPointExtension><gpxtpx:hr>146</gpxtpx:hr></gpxtpx:TrackPointExtension></extensions></trkpt><trkpt lat="56.633935" lon="38.101835"><ele>139.4</ele><time>2026-07-06T11:31:54Z</time><extensions><gpxtpx:TrackPointExtension><gpxtpx:hr>146</gpxtpx:hr></gpxtpx:TrackPointExtension></extensions></trkpt><trkpt lat="56.633912" lon="38.101837"><ele>139.4</ele><time>2026-07-06T11:31:55Z</time><extensions><gpxtpx:TrackPointExtension><gpxtpx:hr>146</gpxtpx:hr></gpxtpx:TrackPointExtension></extensions></trkpt><trkpt lat="56.633892" lon="38.101845"><ele>139.6</ele><time>2026-07-06T11:31:56Z</time><extensions><gpxtpx:TrackPointExtension><gpxtpx:hr>147</gpxtpx:hr></gpxtpx:TrackPointExtension></extensions></trkpt><trkpt lat="56.633872" lon="38.101847"><ele>139.6</ele><time>2026-07-06T11:31:57Z</time><extensions><gpxtpx:TrackPointExtension><gpxtpx:hr>147</gpxtpx:hr></gpxtpx:TrackPointExtension></extensions></trkpt><trkpt lat="56.633852" lon="38.101852"><ele>139.8</ele><time>2026-07-06T11:31:58Z</time><extensions><gpxtpx:TrackPointExtension><gpxtpx:hr>148</gpxtpx:hr></gpxtpx:TrackPointExtension></extensions></trkpt><trkpt lat="56.633832" lon="38.101857"><ele>139.8</ele><time>2026-07-06T11:31:59Z</time><extensions><gpxtpx:TrackPointExtension><gpxtpx:hr>147</gpxtpx:hr></gpxtpx:TrackPointExtension></extensions></trkpt><trkpt lat="56.63381" lon="38.101862"><ele>139.8</ele><time>2026-07-06T11:32:00Z</time><extensions><gpxtpx:TrackPointExtension><gpxtpx:hr>148</gpxtpx:hr></gpxtpx:TrackPointExtension></extensions></trkpt><trkpt lat="56.63379" lon="38.101872"><ele>139.8</ele><time>2026-07-06T11:32:01Z</time><extensions><gpxtpx:TrackPointExtension><gpxtpx:hr>148</gpxtpx:hr></gpxtpx:TrackPointExtension></extensions></trkpt><trkpt lat="56.633772" lon="38.101885"><ele>140.0</ele><time>2026-07-06T11:32:02Z</time><extensions><gpxtpx:TrackPointExtension><gpxtpx:hr>148</gpxtpx:hr></gpxtpx:TrackPointExtension></extensions></trkpt><trkpt lat="56.63374" lon="38.101907"><ele>140.0</ele><time>2026-07-06T11:32:04Z</time><extensions><gpxtpx:TrackPointExtension><gpxtpx:hr>146</gpxtpx:hr></gpxtpx:TrackPointExtension></extensions></trkpt><trkpt lat="56.633717" lon="38.10191"><ele>140.2</ele><time>2026-07-06T11:32:05Z</time><extensions><gpxtpx:TrackPointExtension><gpxtpx:hr>145</gpxtpx:hr></gpxtpx:TrackPointExtension></extensions></trkpt><trkpt lat="56.633697" lon="38.101917"><ele>140.2</ele><time>2026-07-06T11:32:06Z</time><extensions><gpxtpx:TrackPointExtension><gpxtpx:hr>144</gpxtpx:hr></gpxtpx:TrackPointExtension></extensions></trkpt><trkpt lat="56.633675" lon="38.101922"><ele>140.0</ele><time>2026-07-06T11:32:07Z</time><extensions><gpxtpx:TrackPointExtension><gpxtpx:hr>145</gpxtpx:hr></gpxtpx:TrackPointExtension></extensions></trkpt><trkpt lat="56.633652" lon="38.10193"><ele>140.0</ele><time>2026-07-06T11:32:08Z</time><extensions><gpxtpx:TrackPointExtension><gpxtpx:hr>145</gpxtpx:hr></gpxtpx:TrackPointExtension></extensions></trkpt><trkpt lat="56.633625" lon="38.101942"><ele>140.0</ele><time>2026-07-06T11:32:09Z</time><extensions><gpxtpx:TrackPointExtension><gpxtpx:hr>145</gpxtpx:hr></gpxtpx:TrackPointExtension></extensions></trkpt><trkpt lat="56.633597" lon="38.101955"><ele>140.0</ele><time>2026-07-06T11:32:10Z</time><extensions><gpxtpx:TrackPointExtension><gpxtpx:hr>145</gpxtpx:hr></gpxtpx:TrackPointExtension></extensions></trkpt><trkpt lat="56.633572" lon="38.101962"><ele>140.0</ele><time>2026-07-06T11:32:11Z</time><extensions><gpxtpx:TrackPointExtension><gpxtpx:hr>145</gpxtpx:hr></gpxtpx:TrackPointExtension></extensions></trkpt><trkpt lat="56.633545" lon="38.101967"><ele>140.0</ele><time>2026-07-06T11:32:12Z</time><extensions><gpxtpx:TrackPointExtension><gpxtpx:hr>146</gpxtpx:hr></gpxtpx:TrackPointExtension></extensions></trkpt><trkpt lat="56.633522" lon="38.101977"><ele>140.0</ele><time>2026-07-06T11:32:13Z</time><extensions><gpxtpx:TrackPointExtension><gpxtpx:hr>146</gpxtpx:hr></gpxtpx:TrackPointExtension></extensions></trkpt><trkpt lat="56.633497" lon="38.101985"><ele>140.2</ele><time>2026-07-06T11:32:14Z</time><extensions><gpxtpx:TrackPointExtension><gpxtpx:hr>146</gpxtpx:hr></gpxtpx:TrackPointExtension></extensions></trkpt><trkpt lat="56.633477" lon="38.101997"><ele>140.2</ele><time>2026-07-06T11:32:15Z</time><extensions><gpxtpx:TrackPointExtension><gpxtpx:hr>146</gpxtpx:hr></gpxtpx:TrackPointExtension></extensions></trkpt><trkpt lat="56.633457" lon="38.102007"><ele>140.2</ele><time>2026-07-06T11:32:16Z</time><extensions><gpxtpx:TrackPointExtension><gpxtpx:hr>145</gpxtpx:hr></gpxtpx:TrackPointExtension></extensions></trkpt><trkpt lat="56.633437" lon="38.102022"><ele>140.4</ele><time>2026-07-06T11:32:17Z</time><extensions><gpxtpx:TrackPointExtension><gpxtpx:hr>145</gpxtpx:hr></gpxtpx:TrackPointExtension></extensions></trkpt><trkpt lat="56.633402" lon="38.102047"><ele>140.4</ele><time>2026-07-06T11:32:19Z</time><extensions><gpxtpx:TrackPointExtension><gpxtpx:hr>146</gpxtpx:hr></gpxtpx:TrackPointExtension></extensions></trkpt><trkpt lat="56.633382" lon="38.10206"><ele>140.6</ele><time>2026-07-06T11:32:20Z</time><extensions><gpxtpx:TrackPointExtension><gpxtpx:hr>146</gpxtpx:hr></gpxtpx:TrackPointExtension></extensions></trkpt><trkpt lat="56.63336" lon="38.102067"><ele>140.6</ele><time>2026-07-06T11:32:21Z</time><extensions><gpxtpx:TrackPointExtension><gpxtpx:hr>146</gpxtpx:hr></gpxtpx:TrackPointExtension></extensions></trkpt><trkpt lat="56.63334" lon="38.102077"><ele>140.6</ele><time>2026-07-06T11:32:22Z</time><extensions><gpxtpx:TrackPointExtension><gpxtpx:hr>145</gpxtpx:hr></gpxtpx:TrackPointExtension></extensions></trkpt><trkpt lat="56.633317" lon="38.10208"><ele>140.8</ele><time>2026-07-06T11:32:23Z</time><extensions><gpxtpx:TrackPointExtension><gpxtpx:hr>145</gpxtpx:hr></gpxtpx:TrackPointExtension></extensions></trkpt><trkpt lat="56.633297" lon="38.102087"><ele>140.8</ele><time>2026-07-06T11:32:24Z</time><extensions><gpxtpx:TrackPointExtension><gpxtpx:hr>146</gpxtpx:hr></gpxtpx:TrackPointExtension></extensions></trkpt><trkpt lat="56.633277" lon="38.102097"><ele>140.8</ele><time>2026-07-06T11:32:25Z</time><extensions><gpxtpx:TrackPointExtension><gpxtpx:hr>145</gpxtpx:hr></gpxtpx:TrackPointExtension></extensions></trkpt><trkpt lat="56.63326" lon="38.102112"><ele>140.8</ele><time>2026-07-06T11:32:26Z</time><extensions><gpxtpx:TrackPointExtension><gpxtpx:hr>145</gpxtpx:hr></gpxtpx:TrackPointExtension></extensions></trkpt><trkpt lat="56.633237" lon="38.102117"><ele>141.0</ele><time>2026-07-06T11:32:27Z</time><extensions><gpxtpx:TrackPointExtension><gpxtpx:hr>145</gpxtpx:hr></gpxtpx:TrackPointExtension></extensions></trkpt><trkpt lat="56.63321" lon="38.102125"><ele>140.8</ele><time>2026-07-06T11:32:28Z</time><extensions><gpxtpx:TrackPointExtension><gpxtpx:hr>145</gpxtpx:hr></gpxtpx:TrackPointExtension></extensions></trkpt><trkpt lat="56.633187" lon="38.102132"><ele>141.0</ele><time>2026-07-06T11:32:29Z</time><extensions><gpxtpx:TrackPointExtension><gpxtpx:hr>146</gpxtpx:hr></gpxtpx:TrackPointExtension></extensions></trkpt><trkpt lat="56.633167" lon="38.102137"><ele>141.0</ele><time>2026-07-06T11:32:30Z</time><extensions><gpxtpx:TrackPointExtension><gpxtpx:hr>146</gpxtpx:hr></gpxtpx:TrackPointExtension></extensions></trkpt><trkpt lat="56.633147" lon="38.102147"><ele>141.0</ele><time>2026-07-06T11:32:31Z</time><extensions><gpxtpx:TrackPointExtension><gpxtpx:hr>146</gpxtpx:hr></gpxtpx:TrackPointExtension></extensions></trkpt><trkpt lat="56.633127" lon="38.102157"><ele>141.0</ele><time>2026-07-06T11:32:32Z</time><extensions><gpxtpx:TrackPointExtension><gpxtpx:hr>146</gpxtpx:hr></gpxtpx:TrackPointExtension></extensions></trkpt><trkpt lat="56.633107" lon="38.102167"><ele>141.0</ele><time>2026-07-06T11:32:33Z</time><extensions><gpxtpx:TrackPointExtension><gpxtpx:hr>145</gpxtpx:hr></gpxtpx:TrackPointExtension></extensions></trkpt><trkpt lat="56.633087" lon="38.102172"><ele>141.0</ele><time>2026-07-06T11:32:34Z</time><extensions><gpxtpx:TrackPointExtension><gpxtpx:hr>145</gpxtpx:hr></gpxtpx:TrackPointExtension></extensions></trkpt><trkpt lat="56.633067" lon="38.102182"><ele>141.0</ele><time>2026-07-06T11:32:35Z</time><extensions><gpxtpx:TrackPointExtension><gpxtpx:hr>145</gpxtpx:hr></gpxtpx:TrackPointExtension></extensions></trkpt><trkpt lat="56.633042" lon="38.102187"><ele>141.0</ele><time>2026-07-06T11:32:36Z</time><extensions><gpxtpx:TrackPointExtension><gpxtpx:hr>145</gpxtpx:hr></gpxtpx:TrackPointExtension></extensions></trkpt><trkpt lat="56.633022" lon="38.102195"><ele>141.0</ele><time>2026-07-06T11:32:37Z</time><extensions><gpxtpx:TrackPointExtension><gpxtpx:hr>145</gpxtpx:hr></gpxtpx:TrackPointExtension></extensions></trkpt><trkpt lat="56.633003" lon="38.1022"><ele>141.0</ele><time>2026-07-06T11:32:38Z</time><extensions><gpxtpx:TrackPointExtension><gpxtpx:hr>145</gpxtpx:hr></gpxtpx:TrackPointExtension></extensions></trkpt><trkpt lat="56.632987" lon="38.102207"><ele>141.0</ele><time>2026-07-06T11:32:39Z</time><extensions><gpxtpx:TrackPointExtension><gpxtpx:hr>145</gpxtpx:hr></gpxtpx:TrackPointExtension></extensions></trkpt><trkpt lat="56.632957" lon="38.10223"><ele>141.0</ele><time>2026-07-06T11:32:41Z</time><extensions><gpxtpx:TrackPointExtension><gpxtpx:hr>146</gpxtpx:hr></gpxtpx:TrackPointExtension></extensions></trkpt><trkpt lat="56.63294" lon="38.10224"><ele>141.0</ele><time>2026-07-06T11:32:42Z</time><extensions><gpxtpx:TrackPointExtension><gpxtpx:hr>145</gpxtpx:hr></gpxtpx:TrackPointExtension></extensions></trkpt><trkpt lat="56.632905" lon="38.102257"><ele>141.0</ele><time>2026-07-06T11:32:44Z</time><extensions><gpxtpx:TrackPointExtension><gpxtpx:hr>145</gpxtpx:hr></gpxtpx:TrackPointExtension></extensions></trkpt><trkpt lat="56.632885" lon="38.102267"><ele>141.2</ele><time>2026-07-06T11:32:45Z</time><extensions><gpxtpx:TrackPointExtension><gpxtpx:hr>145</gpxtpx:hr></gpxtpx:TrackPointExtension></extensions></trkpt><trkpt lat="56.632852" lon="38.102277"><ele>141.2</ele><time>2026-07-06T11:32:47Z</time><extensions><gpxtpx:TrackPointExtension><gpxtpx:hr>145</gpxtpx:hr></gpxtpx:TrackPointExtension></extensions></trkpt><trkpt lat="56.632832" lon="38.10228"><ele>141.0</ele><time>2026-07-06T11:32:48Z</time><extensions><gpxtpx:TrackPointExtension><gpxtpx:hr>145</gpxtpx:hr></gpxtpx:TrackPointExtension></extensions></trkpt><trkpt lat="56.632815" lon="38.102292"><ele>141.0</ele><time>2026-07-06T11:32:49Z</time><extensions><gpxtpx:TrackPointExtension><gpxtpx:hr>145</gpxtpx:hr></gpxtpx:TrackPointExtension></extensions></trkpt><trkpt lat="56.632792" lon="38.1023"><ele>141.0</ele><time>2026-07-06T11:32:50Z</time><extensions><gpxtpx:TrackPointExtension><gpxtpx:hr>145</gpxtpx:hr></gpxtpx:TrackPointExtension></extensions></trkpt><trkpt lat="56.63277" lon="38.102312"><ele>141.0</ele><time>2026-07-06T11:32:51Z</time><extensions><gpxtpx:TrackPointExtension><gpxtpx:hr>146</gpxtpx:hr></gpxtpx:TrackPointExtension></extensions></trkpt><trkpt lat="56.632747" lon="38.10232"><ele>141.0</ele><time>2026-07-06T11:32:52Z</time><extensions><gpxtpx:TrackPointExtension><gpxtpx:hr>146</gpxtpx:hr></gpxtpx:TrackPointExtension></extensions></trkpt><trkpt lat="56.632725" lon="38.10233"><ele>141.0</ele><time>2026-07-06T11:32:53Z</time><extensions><gpxtpx:TrackPointExtension><gpxtpx:hr>145</gpxtpx:hr></gpxtpx:TrackPointExtension></extensions></trkpt><trkpt lat="56.632702" lon="38.102335"><ele>141.0</ele><time>2026-07-06T11:32:54Z</time><extensions><gpxtpx:TrackPointExtension><gpxtpx:hr>144</gpxtpx:hr></gpxtpx:TrackPointExtension></extensions></trkpt><trkpt lat="56.632677" lon="38.102342"><ele>141.0</ele><time>2026-07-06T11:32:55Z</time><extensions><gpxtpx:TrackPointExtension><gpxtpx:hr>144</gpxtpx:hr></gpxtpx:TrackPointExtension></extensions></trkpt><trkpt lat="56.632657" lon="38.102352"><ele>141.0</ele><time>2026-07-06T11:32:56Z</time><extensions><gpxtpx:TrackPointExtension><gpxtpx:hr>145</gpxtpx:hr></gpxtpx:TrackPointExtension></extensions></trkpt><trkpt lat="56.632637" lon="38.102357"><ele>141.2</ele><time>2026-07-06T11:32:57Z</time><extensions><gpxtpx:TrackPointExtension><gpxtpx:hr>145</gpxtpx:hr></gpxtpx:TrackPointExtension></extensions></trkpt><trkpt lat="56.632617" lon="38.102365"><ele>141.2</ele><time>2026-07-06T11:32:58Z</time><extensions><gpxtpx:TrackPointExtension><gpxtpx:hr>145</gpxtpx:hr></gpxtpx:TrackPointExtension></extensions></trkpt><trkpt lat="56.632597" lon="38.10237"><ele>141.2</ele><time>2026-07-06T11:32:59Z</time><extensions><gpxtpx:TrackPointExtension><gpxtpx:hr>145</gpxtpx:hr></gpxtpx:TrackPointExtension></extensions></trkpt><trkpt lat="56.632577" lon="38.102382"><ele>141.2</ele><time>2026-07-06T11:33:00Z</time><extensions><gpxtpx:TrackPointExtension><gpxtpx:hr>145</gpxtpx:hr></gpxtpx:TrackPointExtension></extensions></trkpt><trkpt lat="56.63256" lon="38.102392"><ele>141.2</ele><time>2026-07-06T11:33:01Z</time><extensions><gpxtpx:TrackPointExtension><gpxtpx:hr>145</gpxtpx:hr></gpxtpx:TrackPointExtension></extensions></trkpt><trkpt lat="56.63254" lon="38.102402"><ele>141.2</ele><time>2026-07-06T11:33:02Z</time><extensions><gpxtpx:TrackPointExtension><gpxtpx:hr>145</gpxtpx:hr></gpxtpx:TrackPointExtension></extensions></trkpt><trkpt lat="56.632522" lon="38.102415"><ele>141.2</ele><time>2026-07-06T11:33:03Z</time><extensions><gpxtpx:TrackPointExtension><gpxtpx:hr>145</gpxtpx:hr></gpxtpx:TrackPointExtension></extensions></trkpt><trkpt lat="56.632497" lon="38.102427"><ele>141.2</ele><time>2026-07-06T11:33:04Z</time><extensions><gpxtpx:TrackPointExtension><gpxtpx:hr>144</gpxtpx:hr></gpxtpx:TrackPointExtension></extensions></trkpt><trkpt lat="56.632472" lon="38.102435"><ele>141.2</ele><time>2026-07-06T11:33:05Z</time><extensions><gpxtpx:TrackPointExtension><gpxtpx:hr>144</gpxtpx:hr></gpxtpx:TrackPointExtension></extensions></trkpt><trkpt lat="56.632442" lon="38.102447"><ele>141.4</ele><time>2026-07-06T11:33:06Z</time><extensions><gpxtpx:TrackPointExtension><gpxtpx:hr>145</gpxtpx:hr></gpxtpx:TrackPointExtension></extensions></trkpt><trkpt lat="56.632422" lon="38.102452"><ele>141.4</ele><time>2026-07-06T11:33:07Z</time><extensions><gpxtpx:TrackPointExtension><gpxtpx:hr>145</gpxtpx:hr></gpxtpx:TrackPointExtension></extensions></trkpt><trkpt lat="56.632385" lon="38.102467"><ele>141.4</ele><time>2026-07-06T11:33:09Z</time><extensions><gpxtpx:TrackPointExtension><gpxtpx:hr>144</gpxtpx:hr></gpxtpx:TrackPointExtension></extensions></trkpt><trkpt lat="56.632347" lon="38.102485"><ele>141.4</ele><time>2026-07-06T11:33:11Z</time><extensions><gpxtpx:TrackPointExtension><gpxtpx:hr>144</gpxtpx:hr></gpxtpx:TrackPointExtension></extensions></trkpt><trkpt lat="56.63233" lon="38.1025"><ele>141.4</ele><time>2026-07-06T11:33:12Z</time><extensions><gpxtpx:TrackPointExtension><gpxtpx:hr>145</gpxtpx:hr></gpxtpx:TrackPointExtension></extensions></trkpt><trkpt lat="56.632307" lon="38.102515"><ele>141.4</ele><time>2026-07-06T11:33:13Z</time><extensions><gpxtpx:TrackPointExtension><gpxtpx:hr>145</gpxtpx:hr></gpxtpx:TrackPointExtension></extensions></trkpt><trkpt lat="56.632287" lon="38.102532"><ele>141.4</ele><time>2026-07-06T11:33:14Z</time><extensions><gpxtpx:TrackPointExtension><gpxtpx:hr>145</gpxtpx:hr></gpxtpx:TrackPointExtension></extensions></trkpt><trkpt lat="56.63227" lon="38.102545"><ele>141.4</ele><time>2026-07-06T11:33:15Z</time><extensions><gpxtpx:TrackPointExtension><gpxtpx:hr>144</gpxtpx:hr></gpxtpx:TrackPointExtension></extensions></trkpt><trkpt lat="56.63225" lon="38.102557"><ele>141.4</ele><time>2026-07-06T11:33:16Z</time><extensions><gpxtpx:TrackPointExtension><gpxtpx:hr>144</gpxtpx:hr></gpxtpx:TrackPointExtension></extensions></trkpt><trkpt lat="56.632232" lon="38.102563"><ele>141.4</ele><time>2026-07-06T11:33:17Z</time><extensions><gpxtpx:TrackPointExtension><gpxtpx:hr>144</gpxtpx:hr></gpxtpx:TrackPointExtension></extensions></trkpt><trkpt lat="56.63221" lon="38.102575"><ele>141.4</ele><time>2026-07-06T11:33:18Z</time><extensions><gpxtpx:TrackPointExtension><gpxtpx:hr>144</gpxtpx:hr></gpxtpx:TrackPointExtension></extensions></trkpt><trkpt lat="56.63219" lon="38.102587"><ele>141.4</ele><time>2026-07-06T11:33:19Z</time><extensions><gpxtpx:TrackPointExtension><gpxtpx:hr>143</gpxtpx:hr></gpxtpx:TrackPointExtension></extensions></trkpt><trkpt lat="56.63217" lon="38.102597"><ele>141.4</ele><time>2026-07-06T11:33:20Z</time><extensions><gpxtpx:TrackPointExtension><gpxtpx:hr>143</gpxtpx:hr></gpxtpx:TrackPointExtension></extensions></trkpt><trkpt lat="56.632152" lon="38.102605"><ele>141.4</ele><time>2026-07-06T11:33:21Z</time><extensions><gpxtpx:TrackPointExtension><gpxtpx:hr>143</gpxtpx:hr></gpxtpx:TrackPointExtension></extensions></trkpt><trkpt lat="56.63213" lon="38.10261"><ele>141.4</ele><time>2026-07-06T11:33:22Z</time><extensions><gpxtpx:TrackPointExtension><gpxtpx:hr>144</gpxtpx:hr></gpxtpx:TrackPointExtension></extensions></trkpt><trkpt lat="56.632107" lon="38.102612"><ele>141.6</ele><time>2026-07-06T11:33:23Z</time><extensions><gpxtpx:TrackPointExtension><gpxtpx:hr>144</gpxtpx:hr></gpxtpx:TrackPointExtension></extensions></trkpt><trkpt lat="56.632085" lon="38.102617"><ele>141.6</ele><time>2026-07-06T11:33:24Z</time><extensions><gpxtpx:TrackPointExtension><gpxtpx:hr>143</gpxtpx:hr></gpxtpx:TrackPointExtension></extensions></trkpt><trkpt lat="56.632062" lon="38.102622"><ele>141.6</ele><time>2026-07-06T11:33:25Z</time><extensions><gpxtpx:TrackPointExtension><gpxtpx:hr>143</gpxtpx:hr></gpxtpx:TrackPointExtension></extensions></trkpt><trkpt lat="56.63204" lon="38.102627"><ele>141.8</ele><time>2026-07-06T11:33:26Z</time><extensions><gpxtpx:TrackPointExtension><gpxtpx:hr>143</gpxtpx:hr></gpxtpx:TrackPointExtension></extensions></trkpt><trkpt lat="56.632022" lon="38.10263"><ele>141.6</ele><time>2026-07-06T11:33:27Z</time><extensions><gpxtpx:TrackPointExtension><gpxtpx:hr>144</gpxtpx:hr></gpxtpx:TrackPointExtension></extensions></trkpt><trkpt lat="56.631987" lon="38.102637"><ele>141.8</ele><time>2026-07-06T11:33:29Z</time><extensions><gpxtpx:TrackPointExtension><gpxtpx:hr>144</gpxtpx:hr></gpxtpx:TrackPointExtension></extensions></trkpt><trkpt lat="56.631962" lon="38.102645"><ele>141.6</ele><time>2026-07-06T11:33:30Z</time><extensions><gpxtpx:TrackPointExtension><gpxtpx:hr>144</gpxtpx:hr></gpxtpx:TrackPointExtension></extensions></trkpt><trkpt lat="56.631942" lon="38.102652"><ele>141.8</ele><time>2026-07-06T11:33:31Z</time><extensions><gpxtpx:TrackPointExtension><gpxtpx:hr>144</gpxtpx:hr></gpxtpx:TrackPointExtension></extensions></trkpt><trkpt lat="56.63192" lon="38.10266"><ele>141.8</ele><time>2026-07-06T11:33:32Z</time><extensions><gpxtpx:TrackPointExtension><gpxtpx:hr>144</gpxtpx:hr></gpxtpx:TrackPointExtension></extensions></trkpt><trkpt lat="56.6319" lon="38.102667"><ele>141.8</ele><time>2026-07-06T11:33:33Z</time><extensions><gpxtpx:TrackPointExtension><gpxtpx:hr>144</gpxtpx:hr></gpxtpx:TrackPointExtension></extensions></trkpt><trkpt lat="56.631877" lon="38.102677"><ele>141.8</ele><time>2026-07-06T11:33:34Z</time><extensions><gpxtpx:TrackPointExtension><gpxtpx:hr>144</gpxtpx:hr></gpxtpx:TrackPointExtension></extensions></trkpt><trkpt lat="56.631847" lon="38.102692"><ele>141.8</ele><time>2026-07-06T11:33:35Z</time><extensions><gpxtpx:TrackPointExtension><gpxtpx:hr>144</gpxtpx:hr></gpxtpx:TrackPointExtension></extensions></trkpt><trkpt lat="56.631827" lon="38.102702"><ele>141.8</ele><time>2026-07-06T11:33:36Z</time><extensions><gpxtpx:TrackPointExtension><gpxtpx:hr>144</gpxtpx:hr></gpxtpx:TrackPointExtension></extensions></trkpt><trkpt lat="56.631807" lon="38.102707"><ele>141.8</ele><time>2026-07-06T11:33:37Z</time><extensions><gpxtpx:TrackPointExtension><gpxtpx:hr>144</gpxtpx:hr></gpxtpx:TrackPointExtension></extensions></trkpt><trkpt lat="56.631782" lon="38.102712"><ele>141.8</ele><time>2026-07-06T11:33:38Z</time><extensions><gpxtpx:TrackPointExtension><gpxtpx:hr>144</gpxtpx:hr></gpxtpx:TrackPointExtension></extensions></trkpt><trkpt lat="56.63176" lon="38.102727"><ele>141.8</ele><time>2026-07-06T11:33:39Z</time><extensions><gpxtpx:TrackPointExtension><gpxtpx:hr>143</gpxtpx:hr></gpxtpx:TrackPointExtension></extensions></trkpt><trkpt lat="56.63174" lon="38.102737"><ele>141.8</ele><time>2026-07-06T11:33:40Z</time><extensions><gpxtpx:TrackPointExtension><gpxtpx:hr>144</gpxtpx:hr></gpxtpx:TrackPointExtension></extensions></trkpt><trkpt lat="56.631702" lon="38.10275"><ele>142.0</ele><time>2026-07-06T11:33:42Z</time><extensions><gpxtpx:TrackPointExtension><gpxtpx:hr>144</gpxtpx:hr></gpxtpx:TrackPointExtension></extensions></trkpt><trkpt lat="56.631682" lon="38.102762"><ele>142.0</ele><time>2026-07-06T11:33:43Z</time><extensions><gpxtpx:TrackPointExtension><gpxtpx:hr>144</gpxtpx:hr></gpxtpx:TrackPointExtension></extensions></trkpt><trkpt lat="56.631662" lon="38.102772"><ele>142.0</ele><time>2026-07-06T11:33:44Z</time><extensions><gpxtpx:TrackPointExtension><gpxtpx:hr>144</gpxtpx:hr></gpxtpx:TrackPointExtension></extensions></trkpt><trkpt lat="56.631642" lon="38.102775"><ele>142.2</ele><time>2026-07-06T11:33:45Z</time><extensions><gpxtpx:TrackPointExtension><gpxtpx:hr>144</gpxtpx:hr></gpxtpx:TrackPointExtension></extensions></trkpt><trkpt lat="56.631622" lon="38.102782"><ele>142.0</ele><time>2026-07-06T11:33:46Z</time><extensions><gpxtpx:TrackPointExtension><gpxtpx:hr>144</gpxtpx:hr></gpxtpx:TrackPointExtension></extensions></trkpt><trkpt lat="56.631602" lon="38.102792"><ele>142.0</ele><time>2026-07-06T11:33:47Z</time><extensions><gpxtpx:TrackPointExtension><gpxtpx:hr>145</gpxtpx:hr></gpxtpx:TrackPointExtension></extensions></trkpt><trkpt lat="56.631582" lon="38.102802"><ele>142.0</ele><time>2026-07-06T11:33:48Z</time><extensions><gpxtpx:TrackPointExtension><gpxtpx:hr>144</gpxtpx:hr></gpxtpx:TrackPointExtension></extensions></trkpt><trkpt lat="56.631562" lon="38.102812"><ele>142.2</ele><time>2026-07-06T11:33:49Z</time><extensions><gpxtpx:TrackPointExtension><gpxtpx:hr>144</gpxtpx:hr></gpxtpx:TrackPointExtension></extensions></trkpt><trkpt lat="56.631542" lon="38.102817"><ele>142.2</ele><time>2026-07-06T11:33:50Z</time><extensions><gpxtpx:TrackPointExtension><gpxtpx:hr>144</gpxtpx:hr></gpxtpx:TrackPointExtension></extensions></trkpt><trkpt lat="56.63152" lon="38.102827"><ele>142.2</ele><time>2026-07-06T11:33:51Z</time><extensions><gpxtpx:TrackPointExtension><gpxtpx:hr>144</gpxtpx:hr></gpxtpx:TrackPointExtension></extensions></trkpt><trkpt lat="56.631497" lon="38.102832"><ele>142.2</ele><time>2026-07-06T11:33:52Z</time><extensions><gpxtpx:TrackPointExtension><gpxtpx:hr>144</gpxtpx:hr></gpxtpx:TrackPointExtension></extensions></trkpt><trkpt lat="56.631477" lon="38.102842"><ele>142.2</ele><time>2026-07-06T11:33:53Z</time><extensions><gpxtpx:TrackPointExtension><gpxtpx:hr>143</gpxtpx:hr></gpxtpx:TrackPointExtension></extensions></trkpt><trkpt lat="56.631457" lon="38.102852"><ele>142.2</ele><time>2026-07-06T11:33:54Z</time><extensions><gpxtpx:TrackPointExtension><gpxtpx:hr>143</gpxtpx:hr></gpxtpx:TrackPointExtension></extensions></trkpt><trkpt lat="56.631427" lon="38.102862"><ele>142.4</ele><time>2026-07-06T11:33:56Z</time><extensions><gpxtpx:TrackPointExtension><gpxtpx:hr>144</gpxtpx:hr></gpxtpx:TrackPointExtension></extensions></trkpt><trkpt lat="56.631392" lon="38.102882"><ele>142.4</ele><time>2026-07-06T11:33:58Z</time><extensions><gpxtpx:TrackPointExtension><gpxtpx:hr>144</gpxtpx:hr></gpxtpx:TrackPointExtension></extensions></trkpt><trkpt lat="56.63136" lon="38.102885"><ele>142.4</ele><time>2026-07-06T11:34:00Z</time><extensions><gpxtpx:TrackPointExtension><gpxtpx:hr>144</gpxtpx:hr></gpxtpx:TrackPointExtension></extensions></trkpt><trkpt lat="56.63134" lon="38.10289"><ele>142.4</ele><time>2026-07-06T11:34:01Z</time><extensions><gpxtpx:TrackPointExtension><gpxtpx:hr>144</gpxtpx:hr></gpxtpx:TrackPointExtension></extensions></trkpt><trkpt lat="56.631302" lon="38.102907"><ele>142.4</ele><time>2026-07-06T11:34:03Z</time><extensions><gpxtpx:TrackPointExtension><gpxtpx:hr>143</gpxtpx:hr></gpxtpx:TrackPointExtension></extensions></trkpt><trkpt lat="56.631282" lon="38.102915"><ele>142.4</ele><time>2026-07-06T11:34:04Z</time><extensions><gpxtpx:TrackPointExtension><gpxtpx:hr>143</gpxtpx:hr></gpxtpx:TrackPointExtension></extensions></trkpt><trkpt lat="56.631262" lon="38.102927"><ele>142.4</ele><time>2026-07-06T11:34:05Z</time><extensions><gpxtpx:TrackPointExtension><gpxtpx:hr>143</gpxtpx:hr></gpxtpx:TrackPointExtension></extensions></trkpt><trkpt lat="56.63124" lon="38.102935"><ele>142.4</ele><time>2026-07-06T11:34:06Z</time><extensions><gpxtpx:TrackPointExtension><gpxtpx:hr>144</gpxtpx:hr></gpxtpx:TrackPointExtension></extensions></trkpt><trkpt lat="56.631212" lon="38.102957"><ele>142.4</ele><time>2026-07-06T11:34:07Z</time><extensions><gpxtpx:TrackPointExtension><gpxtpx:hr>144</gpxtpx:hr></gpxtpx:TrackPointExtension></extensions></trkpt><trkpt lat="56.631192" lon="38.102965"><ele>142.4</ele><time>2026-07-06T11:34:08Z</time><extensions><gpxtpx:TrackPointExtension><gpxtpx:hr>144</gpxtpx:hr></gpxtpx:TrackPointExtension></extensions></trkpt><trkpt lat="56.631172" lon="38.10297"><ele>142.2</ele><time>2026-07-06T11:34:09Z</time><extensions><gpxtpx:TrackPointExtension><gpxtpx:hr>143</gpxtpx:hr></gpxtpx:TrackPointExtension></extensions></trkpt><trkpt lat="56.63115" lon="38.102982"><ele>142.2</ele><time>2026-07-06T11:34:10Z</time><extensions><gpxtpx:TrackPointExtension><gpxtpx:hr>143</gpxtpx:hr></gpxtpx:TrackPointExtension></extensions></trkpt><trkpt lat="56.631132" lon="38.102997"><ele>142.2</ele><time>2026-07-06T11:34:11Z</time><extensions><gpxtpx:TrackPointExtension><gpxtpx:hr>143</gpxtpx:hr></gpxtpx:TrackPointExtension></extensions></trkpt><trkpt lat="56.631112" lon="38.103017"><ele>142.2</ele><time>2026-07-06T11:34:12Z</time><extensions><gpxtpx:TrackPointExtension><gpxtpx:hr>142</gpxtpx:hr></gpxtpx:TrackPointExtension></extensions></trkpt><trkpt lat="56.631092" lon="38.103032"><ele>142.2</ele><time>2026-07-06T11:34:13Z</time><extensions><gpxtpx:TrackPointExtension><gpxtpx:hr>143</gpxtpx:hr></gpxtpx:TrackPointExtension></extensions></trkpt><trkpt lat="56.63107" lon="38.103045"><ele>142.0</ele><time>2026-07-06T11:34:14Z</time><extensions><gpxtpx:TrackPointExtension><gpxtpx:hr>143</gpxtpx:hr></gpxtpx:TrackPointExtension></extensions></trkpt><trkpt lat="56.63105" lon="38.103052"><ele>142.2</ele><time>2026-07-06T11:34:15Z</time><extensions><gpxtpx:TrackPointExtension><gpxtpx:hr>143</gpxtpx:hr></gpxtpx:TrackPointExtension></extensions></trkpt><trkpt lat="56.63103" lon="38.103062"><ele>142.2</ele><time>2026-07-06T11:34:16Z</time><extensions><gpxtpx:TrackPointExtension><gpxtpx:hr>143</gpxtpx:hr></gpxtpx:TrackPointExtension></extensions></trkpt><trkpt lat="56.631012" lon="38.103082"><ele>142.2</ele><time>2026-07-06T11:34:17Z</time><extensions><gpxtpx:TrackPointExtension><gpxtpx:hr>143</gpxtpx:hr></gpxtpx:TrackPointExtension></extensions></trkpt><trkpt lat="56.630995" lon="38.103102"><ele>142.2</ele><time>2026-07-06T11:34:18Z</time><extensions><gpxtpx:TrackPointExtension><gpxtpx:hr>143</gpxtpx:hr></gpxtpx:TrackPointExtension></extensions></trkpt><trkpt lat="56.630977" lon="38.103122"><ele>142.2</ele><time>2026-07-06T11:34:19Z</time><extensions><gpxtpx:TrackPointExtension><gpxtpx:hr>142</gpxtpx:hr></gpxtpx:TrackPointExtension></extensions></trkpt><trkpt lat="56.630967" lon="38.103152"><ele>142.2</ele><time>2026-07-06T11:34:20Z</time><extensions><gpxtpx:TrackPointExtension><gpxtpx:hr>143</gpxtpx:hr></gpxtpx:TrackPointExtension></extensions></trkpt><trkpt lat="56.630957" lon="38.103192"><ele>142.0</ele><time>2026-07-06T11:34:21Z</time><extensions><gpxtpx:TrackPointExtension><gpxtpx:hr>142</gpxtpx:hr></gpxtpx:TrackPointExtension></extensions></trkpt><trkpt lat="56.630955" lon="38.103235"><ele>142.0</ele><time>2026-07-06T11:34:22Z</time><extensions><gpxtpx:TrackPointExtension><gpxtpx:hr>143</gpxtpx:hr></gpxtpx:TrackPointExtension></extensions></trkpt><trkpt lat="56.630952" lon="38.103277"><ele>142.0</ele><time>2026-07-06T11:34:23Z</time><extensions><gpxtpx:TrackPointExtension><gpxtpx:hr>142</gpxtpx:hr></gpxtpx:TrackPointExtension></extensions></trkpt><trkpt lat="56.630957" lon="38.10332"><ele>142.0</ele><time>2026-07-06T11:34:24Z</time><extensions><gpxtpx:TrackPointExtension><gpxtpx:hr>142</gpxtpx:hr></gpxtpx:TrackPointExtension></extensions></trkpt><trkpt lat="56.63096" lon="38.103365"><ele>142.0</ele><time>2026-07-06T11:34:25Z</time><extensions><gpxtpx:TrackPointExtension><gpxtpx:hr>142</gpxtpx:hr></gpxtpx:TrackPointExtension></extensions></trkpt><trkpt lat="56.630962" lon="38.103405"><ele>141.8</ele><time>2026-07-06T11:34:26Z</time><extensions><gpxtpx:TrackPointExtension><gpxtpx:hr>142</gpxtpx:hr></gpxtpx:TrackPointExtension></extensions></trkpt><trkpt lat="56.630967" lon="38.103447"><ele>141.8</ele><time>2026-07-06T11:34:27Z</time><extensions><gpxtpx:TrackPointExtension><gpxtpx:hr>142</gpxtpx:hr></gpxtpx:TrackPointExtension></extensions></trkpt><trkpt lat="56.630972" lon="38.10349"><ele>141.8</ele><time>2026-07-06T11:34:28Z</time><extensions><gpxtpx:TrackPointExtension><gpxtpx:hr>142</gpxtpx:hr></gpxtpx:TrackPointExtension></extensions></trkpt><trkpt lat="56.630977" lon="38.103532"><ele>141.8</ele><time>2026-07-06T11:34:29Z</time><extensions><gpxtpx:TrackPointExtension><gpxtpx:hr>143</gpxtpx:hr></gpxtpx:TrackPointExtension></extensions></trkpt><trkpt lat="56.630982" lon="38.10357"><ele>141.8</ele><time>2026-07-06T11:34:30Z</time><extensions><gpxtpx:TrackPointExtension><gpxtpx:hr>142</gpxtpx:hr></gpxtpx:TrackPointExtension></extensions></trkpt><trkpt lat="56.630987" lon="38.103612"><ele>141.8</ele><time>2026-07-06T11:34:31Z</time><extensions><gpxtpx:TrackPointExtension><gpxtpx:hr>143</gpxtpx:hr></gpxtpx:TrackPointExtension></extensions></trkpt><trkpt lat="56.630992" lon="38.103652"><ele>141.8</ele><time>2026-07-06T11:34:32Z</time><extensions><gpxtpx:TrackPointExtension><gpxtpx:hr>142</gpxtpx:hr></gpxtpx:TrackPointExtension></extensions></trkpt><trkpt lat="56.630992" lon="38.103692"><ele>142.0</ele><time>2026-07-06T11:34:33Z</time><extensions><gpxtpx:TrackPointExtension><gpxtpx:hr>142</gpxtpx:hr></gpxtpx:TrackPointExtension></extensions></trkpt><trkpt lat="56.630997" lon="38.103732"><ele>142.0</ele><time>2026-07-06T11:34:34Z</time><extensions><gpxtpx:TrackPointExtension><gpxtpx:hr>141</gpxtpx:hr></gpxtpx:TrackPointExtension></extensions></trkpt><trkpt lat="56.631005" lon="38.103772"><ele>142.0</ele><time>2026-07-06T11:34:35Z</time><extensions><gpxtpx:TrackPointExtension><gpxtpx:hr>142</gpxtpx:hr></gpxtpx:TrackPointExtension></extensions></trkpt><trkpt lat="56.631012" lon="38.10381"><ele>142.0</ele><time>2026-07-06T11:34:36Z</time><extensions><gpxtpx:TrackPointExtension><gpxtpx:hr>142</gpxtpx:hr></gpxtpx:TrackPointExtension></extensions></trkpt><trkpt lat="56.631012" lon="38.103855"><ele>142.0</ele><time>2026-07-06T11:34:37Z</time><extensions><gpxtpx:TrackPointExtension><gpxtpx:hr>142</gpxtpx:hr></gpxtpx:TrackPointExtension></extensions></trkpt><trkpt lat="56.631017" lon="38.1039"><ele>142.0</ele><time>2026-07-06T11:34:38Z</time><extensions><gpxtpx:TrackPointExtension><gpxtpx:hr>142</gpxtpx:hr></gpxtpx:TrackPointExtension></extensions></trkpt><trkpt lat="56.631025" lon="38.103937"><ele>142.0</ele><time>2026-07-06T11:34:39Z</time><extensions><gpxtpx:TrackPointExtension><gpxtpx:hr>141</gpxtpx:hr></gpxtpx:TrackPointExtension></extensions></trkpt><trkpt lat="56.63103" lon="38.103977"><ele>142.0</ele><time>2026-07-06T11:34:40Z</time><extensions><gpxtpx:TrackPointExtension><gpxtpx:hr>141</gpxtpx:hr></gpxtpx:TrackPointExtension></extensions></trkpt><trkpt lat="56.631033" lon="38.104017"><ele>142.0</ele><time>2026-07-06T11:34:41Z</time><extensions><gpxtpx:TrackPointExtension><gpxtpx:hr>141</gpxtpx:hr></gpxtpx:TrackPointExtension></extensions></trkpt><trkpt lat="56.63104" lon="38.104055"><ele>141.8</ele><time>2026-07-06T11:34:42Z</time><extensions><gpxtpx:TrackPointExtension><gpxtpx:hr>141</gpxtpx:hr></gpxtpx:TrackPointExtension></extensions></trkpt><trkpt lat="56.631045" lon="38.104092"><ele>141.8</ele><time>2026-07-06T11:34:43Z</time><extensions><gpxtpx:TrackPointExtension><gpxtpx:hr>141</gpxtpx:hr></gpxtpx:TrackPointExtension></extensions></trkpt><trkpt lat="56.631047" lon="38.10413"><ele>141.8</ele><time>2026-07-06T11:34:44Z</time><extensions><gpxtpx:TrackPointExtension><gpxtpx:hr>141</gpxtpx:hr></gpxtpx:TrackPointExtension></extensions></trkpt><trkpt lat="56.631052" lon="38.104172"><ele>141.8</ele><time>2026-07-06T11:34:45Z</time><extensions><gpxtpx:TrackPointExtension><gpxtpx:hr>141</gpxtpx:hr></gpxtpx:TrackPointExtension></extensions></trkpt><trkpt lat="56.631055" lon="38.10421"><ele>141.8</ele><time>2026-07-06T11:34:46Z</time><extensions><gpxtpx:TrackPointExtension><gpxtpx:hr>141</gpxtpx:hr></gpxtpx:TrackPointExtension></extensions></trkpt><trkpt lat="56.63106" lon="38.104247"><ele>141.8</ele><time>2026-07-06T11:34:47Z</time><extensions><gpxtpx:TrackPointExtension><gpxtpx:hr>142</gpxtpx:hr></gpxtpx:TrackPointExtension></extensions></trkpt><trkpt lat="56.631067" lon="38.104287"><ele>141.8</ele><time>2026-07-06T11:34:48Z</time><extensions><gpxtpx:TrackPointExtension><gpxtpx:hr>142</gpxtpx:hr></gpxtpx:TrackPointExtension></extensions></trkpt><trkpt lat="56.631072" lon="38.104325"><ele>141.8</ele><time>2026-07-06T11:34:49Z</time><extensions><gpxtpx:TrackPointExtension><gpxtpx:hr>141</gpxtpx:hr></gpxtpx:TrackPointExtension></extensions></trkpt><trkpt lat="56.631077" lon="38.104365"><ele>141.8</ele><time>2026-07-06T11:34:50Z</time><extensions><gpxtpx:TrackPointExtension><gpxtpx:hr>141</gpxtpx:hr></gpxtpx:TrackPointExtension></extensions></trkpt><trkpt lat="56.631085" lon="38.104402"><ele>141.8</ele><time>2026-07-06T11:34:51Z</time><extensions><gpxtpx:TrackPointExtension><gpxtpx:hr>141</gpxtpx:hr></gpxtpx:TrackPointExtension></extensions></trkpt><trkpt lat="56.631087" lon="38.104442"><ele>141.6</ele><time>2026-07-06T11:34:52Z</time><extensions><gpxtpx:TrackPointExtension><gpxtpx:hr>141</gpxtpx:hr></gpxtpx:TrackPointExtension></extensions></trkpt><trkpt lat="56.631092" lon="38.104487"><ele>141.6</ele><time>2026-07-06T11:34:53Z</time><extensions><gpxtpx:TrackPointExtension><gpxtpx:hr>141</gpxtpx:hr></gpxtpx:TrackPointExtension></extensions></trkpt><trkpt lat="56.631097" lon="38.10453"><ele>141.6</ele><time>2026-07-06T11:34:54Z</time><extensions><gpxtpx:TrackPointExtension><gpxtpx:hr>142</gpxtpx:hr></gpxtpx:TrackPointExtension></extensions></trkpt><trkpt lat="56.6311" lon="38.104575"><ele>141.6</ele><time>2026-07-06T11:34:55Z</time><extensions><gpxtpx:TrackPointExtension><gpxtpx:hr>142</gpxtpx:hr></gpxtpx:TrackPointExtension></extensions></trkpt><trkpt lat="56.631102" lon="38.104617"><ele>141.6</ele><time>2026-07-06T11:34:56Z</time><extensions><gpxtpx:TrackPointExtension><gpxtpx:hr>142</gpxtpx:hr></gpxtpx:TrackPointExtension></extensions></trkpt><trkpt lat="56.631102" lon="38.104662"><ele>141.6</ele><time>2026-07-06T11:34:57Z</time><extensions><gpxtpx:TrackPointExtension><gpxtpx:hr>142</gpxtpx:hr></gpxtpx:TrackPointExtension></extensions></trkpt><trkpt lat="56.631107" lon="38.104697"><ele>141.6</ele><time>2026-07-06T11:34:58Z</time><extensions><gpxtpx:TrackPointExtension><gpxtpx:hr>142</gpxtpx:hr></gpxtpx:TrackPointExtension></extensions></trkpt><trkpt lat="56.631112" lon="38.104737"><ele>141.6</ele><time>2026-07-06T11:34:59Z</time><extensions><gpxtpx:TrackPointExtension><gpxtpx:hr>142</gpxtpx:hr></gpxtpx:TrackPointExtension></extensions></trkpt><trkpt lat="56.631117" lon="38.104777"><ele>141.6</ele><time>2026-07-06T11:35:00Z</time><extensions><gpxtpx:TrackPointExtension><gpxtpx:hr>142</gpxtpx:hr></gpxtpx:TrackPointExtension></extensions></trkpt><trkpt lat="56.631127" lon="38.104812"><ele>141.6</ele><time>2026-07-06T11:35:01Z</time><extensions><gpxtpx:TrackPointExtension><gpxtpx:hr>141</gpxtpx:hr></gpxtpx:TrackPointExtension></extensions></trkpt><trkpt lat="56.631132" lon="38.104852"><ele>141.4</ele><time>2026-07-06T11:35:02Z</time><extensions><gpxtpx:TrackPointExtension><gpxtpx:hr>141</gpxtpx:hr></gpxtpx:TrackPointExtension></extensions></trkpt><trkpt lat="56.631137" lon="38.104897"><ele>141.2</ele><time>2026-07-06T11:35:03Z</time><extensions><gpxtpx:TrackPointExtension><gpxtpx:hr>142</gpxtpx:hr></gpxtpx:TrackPointExtension></extensions></trkpt><trkpt lat="56.63114" lon="38.104937"><ele>141.2</ele><time>2026-07-06T11:35:04Z</time><extensions><gpxtpx:TrackPointExtension><gpxtpx:hr>142</gpxtpx:hr></gpxtpx:TrackPointExtension></extensions></trkpt><trkpt lat="56.631142" lon="38.104977"><ele>141.2</ele><time>2026-07-06T11:35:05Z</time><extensions><gpxtpx:TrackPointExtension><gpxtpx:hr>142</gpxtpx:hr></gpxtpx:TrackPointExtension></extensions></trkpt><trkpt lat="56.631145" lon="38.10502"><ele>141.0</ele><time>2026-07-06T11:35:06Z</time><extensions><gpxtpx:TrackPointExtension><gpxtpx:hr>142</gpxtpx:hr></gpxtpx:TrackPointExtension></extensions></trkpt><trkpt lat="56.63115" lon="38.10506"><ele>141.0</ele><time>2026-07-06T11:35:07Z</time><extensions><gpxtpx:TrackPointExtension><gpxtpx:hr>141</gpxtpx:hr></gpxtpx:TrackPointExtension></extensions></trkpt><trkpt lat="56.631152" lon="38.105097"><ele>141.0</ele><time>2026-07-06T11:35:08Z</time><extensions><gpxtpx:TrackPointExtension><gpxtpx:hr>142</gpxtpx:hr></gpxtpx:TrackPointExtension></extensions></trkpt><trkpt lat="56.631152" lon="38.10514"><ele>140.8</ele><time>2026-07-06T11:35:09Z</time><extensions><gpxtpx:TrackPointExtension><gpxtpx:hr>142</gpxtpx:hr></gpxtpx:TrackPointExtension></extensions></trkpt><trkpt lat="56.631157" lon="38.10518"><ele>141.0</ele><time>2026-07-06T11:35:10Z</time><extensions><gpxtpx:TrackPointExtension><gpxtpx:hr>142</gpxtpx:hr></gpxtpx:TrackPointExtension></extensions></trkpt><trkpt lat="56.631162" lon="38.10522"><ele>140.8</ele><time>2026-07-06T11:35:11Z</time><extensions><gpxtpx:TrackPointExtension><gpxtpx:hr>141</gpxtpx:hr></gpxtpx:TrackPointExtension></extensions></trkpt><trkpt lat="56.631165" lon="38.105262"><ele>140.8</ele><time>2026-07-06T11:35:12Z</time><extensions><gpxtpx:TrackPointExtension><gpxtpx:hr>142</gpxtpx:hr></gpxtpx:TrackPointExtension></extensions></trkpt><trkpt lat="56.631172" lon="38.105305"><ele>141.0</ele><time>2026-07-06T11:35:13Z</time><extensions><gpxtpx:TrackPointExtension><gpxtpx:hr>142</gpxtpx:hr></gpxtpx:TrackPointExtension></extensions></trkpt><trkpt lat="56.631177" lon="38.105342"><ele>140.8</ele><time>2026-07-06T11:35:14Z</time><extensions><gpxtpx:TrackPointExtension><gpxtpx:hr>142</gpxtpx:hr></gpxtpx:TrackPointExtension></extensions></trkpt><trkpt lat="56.631182" lon="38.105382"><ele>140.8</ele><time>2026-07-06T11:35:15Z</time><extensions><gpxtpx:TrackPointExtension><gpxtpx:hr>142</gpxtpx:hr></gpxtpx:TrackPointExtension></extensions></trkpt><trkpt lat="56.631185" lon="38.105427"><ele>140.8</ele><time>2026-07-06T11:35:16Z</time><extensions><gpxtpx:TrackPointExtension><gpxtpx:hr>141</gpxtpx:hr></gpxtpx:TrackPointExtension></extensions></trkpt><trkpt lat="56.631187" lon="38.105465"><ele>140.8</ele><time>2026-07-06T11:35:17Z</time><extensions><gpxtpx:TrackPointExtension><gpxtpx:hr>142</gpxtpx:hr></gpxtpx:TrackPointExtension></extensions></trkpt><trkpt lat="56.631192" lon="38.105507"><ele>140.6</ele><time>2026-07-06T11:35:18Z</time><extensions><gpxtpx:TrackPointExtension><gpxtpx:hr>142</gpxtpx:hr></gpxtpx:TrackPointExtension></extensions></trkpt><trkpt lat="56.631197" lon="38.105547"><ele>140.6</ele><time>2026-07-06T11:35:19Z</time><extensions><gpxtpx:TrackPointExtension><gpxtpx:hr>142</gpxtpx:hr></gpxtpx:TrackPointExtension></extensions></trkpt><trkpt lat="56.631207" lon="38.105587"><ele>140.6</ele><time>2026-07-06T11:35:20Z</time><extensions><gpxtpx:TrackPointExtension><gpxtpx:hr>143</gpxtpx:hr></gpxtpx:TrackPointExtension></extensions></trkpt><trkpt lat="56.631212" lon="38.105627"><ele>140.6</ele><time>2026-07-06T11:35:21Z</time><extensions><gpxtpx:TrackPointExtension><gpxtpx:hr>143</gpxtpx:hr></gpxtpx:TrackPointExtension></extensions></trkpt><trkpt lat="56.631217" lon="38.105672"><ele>140.4</ele><time>2026-07-06T11:35:22Z</time><extensions><gpxtpx:TrackPointExtension><gpxtpx:hr>143</gpxtpx:hr></gpxtpx:TrackPointExtension></extensions></trkpt><trkpt lat="56.631222" lon="38.105715"><ele>140.4</ele><time>2026-07-06T11:35:23Z</time><extensions><gpxtpx:TrackPointExtension><gpxtpx:hr>142</gpxtpx:hr></gpxtpx:TrackPointExtension></extensions></trkpt><trkpt lat="56.631225" lon="38.105755"><ele>140.4</ele><time>2026-07-06T11:35:24Z</time><extensions><gpxtpx:TrackPointExtension><gpxtpx:hr>142</gpxtpx:hr></gpxtpx:TrackPointExtension></extensions></trkpt><trkpt lat="56.631227" lon="38.105797"><ele>140.4</ele><time>2026-07-06T11:35:25Z</time><extensions><gpxtpx:TrackPointExtension><gpxtpx:hr>142</gpxtpx:hr></gpxtpx:TrackPointExtension></extensions></trkpt><trkpt lat="56.63123" lon="38.105837"><ele>140.4</ele><time>2026-07-06T11:35:26Z</time><extensions><gpxtpx:TrackPointExtension><gpxtpx:hr>143</gpxtpx:hr></gpxtpx:TrackPointExtension></extensions></trkpt><trkpt lat="56.631232" lon="38.105872"><ele>140.4</ele><time>2026-07-06T11:35:27Z</time><extensions><gpxtpx:TrackPointExtension><gpxtpx:hr>142</gpxtpx:hr></gpxtpx:TrackPointExtension></extensions></trkpt><trkpt lat="56.631237" lon="38.10591"><ele>140.2</ele><time>2026-07-06T11:35:28Z</time><extensions><gpxtpx:TrackPointExtension><gpxtpx:hr>141</gpxtpx:hr></gpxtpx:TrackPointExtension></extensions></trkpt><trkpt lat="56.63124" lon="38.10595"><ele>140.2</ele><time>2026-07-06T11:35:29Z</time><extensions><gpxtpx:TrackPointExtension><gpxtpx:hr>143</gpxtpx:hr></gpxtpx:TrackPointExtension></extensions></trkpt><trkpt lat="56.631242" lon="38.105992"><ele>140.2</ele><time>2026-07-06T11:35:30Z</time><extensions><gpxtpx:TrackPointExtension><gpxtpx:hr>143</gpxtpx:hr></gpxtpx:TrackPointExtension></extensions></trkpt><trkpt lat="56.631247" lon="38.10603"><ele>140.2</ele><time>2026-07-06T11:35:31Z</time><extensions><gpxtpx:TrackPointExtension><gpxtpx:hr>143</gpxtpx:hr></gpxtpx:TrackPointExtension></extensions></trkpt><trkpt lat="56.631255" lon="38.10607"><ele>140.2</ele><time>2026-07-06T11:35:32Z</time><extensions><gpxtpx:TrackPointExtension><gpxtpx:hr>142</gpxtpx:hr></gpxtpx:TrackPointExtension></extensions></trkpt><trkpt lat="56.631258" lon="38.10611"><ele>140.2</ele><time>2026-07-06T11:35:33Z</time><extensions><gpxtpx:TrackPointExtension><gpxtpx:hr>143</gpxtpx:hr></gpxtpx:TrackPointExtension></extensions></trkpt><trkpt lat="56.631265" lon="38.106147"><ele>140.2</ele><time>2026-07-06T11:35:34Z</time><extensions><gpxtpx:TrackPointExtension><gpxtpx:hr>142</gpxtpx:hr></gpxtpx:TrackPointExtension></extensions></trkpt><trkpt lat="56.631272" lon="38.106185"><ele>140.0</ele><time>2026-07-06T11:35:35Z</time><extensions><gpxtpx:TrackPointExtension><gpxtpx:hr>143</gpxtpx:hr></gpxtpx:TrackPointExtension></extensions></trkpt><trkpt lat="56.631277" lon="38.106222"><ele>140.0</ele><time>2026-07-06T11:35:36Z</time><extensions><gpxtpx:TrackPointExtension><gpxtpx:hr>143</gpxtpx:hr></gpxtpx:TrackPointExtension></extensions></trkpt><trkpt lat="56.63128" lon="38.106262"><ele>140.0</ele><time>2026-07-06T11:35:37Z</time><extensions><gpxtpx:TrackPointExtension><gpxtpx:hr>142</gpxtpx:hr></gpxtpx:TrackPointExtension></extensions></trkpt><trkpt lat="56.631287" lon="38.1063"><ele>140.0</ele><time>2026-07-06T11:35:38Z</time><extensions><gpxtpx:TrackPointExtension><gpxtpx:hr>142</gpxtpx:hr></gpxtpx:TrackPointExtension></extensions></trkpt><trkpt lat="56.63129" lon="38.106342"><ele>140.0</ele><time>2026-07-06T11:35:39Z</time><extensions><gpxtpx:TrackPointExtension><gpxtpx:hr>143</gpxtpx:hr></gpxtpx:TrackPointExtension></extensions></trkpt><trkpt lat="56.631292" lon="38.10638"><ele>140.0</ele><time>2026-07-06T11:35:40Z</time><extensions><gpxtpx:TrackPointExtension><gpxtpx:hr>143</gpxtpx:hr></gpxtpx:TrackPointExtension></extensions></trkpt><trkpt lat="56.6313" lon="38.106412"><ele>140.0</ele><time>2026-07-06T11:35:41Z</time><extensions><gpxtpx:TrackPointExtension><gpxtpx:hr>142</gpxtpx:hr></gpxtpx:TrackPointExtension></extensions></trkpt><trkpt lat="56.631307" lon="38.106452"><ele>140.0</ele><time>2026-07-06T11:35:42Z</time><extensions><gpxtpx:TrackPointExtension><gpxtpx:hr>142</gpxtpx:hr></gpxtpx:TrackPointExtension></extensions></trkpt><trkpt lat="56.631312" lon="38.106492"><ele>140.0</ele><time>2026-07-06T11:35:43Z</time><extensions><gpxtpx:TrackPointExtension><gpxtpx:hr>142</gpxtpx:hr></gpxtpx:TrackPointExtension></extensions></trkpt><trkpt lat="56.631317" lon="38.106532"><ele>139.8</ele><time>2026-07-06T11:35:44Z</time><extensions><gpxtpx:TrackPointExtension><gpxtpx:hr>141</gpxtpx:hr></gpxtpx:TrackPointExtension></extensions></trkpt><trkpt lat="56.631322" lon="38.106572"><ele>139.8</ele><time>2026-07-06T11:35:45Z</time><extensions><gpxtpx:TrackPointExtension><gpxtpx:hr>141</gpxtpx:hr></gpxtpx:TrackPointExtension></extensions></trkpt><trkpt lat="56.631327" lon="38.106607"><ele>139.6</ele><time>2026-07-06T11:35:46Z</time><extensions><gpxtpx:TrackPointExtension><gpxtpx:hr>141</gpxtpx:hr></gpxtpx:TrackPointExtension></extensions></trkpt><trkpt lat="56.631335" lon="38.106642"><ele>139.6</ele><time>2026-07-06T11:35:47Z</time><extensions><gpxtpx:TrackPointExtension><gpxtpx:hr>142</gpxtpx:hr></gpxtpx:TrackPointExtension></extensions></trkpt><trkpt lat="56.631337" lon="38.106685"><ele>139.4</ele><time>2026-07-06T11:35:48Z</time><extensions><gpxtpx:TrackPointExtension><gpxtpx:hr>142</gpxtpx:hr></gpxtpx:TrackPointExtension></extensions></trkpt><trkpt lat="56.63134" lon="38.106727"><ele>139.4</ele><time>2026-07-06T11:35:49Z</time><extensions><gpxtpx:TrackPointExtension><gpxtpx:hr>141</gpxtpx:hr></gpxtpx:TrackPointExtension></extensions></trkpt><trkpt lat="56.631342" lon="38.106765"><ele>139.4</ele><time>2026-07-06T11:35:50Z</time><extensions><gpxtpx:TrackPointExtension><gpxtpx:hr>141</gpxtpx:hr></gpxtpx:TrackPointExtension></extensions></trkpt><trkpt lat="56.631347" lon="38.106802"><ele>139.4</ele><time>2026-07-06T11:35:51Z</time><extensions><gpxtpx:TrackPointExtension><gpxtpx:hr>142</gpxtpx:hr></gpxtpx:TrackPointExtension></extensions></trkpt><trkpt lat="56.631352" lon="38.10684"><ele>139.4</ele><time>2026-07-06T11:35:52Z</time><extensions><gpxtpx:TrackPointExtension><gpxtpx:hr>141</gpxtpx:hr></gpxtpx:TrackPointExtension></extensions></trkpt><trkpt lat="56.631357" lon="38.106875"><ele>139.6</ele><time>2026-07-06T11:35:53Z</time><extensions><gpxtpx:TrackPointExtension><gpxtpx:hr>140</gpxtpx:hr></gpxtpx:TrackPointExtension></extensions></trkpt><trkpt lat="56.631365" lon="38.106907"><ele>139.6</ele><time>2026-07-06T11:35:54Z</time><extensions><gpxtpx:TrackPointExtension><gpxtpx:hr>140</gpxtpx:hr></gpxtpx:TrackPointExtension></extensions></trkpt><trkpt lat="56.631372" lon="38.106962"><ele>139.8</ele><time>2026-07-06T11:35:56Z</time><extensions><gpxtpx:TrackPointExtension><gpxtpx:hr>141</gpxtpx:hr></gpxtpx:TrackPointExtension></extensions></trkpt><trkpt lat="56.631367" lon="38.106995"><ele>139.6</ele><time>2026-07-06T11:35:59Z</time><extensions><gpxtpx:TrackPointExtension><gpxtpx:hr>140</gpxtpx:hr></gpxtpx:TrackPointExtension></extensions></trkpt><trkpt lat="56.631345" lon="38.107007"><ele>140.0</ele><time>2026-07-06T11:36:01Z</time><extensions><gpxtpx:TrackPointExtension><gpxtpx:hr>140</gpxtpx:hr></gpxtpx:TrackPointExtension></extensions></trkpt><trkpt lat="56.631327" lon="38.10698"><ele>139.8</ele><time>2026-07-06T11:36:08Z</time><extensions><gpxtpx:TrackPointExtension><gpxtpx:hr>138</gpxtpx:hr></gpxtpx:TrackPointExtension></extensions></trkpt></trkseg></trk></gpx>